1788668621.737 10303 14618 14618 I Unique  : 2026-09-06 11:23:41.730 I PROCESS PROCESS_START process=com.unique kind=CORE sdk=35 abi=arm64-v8a,armeabi-v7a,armeabi
1788668621.748 10303 14618 14618 I UniqueNative: libunique_native loaded (page size 4096)
1788668621.749 10303 14618 14618 I Unique  : 2026-09-06 11:23:41.748 I NATIVE NATIVE_LOADED pageSize=4096
1788668621.757 10303 14618 14618 I Unique  : 2026-09-06 11:23:41.757 I PROCESS PROVIDER_ROUTER_CREATED
1788668621.763 10303 14618 14618 I Unique  : 2026-09-06 11:23:41.763 I STORAGE SHARED_PROVIDER_CREATED
1788668621.794 10303 14618 14618 W libc    : Access denied finding property "ro.vendor.perf.scroll_opt"
1788668621.849 10303 14618 14639 I Unique  : 2026-09-06 11:23:41.848 I PROCESS BROADCAST_ROUTES_REGISTERED package=com.gordey.standarling vuid=0 routes=3 actions=com.attribution.SYSTEM_INSTALLER_REFERRER,com.google.android.c2dm.intent.RECEIVE,com.facebook.sdk.ACTION_CURRENT_ACCESS_TOKEN_CHANGED
1788668621.851 10303 14618 14639 I Unique  : 2026-09-06 11:23:41.849 I PROCESS PROVIDER_ROUTES_REGISTERED package=com.gordey.standarling vuid=0 authorities=[redacted]
1788668621.851 10303 14618 14639 I Unique  : 2026-09-06 11:23:41.851 I PROCESS BROADCAST_ROUTER_READY instances=1 actions=3 authorities=[redacted]
1788668621.973 10303 14618 14618 W libc    : Access denied finding property "persist.vendor.camera.IsVariableApertureSupported"
1788668621.973 10303 14618 14618 W libc    : Access denied finding property "persist.vendor.camera.IsStreetModeSupported"
1788668622.011 10303 14618 14618 W libc    : Access denied finding property "ro.vendor.df.effect.conflict"
1788668622.026 10303 14618 14645 W libc    : Access denied finding property "ro.vendor.display.iris_x7.support"
1788668622.218 10303 14618 14664 W libc    : Access denied finding property "ro.vendor.display.iris_x7.support"
1788668622.240 10303 14618 14645 W libc    : Access denied finding property "ro.vendor.display.iris_x7.support"
1788668622.318 10303 14618 14638 I Unique  : 2026-09-06 11:23:42.317 I HOOK HIDDEN_API_GRANTED via=HiddenApiBypass
1788668622.519 10303 14618 14698 I Unique  : 2026-09-06 11:23:42.518 I STORAGE GUEST_INFO_RESOLVED package=com.gordey.standarling label=Standarling icon=true
1788668624.706 10303 14618 14698 I Unique  : 2026-09-06 11:23:44.704 I GOOGLE GOOGLE_ENVIRONMENT gmsPresent=true gmsEnabled=true gmsVersionCode=263234035 gmsVersionName=26.32.34 (260400-968093310) vendingPresent=true gsfPresent=true customTabs=com.android.chrome hostGmsAvailable=true virtualGmsInstalled=false customTabsAvailable=true
1788668624.722 10303 14618 14640 I Unique  : 2026-09-06 11:23:44.720 I GOOGLE GOOGLE_ENVIRONMENT gmsPresent=true gmsEnabled=true gmsVersionCode=263234035 gmsVersionName=26.32.34 (260400-968093310) vendingPresent=true gsfPresent=true customTabs=com.android.chrome hostGmsAvailable=true virtualGmsInstalled=false customTabsAvailable=true
1788668624.724 10303 14618 14640 I Unique  : 2026-09-06 11:23:44.723 I GOOGLE GOOGLE_ROUTE package=com.gordey.standarling flow=SIGN_IN mode=PASSTHROUGH why=The app declares an OAuth redirect scheme, so the browser flow can be used and is the most reliable path.
1788668624.725 10303 14618 14640 I Unique  : 2026-09-06 11:23:44.724 I GOOGLE GOOGLE_ROUTE package=com.gordey.standarling flow=CREDENTIAL_MANAGER mode=HOST_BRIDGE why=Unverified: Sign in with Google issues a token for the app's server client, so the device's own Google Play services should be able to answer. Not yet confirmed against a real sample.
1788668624.726 10303 14618 14640 I Unique  : 2026-09-06 11:23:44.725 I GOOGLE GOOGLE_ROUTE package=com.gordey.standarling flow=ACCOUNT_MANAGER mode=HOST_BRIDGE why=Account access is bridged to the device's accounts; consent is shown as UNIQUE.
1788668624.727 10303 14618 14640 I Unique  : 2026-09-06 11:23:44.726 I GOOGLE GOOGLE_ROUTE package=com.gordey.standarling flow=FIREBASE_AUTH mode=PASSTHROUGH why=Firebase Auth consumes a token from another flow; the app's browser redirect can supply it.
1788668624.728 10303 14618 14640 I Unique  : 2026-09-06 11:23:44.727 I GOOGLE GOOGLE_ROUTE package=com.gordey.standarling flow=OAUTH_WEB mode=PASSTHROUGH why=Browser-based OAuth needs no Google Play services, only a working redirect back into this instance.
1788668624.729 10303 14618 14640 I Unique  : 2026-09-06 11:23:44.728 I GOOGLE GOOGLE_ROUTE package=com.gordey.standarling flow=FCM mode=HOST_BRIDGE why=Experimental: push registration is bridged through the host. Whether Google Play services accepts it varies by version; the result is recorded per device.
1788668624.731 10303 14618 14640 I Unique  : 2026-09-06 11:23:44.729 I GOOGLE GOOGLE_ROUTE package=com.gordey.standarling flow=PLAY_GAMES mode=UNSUPPORTED why=Not supported yet: Play Games checks an attested app identity, and UNIQUE has not been tested against it.
1788668635.176 10303 14618 14698 I Unique  : 2026-09-06 11:23:55.175 I PROCESS PROCESS_ASSIGNED slot=:vapp0 vuid=0 process=com.gordey.standarling
1788668635.203 10303 14618 14698 I Unique  : 2026-09-06 11:23:55.202 I LAUNCH LAUNCH_REQUESTED package=com.gordey.standarling vuid=0 activity=com.google.firebase.MessagingUnityPlayerActivity slot=:vapp0 launchMode=2
1788668635.247 10303 14721 14721 I om.unique:vapp0: Using generational CollectorTypeCMC GC.
1788668635.296 10303 14721 14721 D ActivityThread: setEmbeddedParam packageName=com.unique processName=com.unique:vapp0 isEmbedded=false isIsolated=false
1788668635.343 10303 14721 14721 I Unique  : 2026-09-06 11:23:55.338 I PROCESS PROCESS_START process=com.unique:vapp0 kind=VAPP sdk=35 abi=arm64-v8a,armeabi-v7a,armeabi
1788668635.344 10303 14721 14721 W om.unique:vapp0: Unsupported class loader: java.lang.Class<org.lsposed.hiddenapibypass.CoreOjClassLoader>
1788668635.390 10303 14721 14721 W om.unique:vapp0: Unsupported class loader: java.lang.Class<org.lsposed.hiddenapibypass.CoreOjClassLoader>
1788668635.390 10303 14721 14721 W om.unique:vapp0: Unsupported class loader: java.lang.Class<org.lsposed.hiddenapibypass.CoreOjClassLoader>
1788668635.392 10303 14721 14721 I Unique  : 2026-09-06 11:23:55.392 I HOOK HIDDEN_API_GRANTED via=HiddenApiBypass
1788668635.395 10303 14721 14721 I UniqueNative: libunique_native loaded (page size 4096)
1788668635.397 10303 14721 14721 I Unique  : 2026-09-06 11:23:55.397 I LAUNCH INTERCEPTOR_INSTALLED executeTransaction=159
1788668635.398 10303 14721 14721 I Unique  : 2026-09-06 11:23:55.397 I PROCESS VAPP_READY slot=0
1788668635.400 10303 14721 14721 I Unique  : 2026-09-06 11:23:55.399 I PROCESS STUB_PROVIDER_CREATED slot=0
1788668635.412 10303 14721 14721 D Unique  : 2026-09-06 11:23:55.411 D LAUNCH CALLBACK_ALIVE what=164 obj=java.lang.String
1788668635.413 10303 14721 14721 D Unique  : 2026-09-06 11:23:55.413 D LAUNCH CALLBACK_ALIVE what=159 obj=android.app.servertransaction.ClientTransaction
1788668635.434 10303 14721 14721 I Unique  : 2026-09-06 11:23:55.434 I PROCESS PROCESS_RENAMED argv0=com.gordey.standarling
1788668635.510 10303 14721 14721 I Unique  : 2026-09-06 11:23:55.509 I PROCESS PROFILE_BOUND profile=ed3c034f-5c9d-4acc-aef5-c221fe3526c4 androidId=47b820f356c34798 generation=1
1788668635.511 10303 14721 14721 I Unique  : 2026-09-06 11:23:55.510 I PROCESS BUILD_OVERRIDES_APPLIED applied=1 requested=1
1788668635.511 10303 14721 14721 I Unique  : 2026-09-06 11:23:55.511 I LAUNCH PROFILE_BOUND profileId=ed3c034f-5c9d-4acc-aef5-c221fe3526c4 generation=1
1788668635.519 10303 14721 14721 I Unique  : 2026-09-06 11:23:55.518 I PROCESS PERMISSION_CACHE_DISABLED disabled=disablePackageNamePermissionCache,disablePermissionCache,disableApplicationInfoCache,disablePackageInfoCache,disableGetPackagesForUidCache failed=android.app.ActivityManager: no disable*Cache()
1788668635.523 10303 14721 14721 I Unique  : 2026-09-06 11:23:55.522 I PROCESS PERMISSIONS_BOUND package=com.gordey.standarling vuid=0 declared=19 restored=0 runtime=3 installTime=16 selfDefined=1
1788668635.531 10303 14721 14721 I Unique  : 2026-09-06 11:23:55.530 I HOOK SERVICE_HOOKED service=package cache=true singletons=1 bound=permissionCheck,getActivityInfo,applicationEnabledSetting,getApplicationInfo,componentEnabledSetting,installedPackages,getInstallerPackageName,getNameForUid,getPackageInfo,getPackagesForUid,getProviderInfo,getReceiverInfo,getServiceInfo,queryIntent,resolveContentProvider,resolveIntent matched=permissionCheck=checkPermission+checkUidPermission,getActivityInfo,applicationEnabledSetting=getApplicationEnabledSetting+setApplicationEnabledSetting,getApplicationInfo,componentEnabledSetting=getComponentEnabledSetting+setComponentEnabledSetting,installedPackages=getInstalledApplications+getInstalledPackages,getInstallerPackageName,getNameForUid,getPackageInfo,getPackagesForUid,getProviderInfo,g
1788668635.532 10303 14721 14721 I Unique  : 2026-09-06 11:23:55.532 I LAUNCH VPM_HOOK_INSTALLED package=com.gordey.standarling bound=permissionCheck,getActivityInfo,applicationEnabledSetting,getApplicationInfo,componentEnabledSetting,installedPackages,getInstallerPackageName,getNameForUid,getPackageInfo,getPackagesForUid,getProviderInfo,getReceiverInfo,getServiceInfo,queryIntent,resolveContentProvider,resolveIntent
1788668635.545 10303 14721 14721 I Unique  : 2026-09-06 11:23:55.544 I HOOK SERVICE_HOOKED service=activity cache=true singletons=1 bound=serviceDispatch,callerIdentity,permissionCheck,getContentProvider,intentSender,runningProcesses,registerReceiver,foregroundService matched=serviceDispatch=bindService+bindServiceInstance+peekService+publishService+startService+stopService+unbindFinished,callerIdentity=broadcastIntent+broadcastIntentWithFeature+getBindingUidProcessState+getContentProviderExternal+getHistoricalProcessExitReasons+getHistoricalProcessStartReasons+getPackageProcessState+getTagForIntentSender+getUidLastIdleElapsedTime+getUidProcessCapabilities+getUidProces
1788668635.546 10303 14721 14721 I Unique  : 2026-09-06 11:23:55.545 I LAUNCH VAM_HOOK_INSTALLED package=com.gordey.standarling host=com.unique methods=8 matched=serviceDispatch=bindService+bindServiceInstance+peekService+publishService+startService+stopService+unbindFinished,callerIdentity=broadcastIntent+broadcastIntentWithFeature+getBindingUidProcessState+getContentProviderExternal+getHistoricalProcessExitReasons+getHistoricalProcessStartReasons+getPackageProcessState+getTagForIntentSender+getUidLastIdleElapsedTime+getUidProcessCapabilities+getUidProcessState+grantUriPermission+isBackgroundRestricted+isUidActive+moveTaskToFront+revokeUriPermission+sendIntentSender+startActivity+startActivityAsUser+startActivityAsUserWithFeature+startActivityWithFeature,permissionCheck=checkPermission+checkPermissionForDevice,getContentProvider,intentSender=getIntentSender+getIntentSenderWithFeature,runningProcesses=getRunningAppProcesses+getServices,registerReceiver=registerReceiver+registerReceiverWithFeature,foregroundService=setServiceForeground
1788668635.550 10303 14721 14721 I Unique  : 2026-09-06 11:23:55.549 I HOOK SERVICE_HOOKED service=activity_task cache=true singletons=1 bound=activityStart matched=activityStart=startActivities+startActivity+startActivityAndWait+startActivityAsCaller+startActivityAsUser+startActivityFromGameSession+startActivityIntentSender+startActivityWithConfig
1788668635.552 10303 14721 14721 I Unique  : 2026-09-06 11:23:55.551 I LAUNCH ATM_HOOK_INSTALLED package=com.gordey.standarling host=com.unique matched=activityStart=startActivities+startActivity+startActivityAndWait+startActivityAsCaller+startActivityAsUser+startActivityFromGameSession+startActivityIntentSender+startActivityWithConfig
1788668635.554 10303 14721 14721 I Unique  : 2026-09-06 11:23:55.553 I HOOK SERVICE_HOOKED service=permissionmgr cache=true singletons=1 bound=shouldShowRequestPermissionRationale matched=shouldShowRequestPermissionRationale
1788668635.555 10303 14721 14721 I Unique  : 2026-09-06 11:23:55.554 I HOOK PERMISSION_MANAGER_HOOKED matched=shouldShowRequestPermissionRationale
1788668635.557 10303 14721 14721 I Unique  : 2026-09-06 11:23:55.556 I HOOK SERVICE_HOOKED service=appops cache=true singletons=0 bound=appOpIdentity matched=appOpIdentity=checkAudioOperation+checkOperation+checkOperationForDevice+checkOperationRaw+checkOperationRawForDevice+checkPackage+collectNoteOpCallsForValidation+extractAsyncOps+finishOperation+finishOperationForDevice+getHistoricalOps+getHistoricalOpsFromDiskRaw+getOpsForPackage+getPackagesForOpsForDevice+isOperationActive+isProxying+noteOperation+noteOperationForDevice+noteProxyOperation+notePr
1788668635.558 10303 14721 14721 I Unique  : 2026-09-06 11:23:55.557 I HOOK APPOPS_HOOKED package=com.gordey.standarling host=com.unique matched=appOpIdentity=checkAudioOperation+checkOperation+checkOperationForDevice+checkOperationRaw+checkOperationRawForDevice+checkPackage+collectNoteOpCallsForValidation+extractAsyncOps+finishOperation+finishOperationForDevice+getHistoricalOps+getHistoricalOpsFromDiskRaw+getOpsForPackage+getPackagesForOpsForDevice+isOperationActive+isProxying+noteOperation+noteOperationForDevice+noteProxyOperation+notePr
1788668635.568 10303 14721 14721 I Unique  : 2026-09-06 11:23:55.567 I PROCESS SETTINGS_CACHES_PRIMED wrappedByHand=0 alreadyWrapped=3 empty=1
1788668635.569 10303 14721 14721 I Unique  : 2026-09-06 11:23:55.568 I PROCESS PROVIDER_CACHES_EVICTED activityThreadProviders=2 providerRefCounts=1 settingsCaches=4 settingsWrapped=3 hostSource=com.unique hostSourceUid=10303
1788668635.576 10303 14721 14721 I Unique  : 2026-09-06 11:23:55.575 I PROCESS NETWORK_SECURITY_INSTALLED package=com.gordey.standarling configRes=0 targetSdk=30
1788668635.577 10303 14721 14721 I UniqueNative: redirect table set: 8 rule(s)
1788668635.578 10303 14721 14721 I UniqueNative: io_redirect installed: 0 slot(s) in 0/389 libraries (0 total), 8 rule(s), page size 4096
1788668635.578 10303 14721 14721 W UniqueNative: io_redirect: filter did not match: /data/user/0/com.unique/files/virtual/apk/com.gordey.standarling/1090/lib/arm64-v8a
1788668635.578 10303 14721 14721 W UniqueNative: io_redirect: filter did not match: /data/data/com.unique/files/virtual/apk/com.gordey.standarling/1090/lib/arm64-v8a
1788668635.578 10303 14721 14721 W UniqueNative: io_redirect: filter did not match: /data/user/0/com.unique/files/virtual/apk/com.gordey.standarling/1090
1788668635.578 10303 14721 14721 W UniqueNative: io_redirect: filter did not match: /data/data/com.unique/files/virtual/apk/com.gordey.standarling/1090
1788668635.578 10303 14721 14721 W UniqueNative: io_redirect: app-private library seen: /data/misc/apexdata/com.android.art/dalvik-cache/arm64/boot.oat
1788668635.578 10303 14721 14721 W UniqueNative: io_redirect: app-private library seen: /data/misc/apexdata/com.android.art/dalvik-cache/arm64/boot-framework-adservices.oat
1788668635.578 10303 14721 14721 W UniqueNative: io_redirect: app-private library seen: /data/app/~~E_AZaXevj49olDA4bpqyHA==/com.unique-wkslfLmMJQVPSCvjJARKJA==/oat/arm64/base.odex
1788668635.578 10303 14721 14721 W UniqueNative: io_redirect: app-private library seen: /data/app/~~E_AZaXevj49olDA4bpqyHA==/com.unique-wkslfLmMJQVPSCvjJARKJA==/base.apk!/lib/arm64-v8a/libunique_native.so
1788668635.578 10303 14721 14721 I UniqueNative: io_redirect: library-load watch installed (3 slot(s) in 2 libraries)
1788668635.579 10303 14721 14721 W UniqueNative: io_redirect: watch saw but did not match: /data/misc/apexdata/com.android.art/dalvik-cache/arm64/boot.oat
1788668635.579 10303 14721 14721 W UniqueNative: io_redirect: watch saw but did not match: /data/misc/apexdata/com.android.art/dalvik-cache/arm64/boot-framework-adservices.oat
1788668635.579 10303 14721 14721 W UniqueNative: io_redirect: watch saw but did not match: /data/app/~~E_AZaXevj49olDA4bpqyHA==/com.unique-wkslfLmMJQVPSCvjJARKJA==/oat/arm64/base.odex
1788668635.579 10303 14721 14721 W UniqueNative: io_redirect: watch saw but did not match: /data/app/~~E_AZaXevj49olDA4bpqyHA==/com.unique-wkslfLmMJQVPSCvjJARKJA==/base.apk!/lib/arm64-v8a/libunique_native.so
1788668635.580 10303 14721 14721 I Unique  : 2026-09-06 11:23:55.579 I NATIVE IO_REDIRECT_INSTALLED status=NOTHING_TO_HOOK watch=OK rules=8 slots=0 scope=/data/user/0/com.unique/files/virtual/apk/com.gordey.standarling/1090/lib/arm64-v8a,/data/data/com.unique/files/virtual/apk/com.gordey.standarling/1090/lib/arm64-v8a,/data/user/0/com.unique/files/virt
1788668635.580 10303 14721 14721 I Unique  : 2026-09-06 11:23:55.580 I WEBVIEW WEBVIEW_DATA_DIR_SUFFIX suffix=vapp0 slot=0
1788668635.585 10303 14721 14721 I UniqueNative: crash: recording 6 signal(s) to /data/user/0/com.unique/files/virtual/runtime/diagnostics/0/com.gordey.standarling/native-crash-14721.properties
1788668635.586 10303 14721 14721 I Unique  : 2026-09-06 11:23:55.585 I NATIVE NATIVE_CRASH_HANDLER status=OK file=/data/user/0/com.unique/files/virtual/runtime/diagnostics/0/com.gordey.standarling/native-crash-14721.properties
1788668635.591 10303 14721 14721 D Unique  : 2026-09-06 11:23:55.591 D PROCESS PERMISSION_CHECK permission=android.permission.INTERNET result=GRANTED
1788668635.594 10303 14721 14742 I UniqueNative: io_redirect installed: 0 slot(s) in 0/390 libraries (0 total), 8 rule(s), page size 4096
1788668635.594 10303 14721 14742 W UniqueNative: io_redirect: filter did not match: /data/user/0/com.unique/files/virtual/apk/com.gordey.standarling/1090/lib/arm64-v8a
1788668635.594 10303 14721 14742 W UniqueNative: io_redirect: filter did not match: /data/data/com.unique/files/virtual/apk/com.gordey.standarling/1090/lib/arm64-v8a
1788668635.594 10303 14721 14742 W UniqueNative: io_redirect: filter did not match: /data/user/0/com.unique/files/virtual/apk/com.gordey.standarling/1090
1788668635.594 10303 14721 14742 W UniqueNative: io_redirect: filter did not match: /data/data/com.unique/files/virtual/apk/com.gordey.standarling/1090
1788668635.594 10303 14721 14742 W UniqueNative: io_redirect: app-private library seen: /data/misc/apexdata/com.android.art/dalvik-cache/arm64/boot.oat
1788668635.594 10303 14721 14742 W UniqueNative: io_redirect: app-private library seen: /data/misc/apexdata/com.android.art/dalvik-cache/arm64/boot-framework-adservices.oat
1788668635.594 10303 14721 14742 W UniqueNative: io_redirect: app-private library seen: /data/app/~~E_AZaXevj49olDA4bpqyHA==/com.unique-wkslfLmMJQVPSCvjJARKJA==/oat/arm64/base.odex
1788668635.594 10303 14721 14742 W UniqueNative: io_redirect: app-private library seen: /data/app/~~E_AZaXevj49olDA4bpqyHA==/com.unique-wkslfLmMJQVPSCvjJARKJA==/base.apk!/lib/arm64-v8a/libunique_native.so
1788668635.594 10303 14721 14742 W UniqueNative: io_redirect: app-private library seen: /data/misc/apexdata/com.android.art/dalvik-cache/arm64/system@framework@com.android.location.provider.jar@classes.odex
1788668635.609 10303 14721 14742 I UniqueNative: io_redirect installed: 0 slot(s) in 0/391 libraries (0 total), 8 rule(s), page size 4096
1788668635.609 10303 14721 14742 W UniqueNative: io_redirect: filter did not match: /data/user/0/com.unique/files/virtual/apk/com.gordey.standarling/1090/lib/arm64-v8a
1788668635.609 10303 14721 14742 W UniqueNative: io_redirect: filter did not match: /data/data/com.unique/files/virtual/apk/com.gordey.standarling/1090/lib/arm64-v8a
1788668635.609 10303 14721 14742 W UniqueNative: io_redirect: filter did not match: /data/user/0/com.unique/files/virtual/apk/com.gordey.standarling/1090
1788668635.609 10303 14721 14742 W UniqueNative: io_redirect: filter did not match: /data/data/com.unique/files/virtual/apk/com.gordey.standarling/1090
1788668635.609 10303 14721 14742 W UniqueNative: io_redirect: app-private library seen: /data/misc/apexdata/com.android.art/dalvik-cache/arm64/boot.oat
1788668635.609 10303 14721 14742 W UniqueNative: io_redirect: app-private library seen: /data/misc/apexdata/com.android.art/dalvik-cache/arm64/boot-framework-adservices.oat
1788668635.609 10303 14721 14742 W UniqueNative: io_redirect: app-private library seen: /data/app/~~E_AZaXevj49olDA4bpqyHA==/com.unique-wkslfLmMJQVPSCvjJARKJA==/oat/arm64/base.odex
1788668635.609 10303 14721 14742 W UniqueNative: io_redirect: app-private library seen: /data/app/~~E_AZaXevj49olDA4bpqyHA==/com.unique-wkslfLmMJQVPSCvjJARKJA==/base.apk!/lib/arm64-v8a/libunique_native.so
1788668635.609 10303 14721 14742 W UniqueNative: io_redirect: app-private library seen: /data/misc/apexdata/com.android.art/dalvik-cache/arm64/system@framework@com.android.location.provider.jar@classes.odex
1788668635.619 10303 14721 14742 I UniqueNative: io_redirect installed: 0 slot(s) in 0/391 libraries (0 total), 8 rule(s), page size 4096
1788668635.619 10303 14721 14742 W UniqueNative: io_redirect: filter did not match: /data/user/0/com.unique/files/virtual/apk/com.gordey.standarling/1090/lib/arm64-v8a
1788668635.619 10303 14721 14742 W UniqueNative: io_redirect: filter did not match: /data/data/com.unique/files/virtual/apk/com.gordey.standarling/1090/lib/arm64-v8a
1788668635.619 10303 14721 14742 W UniqueNative: io_redirect: filter did not match: /data/user/0/com.unique/files/virtual/apk/com.gordey.standarling/1090
1788668635.619 10303 14721 14742 W UniqueNative: io_redirect: filter did not match: /data/data/com.unique/files/virtual/apk/com.gordey.standarling/1090
1788668635.619 10303 14721 14742 W UniqueNative: io_redirect: app-private library seen: /data/misc/apexdata/com.android.art/dalvik-cache/arm64/boot.oat
1788668635.619 10303 14721 14742 W UniqueNative: io_redirect: app-private library seen: /data/misc/apexdata/com.android.art/dalvik-cache/arm64/boot-framework-adservices.oat
1788668635.619 10303 14721 14742 W UniqueNative: io_redirect: app-private library seen: /data/app/~~E_AZaXevj49olDA4bpqyHA==/com.unique-wkslfLmMJQVPSCvjJARKJA==/oat/arm64/base.odex
1788668635.619 10303 14721 14742 W UniqueNative: io_redirect: app-private library seen: /data/app/~~E_AZaXevj49olDA4bpqyHA==/com.unique-wkslfLmMJQVPSCvjJARKJA==/base.apk!/lib/arm64-v8a/libunique_native.so
1788668635.619 10303 14721 14742 W UniqueNative: io_redirect: app-private library seen: /data/misc/apexdata/com.android.art/dalvik-cache/arm64/system@framework@com.android.location.provider.jar@classes.odex
1788668635.619 10303 14721 14742 W UniqueNative: io_redirect: app-private library seen: /data/app/~~LGFpv3Im5Siq4WgWd5h5rg==/com.google.android.gms-R7X6lxCf-Hd419IiSvoKBQ==/oat/arm64/base.odex
1788668635.624 10303 14721 14760 D Unique  : 2026-09-06 11:23:55.623 D PROCESS PERMISSION_CHECK permission=android.permission.WAKE_LOCK result=GRANTED
1788668635.625 10303 14721 14721 I Unique  : 2026-09-06 11:23:55.624 I PROCESS PROVIDERS_PUBLISHED package=com.gordey.standarling process=com.gordey.standarling declared=5 authorities=[redacted]
1788668635.628 10303 14721 14721 I Unique  : 2026-09-06 11:23:55.626 I PROCESS COMPAT_CHANGES_DISABLED targetSdk=30 changes=PENDING_INTENT_EXPLICIT_MUTABILITY_REQUIRED=160794467
1788668635.632 10303 14721 14721 I Unique  : 2026-09-06 11:23:55.630 I STORAGE EXTERNAL_STORAGE_REDIRECTED package=com.gordey.standarling vuid=0 root=/data/user/0/com.unique/files/virtual/users/0/sdcard
1788668635.632 10303 14721 14760 D Unique  : 2026-09-06 11:23:55.631 D PROCESS PERMISSION_CHECK permission=android.permission.ACCESS_NETWORK_STATE result=GRANTED
1788668635.636 10303 14721 14721 I Unique  : 2026-09-06 11:23:55.634 I HOOK SERVICE_HOOKED service=alarm cache=true singletons=0 bound=callerPackage matched=callerPackage=canScheduleExactAlarms+cancelPoweroffAlarm+hasScheduleExactAlarm+removeAll+set+setTimeZone
1788668635.638 10303 14721 14721 I Unique  : 2026-09-06 11:23:55.637 I HOOK IDENTITY_HOOK_INSTALLED service=alarm package=com.gordey.standarling matched=callerPackage=canScheduleExactAlarms+cancelPoweroffAlarm+hasScheduleExactAlarm+removeAll+set+setTimeZone
1788668635.643 10303 14721 14721 I Unique  : 2026-09-06 11:23:55.641 I HOOK SERVICE_HOOKED service=clipboard cache=true singletons=0 bound=callerPackage matched=callerPackage=addPrimaryClipChangedListener+clearPrimaryClip+getPrimaryClip+getPrimaryClipDescription+getPrimaryClipSource+getUserPrimaryClip+hasClipboardText+hasPrimaryClip+removePrimaryClipChangedListener+setPrimaryClip+setPrimaryClipAsPackage
1788668635.644 10303 14721 14721 I Unique  : 2026-09-06 11:23:55.643 I HOOK IDENTITY_HOOK_INSTALLED service=clipboard package=com.gordey.standarling matched=callerPackage=addPrimaryClipChangedListener+clearPrimaryClip+getPrimaryClip+getPrimaryClipDescription+getPrimaryClipSource+getUserPrimaryClip+hasClipboardText+hasPrimaryClip+removePrimaryClipChangedListener+setPrimaryClip+setPrimaryClipAsPackage
1788668635.647 10303 14721 14721 I Unique  : 2026-09-06 11:23:55.646 I HOOK SERVICE_HOOKED service=restrictions cache=true singletons=0 bound=callerPackage matched=callerPackage=getApplicationRestrictions+getApplicationRestrictionsPerAdminForUser+notifyPermissionResponse+requestPermission
1788668635.648 10303 14721 14721 I Unique  : 2026-09-06 11:23:55.647 I HOOK IDENTITY_HOOK_INSTALLED service=restrictions package=com.gordey.standarling matched=callerPackage=getApplicationRestrictions+getApplicationRestrictionsPerAdminForUser+notifyPermissionResponse+requestPermission
1788668635.650 10303 14721 14755 D Unique  : 2026-09-06 11:23:55.649 D PROCESS SERVICE_CONNECTION_WRAPPED connection=com.google.firebase.iid.y$b
1788668635.654 10303 14721 14721 I Unique  : 2026-09-06 11:23:55.653 I HOOK SERVICE_HOOKED service=locale cache=true singletons=0 bound=callerPackage,setApplicationLocales matched=callerPackage=getApplicationLocales+getOverrideLocaleConfig+setOverrideLocaleConfig,setApplicationLocales
1788668635.654 10303 14721 14721 I Unique  : 2026-09-06 11:23:55.654 I HOOK IDENTITY_HOOK_INSTALLED service=locale package=com.gordey.standarling matched=callerPackage=getApplicationLocales+getOverrideLocaleConfig+setOverrideLocaleConfig,setApplicationLocales
1788668635.657 10303 14721 14721 I Unique  : 2026-09-06 11:23:55.656 I HOOK SERVICE_HOOKED service=connectivity cache=true singletons=0 bound=callerPackage matched=callerPackage=getDefaultNetworkCapabilitiesForUser+getLastTetherError+getNetworkCapabilities+getRedactedLinkPropertiesForPackage+getRedactedNetworkCapabilitiesForPackage+isConnectivityServiceFeatureEnabledForTesting+listenForNetwork+pendingListenForNetwork+pendingRequestForNetwork+registerConnectivityDiagnosticsCallback+registerNetworkProvider+requestNetwork+requestRouteToHostAddress+setProvisioni
1788668635.658 10303 14721 14721 I Unique  : 2026-09-06 11:23:55.657 I HOOK IDENTITY_HOOK_INSTALLED service=connectivity package=com.gordey.standarling matched=callerPackage=getDefaultNetworkCapabilitiesForUser+getLastTetherError+getNetworkCapabilities+getRedactedLinkPropertiesForPackage+getRedactedNetworkCapabilitiesForPackage+isConnectivityServiceFeatureEnabledForTesting+listenForNetwork+pendingListenForNetwork+pendingRequestForNetwork+registerConnectivi
1788668635.660 10303 14721 14721 I Unique  : 2026-09-06 11:23:55.659 I HOOK SERVICE_HOOKED service=power cache=true singletons=0 bound=callerPackage matched=callerPackage=acquireWakeLock+acquireWakeLockAsync+acquireWakeLockWithUid+crash+isAmbientDisplaySuppressedForToken+isAmbientDisplaySuppressedForTokenByApp+isFeatureAllowedInLowPowerStandby+reboot+shutdown+suppressAmbientDisplay+updateWakeLockWorkSource+wakeUp
1788668635.661 10303 14721 14721 I Unique  : 2026-09-06 11:23:55.660 I HOOK IDENTITY_HOOK_INSTALLED service=power package=com.gordey.standarling matched=callerPackage=acquireWakeLock+acquireWakeLockAsync+acquireWakeLockWithUid+crash+isAmbientDisplaySuppressedForToken+isAmbientDisplaySuppressedForTokenByApp+isFeatureAllowedInLowPowerStandby+reboot+shutdown+suppressAmbientDisplay+updateWakeLockWorkSource+wakeUp
1788668635.674 10303 14721 14721 I Unique  : 2026-09-06 11:23:55.671 I HOOK SERVICE_HOOKED service=wifi cache=true singletons=0 bound=callerPackage matched=callerPackage=acquireMulticastLock+acquireWifiLock+addLocalOnlyConnectionStatusListener+addNetworkSuggestions+addOrUpdateNetwork+addOrUpdateNetworkPrivileged+addOrUpdatePasspointConfiguration+addQosPolicies+addSuggestionUserApprovalStatusListener+allowAutojoinGlobal+allowAutojoinPasspoint+connect+disableEphemeralNetwork+disableNetwork+disconnect+enableNetwork+enableTdls+enableTdlsWithMacAddress+en
1788668635.675 10303 14721 14721 I Unique  : 2026-09-06 11:23:55.674 I HOOK IDENTITY_HOOK_INSTALLED service=wifi package=com.gordey.standarling matched=callerPackage=acquireMulticastLock+acquireWifiLock+addLocalOnlyConnectionStatusListener+addNetworkSuggestions+addOrUpdateNetwork+addOrUpdateNetworkPrivileged+addOrUpdatePasspointConfiguration+addQosPolicies+addSuggestionUserApprovalStatusListener+allowAutojoinGlobal+allowAutojoinPasspoint+connect+di
1788668635.681 10303 14721 14721 I Unique  : 2026-09-06 11:23:55.679 I HOOK SERVICE_HOOKED service=location cache=true singletons=0 bound=callerPackage matched=callerPackage=addGnssAntennaInfoListener+addGnssMeasurementsListener+addGnssNavigationMessageListener+addTestProvider+getCurrentLocation+getLastLocation+getProviderPackages+getProviderProperties+hasProvider+isProviderEnabledForUser+isProviderPackage+registerGnssNmeaCallback+registerGnssStatusCallback+registerLocationListener+registerLocationPendingIntent+removeTestProvider+requestGeofence+requestL
1788668635.682 10303 14721 14721 I Unique  : 2026-09-06 11:23:55.681 I HOOK IDENTITY_HOOK_INSTALLED service=location package=com.gordey.standarling matched=callerPackage=addGnssAntennaInfoListener+addGnssMeasurementsListener+addGnssNavigationMessageListener+addTestProvider+getCurrentLocation+getLastLocation+getProviderPackages+getProviderProperties+hasProvider+isProviderEnabledForUser+isProviderPackage+registerGnssNmeaCallback+registerGnssStatusCallbac
1788668635.690 10303 14721 14721 I Unique  : 2026-09-06 11:23:55.688 I HOOK SERVICE_HOOKED service=audio cache=true singletons=0 bound=callerPackage matched=callerPackage=abandonAudioFocus+abandonAudioFocusForTest+adjustStreamVolume+adjustStreamVolumeForUid+adjustStreamVolumeWithAttribution+adjustSuggestedStreamVolumeForUid+adjustVolumeGroupVolume+cacheParameters+disableSafeMediaVolume+getBluetoothAudioDeviceCategory+getBluetoothAudioDeviceCategory_legacy+getCacheParameters+getDeviceVolume+getNotificationUri+getPlayerVolume+handleVolumeKey+isBluetooth
1788668635.691 10303 14721 14721 I Unique  : 2026-09-06 11:23:55.690 I HOOK IDENTITY_HOOK_INSTALLED service=audio package=com.gordey.standarling matched=callerPackage=abandonAudioFocus+abandonAudioFocusForTest+adjustStreamVolume+adjustStreamVolumeForUid+adjustStreamVolumeWithAttribution+adjustSuggestedStreamVolumeForUid+adjustVolumeGroupVolume+cacheParameters+disableSafeMediaVolume+getBluetoothAudioDeviceCategory+getBluetoothAudioDeviceCategory_lega
1788668635.692 10303 14721 14773 D Unique  : 2026-09-06 11:23:55.685 D PROCESS PERMISSION_CHECK permission=com.google.android.providers.gsf.permission.READ_GSERVICES result=GRANTED
1788668635.693 10303 14721 14721 I Unique  : 2026-09-06 11:23:55.692 I HOOK SERVICE_HOOKED service=vibrator_manager cache=true singletons=0 bound=callerPackage matched=callerPackage=performHapticFeedback+setAlwaysOnEffect+vibrate
1788668635.693 10303 14721 14721 I Unique  : 2026-09-06 11:23:55.693 I HOOK IDENTITY_HOOK_INSTALLED service=vibrator_manager package=com.gordey.standarling matched=callerPackage=performHapticFeedback+setAlwaysOnEffect+vibrate
1788668635.698 10303 14721 14721 I Unique  : 2026-09-06 11:23:55.697 I HOOK SERVICE_HOOKED service=usagestats cache=true singletons=0 bound=callerPackage matched=callerPackage=clearBroadcastEvents+clearBroadcastResponseStats+getAppMinStandbyBucket+getAppStandbyBucket+getAppStandbyBuckets+getAppStandbyConstant+getLastTimeAnyComponentUsed+isAppInactive+isPackageExemptedFromBroadcastResponseStats+queryBroadcastResponseStats+queryConfigurationStats+queryEventStats+queryEvents+queryEventsForPackage+queryEventsForPackageForUser+queryEventsForUser+queryEventsWith
1788668635.699 10303 14721 14721 I Unique  : 2026-09-06 11:23:55.698 I HOOK IDENTITY_HOOK_INSTALLED service=usagestats package=com.gordey.standarling matched=callerPackage=clearBroadcastEvents+clearBroadcastResponseStats+getAppMinStandbyBucket+getAppStandbyBucket+getAppStandbyBuckets+getAppStandbyConstant+getLastTimeAnyComponentUsed+isAppInactive+isPackageExemptedFromBroadcastResponseStats+queryBroadcastResponseStats+queryConfigurationStats+queryEventSta
1788668635.701 10303 14721 14721 I Unique  : 2026-09-06 11:23:55.700 I HOOK SERVICE_HOOKED service=netstats cache=true singletons=0 bound=callerPackage matched=callerPackage=getIfaceStats+notifyNetworkStatus+openSessionForUsageStats+registerNetworkStatsProvider+registerUsageCallback+setStatsProviderWarningAndLimitAsync
1788668635.702 10303 14721 14721 I Unique  : 2026-09-06 11:23:55.701 I HOOK IDENTITY_HOOK_INSTALLED service=netstats package=com.gordey.standarling matched=callerPackage=getIfaceStats+notifyNetworkStatus+openSessionForUsageStats+registerNetworkStatsProvider+registerUsageCallback+setStatsProviderWarningAndLimitAsync
1788668635.704 10303 14721 14721 I Unique  : 2026-09-06 11:23:55.703 I HOOK SERVICE_HOOKED service=content cache=true singletons=0 bound=callerPackage matched=callerPackage=addPeriodicSync+cancelSync+cancelSyncAsUser+getCache+getIsSyncable+getIsSyncableAsUser+getPeriodicSyncs+getSyncAdapterPackageAsUser+getSyncAdapterPackagesForAuthorityAsUser+getSyncAutomatically+getSyncAutomaticallyAsUser+getSyncStatus+getSyncStatusAsUser+isSyncActive+isSyncPending+isSyncPendingAsUser+notifyChange+onDbCorruption+putCache+removePeriodicSync+requestSync+setIsSyncable+se
1788668635.705 10303 14721 14721 I Unique  : 2026-09-06 11:23:55.704 I HOOK IDENTITY_HOOK_INSTALLED service=content package=com.gordey.standarling matched=callerPackage=addPeriodicSync+cancelSync+cancelSyncAsUser+getCache+getIsSyncable+getIsSyncableAsUser+getPeriodicSyncs+getSyncAdapterPackageAsUser+getSyncAdapterPackagesForAuthorityAsUser+getSyncAutomatically+getSyncAutomaticallyAsUser+getSyncStatus+getSyncStatusAsUser+isSyncActive+isSyncPending+isSy
1788668635.709 10303 14721 14721 I Unique  : 2026-09-06 11:23:55.708 I HOOK SERVICE_HOOKED service=shortcut cache=true singletons=0 bound=shortcutPublish,callerPackage matched=shortcutPublish=addDynamicShortcuts+createShortcutResultIntent+pushDynamicShortcut+requestPinShortcut+setDynamicShortcuts+updateShortcuts,callerPackage=disableShortcuts+enableShortcuts+getIconMaxDimensions+getMaxShortcutCountPerActivity+getRateLimitResetTime+getRemainingCallCount+getShareTargets+getShortcuts+hasShareTargets+onApplicationActive+removeAllDynamicShortcuts+removeDynamicShortcuts+remov
1788668635.710 10303 14721 14721 I Unique  : 2026-09-06 11:23:55.709 I HOOK IDENTITY_HOOK_INSTALLED service=shortcut package=com.gordey.standarling matched=shortcutPublish=addDynamicShortcuts+createShortcutResultIntent+pushDynamicShortcut+requestPinShortcut+setDynamicShortcuts+updateShortcuts,callerPackage=disableShortcuts+enableShortcuts+getIconMaxDimensions+getMaxShortcutCountPerActivity+getRateLimitResetTime+getRemainingCallCount+getShareTargets+get
1788668635.713 10303 14721 14721 I Unique  : 2026-09-06 11:23:55.712 I HOOK SERVICE_HOOKED service=mount cache=true singletons=0 bound=callerPackage,volumeList matched=callerPackage=abortChanges+allocateBytes+benchmark+destroyUserStorage+disableAppDataIsolation+fixupAppDir+fixupAppDirRecursive+fixupSysfsFile+forgetVolume+format+getAllocatableBytes+getCacheQuotaBytes+getCacheSizeBytes+getExternalStorageMountMode+getManageSpaceActivityIntent+getMountedObbPath+isAppIoBlocked+isObbMounted+mkdirs+mount+mountObb+moveStorageQuickly+notifyAppIoBlocked+notifyAppIoResumed
1788668635.714 10303 14721 14721 I Unique  : 2026-09-06 11:23:55.713 I HOOK IDENTITY_HOOK_INSTALLED service=mount package=com.gordey.standarling matched=callerPackage=abortChanges+allocateBytes+benchmark+destroyUserStorage+disableAppDataIsolation+fixupAppDir+fixupAppDirRecursive+fixupSysfsFile+forgetVolume+format+getAllocatableBytes+getCacheQuotaBytes+getCacheSizeBytes+getExternalStorageMountMode+getManageSpaceActivityIntent+getMountedObbPath+isAppI
1788668635.719 10303 14721 14721 I Unique  : 2026-09-06 11:23:55.716 I HOOK SERVICE_HOOKED service=account cache=true singletons=0 bound=callerPackage matched=callerPackage=addAccount+addAccountAsUser+addAccountExplicitly+addAccountExplicitlyWithVisibility+addSharedAccountsFromParentUser+createRequestAccountAccessIntentSenderAsUser+editProperties+getAccountByTypeAndFeatures+getAccountVisibility+getAccountsAndVisibilityForPackage+getAccountsAsUser+getAccountsByFeatures+getAccountsByTypeForPackage+getAccountsForPackage+getAuthToken+getAuthTokenLabel+getUs
1788668635.721 10303 14721 14721 I Unique  : 2026-09-06 11:23:55.720 I HOOK IDENTITY_HOOK_INSTALLED service=account package=com.gordey.standarling matched=callerPackage=addAccount+addAccountAsUser+addAccountExplicitly+addAccountExplicitlyWithVisibility+addSharedAccountsFromParentUser+createRequestAccountAccessIntentSenderAsUser+editProperties+getAccountByTypeAndFeatures+getAccountVisibility+getAccountsAndVisibilityForPackage+getAccountsAsUser+getAccou
1788668635.730 10303 14721 14721 I Unique  : 2026-09-06 11:23:55.727 I HOOK SERVICE_HOOKED service=phone cache=true singletons=0 bound=callerPackage matched=callerPackage=call+canChangeDtmfToneLength+changeIccLockPassword+checkCarrierPrivilegesForPackage+checkCarrierPrivilegesForPackageAnyPhone+clearSignalStrengthUpdateRequest+deprovisionSatelliteService+dial+disableDataConnectivity+disableVisualVoicemailSmsFilter+doesSwitchMultiSimConfigTriggerReboot+enableDataConnectivity+enableVisualVoicemailSmsFilter+enqueueSmsPickResult+factoryReset+getAllCellInf
1788668635.731 10303 14721 14721 I Unique  : 2026-09-06 11:23:55.730 I HOOK IDENTITY_HOOK_INSTALLED service=phone package=com.gordey.standarling matched=callerPackage=call+canChangeDtmfToneLength+changeIccLockPassword+checkCarrierPrivilegesForPackage+checkCarrierPrivilegesForPackageAnyPhone+clearSignalStrengthUpdateRequest+deprovisionSatelliteService+dial+disableDataConnectivity+disableVisualVoicemailSmsFilter+doesSwitchMultiSimConfigTriggerReboot+e
1788668635.741 10303 14721 14721 I Unique  : 2026-09-06 11:23:55.738 I HOOK SERVICE_HOOKED service=device_policy cache=true singletons=0 bound=callerPackage matched=callerPackage=addCrossProfileIntentFilter+addCrossProfileWidgetProvider+addPersistentPreferredActivity+approveCaCert+checkDeviceIdentifierAccess+checkProvisioningPrecondition+choosePrivateKeyAlias+clearApplicationUserData+clearCrossProfileIntentFilters+clearDeviceOwner+clearPackagePersistentPreferredActivities+clearResetPasswordToken+createAdminSupportIntent+createAndManageUser+createAndProvisionM
1788668635.742 10303 14721 14721 I Unique  : 2026-09-06 11:23:55.741 I HOOK IDENTITY_HOOK_INSTALLED service=device_policy package=com.gordey.standarling matched=callerPackage=addCrossProfileIntentFilter+addCrossProfileWidgetProvider+addPersistentPreferredActivity+approveCaCert+checkDeviceIdentifierAccess+checkProvisioningPrecondition+choosePrivateKeyAlias+clearApplicationUserData+clearCrossProfileIntentFilters+clearDeviceOwner+clearPackagePersistentPreferre
1788668635.746 10303 14721 14721 I Unique  : 2026-09-06 11:23:55.745 I HOOK SERVICE_HOOKED service=media.camera cache=true singletons=0 bound=callerPackage matched=callerPackage=connect+connectDevice+createDefaultRequest+getCameraCharacteristics+getSessionCharacteristics+getTorchStrengthLevel+injectCamera+injectSessionParams+isHiddenPhysicalCamera+isSessionConfigurationWithParametersSupported+setTorchMode+supportsCameraApi+turnOnTorchWithStrengthLevel
1788668635.747 10303 14721 14721 I Unique  : 2026-09-06 11:23:55.746 I HOOK IDENTITY_HOOK_INSTALLED service=media.camera package=com.gordey.standarling matched=callerPackage=connect+connectDevice+createDefaultRequest+getCameraCharacteristics+getSessionCharacteristics+getTorchStrengthLevel+injectCamera+injectSessionParams+isHiddenPhysicalCamera+isSessionConfigurationWithParametersSupported+setTorchMode+supportsCameraApi+turnOnTorchWithStrengthLevel
1788668635.750 10303 14721 14721 I Unique  : 2026-09-06 11:23:55.749 I HOOK SERVICE_HOOKED service=telecom cache=true singletons=0 bound=callerPackage matched=callerPackage=acceptHandover+acceptRingingCall+acceptRingingCallWithVideoState+addCall+addNewIncomingCall+addNewIncomingConference+addOrRemoveTestCallCompanionApp+cancelMissedCallsNotification+clearAccounts+createLaunchEmergencyDialerIntent+createManageBlockedNumbersIntent+endCall+getAdnUriForPhoneAccount+getCallCapablePhoneAccounts+getCallStateUsingPackage+getCurrentTtyMode+getDefaultDialerPackag
1788668635.752 10303 14721 14721 I Unique  : 2026-09-06 11:23:55.750 I HOOK IDENTITY_HOOK_INSTALLED service=telecom package=com.gordey.standarling matched=callerPackage=acceptHandover+acceptRingingCall+acceptRingingCallWithVideoState+addCall+addNewIncomingCall+addNewIncomingConference+addOrRemoveTestCallCompanionApp+cancelMissedCallsNotification+clearAccounts+createLaunchEmergencyDialerIntent+createManageBlockedNumbersIntent+endCall+getAdnUriForPhoneA
1788668635.755 10303 14721 14721 I Unique  : 2026-09-06 11:23:55.754 I HOOK SERVICE_HOOKED service=media_router cache=true singletons=0 bound=callerPackage matched=callerPackage=deselectRouteWithManager+deselectRouteWithRouter2+getSystemRoutes+getSystemSessionInfoForPackage+registerClientAsUser+registerClientGroupId+registerManager+registerProxyRouter+registerRouter2+releaseSessionWithManager+releaseSessionWithRouter2+requestCreateSessionWithManager+requestSetVolume+requestUpdateVolume+selectRouteWithManager+selectRouteWithRouter2+setSelectedRoute+setSession
1788668635.756 10303 14721 14721 I Unique  : 2026-09-06 11:23:55.755 I HOOK IDENTITY_HOOK_INSTALLED service=media_router package=com.gordey.standarling matched=callerPackage=deselectRouteWithManager+deselectRouteWithRouter2+getSystemRoutes+getSystemSessionInfoForPackage+registerClientAsUser+registerClientGroupId+registerManager+registerProxyRouter+registerRouter2+releaseSessionWithManager+releaseSessionWithRouter2+requestCreateSessionWithManager+requestSet
1788668635.758 10303 14721 14721 I Unique  : 2026-09-06 11:23:55.757 I HOOK SERVICE_HOOKED service=media_session cache=true singletons=0 bound=callerPackage matched=callerPackage=addOnMediaKeyEventSessionChangedListener+createSession+dispatchAdjustVolume+dispatchMediaKeyEvent+dispatchMediaKeyEventToSessionAsSystemService+dispatchVolumeKeyEvent+dispatchVolumeKeyEventToSessionAsSystemService+getMediaKeyEventSession+getMediaKeyEventSessionPackageName+hasCustomMediaKeyDispatcher+hasCustomMediaSessionPolicyProvider+isTrusted+setCustomMediaKeyDispatcher+setCustomMe
1788668635.759 10303 14721 14721 I Unique  : 2026-09-06 11:23:55.758 I HOOK IDENTITY_HOOK_INSTALLED service=media_session package=com.gordey.standarling matched=callerPackage=addOnMediaKeyEventSessionChangedListener+createSession+dispatchAdjustVolume+dispatchMediaKeyEvent+dispatchMediaKeyEventToSessionAsSystemService+dispatchVolumeKeyEvent+dispatchVolumeKeyEventToSessionAsSystemService+getMediaKeyEventSession+getMediaKeyEventSessionPackageName+hasCustomMedi
1788668635.768 10303 14721 14721 I Unique  : 2026-09-06 11:23:55.763 I HOOK SERVICE_HOOKED service=appwidget cache=true singletons=0 bound=callerPackage,appWidgetIdentity matched=callerPackage=allocateAppWidgetId+bindRemoteViewsService+createAppWidgetConfigIntentSender+deleteAppWidgetId+deleteHost+getAppWidgetIdsForHost+getAppWidgetInfo+getAppWidgetOfHost+getAppWidgetOptions+getAppWidgetViews+getInstalledProvidersForProfile+hasBindAppWidgetPermission+isBoundWidgetPackage+noteAppWidgetTapped+notifyAppWidgetViewDataChanged+partiallyUpdateAppWidgetIds+setAppWidgetHidden+setBi
1788668635.769 10303 14721 14721 I Unique  : 2026-09-06 11:23:55.768 I HOOK IDENTITY_HOOK_INSTALLED service=appwidget package=com.gordey.standarling matched=callerPackage=allocateAppWidgetId+bindRemoteViewsService+createAppWidgetConfigIntentSender+deleteAppWidgetId+deleteHost+getAppWidgetIdsForHost+getAppWidgetInfo+getAppWidgetOfHost+getAppWidgetOptions+getAppWidgetViews+getInstalledProvidersForProfile+hasBindAppWidgetPermission+isBoundWidgetPackage+not
1788668635.769 10303 14721 14721 I Unique  : 2026-09-06 11:23:55.769 I HOOK IDENTITY_HOOKS_INSTALLED package=com.gordey.standarling installed=alarm,clipboard,restrictions,locale,connectivity,power,wifi,location,audio,vibrator_manager,usagestats,netstats,content,shortcut,mount,account,phone,device_policy,media.camera,telecom,media_router,media_session,appwidget skipped=
1788668635.772 10303 14721 14721 W Unique  : 2026-09-06 11:23:55.770 W PROCESS ALARM_EXACT_UNAVAILABLE detail=UNIQUE does not hold SCHEDULE_EXACT_ALARM; a guest asking for an exact alarm will get the platform's SecurityException
1788668635.775 10303 14721 14721 I Unique  : 2026-09-06 11:23:55.774 I HOOK SERVICE_HOOKED service=jobscheduler cache=true singletons=0 bound=jobById,scheduleJob,pendingJobs matched=jobById=cancel+getPendingJob+getPendingJobReason,scheduleJob=enqueue+schedule+scheduleAsPackage,pendingJobs=getAllPendingJobs+getAllPendingJobsInNamespace
1788668635.776 10303 14721 14721 I Unique  : 2026-09-06 11:23:55.775 I HOOK JOB_HOOKED package=com.gordey.standarling slot=0 matched=jobById=cancel+getPendingJob+getPendingJobReason,scheduleJob=enqueue+schedule+scheduleAsPackage,pendingJobs=getAllPendingJobs+getAllPendingJobsInNamespace
1788668635.788 10303 14721 14721 I Unique  : 2026-09-06 11:23:55.787 I HOOK SERVICE_HOOKED service=notification cache=true singletons=1 bound=notificationIdentity,enqueue,channels matched=notificationIdentity=addAutomaticZenRule+areBubblesAllowed+areNotificationsEnabled+areNotificationsEnabledForPackage+buzzBeepBlinkForNotification+canNotifyAsPackage+canShowBadge+cancelAllNotifications+cancelNotificationFromListener+cancelToast+clearData+deleteNotificationHistoryItem+enqueueTextToast+enqueueToast+finishToken+getActiveNotifications+getActiveNotificationsWithAttribution+getAllowedAss
1788668635.789 10303 14721 14721 I Unique  : 2026-09-06 11:23:55.788 I HOOK NOTIFICATION_HOOKED package=com.gordey.standarling vuid=0 matched=notificationIdentity=addAutomaticZenRule+areBubblesAllowed+areNotificationsEnabled+areNotificationsEnabledForPackage+buzzBeepBlinkForNotification+canNotifyAsPackage+canShowBadge+cancelAllNotifications+cancelNotificationFromListener+cancelToast+clearData+deleteNotificationHistoryItem+enqueueTextToast+enqueueToast+finishToken+getActiveNotifications+getActiveNotificationsWithAttribution+getAllowedAss
1788668635.789 10303 14721 14742 D Unique  : 2026-09-06 11:23:55.788 D PROCESS SERVICE_CONNECTION_WRAPPED connection=com.google.android.gms.common.a
1788668635.794 10303 14721 14721 I Unique  : 2026-09-06 11:23:55.793 I PROCESS RECEIVERS_REGISTERED package=com.gordey.standarling declared=3 registered=3 actions=com.adjust.sdk.AdjustPreinstallReferrerReceiver#com.attribution.SYSTEM_INSTALLER_REFERRER;com.facebook.CurrentAccessTokenExpirationBroadcastReceiver#com.facebook.sdk.ACTION_CURRENT_ACCESS_TOKEN_CHANGED;com.google.firebase.iid.FirebaseInstanceIdReceiver#com.google.android.c2dm.intent.RECEIVE exported=2
1788668635.796 10303 14721 14721 I Unique  : 2026-09-06 11:23:55.795 I LAUNCH ACTIVITY_LIFECYCLE_INSTALLED package=com.gordey.standarling
1788668635.798 10303 14721 14721 I UniqueNative: redirect table set: 8 rule(s)
1788668635.799 10303 14721 14721 I UniqueNative: io_redirect installed: 0 slot(s) in 0/391 libraries (0 total), 8 rule(s), page size 4096
1788668635.799 10303 14721 14721 W UniqueNative: io_redirect: filter did not match: /data/user/0/com.unique/files/virtual/apk/com.gordey.standarling/1090/lib/arm64-v8a
1788668635.799 10303 14721 14721 W UniqueNative: io_redirect: filter did not match: /data/data/com.unique/files/virtual/apk/com.gordey.standarling/1090/lib/arm64-v8a
1788668635.799 10303 14721 14721 W UniqueNative: io_redirect: filter did not match: /data/user/0/com.unique/files/virtual/apk/com.gordey.standarling/1090
1788668635.799 10303 14721 14721 W UniqueNative: io_redirect: filter did not match: /data/data/com.unique/files/virtual/apk/com.gordey.standarling/1090
1788668635.799 10303 14721 14721 W UniqueNative: io_redirect: app-private library seen: /data/misc/apexdata/com.android.art/dalvik-cache/arm64/boot.oat
1788668635.799 10303 14721 14721 W UniqueNative: io_redirect: app-private library seen: /data/misc/apexdata/com.android.art/dalvik-cache/arm64/boot-framework-adservices.oat
1788668635.799 10303 14721 14721 W UniqueNative: io_redirect: app-private library seen: /data/app/~~E_AZaXevj49olDA4bpqyHA==/com.unique-wkslfLmMJQVPSCvjJARKJA==/oat/arm64/base.odex
1788668635.799 10303 14721 14721 W UniqueNative: io_redirect: app-private library seen: /data/app/~~E_AZaXevj49olDA4bpqyHA==/com.unique-wkslfLmMJQVPSCvjJARKJA==/base.apk!/lib/arm64-v8a/libunique_native.so
1788668635.799 10303 14721 14721 W UniqueNative: io_redirect: app-private library seen: /data/misc/apexdata/com.android.art/dalvik-cache/arm64/system@framework@com.android.location.provider.jar@classes.odex
1788668635.799 10303 14721 14721 W UniqueNative: io_redirect: app-private library seen: /data/app/~~LGFpv3Im5Siq4WgWd5h5rg==/com.google.android.gms-R7X6lxCf-Hd419IiSvoKBQ==/oat/arm64/base.odex
1788668635.800 10303 14721 14721 I Unique  : 2026-09-06 11:23:55.799 I NATIVE u0 com.gordey.standarling IO_REDIRECT_INSTALLED status=NOTHING_TO_HOOK watch=OK rules=8 slots=0 scope=/data/user/0/com.unique/files/virtual/apk/com.gordey.standarling/1090/lib/arm64-v8a,/data/data/com.unique/files/virtual/apk/com.gordey.standarling/1090/lib/arm64-v8a,/data/user/0/com.unique/files/virt
1788668635.802 10303 14721 14721 I Unique  : 2026-09-06 11:23:55.800 I LAUNCH u0 com.gordey.standarling BOOTSTRAP_OK package=com.gordey.standarling vuid=0 slot=0 applicationClass=android.app.Application dataDir=/data/user/0/com.unique/files/virtual/users/0/data/com.gordey.standarling sourceDir=/data/user/0/com.unique/files/virtual/apk/com.gordey.standarling/1090/base.apk nativeLibraryDir=/data/user/0/com.unique/files/virtual/apk/com.gordey.standarling/1090/lib/arm64-v8a targetSdk=30 observedPackageName=com.gordey.standarling observedFilesDir=/data/user/0/com.unique/files/virtual/users/0/data/com.gordey.standarling/files millis=386
1788668635.803 10303 14721 14721 I Unique  : 2026-09-06 11:23:55.802 I LAUNCH u0 com.gordey.standarling TRANSACTION_REWRITTEN package=com.gordey.standarling activity=com.google.firebase.MessagingUnityPlayerActivity vuid=0 item=LaunchActivityItem theme=0
1788668635.809 10303 14618 14701 I Unique  : 2026-09-06 11:23:55.806 I PROCESS PROVIDER_SLOT_READY slot=0 vuid=0 pid=14721
1788668635.902 10303 14721 14721 I Unique  : 2026-09-06 11:23:55.901 I LAUNCH u0 com.gordey.standarling ACTIVITY_ORIENTATION_APPLIED activity=com.google.firebase.MessagingUnityPlayerActivity orientation=6 applied=true
1788668635.920 10303 14721 14721 W libc    : Access denied finding property "persist.vendor.camera.IsVariableApertureSupported"
1788668635.920 10303 14721 14721 W libc    : Access denied finding property "persist.vendor.camera.IsStreetModeSupported"
1788668635.939 10303 14721 14721 I UniqueNative: io_redirect installed: 0 slot(s) in 1/392 libraries (0 total), 8 rule(s), page size 4096
1788668636.101 10303 14618 14645 W libc    : Access denied finding property "ro.vendor.display.iris_x7.support"
1788668636.119 10303 14721 14721 I UniqueNative: io_redirect installed: 22 slot(s) in 4/395 libraries (22 total), 8 rule(s), page size 4096
1788668636.119 10303 14721 14721 I UniqueNative: io_redirect: hooked 22 new slot(s) after loading /data/user/0/com.unique/files/virtual/apk/com.gordey.standarling/1090/lib/arm64-v8a/libgrave.so (22 total)
1788668636.357 10303 14721 14773 D Unique  : 2026-09-06 11:23:56.356 D PROCESS u0 com.gordey.standarling PERMISSION_CHECK permission=android.permission.INTERNET result=GRANTED
1788668636.359 10303 14721 14773 D Unique  : 2026-09-06 11:23:56.358 D PROCESS u0 com.gordey.standarling PERMISSION_CHECK permission=android.permission.ACCESS_NETWORK_STATE result=GRANTED
1788668637.544 10303 14721 14743 D Unique  : 2026-09-06 11:23:57.544 D PROCESS u0 com.gordey.standarling SERVICE_INTENT_CROSS_APP action=com.google.android.gms.ads.identifier.service.START target=com.google.android.gms
1788668637.545 10303 14721 14743 D Unique  : 2026-09-06 11:23:57.544 D PROCESS u0 com.gordey.standarling SERVICE_CONNECTION_WRAPPED connection=com.google.android.gms.common.a
1788668637.984 10303 14721 14722 I om.unique:vapp0: Thread[2,tid=14722,WaitingInMainSignalCatcherLoop,Thread*=0xb400007cfb110f50,peer=0x24aa020,"Signal Catcher"]: reacting to signal 3
1788668638.046 10303 14721 14721 W libc    : Access denied finding property "ro.vendor.df.effect.conflict"
1788668638.094 10303 14721 14721 W libc    : Access denied finding property "ro.vendor.perf.scroll_opt"
1788668638.111 10303 14721 14806 W libc    : Access denied finding property "ro.vendor.display.iris_x7.support"
1788668638.140 10303 14721 14721 D Unique  : 2026-09-06 11:23:58.139 D LAUNCH u0 com.gordey.standarling CALLBACK_ALIVE what=159 obj=android.app.servertransaction.ClientTransaction
1788668638.141 10303 14721 14721 D Unique  : 2026-09-06 11:23:58.141 D LAUNCH u0 com.gordey.standarling NO_LAUNCH_ITEM transaction=android.app.servertransaction.ClientTransaction shape=CREATOR: mActivityCallbacks:[TopResumedActivityChangeItem] mActivityToken:BinderProxy mClient:null mLifecycleStateRequest:null mTransactionItems:[TopResumedActivityChangeItem] seen=2
1788668638.143 10303 14721 14721 D Unique  : 2026-09-06 11:23:58.142 D LAUNCH u0 com.gordey.standarling CALLBACK_ALIVE what=159 obj=android.app.servertransaction.ClientTransaction
1788668638.144 10303 14721 14721 D Unique  : 2026-09-06 11:23:58.143 D LAUNCH u0 com.gordey.standarling NO_LAUNCH_ITEM transaction=android.app.servertransaction.ClientTransaction shape=CREATOR: mActivityCallbacks:[ConfigurationChangeItem] mActivityToken:null mClient:null mLifecycleStateRequest:null mTransactionItems:[ConfigurationChangeItem] seen=3
1788668638.148 10303 14721 14721 D Unique  : 2026-09-06 11:23:58.147 D LAUNCH u0 com.gordey.standarling NO_LAUNCH_ITEM transaction=android.app.servertransaction.ClientTransaction shape=CREATOR: mActivityCallbacks:[ActivityConfigurationChangeItem] mActivityToken:BinderProxy mClient:null mLifecycleStateRequest:null mTransactionItems:[ActivityConfigurationChangeItem] seen=4
1788668638.165 10303 14721 14722 I om.unique:vapp0: Wrote stack traces to tombstoned
1788668638.176 10303 14721 14743 I Unique  : 2026-09-06 11:23:58.174 I STORAGE u0 com.gordey.standarling EXTERNAL_VOLUME_REPOINTED path=/data/user/0/com.unique/files/virtual/users/0/sdcard fields=mPath,mInternalPath
1788668638.176 10303 14721 14805 F libc    : Fatal signal 11 (SIGSEGV), code 1 (SEGV_MAPERR), fault addr 0x0 in tid 14805 (dey.standarling), pid 14721 (dey.standarling)
1788668638.177 10303 14721 14805 I libc    : debuggerd_dispatch_pseudothread start. crashing tid: 14805
1788668638.192 10303 14721 14743 I Unique  : 2026-09-06 11:23:58.177 I STORAGE u0 com.gordey.standarling EXTERNAL_VOLUME_REPOINTED path=/data/user/0/com.unique/files/virtual/users/0/sdcard fields=mPath,mInternalPath
1788668638.196 10303 14721 14743 I Unique  : 2026-09-06 11:23:58.194 I STORAGE u0 com.gordey.standarling EXTERNAL_VOLUME_REPOINTED path=/data/user/0/com.unique/files/virtual/users/0/sdcard fields=mPath,mInternalPath
1788668638.200 10303 14721 14743 I Unique  : 2026-09-06 11:23:58.198 I STORAGE u0 com.gordey.standarling EXTERNAL_VOLUME_REPOINTED path=/data/user/0/com.unique/files/virtual/users/0/sdcard fields=mPath,mInternalPath
1788668638.206 10303 14721 14743 I Unique  : 2026-09-06 11:23:58.201 I STORAGE u0 com.gordey.standarling EXTERNAL_VOLUME_REPOINTED path=/data/user/0/com.unique/files/virtual/users/0/sdcard fields=mPath,mInternalPath
1788668638.209 10303 14721 14743 I Unique  : 2026-09-06 11:23:58.208 I STORAGE u0 com.gordey.standarling EXTERNAL_VOLUME_REPOINTED path=/data/user/0/com.unique/files/virtual/users/0/sdcard fields=mPath,mInternalPath
1788668638.228 10303 14721 14821 E om.unique:vapp0: setpriority success to 100 : mali-cmar-backend
1788668638.237 10303 14808 14808 W libc    : Access denied finding property "persist.vendor.track.malloc.enable"
1788668638.237 10303 14808 14808 W libc    : Access denied finding property "persist.vendor.fd.monitor.enable"
1788668638.300 10303 14721 14806 D om.unique:vapp0: MiuiProcessManagerServiceStub setSchedFifo
1788668638.335 10303 14721 14806 W libc    : Access denied finding property "ro.vendor.display.iris_x7.support"
1788668638.363 10303 14721 14806 W libc    : Access denied finding property "ro.vendor.display.iris_x7.support"
1788668638.380 10303 14721 14721 D Unique  : 2026-09-06 11:23:58.379 D LAUNCH u0 com.gordey.standarling NO_LAUNCH_ITEM transaction=android.app.servertransaction.ClientTransaction shape=CREATOR: mActivityCallbacks:[WindowStateInsetsControlChangeItem] mActivityToken:null mClient:null mLifecycleStateRequest:null mTransactionItems:[WindowStateInsetsControlChangeItem] seen=5
1788668638.385 10303 14721 14721 D Unique  : 2026-09-06 11:23:58.384 D LAUNCH u0 com.gordey.standarling NO_LAUNCH_ITEM transaction=android.app.servertransaction.ClientTransaction shape=CREATOR: mActivityCallbacks:[WindowStateResizeItem] mActivityToken:null mClient:null mLifecycleStateRequest:null mTransactionItems:[WindowStateResizeItem] seen=6
1788668639.279 10303 14721 14740 I Unique  : 2026-09-06 11:23:59.278 I LAUNCH u0 com.gordey.standarling SIGNATURES_LOADED package=com.gordey.standarling signers=1 hasSigningInfo=true
1788668639.298 10303 14721 14773 D Unique  : 2026-09-06 11:23:59.297 D PROCESS u0 com.gordey.standarling SERVICE_INTENT_CROSS_APP action=com.google.android.gms.measurement.START target=com.google.android.gms
1788668639.299 10303 14721 14773 D Unique  : 2026-09-06 11:23:59.299 D PROCESS u0 com.gordey.standarling SERVICE_CONNECTION_WRAPPED connection=com.google.android.gms.common.internal.t0
1788668639.310 10303 14721 14721 D AndroidRuntime: Shutting down VM
1788668639.311 10303 14721 14721 E AndroidRuntime: FATAL EXCEPTION: main
1788668639.311 10303 14721 14721 E AndroidRuntime: Process: com.gordey.standarling, PID: 14721
1788668639.311 10303 14721 14721 E AndroidRuntime: java.lang.SecurityException: Unknown calling package name 'com.gordey.standarling'.
1788668639.311 10303 14721 14721 E AndroidRuntime: 	at android.os.Parcel.createExceptionOrNull(Parcel.java:3255)
1788668639.311 10303 14721 14721 E AndroidRuntime: 	at android.os.Parcel.createException(Parcel.java:3239)
1788668639.311 10303 14721 14721 E AndroidRuntime: 	at android.os.Parcel.readException(Parcel.java:3222)
1788668639.311 10303 14721 14721 E AndroidRuntime: 	at android.os.Parcel.readException(Parcel.java:3164)
1788668639.311 10303 14721 14721 E AndroidRuntime: 	at com.google.android.gms.common.internal.m.a(com.google.android.gms:play-services-basement@@17.4.0:9)
1788668639.311 10303 14721 14721 E AndroidRuntime: 	at com.google.android.gms.common.internal.c.getRemoteService(com.google.android.gms:play-services-basement@@17.4.0:25)
1788668639.311 10303 14721 14721 E AndroidRuntime: 	at com.google.android.gms.common.internal.c$d.onReportServiceBinding(com.google.android.gms:play-services-basement@@17.4.0:2)
1788668639.311 10303 14721 14721 E AndroidRuntime: 	at com.google.android.gms.common.internal.c$l.e(com.google.android.gms:play-services-basement@@17.4.0:1)
1788668639.311 10303 14721 14721 E AndroidRuntime: 	at com.google.android.gms.common.internal.c$f.a(com.google.android.gms:play-services-basement@@17.4.0:4)
1788668639.311 10303 14721 14721 E AndroidRuntime: 	at com.google.android.gms.common.internal.c$h.b(com.google.android.gms:play-services-basement@@17.4.0:6)
1788668639.311 10303 14721 14721 E AndroidRuntime: 	at com.google.android.gms.common.internal.c$g.handleMessage(com.google.android.gms:play-services-basement@@17.4.0:35)
1788668639.311 10303 14721 14721 E AndroidRuntime: 	at android.os.Handler.dispatchMessage(Handler.java:107)
1788668639.311 10303 14721 14721 E AndroidRuntime: 	at android.os.Looper.loopOnce(Looper.java:249)
1788668639.311 10303 14721 14721 E AndroidRuntime: 	at android.os.Looper.loop(Looper.java:337)
1788668639.311 10303 14721 14721 E AndroidRuntime: 	at android.app.ActivityThread.main(ActivityThread.java:9469)
1788668639.311 10303 14721 14721 E AndroidRuntime: 	at java.lang.reflect.Method.invoke(Native Method)
1788668639.311 10303 14721 14721 E AndroidRuntime: 	at com.android.internal.os.RuntimeInit$MethodAndArgsCaller.run(RuntimeInit.java:636)
1788668639.311 10303 14721 14721 E AndroidRuntime: 	at com.android.internal.os.ZygoteInit.main(ZygoteInit.java:1005)
1788668639.315 10303 14721 14721 E Unique  : 2026-09-06 11:23:59.312 E CRASH u0 com.gordey.standarling UNCAUGHT_EXCEPTION thread=main component=com.unique:vapp0 reason=SecurityException: Unknown calling package name 'com.gordey.standarling'.
1788668639.315 10303 14721 14721 E Unique  : java.lang.Error: FATAL EXCEPTION [main]
1788668639.315 10303 14721 14721 E Unique  : Unity version     : 2019.4.22f1
1788668639.315 10303 14721 14721 E Unique  : Device model      : Xiaomi 23030RAC7Y
1788668639.315 10303 14721 14721 E Unique  : Device fingerprint: Redmi/sea_ru/sea:15/AP3A.240905.015.A2/OS2.0.209.0.VHZRUXM:user/release-keys
1788668639.315 10303 14721 14721 E Unique  : Caused by: java.lang.SecurityException: Unknown calling package name 'com.gordey.standarling'.
1788668639.315 10303 14721 14721 E Unique  : 	at android.os.Parcel.createExceptionOrNull(Parcel.java:3255)
1788668639.315 10303 14721 14721 E Unique  : 	at android.os.Parcel.createException(Parcel.java:3239)
1788668639.315 10303 14721 14721 E Unique  : 	at android.os.Parcel.readException(Parcel.java:3222)
1788668639.315 10303 14721 14721 E Unique  : 	at android.os.Parcel.readException(Parcel.java:3164)
1788668639.315 10303 14721 14721 E Unique  : 	at com.google.android.gms.common.internal.m.a(com.google.android.gms:play-services-basement@@17.4.0:9)
1788668639.315 10303 14721 14721 E Unique  : 	at com.google.android.gms.common.internal.c.getRemoteService(com.google.android.gms:play-services-basement@@17.4.0:25)
1788668639.315 10303 14721 14721 E Unique  : 	at com.google.android.gms.common.internal.c$d.onReportServiceBinding(com.google.android.gms:play-services-basement@@17.4.0:2)
1788668639.315 10303 14721 14721 E Unique  : 	at com.google.android.gms.common.internal.c$l.e(com.google.android.gms:play-services-basement@@17.4.0:1)
1788668639.315 10303 14721 14721 E Unique  : 	at com.google.android.gms.common.internal.c$f.a(com.google.android.gms:play-services-basement@@17.4.0:4)
1788668639.315 10303 14721 14721 E Unique  : 	at com.google.android.gms.common.internal.c$h.b(com.google.android.gms:play-services-basement@@17.4.0:6)
1788668639.315 10303 14721 14721 E Unique  : 	at com.google.android.gms.common.internal.c$g.handleMessage(com.google.android.gms:play-services-basement@@17.4.0:35)
1788668639.315 10303 14721 14721 E Unique  : 	at android.os.Handler.dispatchMessage(Handler.java:107)
1788668639.315 10303 14721 14721 E Unique  : 	at android.os.Looper.loopOnce(Looper.java:249)
1788668639.315 10303 14721 14721 E Unique  : 	at android.os.Looper.loop(Looper.java:337)
1788668639.315 10303 14721 14721 E Unique  : 	at android.app.ActivityThread.main(ActivityThread.java:9469)
1788668639.315 10303 14721 14721 E Unique  : 	at java.lang.reflect.Method.invoke(Native Method)
1788668639.315 10303 14721 14721 E Unique  : 	at com.android.internal.os.RuntimeInit$MethodAndArgsCaller.run(RuntimeInit.java:636)
1788668639.315 10303 14721 14721 E Unique  : 	at com.android.internal.os.ZygoteInit.main(ZygoteInit.java:1005)
1788668639.321 10303 14618 14627 I Unique  : 2026-09-06 11:23:59.320 I PROCESS DIAGNOSTICS_RECEIVED process=:vapp0 lines=1
1788668647.100 10303 14618 14640 I Unique  : 2026-09-06 11:24:07.099 I PROCESS PROCESS_RELEASED slot=:vapp0 reason=removed
1788668647.136 10303 14618 14639 I Unique  : 2026-09-06 11:24:07.133 I PROCESS BROADCAST_ROUTER_READY instances=0 actions=3 authorities=[redacted]
1788668649.789 10303 14618 14951 I Unique  : 2026-09-06 11:24:09.789 I STORAGE IMPORT_STARTED package=org.amnezia.vpn files=4
1788668651.829 10303 14618 14951 I Unique  : 2026-09-06 11:24:11.828 I STORAGE PACKAGE_IMPORTED package=org.amnezia.vpn versionCode=2153 splits=4 libs=113 abi=arm64-v8a bytes=75450162 readOnlyApks=4
1788668651.854 10303 14618 14951 I Unique  : 2026-09-06 11:24:11.853 I STORAGE INSTANCE_PREPARED vuid=0 package=org.amnezia.vpn created=12
1788668651.859 10303 14618 14951 I Unique  : 2026-09-06 11:24:11.858 I STORAGE INSTANCE_CREATED package=org.amnezia.vpn vuid=0 name=Profile 1 androidId=80ba448d6c7f29f6
1788668651.870 10303 14618 14941 I Unique  : 2026-09-06 11:24:11.869 I PROCESS BROADCAST_ROUTES_REGISTERED package=org.amnezia.vpn vuid=0 routes=4 actions=androidx.profileinstaller.action.SAVE_PROFILE,com.attribution.SYSTEM_INSTALLER_REFERRER,com.google.android.c2dm.intent.RECEIVE,androidx.profileinstaller.action.INSTALL_PROFILE,androidx.profileinstaller.action.SKIP_FILE,com.facebook.sdk.ACTION_CURRENT_ACCESS_TOKEN_CHANGED,androidx.profileinstaller.ac
1788668651.871 10303 14618 14941 I Unique  : 2026-09-06 11:24:11.870 I PROCESS PROVIDER_ROUTES_REGISTERED package=org.amnezia.vpn vuid=0 authorities=[redacted]
1788668651.872 10303 14618 14941 I Unique  : 2026-09-06 11:24:11.871 I PROCESS BROADCAST_ROUTER_READY instances=1 actions=7 authorities=[redacted]
1788668651.894 10303 14618 14951 I Unique  : 2026-09-06 11:24:11.893 I STORAGE GUEST_INFO_RESOLVED package=org.amnezia.vpn label=AmneziaVPN icon=true
1788668653.246 10303 14618 14951 I Unique  : 2026-09-06 11:24:13.244 I GOOGLE GOOGLE_ENVIRONMENT gmsPresent=true gmsEnabled=true gmsVersionCode=263234035 gmsVersionName=26.32.34 (260400-968093310) vendingPresent=true gsfPresent=true customTabs=com.android.chrome hostGmsAvailable=true virtualGmsInstalled=false customTabsAvailable=true
1788668653.260 10303 14618 14943 I Unique  : 2026-09-06 11:24:13.259 I GOOGLE GOOGLE_ENVIRONMENT gmsPresent=true gmsEnabled=true gmsVersionCode=263234035 gmsVersionName=26.32.34 (260400-968093310) vendingPresent=true gsfPresent=true customTabs=com.android.chrome hostGmsAvailable=true virtualGmsInstalled=false customTabsAvailable=true
1788668653.261 10303 14618 14943 I Unique  : 2026-09-06 11:24:13.260 I GOOGLE GOOGLE_ROUTE package=org.amnezia.vpn flow=SIGN_IN mode=PASSTHROUGH why=The app declares an OAuth redirect scheme, so the browser flow can be used and is the most reliable path.
1788668653.262 10303 14618 14943 I Unique  : 2026-09-06 11:24:13.261 I GOOGLE GOOGLE_ROUTE package=org.amnezia.vpn flow=CREDENTIAL_MANAGER mode=HOST_BRIDGE why=Unverified: Sign in with Google issues a token for the app's server client, so the device's own Google Play services should be able to answer. Not yet confirmed against a real sample.
1788668653.263 10303 14618 14943 I Unique  : 2026-09-06 11:24:13.262 I GOOGLE GOOGLE_ROUTE package=org.amnezia.vpn flow=ACCOUNT_MANAGER mode=HOST_BRIDGE why=Account access is bridged to the device's accounts; consent is shown as UNIQUE.
1788668653.264 10303 14618 14943 I Unique  : 2026-09-06 11:24:13.263 I GOOGLE GOOGLE_ROUTE package=org.amnezia.vpn flow=FIREBASE_AUTH mode=PASSTHROUGH why=Firebase Auth consumes a token from another flow; the app's browser redirect can supply it.
1788668653.264 10303 14618 14943 I Unique  : 2026-09-06 11:24:13.264 I GOOGLE GOOGLE_ROUTE package=org.amnezia.vpn flow=OAUTH_WEB mode=PASSTHROUGH why=Browser-based OAuth needs no Google Play services, only a working redirect back into this instance.
1788668653.265 10303 14618 14943 I Unique  : 2026-09-06 11:24:13.264 I GOOGLE GOOGLE_ROUTE package=org.amnezia.vpn flow=FCM mode=HOST_BRIDGE why=Experimental: push registration is bridged through the host. Whether Google Play services accepts it varies by version; the result is recorded per device.
1788668653.266 10303 14618 14943 I Unique  : 2026-09-06 11:24:13.265 I GOOGLE GOOGLE_ROUTE package=org.amnezia.vpn flow=PLAY_GAMES mode=UNSUPPORTED why=Not supported yet: Play Games checks an attested app identity, and UNIQUE has not been tested against it.
1788668653.775 10303 14618 14951 I Unique  : 2026-09-06 11:24:13.774 I PROCESS PROCESS_ASSIGNED slot=:vapp0 vuid=0 process=org.amnezia.vpn
1788668653.804 10303 14618 14951 I Unique  : 2026-09-06 11:24:13.803 I LAUNCH LAUNCH_REQUESTED package=org.amnezia.vpn vuid=0 activity=org.amnezia.vpn.AmneziaActivity slot=:vapp0 launchMode=3
1788668653.845 10303 14971 14971 I om.unique:vapp0: Using generational CollectorTypeCMC GC.
1788668653.916 10303 14971 14971 D ActivityThread: setEmbeddedParam packageName=com.unique processName=com.unique:vapp0 isEmbedded=false isIsolated=false
1788668653.991 10303 14971 14971 I Unique  : 2026-09-06 11:24:13.986 I PROCESS PROCESS_START process=com.unique:vapp0 kind=VAPP sdk=35 abi=arm64-v8a,armeabi-v7a,armeabi
1788668653.992 10303 14971 14971 W om.unique:vapp0: Unsupported class loader: java.lang.Class<org.lsposed.hiddenapibypass.CoreOjClassLoader>
1788668654.049 10303 14971 14971 W om.unique:vapp0: Unsupported class loader: java.lang.Class<org.lsposed.hiddenapibypass.CoreOjClassLoader>
1788668654.050 10303 14971 14971 W om.unique:vapp0: Unsupported class loader: java.lang.Class<org.lsposed.hiddenapibypass.CoreOjClassLoader>
1788668654.052 10303 14971 14971 I Unique  : 2026-09-06 11:24:14.052 I HOOK HIDDEN_API_GRANTED via=HiddenApiBypass
1788668654.059 10303 14971 14971 I UniqueNative: libunique_native loaded (page size 4096)
1788668654.062 10303 14971 14971 I Unique  : 2026-09-06 11:24:14.061 I LAUNCH INTERCEPTOR_INSTALLED executeTransaction=159
1788668654.062 10303 14971 14971 I Unique  : 2026-09-06 11:24:14.062 I PROCESS VAPP_READY slot=0
1788668654.064 10303 14971 14971 I Unique  : 2026-09-06 11:24:14.064 I PROCESS STUB_PROVIDER_CREATED slot=0
1788668654.075 10303 14971 14971 D Unique  : 2026-09-06 11:24:14.075 D LAUNCH CALLBACK_ALIVE what=164 obj=java.lang.String
1788668654.080 10303 14971 14971 D Unique  : 2026-09-06 11:24:14.078 D LAUNCH CALLBACK_ALIVE what=159 obj=android.app.servertransaction.ClientTransaction
1788668654.100 10303 14971 14971 I Unique  : 2026-09-06 11:24:14.099 I PROCESS PROCESS_RENAMED argv0=org.amnezia.vpn
1788668654.214 10303 14971 14971 W om.unique:vapp0: Failed to find entry 'classes.dex': Entry not found
1788668654.215 10303 14971 14971 W om.unique:vapp0: Failed to find entry 'classes.dex': Entry not found
1788668654.215 10303 14971 14971 W om.unique:vapp0: Failed to find entry 'classes.dex': Entry not found
1788668654.219 10303 14971 14971 W Unique  : 2026-09-06 11:24:14.218 W PROCESS META_DATA_NOT_RESOLVED name=com.google.android.gms.version id=0x7f0a0004 reason=the guest's resources were not available yet
1788668654.221 10303 14971 14971 I Unique  : 2026-09-06 11:24:14.221 I PROCESS PROFILE_BOUND profile=fdc2f5e3-902a-465b-9c42-f06ec9ca0f76 androidId=80ba448d6c7f29f6 generation=1
1788668654.224 10303 14971 14971 I Unique  : 2026-09-06 11:24:14.224 I PROCESS BUILD_OVERRIDES_APPLIED applied=1 requested=1
1788668654.225 10303 14971 14971 I Unique  : 2026-09-06 11:24:14.225 I LAUNCH PROFILE_BOUND profileId=fdc2f5e3-902a-465b-9c42-f06ec9ca0f76 generation=1
1788668654.230 10303 14971 14971 I Unique  : 2026-09-06 11:24:14.229 I PROCESS PERMISSION_CACHE_DISABLED disabled=disablePackageNamePermissionCache,disablePermissionCache,disableApplicationInfoCache,disablePackageInfoCache,disableGetPackagesForUidCache failed=android.app.ActivityManager: no disable*Cache()
1788668654.237 10303 14971 14971 I Unique  : 2026-09-06 11:24:14.236 I PROCESS PERMISSIONS_BOUND package=org.amnezia.vpn vuid=0 declared=12 restored=0 runtime=3 installTime=9 selfDefined=1
1788668654.247 10303 14971 14971 I Unique  : 2026-09-06 11:24:14.246 I HOOK SERVICE_HOOKED service=package cache=true singletons=1 bound=permissionCheck,getActivityInfo,applicationEnabledSetting,getApplicationInfo,componentEnabledSetting,installedPackages,getInstallerPackageName,getNameForUid,getPackageInfo,getPackagesForUid,getProviderInfo,getReceiverInfo,getServiceInfo,queryIntent,resolveContentProvider,resolveIntent matched=permissionCheck=checkPermission+checkUidPermission,getActivityInfo,applicationEnabledSetting=getApplicationEnabledSetting+setApplicationEnabledSetting,getApplicationInfo,componentEnabledSetting=getComponentEnabledSetting+setComponentEnabledSetting,installedPackages=getInstalledApplications+getInstalledPackages,getInstallerPackageName,getNameForUid,getPackageInfo,getPackagesForUid,getProviderInfo,g
1788668654.248 10303 14971 14971 I Unique  : 2026-09-06 11:24:14.247 I LAUNCH VPM_HOOK_INSTALLED package=org.amnezia.vpn bound=permissionCheck,getActivityInfo,applicationEnabledSetting,getApplicationInfo,componentEnabledSetting,installedPackages,getInstallerPackageName,getNameForUid,getPackageInfo,getPackagesForUid,getProviderInfo,getReceiverInfo,getServiceInfo,queryIntent,resolveContentProvider,resolveIntent
1788668654.264 10303 14971 14971 I Unique  : 2026-09-06 11:24:14.263 I HOOK SERVICE_HOOKED service=activity cache=true singletons=1 bound=serviceDispatch,callerIdentity,permissionCheck,getContentProvider,intentSender,runningProcesses,registerReceiver,foregroundService matched=serviceDispatch=bindService+bindServiceInstance+peekService+publishService+startService+stopService+unbindFinished,callerIdentity=broadcastIntent+broadcastIntentWithFeature+getBindingUidProcessState+getContentProviderExternal+getHistoricalProcessExitReasons+getHistoricalProcessStartReasons+getPackageProcessState+getTagForIntentSender+getUidLastIdleElapsedTime+getUidProcessCapabilities+getUidProces
1788668654.265 10303 14971 14971 I Unique  : 2026-09-06 11:24:14.264 I LAUNCH VAM_HOOK_INSTALLED package=org.amnezia.vpn host=com.unique methods=8 matched=serviceDispatch=bindService+bindServiceInstance+peekService+publishService+startService+stopService+unbindFinished,callerIdentity=broadcastIntent+broadcastIntentWithFeature+getBindingUidProcessState+getContentProviderExternal+getHistoricalProcessExitReasons+getHistoricalProcessStartReasons+getPackageProcessState+getTagForIntentSender+getUidLastIdleElapsedTime+getUidProcessCapabilities+getUidProcessState+grantUriPermission+isBackgroundRestricted+isUidActive+moveTaskToFront+revokeUriPermission+sendIntentSender+startActivity+startActivityAsUser+startActivityAsUserWithFeature+startActivityWithFeature,permissionCheck=checkPermission+checkPermissionForDevice,getContentProvider,intentSender=getIntentSender+getIntentSenderWithFeature,runningProcesses=getRunningAppProcesses+getServices,registerReceiver=registerReceiver+registerReceiverWithFeature,foregroundService=setServiceForeground
1788668654.270 10303 14971 14971 I Unique  : 2026-09-06 11:24:14.269 I HOOK SERVICE_HOOKED service=activity_task cache=true singletons=1 bound=activityStart matched=activityStart=startActivities+startActivity+startActivityAndWait+startActivityAsCaller+startActivityAsUser+startActivityFromGameSession+startActivityIntentSender+startActivityWithConfig
1788668654.271 10303 14971 14971 I Unique  : 2026-09-06 11:24:14.270 I LAUNCH ATM_HOOK_INSTALLED package=org.amnezia.vpn host=com.unique matched=activityStart=startActivities+startActivity+startActivityAndWait+startActivityAsCaller+startActivityAsUser+startActivityFromGameSession+startActivityIntentSender+startActivityWithConfig
1788668654.274 10303 14971 14971 I Unique  : 2026-09-06 11:24:14.273 I HOOK SERVICE_HOOKED service=permissionmgr cache=true singletons=1 bound=shouldShowRequestPermissionRationale matched=shouldShowRequestPermissionRationale
1788668654.274 10303 14971 14971 I Unique  : 2026-09-06 11:24:14.274 I HOOK PERMISSION_MANAGER_HOOKED matched=shouldShowRequestPermissionRationale
1788668654.279 10303 14971 14971 I Unique  : 2026-09-06 11:24:14.278 I HOOK SERVICE_HOOKED service=appops cache=true singletons=0 bound=appOpIdentity matched=appOpIdentity=checkAudioOperation+checkOperation+checkOperationForDevice+checkOperationRaw+checkOperationRawForDevice+checkPackage+collectNoteOpCallsForValidation+extractAsyncOps+finishOperation+finishOperationForDevice+getHistoricalOps+getHistoricalOpsFromDiskRaw+getOpsForPackage+getPackagesForOpsForDevice+isOperationActive+isProxying+noteOperation+noteOperationForDevice+noteProxyOperation+notePr
1788668654.281 10303 14971 14971 I Unique  : 2026-09-06 11:24:14.280 I HOOK APPOPS_HOOKED package=org.amnezia.vpn host=com.unique matched=appOpIdentity=checkAudioOperation+checkOperation+checkOperationForDevice+checkOperationRaw+checkOperationRawForDevice+checkPackage+collectNoteOpCallsForValidation+extractAsyncOps+finishOperation+finishOperationForDevice+getHistoricalOps+getHistoricalOpsFromDiskRaw+getOpsForPackage+getPackagesForOpsForDevice+isOperationActive+isProxying+noteOperation+noteOperationForDevice+noteProxyOperation+notePr
1788668654.290 10303 14971 14971 I Unique  : 2026-09-06 11:24:14.289 I PROCESS SETTINGS_CACHES_PRIMED wrappedByHand=0 alreadyWrapped=3 empty=1
1788668654.292 10303 14971 14971 I Unique  : 2026-09-06 11:24:14.290 I PROCESS PROVIDER_CACHES_EVICTED activityThreadProviders=2 providerRefCounts=1 settingsCaches=4 settingsWrapped=3 hostSource=com.unique hostSourceUid=10303
1788668654.302 10303 14971 14971 I Unique  : 2026-09-06 11:24:14.301 I PROCESS NETWORK_SECURITY_INSTALLED package=org.amnezia.vpn configRes=0 targetSdk=36
1788668654.303 10303 14971 14971 I UniqueNative: redirect table set: 8 rule(s)
1788668654.303 10303 14971 14971 I UniqueNative: io_redirect installed: 0 slot(s) in 0/389 libraries (0 total), 8 rule(s), page size 4096
1788668654.304 10303 14971 14971 W UniqueNative: io_redirect: filter did not match: /data/user/0/com.unique/files/virtual/apk/org.amnezia.vpn/2153/lib/arm64-v8a
1788668654.304 10303 14971 14971 W UniqueNative: io_redirect: filter did not match: /data/data/com.unique/files/virtual/apk/org.amnezia.vpn/2153/lib/arm64-v8a
1788668654.304 10303 14971 14971 W UniqueNative: io_redirect: filter did not match: /data/user/0/com.unique/files/virtual/apk/org.amnezia.vpn/2153
1788668654.304 10303 14971 14971 W UniqueNative: io_redirect: filter did not match: /data/data/com.unique/files/virtual/apk/org.amnezia.vpn/2153
1788668654.304 10303 14971 14971 W UniqueNative: io_redirect: app-private library seen: /data/misc/apexdata/com.android.art/dalvik-cache/arm64/boot.oat
1788668654.304 10303 14971 14971 W UniqueNative: io_redirect: app-private library seen: /data/misc/apexdata/com.android.art/dalvik-cache/arm64/boot-framework-adservices.oat
1788668654.304 10303 14971 14971 W UniqueNative: io_redirect: app-private library seen: /data/app/~~E_AZaXevj49olDA4bpqyHA==/com.unique-wkslfLmMJQVPSCvjJARKJA==/oat/arm64/base.odex
1788668654.304 10303 14971 14971 W UniqueNative: io_redirect: app-private library seen: /data/app/~~E_AZaXevj49olDA4bpqyHA==/com.unique-wkslfLmMJQVPSCvjJARKJA==/base.apk!/lib/arm64-v8a/libunique_native.so
1788668654.309 10303 14971 14971 I UniqueNative: io_redirect: library-load watch installed (3 slot(s) in 2 libraries)
1788668654.309 10303 14971 14971 W UniqueNative: io_redirect: watch saw but did not match: /data/misc/apexdata/com.android.art/dalvik-cache/arm64/boot.oat
1788668654.309 10303 14971 14971 W UniqueNative: io_redirect: watch saw but did not match: /data/misc/apexdata/com.android.art/dalvik-cache/arm64/boot-framework-adservices.oat
1788668654.309 10303 14971 14971 W UniqueNative: io_redirect: watch saw but did not match: /data/app/~~E_AZaXevj49olDA4bpqyHA==/com.unique-wkslfLmMJQVPSCvjJARKJA==/oat/arm64/base.odex
1788668654.309 10303 14971 14971 W UniqueNative: io_redirect: watch saw but did not match: /data/app/~~E_AZaXevj49olDA4bpqyHA==/com.unique-wkslfLmMJQVPSCvjJARKJA==/base.apk!/lib/arm64-v8a/libunique_native.so
1788668654.312 10303 14971 14971 I Unique  : 2026-09-06 11:24:14.309 I NATIVE IO_REDIRECT_INSTALLED status=NOTHING_TO_HOOK watch=OK rules=8 slots=0 scope=/data/user/0/com.unique/files/virtual/apk/org.amnezia.vpn/2153/lib/arm64-v8a,/data/data/com.unique/files/virtual/apk/org.amnezia.vpn/2153/lib/arm64-v8a,/data/user/0/com.unique/files/virtual/apk/org.am
1788668654.313 10303 14971 14971 I Unique  : 2026-09-06 11:24:14.312 I WEBVIEW WEBVIEW_DATA_DIR_SUFFIX suffix=vapp0 slot=0
1788668654.315 10303 14971 14971 I UniqueNative: crash: recording 6 signal(s) to /data/user/0/com.unique/files/virtual/runtime/diagnostics/0/org.amnezia.vpn/native-crash-14971.properties
1788668654.315 10303 14971 14971 I Unique  : 2026-09-06 11:24:14.315 I NATIVE NATIVE_CRASH_HANDLER status=OK file=/data/user/0/com.unique/files/virtual/runtime/diagnostics/0/org.amnezia.vpn/native-crash-14971.properties
1788668654.342 10303 14971 14971 I Unique  : 2026-09-06 11:24:14.341 I PROCESS PROVIDERS_PUBLISHED package=org.amnezia.vpn process=org.amnezia.vpn declared=3 authorities=[redacted]
1788668654.345 10303 14971 14971 I Unique  : 2026-09-06 11:24:14.343 I STORAGE EXTERNAL_STORAGE_REDIRECTED package=org.amnezia.vpn vuid=0 root=/data/user/0/com.unique/files/virtual/users/0/sdcard
1788668654.348 10303 14971 14971 I Unique  : 2026-09-06 11:24:14.347 I HOOK SERVICE_HOOKED service=alarm cache=true singletons=0 bound=callerPackage matched=callerPackage=canScheduleExactAlarms+cancelPoweroffAlarm+hasScheduleExactAlarm+removeAll+set+setTimeZone
1788668654.349 10303 14971 14971 I Unique  : 2026-09-06 11:24:14.348 I HOOK IDENTITY_HOOK_INSTALLED service=alarm package=org.amnezia.vpn matched=callerPackage=canScheduleExactAlarms+cancelPoweroffAlarm+hasScheduleExactAlarm+removeAll+set+setTimeZone
1788668654.352 10303 14971 14971 I Unique  : 2026-09-06 11:24:14.351 I HOOK SERVICE_HOOKED service=clipboard cache=true singletons=0 bound=callerPackage matched=callerPackage=addPrimaryClipChangedListener+clearPrimaryClip+getPrimaryClip+getPrimaryClipDescription+getPrimaryClipSource+getUserPrimaryClip+hasClipboardText+hasPrimaryClip+removePrimaryClipChangedListener+setPrimaryClip+setPrimaryClipAsPackage
1788668654.352 10303 14971 14971 I Unique  : 2026-09-06 11:24:14.352 I HOOK IDENTITY_HOOK_INSTALLED service=clipboard package=org.amnezia.vpn matched=callerPackage=addPrimaryClipChangedListener+clearPrimaryClip+getPrimaryClip+getPrimaryClipDescription+getPrimaryClipSource+getUserPrimaryClip+hasClipboardText+hasPrimaryClip+removePrimaryClipChangedListener+setPrimaryClip+setPrimaryClipAsPackage
1788668654.357 10303 14971 14971 I Unique  : 2026-09-06 11:24:14.354 I HOOK SERVICE_HOOKED service=restrictions cache=true singletons=0 bound=callerPackage matched=callerPackage=getApplicationRestrictions+getApplicationRestrictionsPerAdminForUser+notifyPermissionResponse+requestPermission
1788668654.358 10303 14971 14971 I Unique  : 2026-09-06 11:24:14.357 I HOOK IDENTITY_HOOK_INSTALLED service=restrictions package=org.amnezia.vpn matched=callerPackage=getApplicationRestrictions+getApplicationRestrictionsPerAdminForUser+notifyPermissionResponse+requestPermission
1788668654.360 10303 14971 14971 I Unique  : 2026-09-06 11:24:14.359 I HOOK SERVICE_HOOKED service=locale cache=true singletons=0 bound=callerPackage,setApplicationLocales matched=callerPackage=getApplicationLocales+getOverrideLocaleConfig+setOverrideLocaleConfig,setApplicationLocales
1788668654.360 10303 14971 14971 I Unique  : 2026-09-06 11:24:14.360 I HOOK IDENTITY_HOOK_INSTALLED service=locale package=org.amnezia.vpn matched=callerPackage=getApplicationLocales+getOverrideLocaleConfig+setOverrideLocaleConfig,setApplicationLocales
1788668654.363 10303 14971 14971 I Unique  : 2026-09-06 11:24:14.362 I HOOK SERVICE_HOOKED service=connectivity cache=true singletons=0 bound=callerPackage matched=callerPackage=getDefaultNetworkCapabilitiesForUser+getLastTetherError+getNetworkCapabilities+getRedactedLinkPropertiesForPackage+getRedactedNetworkCapabilitiesForPackage+isConnectivityServiceFeatureEnabledForTesting+listenForNetwork+pendingListenForNetwork+pendingRequestForNetwork+registerConnectivityDiagnosticsCallback+registerNetworkProvider+requestNetwork+requestRouteToHostAddress+setProvisioni
1788668654.364 10303 14971 14971 I Unique  : 2026-09-06 11:24:14.364 I HOOK IDENTITY_HOOK_INSTALLED service=connectivity package=org.amnezia.vpn matched=callerPackage=getDefaultNetworkCapabilitiesForUser+getLastTetherError+getNetworkCapabilities+getRedactedLinkPropertiesForPackage+getRedactedNetworkCapabilitiesForPackage+isConnectivityServiceFeatureEnabledForTesting+listenForNetwork+pendingListenForNetwork+pendingRequestForNetwork+registerConnectivi
1788668654.368 10303 14971 14971 I Unique  : 2026-09-06 11:24:14.366 I HOOK SERVICE_HOOKED service=power cache=true singletons=0 bound=callerPackage matched=callerPackage=acquireWakeLock+acquireWakeLockAsync+acquireWakeLockWithUid+crash+isAmbientDisplaySuppressedForToken+isAmbientDisplaySuppressedForTokenByApp+isFeatureAllowedInLowPowerStandby+reboot+shutdown+suppressAmbientDisplay+updateWakeLockWorkSource+wakeUp
1788668654.370 10303 14971 14971 I Unique  : 2026-09-06 11:24:14.368 I HOOK IDENTITY_HOOK_INSTALLED service=power package=org.amnezia.vpn matched=callerPackage=acquireWakeLock+acquireWakeLockAsync+acquireWakeLockWithUid+crash+isAmbientDisplaySuppressedForToken+isAmbientDisplaySuppressedForTokenByApp+isFeatureAllowedInLowPowerStandby+reboot+shutdown+suppressAmbientDisplay+updateWakeLockWorkSource+wakeUp
1788668654.385 10303 14971 14971 I Unique  : 2026-09-06 11:24:14.384 I HOOK SERVICE_HOOKED service=wifi cache=true singletons=0 bound=callerPackage matched=callerPackage=acquireMulticastLock+acquireWifiLock+addLocalOnlyConnectionStatusListener+addNetworkSuggestions+addOrUpdateNetwork+addOrUpdateNetworkPrivileged+addOrUpdatePasspointConfiguration+addQosPolicies+addSuggestionUserApprovalStatusListener+allowAutojoinGlobal+allowAutojoinPasspoint+connect+disableEphemeralNetwork+disableNetwork+disconnect+enableNetwork+enableTdls+enableTdlsWithMacAddress+en
1788668654.386 10303 14971 14971 I Unique  : 2026-09-06 11:24:14.385 I HOOK IDENTITY_HOOK_INSTALLED service=wifi package=org.amnezia.vpn matched=callerPackage=acquireMulticastLock+acquireWifiLock+addLocalOnlyConnectionStatusListener+addNetworkSuggestions+addOrUpdateNetwork+addOrUpdateNetworkPrivileged+addOrUpdatePasspointConfiguration+addQosPolicies+addSuggestionUserApprovalStatusListener+allowAutojoinGlobal+allowAutojoinPasspoint+connect+di
1788668654.393 10303 14971 14971 I Unique  : 2026-09-06 11:24:14.391 I HOOK SERVICE_HOOKED service=location cache=true singletons=0 bound=callerPackage matched=callerPackage=addGnssAntennaInfoListener+addGnssMeasurementsListener+addGnssNavigationMessageListener+addTestProvider+getCurrentLocation+getLastLocation+getProviderPackages+getProviderProperties+hasProvider+isProviderEnabledForUser+isProviderPackage+registerGnssNmeaCallback+registerGnssStatusCallback+registerLocationListener+registerLocationPendingIntent+removeTestProvider+requestGeofence+requestL
1788668654.393 10303 14971 14971 I Unique  : 2026-09-06 11:24:14.393 I HOOK IDENTITY_HOOK_INSTALLED service=location package=org.amnezia.vpn matched=callerPackage=addGnssAntennaInfoListener+addGnssMeasurementsListener+addGnssNavigationMessageListener+addTestProvider+getCurrentLocation+getLastLocation+getProviderPackages+getProviderProperties+hasProvider+isProviderEnabledForUser+isProviderPackage+registerGnssNmeaCallback+registerGnssStatusCallbac
1788668654.405 10303 14971 14971 I Unique  : 2026-09-06 11:24:14.404 I HOOK SERVICE_HOOKED service=audio cache=true singletons=0 bound=callerPackage matched=callerPackage=abandonAudioFocus+abandonAudioFocusForTest+adjustStreamVolume+adjustStreamVolumeForUid+adjustStreamVolumeWithAttribution+adjustSuggestedStreamVolumeForUid+adjustVolumeGroupVolume+cacheParameters+disableSafeMediaVolume+getBluetoothAudioDeviceCategory+getBluetoothAudioDeviceCategory_legacy+getCacheParameters+getDeviceVolume+getNotificationUri+getPlayerVolume+handleVolumeKey+isBluetooth
1788668654.407 10303 14971 14971 I Unique  : 2026-09-06 11:24:14.405 I HOOK IDENTITY_HOOK_INSTALLED service=audio package=org.amnezia.vpn matched=callerPackage=abandonAudioFocus+abandonAudioFocusForTest+adjustStreamVolume+adjustStreamVolumeForUid+adjustStreamVolumeWithAttribution+adjustSuggestedStreamVolumeForUid+adjustVolumeGroupVolume+cacheParameters+disableSafeMediaVolume+getBluetoothAudioDeviceCategory+getBluetoothAudioDeviceCategory_lega
1788668654.413 10303 14971 14971 I Unique  : 2026-09-06 11:24:14.411 I HOOK SERVICE_HOOKED service=vibrator_manager cache=true singletons=0 bound=callerPackage matched=callerPackage=performHapticFeedback+setAlwaysOnEffect+vibrate
1788668654.414 10303 14971 14971 I Unique  : 2026-09-06 11:24:14.413 I HOOK IDENTITY_HOOK_INSTALLED service=vibrator_manager package=org.amnezia.vpn matched=callerPackage=performHapticFeedback+setAlwaysOnEffect+vibrate
1788668654.417 10303 14971 14971 I Unique  : 2026-09-06 11:24:14.416 I HOOK SERVICE_HOOKED service=usagestats cache=true singletons=0 bound=callerPackage matched=callerPackage=clearBroadcastEvents+clearBroadcastResponseStats+getAppMinStandbyBucket+getAppStandbyBucket+getAppStandbyBuckets+getAppStandbyConstant+getLastTimeAnyComponentUsed+isAppInactive+isPackageExemptedFromBroadcastResponseStats+queryBroadcastResponseStats+queryConfigurationStats+queryEventStats+queryEvents+queryEventsForPackage+queryEventsForPackageForUser+queryEventsForUser+queryEventsWith
1788668654.418 10303 14971 14971 I Unique  : 2026-09-06 11:24:14.417 I HOOK IDENTITY_HOOK_INSTALLED service=usagestats package=org.amnezia.vpn matched=callerPackage=clearBroadcastEvents+clearBroadcastResponseStats+getAppMinStandbyBucket+getAppStandbyBucket+getAppStandbyBuckets+getAppStandbyConstant+getLastTimeAnyComponentUsed+isAppInactive+isPackageExemptedFromBroadcastResponseStats+queryBroadcastResponseStats+queryConfigurationStats+queryEventSta
1788668654.420 10303 14971 14971 I Unique  : 2026-09-06 11:24:14.419 I HOOK SERVICE_HOOKED service=netstats cache=true singletons=0 bound=callerPackage matched=callerPackage=getIfaceStats+notifyNetworkStatus+openSessionForUsageStats+registerNetworkStatsProvider+registerUsageCallback+setStatsProviderWarningAndLimitAsync
1788668654.421 10303 14971 14971 I Unique  : 2026-09-06 11:24:14.420 I HOOK IDENTITY_HOOK_INSTALLED service=netstats package=org.amnezia.vpn matched=callerPackage=getIfaceStats+notifyNetworkStatus+openSessionForUsageStats+registerNetworkStatsProvider+registerUsageCallback+setStatsProviderWarningAndLimitAsync
1788668654.424 10303 14971 14971 I Unique  : 2026-09-06 11:24:14.422 I HOOK SERVICE_HOOKED service=content cache=true singletons=0 bound=callerPackage matched=callerPackage=addPeriodicSync+cancelSync+cancelSyncAsUser+getCache+getIsSyncable+getIsSyncableAsUser+getPeriodicSyncs+getSyncAdapterPackageAsUser+getSyncAdapterPackagesForAuthorityAsUser+getSyncAutomatically+getSyncAutomaticallyAsUser+getSyncStatus+getSyncStatusAsUser+isSyncActive+isSyncPending+isSyncPendingAsUser+notifyChange+onDbCorruption+putCache+removePeriodicSync+requestSync+setIsSyncable+se
1788668654.425 10303 14971 14971 I Unique  : 2026-09-06 11:24:14.424 I HOOK IDENTITY_HOOK_INSTALLED service=content package=org.amnezia.vpn matched=callerPackage=addPeriodicSync+cancelSync+cancelSyncAsUser+getCache+getIsSyncable+getIsSyncableAsUser+getPeriodicSyncs+getSyncAdapterPackageAsUser+getSyncAdapterPackagesForAuthorityAsUser+getSyncAutomatically+getSyncAutomaticallyAsUser+getSyncStatus+getSyncStatusAsUser+isSyncActive+isSyncPending+isSy
1788668654.427 10303 14971 14971 I Unique  : 2026-09-06 11:24:14.426 I HOOK SERVICE_HOOKED service=shortcut cache=true singletons=0 bound=shortcutPublish,callerPackage matched=shortcutPublish=addDynamicShortcuts+createShortcutResultIntent+pushDynamicShortcut+requestPinShortcut+setDynamicShortcuts+updateShortcuts,callerPackage=disableShortcuts+enableShortcuts+getIconMaxDimensions+getMaxShortcutCountPerActivity+getRateLimitResetTime+getRemainingCallCount+getShareTargets+getShortcuts+hasShareTargets+onApplicationActive+removeAllDynamicShortcuts+removeDynamicShortcuts+remov
1788668654.428 10303 14971 14971 I Unique  : 2026-09-06 11:24:14.427 I HOOK IDENTITY_HOOK_INSTALLED service=shortcut package=org.amnezia.vpn matched=shortcutPublish=addDynamicShortcuts+createShortcutResultIntent+pushDynamicShortcut+requestPinShortcut+setDynamicShortcuts+updateShortcuts,callerPackage=disableShortcuts+enableShortcuts+getIconMaxDimensions+getMaxShortcutCountPerActivity+getRateLimitResetTime+getRemainingCallCount+getShareTargets+get
1788668654.431 10303 14971 14971 I Unique  : 2026-09-06 11:24:14.430 I HOOK SERVICE_HOOKED service=mount cache=true singletons=0 bound=callerPackage,volumeList matched=callerPackage=abortChanges+allocateBytes+benchmark+destroyUserStorage+disableAppDataIsolation+fixupAppDir+fixupAppDirRecursive+fixupSysfsFile+forgetVolume+format+getAllocatableBytes+getCacheQuotaBytes+getCacheSizeBytes+getExternalStorageMountMode+getManageSpaceActivityIntent+getMountedObbPath+isAppIoBlocked+isObbMounted+mkdirs+mount+mountObb+moveStorageQuickly+notifyAppIoBlocked+notifyAppIoResumed
1788668654.432 10303 14971 14971 I Unique  : 2026-09-06 11:24:14.431 I HOOK IDENTITY_HOOK_INSTALLED service=mount package=org.amnezia.vpn matched=callerPackage=abortChanges+allocateBytes+benchmark+destroyUserStorage+disableAppDataIsolation+fixupAppDir+fixupAppDirRecursive+fixupSysfsFile+forgetVolume+format+getAllocatableBytes+getCacheQuotaBytes+getCacheSizeBytes+getExternalStorageMountMode+getManageSpaceActivityIntent+getMountedObbPath+isAppI
1788668654.435 10303 14971 14971 I Unique  : 2026-09-06 11:24:14.434 I HOOK SERVICE_HOOKED service=account cache=true singletons=0 bound=callerPackage matched=callerPackage=addAccount+addAccountAsUser+addAccountExplicitly+addAccountExplicitlyWithVisibility+addSharedAccountsFromParentUser+createRequestAccountAccessIntentSenderAsUser+editProperties+getAccountByTypeAndFeatures+getAccountVisibility+getAccountsAndVisibilityForPackage+getAccountsAsUser+getAccountsByFeatures+getAccountsByTypeForPackage+getAccountsForPackage+getAuthToken+getAuthTokenLabel+getUs
1788668654.436 10303 14971 14971 I Unique  : 2026-09-06 11:24:14.435 I HOOK IDENTITY_HOOK_INSTALLED service=account package=org.amnezia.vpn matched=callerPackage=addAccount+addAccountAsUser+addAccountExplicitly+addAccountExplicitlyWithVisibility+addSharedAccountsFromParentUser+createRequestAccountAccessIntentSenderAsUser+editProperties+getAccountByTypeAndFeatures+getAccountVisibility+getAccountsAndVisibilityForPackage+getAccountsAsUser+getAccou
1788668654.447 10303 14971 14971 I Unique  : 2026-09-06 11:24:14.446 I HOOK SERVICE_HOOKED service=phone cache=true singletons=0 bound=callerPackage matched=callerPackage=call+canChangeDtmfToneLength+changeIccLockPassword+checkCarrierPrivilegesForPackage+checkCarrierPrivilegesForPackageAnyPhone+clearSignalStrengthUpdateRequest+deprovisionSatelliteService+dial+disableDataConnectivity+disableVisualVoicemailSmsFilter+doesSwitchMultiSimConfigTriggerReboot+enableDataConnectivity+enableVisualVoicemailSmsFilter+enqueueSmsPickResult+factoryReset+getAllCellInf
1788668654.448 10303 14971 14971 I Unique  : 2026-09-06 11:24:14.447 I HOOK IDENTITY_HOOK_INSTALLED service=phone package=org.amnezia.vpn matched=callerPackage=call+canChangeDtmfToneLength+changeIccLockPassword+checkCarrierPrivilegesForPackage+checkCarrierPrivilegesForPackageAnyPhone+clearSignalStrengthUpdateRequest+deprovisionSatelliteService+dial+disableDataConnectivity+disableVisualVoicemailSmsFilter+doesSwitchMultiSimConfigTriggerReboot+e
1788668654.460 10303 14971 14971 I Unique  : 2026-09-06 11:24:14.459 I HOOK SERVICE_HOOKED service=device_policy cache=true singletons=0 bound=callerPackage matched=callerPackage=addCrossProfileIntentFilter+addCrossProfileWidgetProvider+addPersistentPreferredActivity+approveCaCert+checkDeviceIdentifierAccess+checkProvisioningPrecondition+choosePrivateKeyAlias+clearApplicationUserData+clearCrossProfileIntentFilters+clearDeviceOwner+clearPackagePersistentPreferredActivities+clearResetPasswordToken+createAdminSupportIntent+createAndManageUser+createAndProvisionM
1788668654.461 10303 14971 14971 I Unique  : 2026-09-06 11:24:14.460 I HOOK IDENTITY_HOOK_INSTALLED service=device_policy package=org.amnezia.vpn matched=callerPackage=addCrossProfileIntentFilter+addCrossProfileWidgetProvider+addPersistentPreferredActivity+approveCaCert+checkDeviceIdentifierAccess+checkProvisioningPrecondition+choosePrivateKeyAlias+clearApplicationUserData+clearCrossProfileIntentFilters+clearDeviceOwner+clearPackagePersistentPreferre
1788668654.463 10303 14971 14971 I Unique  : 2026-09-06 11:24:14.462 I HOOK SERVICE_HOOKED service=media.camera cache=true singletons=0 bound=callerPackage matched=callerPackage=connect+connectDevice+createDefaultRequest+getCameraCharacteristics+getSessionCharacteristics+getTorchStrengthLevel+injectCamera+injectSessionParams+isHiddenPhysicalCamera+isSessionConfigurationWithParametersSupported+setTorchMode+supportsCameraApi+turnOnTorchWithStrengthLevel
1788668654.464 10303 14971 14971 I Unique  : 2026-09-06 11:24:14.463 I HOOK IDENTITY_HOOK_INSTALLED service=media.camera package=org.amnezia.vpn matched=callerPackage=connect+connectDevice+createDefaultRequest+getCameraCharacteristics+getSessionCharacteristics+getTorchStrengthLevel+injectCamera+injectSessionParams+isHiddenPhysicalCamera+isSessionConfigurationWithParametersSupported+setTorchMode+supportsCameraApi+turnOnTorchWithStrengthLevel
1788668654.469 10303 14971 14971 I Unique  : 2026-09-06 11:24:14.468 I HOOK SERVICE_HOOKED service=telecom cache=true singletons=0 bound=callerPackage matched=callerPackage=acceptHandover+acceptRingingCall+acceptRingingCallWithVideoState+addCall+addNewIncomingCall+addNewIncomingConference+addOrRemoveTestCallCompanionApp+cancelMissedCallsNotification+clearAccounts+createLaunchEmergencyDialerIntent+createManageBlockedNumbersIntent+endCall+getAdnUriForPhoneAccount+getCallCapablePhoneAccounts+getCallStateUsingPackage+getCurrentTtyMode+getDefaultDialerPackag
1788668654.470 10303 14971 14971 I Unique  : 2026-09-06 11:24:14.470 I HOOK IDENTITY_HOOK_INSTALLED service=telecom package=org.amnezia.vpn matched=callerPackage=acceptHandover+acceptRingingCall+acceptRingingCallWithVideoState+addCall+addNewIncomingCall+addNewIncomingConference+addOrRemoveTestCallCompanionApp+cancelMissedCallsNotification+clearAccounts+createLaunchEmergencyDialerIntent+createManageBlockedNumbersIntent+endCall+getAdnUriForPhoneA
1788668654.473 10303 14971 14971 I Unique  : 2026-09-06 11:24:14.472 I HOOK SERVICE_HOOKED service=media_router cache=true singletons=0 bound=callerPackage matched=callerPackage=deselectRouteWithManager+deselectRouteWithRouter2+getSystemRoutes+getSystemSessionInfoForPackage+registerClientAsUser+registerClientGroupId+registerManager+registerProxyRouter+registerRouter2+releaseSessionWithManager+releaseSessionWithRouter2+requestCreateSessionWithManager+requestSetVolume+requestUpdateVolume+selectRouteWithManager+selectRouteWithRouter2+setSelectedRoute+setSession
1788668654.474 10303 14971 14971 I Unique  : 2026-09-06 11:24:14.473 I HOOK IDENTITY_HOOK_INSTALLED service=media_router package=org.amnezia.vpn matched=callerPackage=deselectRouteWithManager+deselectRouteWithRouter2+getSystemRoutes+getSystemSessionInfoForPackage+registerClientAsUser+registerClientGroupId+registerManager+registerProxyRouter+registerRouter2+releaseSessionWithManager+releaseSessionWithRouter2+requestCreateSessionWithManager+requestSet
1788668654.476 10303 14971 14971 I Unique  : 2026-09-06 11:24:14.475 I HOOK SERVICE_HOOKED service=media_session cache=true singletons=0 bound=callerPackage matched=callerPackage=addOnMediaKeyEventSessionChangedListener+createSession+dispatchAdjustVolume+dispatchMediaKeyEvent+dispatchMediaKeyEventToSessionAsSystemService+dispatchVolumeKeyEvent+dispatchVolumeKeyEventToSessionAsSystemService+getMediaKeyEventSession+getMediaKeyEventSessionPackageName+hasCustomMediaKeyDispatcher+hasCustomMediaSessionPolicyProvider+isTrusted+setCustomMediaKeyDispatcher+setCustomMe
1788668654.478 10303 14971 14971 I Unique  : 2026-09-06 11:24:14.476 I HOOK IDENTITY_HOOK_INSTALLED service=media_session package=org.amnezia.vpn matched=callerPackage=addOnMediaKeyEventSessionChangedListener+createSession+dispatchAdjustVolume+dispatchMediaKeyEvent+dispatchMediaKeyEventToSessionAsSystemService+dispatchVolumeKeyEvent+dispatchVolumeKeyEventToSessionAsSystemService+getMediaKeyEventSession+getMediaKeyEventSessionPackageName+hasCustomMedi
1788668654.481 10303 14971 14971 I Unique  : 2026-09-06 11:24:14.480 I HOOK SERVICE_HOOKED service=appwidget cache=true singletons=0 bound=callerPackage,appWidgetIdentity matched=callerPackage=allocateAppWidgetId+bindRemoteViewsService+createAppWidgetConfigIntentSender+deleteAppWidgetId+deleteHost+getAppWidgetIdsForHost+getAppWidgetInfo+getAppWidgetOfHost+getAppWidgetOptions+getAppWidgetViews+getInstalledProvidersForProfile+hasBindAppWidgetPermission+isBoundWidgetPackage+noteAppWidgetTapped+notifyAppWidgetViewDataChanged+partiallyUpdateAppWidgetIds+setAppWidgetHidden+setBi
1788668654.482 10303 14971 14971 I Unique  : 2026-09-06 11:24:14.481 I HOOK IDENTITY_HOOK_INSTALLED service=appwidget package=org.amnezia.vpn matched=callerPackage=allocateAppWidgetId+bindRemoteViewsService+createAppWidgetConfigIntentSender+deleteAppWidgetId+deleteHost+getAppWidgetIdsForHost+getAppWidgetInfo+getAppWidgetOfHost+getAppWidgetOptions+getAppWidgetViews+getInstalledProvidersForProfile+hasBindAppWidgetPermission+isBoundWidgetPackage+not
1788668654.483 10303 14971 14971 I Unique  : 2026-09-06 11:24:14.482 I HOOK IDENTITY_HOOKS_INSTALLED package=org.amnezia.vpn installed=alarm,clipboard,restrictions,locale,connectivity,power,wifi,location,audio,vibrator_manager,usagestats,netstats,content,shortcut,mount,account,phone,device_policy,media.camera,telecom,media_router,media_session,appwidget skipped=
1788668654.484 10303 14971 14971 W Unique  : 2026-09-06 11:24:14.483 W PROCESS ALARM_EXACT_UNAVAILABLE detail=UNIQUE does not hold SCHEDULE_EXACT_ALARM; a guest asking for an exact alarm will get the platform's SecurityException
1788668654.486 10303 14971 14971 I Unique  : 2026-09-06 11:24:14.485 I HOOK SERVICE_HOOKED service=jobscheduler cache=true singletons=0 bound=jobById,scheduleJob,pendingJobs matched=jobById=cancel+getPendingJob+getPendingJobReason,scheduleJob=enqueue+schedule+scheduleAsPackage,pendingJobs=getAllPendingJobs+getAllPendingJobsInNamespace
1788668654.487 10303 14971 14971 I Unique  : 2026-09-06 11:24:14.487 I HOOK JOB_HOOKED package=org.amnezia.vpn slot=0 matched=jobById=cancel+getPendingJob+getPendingJobReason,scheduleJob=enqueue+schedule+scheduleAsPackage,pendingJobs=getAllPendingJobs+getAllPendingJobsInNamespace
1788668654.494 10303 14971 14971 I Unique  : 2026-09-06 11:24:14.493 I HOOK SERVICE_HOOKED service=notification cache=true singletons=1 bound=notificationIdentity,enqueue,channels matched=notificationIdentity=addAutomaticZenRule+areBubblesAllowed+areNotificationsEnabled+areNotificationsEnabledForPackage+buzzBeepBlinkForNotification+canNotifyAsPackage+canShowBadge+cancelAllNotifications+cancelNotificationFromListener+cancelToast+clearData+deleteNotificationHistoryItem+enqueueTextToast+enqueueToast+finishToken+getActiveNotifications+getActiveNotificationsWithAttribution+getAllowedAss
1788668654.495 10303 14971 14971 I Unique  : 2026-09-06 11:24:14.494 I HOOK NOTIFICATION_HOOKED package=org.amnezia.vpn vuid=0 matched=notificationIdentity=addAutomaticZenRule+areBubblesAllowed+areNotificationsEnabled+areNotificationsEnabledForPackage+buzzBeepBlinkForNotification+canNotifyAsPackage+canShowBadge+cancelAllNotifications+cancelNotificationFromListener+cancelToast+clearData+deleteNotificationHistoryItem+enqueueTextToast+enqueueToast+finishToken+getActiveNotifications+getActiveNotificationsWithAttribution+getAllowedAss
1788668654.499 10303 14971 14971 I Unique  : 2026-09-06 11:24:14.497 I PROCESS RECEIVERS_REGISTERED package=org.amnezia.vpn declared=1 registered=4 actions=androidx.profileinstaller.ProfileInstallReceiver#androidx.profileinstaller.action.INSTALL_PROFILE;androidx.profileinstaller.ProfileInstallReceiver#androidx.profileinstaller.action.SKIP_FILE;androidx.profileinstaller.ProfileInstallReceiver#androidx.profileinstaller.action.SAVE_PROFILE;androidx.profileinstaller.ProfileInstallReceiver#androidx.profileinstaller.action.BENCHMARK_OPERATION exported=1
1788668654.500 10303 14971 14971 I Unique  : 2026-09-06 11:24:14.499 I LAUNCH ACTIVITY_LIFECYCLE_INSTALLED package=org.amnezia.vpn
1788668654.584 10303 14971 14992 I Unique  : 2026-09-06 11:24:14.583 I LAUNCH u0 org.amnezia.vpn SIGNATURES_LOADED package=org.amnezia.vpn signers=1 hasSigningInfo=true
1788668654.748 10303 14971 14971 I UniqueNative: redirect table set: 8 rule(s)
1788668654.748 10303 14971 14971 I UniqueNative: io_redirect installed: 0 slot(s) in 0/389 libraries (0 total), 8 rule(s), page size 4096
1788668654.749 10303 14971 14971 W UniqueNative: io_redirect: filter did not match: /data/user/0/com.unique/files/virtual/apk/org.amnezia.vpn/2153/lib/arm64-v8a
1788668654.749 10303 14971 14971 W UniqueNative: io_redirect: filter did not match: /data/data/com.unique/files/virtual/apk/org.amnezia.vpn/2153/lib/arm64-v8a
1788668654.749 10303 14971 14971 W UniqueNative: io_redirect: filter did not match: /data/user/0/com.unique/files/virtual/apk/org.amnezia.vpn/2153
1788668654.749 10303 14971 14971 W UniqueNative: io_redirect: filter did not match: /data/data/com.unique/files/virtual/apk/org.amnezia.vpn/2153
1788668654.749 10303 14971 14971 W UniqueNative: io_redirect: app-private library seen: /data/misc/apexdata/com.android.art/dalvik-cache/arm64/boot.oat
1788668654.749 10303 14971 14971 W UniqueNative: io_redirect: app-private library seen: /data/misc/apexdata/com.android.art/dalvik-cache/arm64/boot-framework-adservices.oat
1788668654.749 10303 14971 14971 W UniqueNative: io_redirect: app-private library seen: /data/app/~~E_AZaXevj49olDA4bpqyHA==/com.unique-wkslfLmMJQVPSCvjJARKJA==/oat/arm64/base.odex
1788668654.749 10303 14971 14971 W UniqueNative: io_redirect: app-private library seen: /data/app/~~E_AZaXevj49olDA4bpqyHA==/com.unique-wkslfLmMJQVPSCvjJARKJA==/base.apk!/lib/arm64-v8a/libunique_native.so
1788668654.749 10303 14971 14971 I Unique  : 2026-09-06 11:24:14.749 I NATIVE u0 org.amnezia.vpn IO_REDIRECT_INSTALLED status=NOTHING_TO_HOOK watch=OK rules=8 slots=0 scope=/data/user/0/com.unique/files/virtual/apk/org.amnezia.vpn/2153/lib/arm64-v8a,/data/data/com.unique/files/virtual/apk/org.amnezia.vpn/2153/lib/arm64-v8a,/data/user/0/com.unique/files/virtual/apk/org.am
1788668654.751 10303 14971 14971 I Unique  : 2026-09-06 11:24:14.750 I LAUNCH u0 org.amnezia.vpn BOOTSTRAP_OK package=org.amnezia.vpn vuid=0 slot=0 applicationClass=org.amnezia.vpn.AmneziaApplication dataDir=/data/user/0/com.unique/files/virtual/users/0/data/org.amnezia.vpn sourceDir=/data/user/0/com.unique/files/virtual/apk/org.amnezia.vpn/2153/base.apk nativeLibraryDir=/data/user/0/com.unique/files/virtual/apk/org.amnezia.vpn/2153/lib/arm64-v8a targetSdk=36 observedPackageName=org.amnezia.vpn observedFilesDir=/data/user/0/com.unique/files/virtual/users/0/data/org.amnezia.vpn/files millis=665
1788668654.753 10303 14971 14971 I Unique  : 2026-09-06 11:24:14.752 I LAUNCH u0 org.amnezia.vpn TRANSACTION_REWRITTEN package=org.amnezia.vpn activity=org.amnezia.vpn.AmneziaActivity vuid=0 item=LaunchActivityItem theme=2131689633
1788668654.760 10303 14618 14701 I Unique  : 2026-09-06 11:24:14.758 I PROCESS PROVIDER_SLOT_READY slot=0 vuid=0 pid=14971
1788668654.778 10303 14971 14971 I Unique  : 2026-09-06 11:24:14.777 I LAUNCH u0 org.amnezia.vpn ACTIVITY_HARDWARE_ACCELERATED activity=org.amnezia.vpn.AmneziaActivity fromActivityInfo=false applied=true
1788668654.792 10303 14971 15023 E om.unique:vapp0: setpriority success to 100 : mali-cmar-backend
1788668654.989 10303 14971 15024 I UniqueNative: io_redirect installed: 9 slot(s) in 1/390 libraries (9 total), 8 rule(s), page size 4096
1788668654.989 10303 14971 15024 I UniqueNative: io_redirect: hooked 9 new slot(s) after loading /data/user/0/com.unique/files/virtual/apk/org.amnezia.vpn/2153/lib/arm64-v8a/libc++_shared.so (9 total)
1788668654.993 10303 14971 15024 I UniqueNative: io_redirect installed: 11 slot(s) in 2/391 libraries (20 total), 8 rule(s), page size 4096
1788668654.994 10303 14971 15024 I UniqueNative: io_redirect: hooked 11 new slot(s) after loading /data/user/0/com.unique/files/virtual/apk/org.amnezia.vpn/2153/lib/arm64-v8a/libQt6Core_arm64-v8a.so (20 total)
1788668655.002 10303 14971 15024 I UniqueNative: io_redirect installed: 1 slot(s) in 3/392 libraries (21 total), 8 rule(s), page size 4096
1788668655.002 10303 14971 15024 I UniqueNative: io_redirect: hooked 1 new slot(s) after loading /data/user/0/com.unique/files/virtual/apk/org.amnezia.vpn/2153/lib/arm64-v8a/libQt6Gui_arm64-v8a.so (21 total)
1788668655.007 10303 14971 15024 I UniqueNative: io_redirect installed: 2 slot(s) in 4/393 libraries (23 total), 8 rule(s), page size 4096
1788668655.007 10303 14971 15024 I UniqueNative: io_redirect: hooked 2 new slot(s) after loading /data/user/0/com.unique/files/virtual/apk/org.amnezia.vpn/2153/lib/arm64-v8a/libQt6Network_arm64-v8a.so (23 total)
1788668655.011 10303 14971 15024 I UniqueNative: io_redirect installed: 0 slot(s) in 5/394 libraries (23 total), 8 rule(s), page size 4096
1788668655.018 10303 14971 15024 I UniqueNative: io_redirect installed: 1 slot(s) in 6/395 libraries (24 total), 8 rule(s), page size 4096
1788668655.018 10303 14971 15024 I UniqueNative: io_redirect: hooked 1 new slot(s) after loading /data/user/0/com.unique/files/virtual/apk/org.amnezia.vpn/2153/lib/arm64-v8a/libQt6Qml_arm64-v8a.so (24 total)
1788668655.024 10303 14971 15024 I UniqueNative: io_redirect installed: 0 slot(s) in 7/396 libraries (24 total), 8 rule(s), page size 4096
1788668655.029 10303 14971 15024 I UniqueNative: io_redirect installed: 0 slot(s) in 8/397 libraries (24 total), 8 rule(s), page size 4096
1788668655.033 10303 14971 15024 I UniqueNative: io_redirect installed: 0 slot(s) in 9/398 libraries (24 total), 8 rule(s), page size 4096
1788668655.046 10303 14971 15024 I UniqueNative: io_redirect installed: 0 slot(s) in 10/399 libraries (24 total), 8 rule(s), page size 4096
1788668655.054 10303 14971 15024 I UniqueNative: io_redirect installed: 0 slot(s) in 11/400 libraries (24 total), 8 rule(s), page size 4096
1788668655.060 10303 14971 15024 I UniqueNative: io_redirect installed: 0 slot(s) in 12/401 libraries (24 total), 8 rule(s), page size 4096
1788668655.067 10303 14971 15024 I UniqueNative: io_redirect installed: 0 slot(s) in 13/402 libraries (24 total), 8 rule(s), page size 4096
1788668655.078 10303 14971 15024 I UniqueNative: io_redirect installed: 0 slot(s) in 14/403 libraries (24 total), 8 rule(s), page size 4096
1788668655.086 10303 14971 15024 I UniqueNative: io_redirect installed: 0 slot(s) in 15/404 libraries (24 total), 8 rule(s), page size 4096
1788668655.095 10303 14971 15024 I UniqueNative: io_redirect installed: 0 slot(s) in 16/405 libraries (24 total), 8 rule(s), page size 4096
1788668655.103 10303 14971 15024 I UniqueNative: io_redirect installed: 0 slot(s) in 17/406 libraries (24 total), 8 rule(s), page size 4096
1788668655.110 10303 14971 15024 I UniqueNative: io_redirect installed: 0 slot(s) in 18/407 libraries (24 total), 8 rule(s), page size 4096
1788668655.118 10303 14971 15024 I UniqueNative: io_redirect installed: 5 slot(s) in 19/408 libraries (29 total), 8 rule(s), page size 4096
1788668655.118 10303 14971 15024 I UniqueNative: io_redirect: hooked 5 new slot(s) after loading /data/user/0/com.unique/files/virtual/apk/org.amnezia.vpn/2153/lib/arm64-v8a/libcrypto_3.so (29 total)
1788668655.127 10303 14971 15024 I UniqueNative: io_redirect installed: 0 slot(s) in 20/409 libraries (29 total), 8 rule(s), page size 4096
1788668655.141 10303 14971 15024 I UniqueNative: io_redirect installed: 3 slot(s) in 21/410 libraries (32 total), 8 rule(s), page size 4096
1788668655.142 10303 14971 15024 I UniqueNative: io_redirect: hooked 3 new slot(s) after loading /data/user/0/com.unique/files/virtual/apk/org.amnezia.vpn/2153/lib/arm64-v8a/libovpn3.so (32 total)
1788668655.150 10303 14971 15024 I UniqueNative: io_redirect installed: 0 slot(s) in 22/411 libraries (32 total), 8 rule(s), page size 4096
1788668655.161 10303 14971 15024 I UniqueNative: io_redirect installed: 3 slot(s) in 23/412 libraries (35 total), 8 rule(s), page size 4096
1788668655.161 10303 14971 15024 I UniqueNative: io_redirect: hooked 3 new slot(s) after loading /data/user/0/com.unique/files/virtual/apk/org.amnezia.vpn/2153/lib/arm64-v8a/librsapss.so (35 total)
1788668655.174 10303 14971 15024 I UniqueNative: io_redirect installed: 4 slot(s) in 24/413 libraries (39 total), 8 rule(s), page size 4096
1788668655.174 10303 14971 15024 I UniqueNative: io_redirect: hooked 4 new slot(s) after loading /data/user/0/com.unique/files/virtual/apk/org.amnezia.vpn/2153/lib/arm64-v8a/libssl_3.so (39 total)
1788668655.184 10303 14971 15024 I UniqueNative: io_redirect installed: 0 slot(s) in 25/414 libraries (39 total), 8 rule(s), page size 4096
1788668655.197 10303 14971 15024 I UniqueNative: io_redirect installed: 0 slot(s) in 26/415 libraries (39 total), 8 rule(s), page size 4096
1788668655.207 10303 14971 15024 I UniqueNative: io_redirect installed: 0 slot(s) in 27/416 libraries (39 total), 8 rule(s), page size 4096
1788668655.217 10303 14971 15024 I UniqueNative: io_redirect installed: 0 slot(s) in 28/417 libraries (39 total), 8 rule(s), page size 4096
1788668655.227 10303 14971 15024 I UniqueNative: io_redirect installed: 0 slot(s) in 29/418 libraries (39 total), 8 rule(s), page size 4096
1788668655.237 10303 14971 15024 I UniqueNative: io_redirect installed: 0 slot(s) in 30/419 libraries (39 total), 8 rule(s), page size 4096
1788668655.247 10303 14971 15024 I UniqueNative: io_redirect installed: 0 slot(s) in 31/420 libraries (39 total), 8 rule(s), page size 4096
1788668655.258 10303 14971 15024 I UniqueNative: io_redirect installed: 0 slot(s) in 32/421 libraries (39 total), 8 rule(s), page size 4096
1788668655.268 10303 14971 15024 I UniqueNative: io_redirect installed: 0 slot(s) in 33/422 libraries (39 total), 8 rule(s), page size 4096
1788668655.278 10303 14971 15024 I UniqueNative: io_redirect installed: 0 slot(s) in 34/423 libraries (39 total), 8 rule(s), page size 4096
1788668655.288 10303 14971 15024 I UniqueNative: io_redirect installed: 0 slot(s) in 35/424 libraries (39 total), 8 rule(s), page size 4096
1788668655.300 10303 14971 15024 I UniqueNative: io_redirect installed: 0 slot(s) in 36/425 libraries (39 total), 8 rule(s), page size 4096
1788668655.309 10303 14971 15024 I UniqueNative: io_redirect installed: 0 slot(s) in 37/426 libraries (39 total), 8 rule(s), page size 4096
1788668655.320 10303 14971 15024 I UniqueNative: io_redirect installed: 0 slot(s) in 38/427 libraries (39 total), 8 rule(s), page size 4096
1788668655.330 10303 14971 15024 I UniqueNative: io_redirect installed: 0 slot(s) in 39/428 libraries (39 total), 8 rule(s), page size 4096
1788668655.340 10303 14971 15024 I UniqueNative: io_redirect installed: 0 slot(s) in 40/429 libraries (39 total), 8 rule(s), page size 4096
1788668655.351 10303 14971 15024 I UniqueNative: io_redirect installed: 3 slot(s) in 41/430 libraries (42 total), 8 rule(s), page size 4096
1788668655.351 10303 14971 15024 I UniqueNative: io_redirect: hooked 3 new slot(s) after loading /data/user/0/com.unique/files/virtual/apk/org.amnezia.vpn/2153/lib/arm64-v8a/libQt6Test_arm64-v8a.so (42 total)
1788668655.362 10303 14971 15024 I UniqueNative: io_redirect installed: 0 slot(s) in 42/431 libraries (42 total), 8 rule(s), page size 4096
1788668655.372 10303 14971 15024 I UniqueNative: io_redirect installed: 0 slot(s) in 43/432 libraries (42 total), 8 rule(s), page size 4096
1788668655.383 10303 14971 15024 I UniqueNative: io_redirect installed: 0 slot(s) in 44/433 libraries (42 total), 8 rule(s), page size 4096
1788668655.395 10303 14971 15024 I UniqueNative: io_redirect installed: 0 slot(s) in 45/434 libraries (42 total), 8 rule(s), page size 4096
1788668655.406 10303 14971 15024 I UniqueNative: io_redirect installed: 0 slot(s) in 46/435 libraries (42 total), 8 rule(s), page size 4096
1788668655.424 10303 14971 15024 I UniqueNative: io_redirect installed: 0 slot(s) in 47/436 libraries (42 total), 8 rule(s), page size 4096
1788668655.434 10303 14971 15024 I UniqueNative: io_redirect installed: 0 slot(s) in 48/437 libraries (42 total), 8 rule(s), page size 4096
1788668655.450 10303 14971 15024 I UniqueNative: io_redirect installed: 0 slot(s) in 49/438 libraries (42 total), 8 rule(s), page size 4096
1788668655.462 10303 14971 15024 I UniqueNative: io_redirect installed: 0 slot(s) in 50/439 libraries (42 total), 8 rule(s), page size 4096
1788668655.475 10303 14971 15024 I UniqueNative: io_redirect installed: 0 slot(s) in 51/440 libraries (42 total), 8 rule(s), page size 4096
1788668655.492 10303 14971 15024 I UniqueNative: io_redirect installed: 5 slot(s) in 52/441 libraries (47 total), 8 rule(s), page size 4096
1788668655.492 10303 14971 15024 I UniqueNative: io_redirect: hooked 5 new slot(s) after loading /data/user/0/com.unique/files/virtual/apk/org.amnezia.vpn/2153/lib/arm64-v8a/libAmneziaVPN_arm64-v8a.so (47 total)
1788668655.495 10303 14971 14971 W libc    : Access denied finding property "persist.vendor.camera.IsVariableApertureSupported"
1788668655.495 10303 14971 14971 W libc    : Access denied finding property "persist.vendor.camera.IsStreetModeSupported"
1788668655.528 10303 14971 14997 I UniqueNative: io_redirect installed: 0 slot(s) in 53/442 libraries (47 total), 8 rule(s), page size 4096
1788668655.544 10303 14971 14971 W libc    : Access denied finding property "ro.vendor.df.effect.conflict"
1788668655.562 10303 14971 14971 W libc    : Access denied finding property "ro.vendor.perf.scroll_opt"
1788668655.564 10303 14971 15000 W libc    : Access denied finding property "ro.vendor.display.iris_x7.support"
1788668655.579 10303 14971 14971 D Unique  : 2026-09-06 11:24:15.578 D LAUNCH u0 org.amnezia.vpn CALLBACK_ALIVE what=159 obj=android.app.servertransaction.ClientTransaction
1788668655.580 10303 14971 14971 D Unique  : 2026-09-06 11:24:15.579 D LAUNCH u0 org.amnezia.vpn NO_LAUNCH_ITEM transaction=android.app.servertransaction.ClientTransaction shape=CREATOR: mActivityCallbacks:[TopResumedActivityChangeItem] mActivityToken:BinderProxy mClient:null mLifecycleStateRequest:null mTransactionItems:[TopResumedActivityChangeItem] seen=2
1788668655.607 10303 14971 15000 D om.unique:vapp0: MiuiProcessManagerServiceStub setSchedFifo
1788668655.621 10303 14971 15024 W libc    : Access denied finding property "vendor.migl.debug"
1788668655.623 10303 14971 15000 W libc    : Access denied finding property "ro.vendor.display.iris_x7.support"
1788668655.627 10303 14971 15097 E om.unique:vapp0: setpriority success to 100 : mali-cmar-backend
1788668655.629 10303 14971 15000 W libc    : Access denied finding property "ro.vendor.display.iris_x7.support"
1788668655.632 10303 14971 14971 D Unique  : 2026-09-06 11:24:15.631 D LAUNCH u0 org.amnezia.vpn CALLBACK_ALIVE what=149 obj=android.os.BinderProxy
1788668655.633 10303 14971 14971 D Unique  : 2026-09-06 11:24:15.632 D LAUNCH u0 org.amnezia.vpn NO_LAUNCH_ITEM transaction=android.app.servertransaction.ClientTransaction shape=CREATOR: mActivityCallbacks:[WindowStateInsetsControlChangeItem] mActivityToken:null mClient:null mLifecycleStateRequest:null mTransactionItems:[WindowStateInsetsControlChangeItem] seen=3
1788668655.665 10303 14971 15000 W libc    : Access denied finding property "ro.vendor.display.iris_x7.support"
1788668655.693 10303 14971 15000 W libc    : Access denied finding property "ro.vendor.display.iris_x7.support"
1788668655.722 10303 14971 14971 D Unique  : 2026-09-06 11:24:15.721 D LAUNCH u0 org.amnezia.vpn NO_LAUNCH_ITEM transaction=android.app.servertransaction.ClientTransaction shape=CREATOR: mActivityCallbacks:[WindowStateInsetsControlChangeItem] mActivityToken:null mClient:null mLifecycleStateRequest:null mTransactionItems:[WindowStateInsetsControlChangeItem] seen=4
1788668655.725 10303 14971 14971 D Unique  : 2026-09-06 11:24:15.724 D LAUNCH u0 org.amnezia.vpn NO_LAUNCH_ITEM transaction=android.app.servertransaction.ClientTransaction shape=CREATOR: mActivityCallbacks:[WindowStateInsetsControlChangeItem] mActivityToken:null mClient:null mLifecycleStateRequest:null mTransactionItems:[WindowStateInsetsControlChangeItem] seen=5
1788668655.726 10303 14971 14971 D Unique  : 2026-09-06 11:24:15.725 D LAUNCH u0 org.amnezia.vpn NO_LAUNCH_ITEM transaction=android.app.servertransaction.ClientTransaction shape=CREATOR: mActivityCallbacks:[WindowStateResizeItem|WindowStateResizeItem] mActivityToken:null mClient:null mLifecycleStateRequest:null mTransactionItems:[WindowStateResizeItem|WindowStateResizeItem] seen=6
1788668656.052 10303 14618 14701 W Unique  : 2026-09-06 11:24:16.051 W PROCESS PROVIDER_ROUTE_UNKNOWN vuid=0 authority=[redacted]
1788668656.303 10303 14971 15125 E om.unique:vapp0: checkIfsupportxIntfps do not binder to joyose
1788668657.523 10303 14971 14971 D Unique  : 2026-09-06 11:24:17.522 D LAUNCH u0 org.amnezia.vpn NO_LAUNCH_ITEM transaction=android.app.servertransaction.ClientTransaction shape=CREATOR: mActivityCallbacks:[WindowStateInsetsControlChangeItem] mActivityToken:null mClient:null mLifecycleStateRequest:null mTransactionItems:[WindowStateInsetsControlChangeItem] seen=7
1788668657.534 10303 14971 14971 D Unique  : 2026-09-06 11:24:17.533 D LAUNCH u0 org.amnezia.vpn NO_LAUNCH_ITEM transaction=android.app.servertransaction.ClientTransaction shape=CREATOR: mActivityCallbacks:[WindowStateResizeItem] mActivityToken:null mClient:null mLifecycleStateRequest:null mTransactionItems:[WindowStateResizeItem] seen=8
1788668659.006 10303 14971 15125 E om.unique:vapp0: DynamicFPS DF open fail: No such file or directory
1788668660.632 10303 14971 15125 E om.unique:vapp0: FrameInsert open fail: No such file or directory
1788668663.276 10303 14971 15000 W libc    : Access denied finding property "ro.vendor.display.iris_x7.support"
1788668663.336 10303 14971 14971 D InputMethodManager: showSoftInput() view=org.qtproject.qt.android.QtEditText{78b5e6e VFED..... .F...... 88,690-993,745 aid=1073741825} flags=0 reason=SHOW_SOFT_INPUT_BY_INSETS_API
1788668663.353 10303 14971 14971 D InputMethodManager: showSoftInput() view=org.qtproject.qt.android.QtEditText{78b5e6e VFED..... .F....I. 88,690-993,745 aid=1073741825} flags=0 reason=SHOW_SOFT_INPUT_BY_INSETS_API
1788668663.401 10303 14971 14971 D Unique  : 2026-09-06 11:24:23.400 D LAUNCH u0 org.amnezia.vpn NO_LAUNCH_ITEM transaction=android.app.servertransaction.ClientTransaction shape=CREATOR: mActivityCallbacks:[WindowStateResizeItem|WindowStateResizeItem] mActivityToken:null mClient:null mLifecycleStateRequest:null mTransactionItems:[WindowStateResizeItem|WindowStateResizeItem] seen=9
1788668663.418 10303 14971 14971 D Unique  : 2026-09-06 11:24:23.417 D LAUNCH u0 org.amnezia.vpn NO_LAUNCH_ITEM transaction=android.app.servertransaction.ClientTransaction shape=CREATOR: mActivityCallbacks:[WindowStateResizeItem|WindowStateResizeItem] mActivityToken:null mClient:null mLifecycleStateRequest:null mTransactionItems:[WindowStateResizeItem|WindowStateResizeItem] seen=10
1788668663.578 10303 14971 14971 D Unique  : 2026-09-06 11:24:23.577 D LAUNCH u0 org.amnezia.vpn NO_LAUNCH_ITEM transaction=android.app.servertransaction.ClientTransaction shape=CREATOR: mActivityCallbacks:[WindowStateResizeItem|WindowStateResizeItem] mActivityToken:null mClient:null mLifecycleStateRequest:null mTransactionItems:[WindowStateResizeItem|WindowStateResizeItem] seen=11
1788668665.590 10303 14971 15000 W libc    : Access denied finding property "ro.vendor.display.iris_x7.support"
1788668665.623 10303 14971 14971 D InputMethodManager: showSoftInput() view=org.qtproject.qt.android.QtEditText{78b5e6e VFED..... .F....I. 88,690-993,745 aid=1073741825} flags=0 reason=SHOW_SOFT_INPUT_BY_INSETS_API
1788668665.641 10303 14971 14971 D InputMethodManager: showSoftInput() view=org.qtproject.qt.android.QtEditText{78b5e6e VFED..... .F....I. 88,690-993,745 aid=1073741825} flags=0 reason=SHOW_SOFT_INPUT_BY_INSETS_API
1788668669.011 10303 14971 14971 D Unique  : 2026-09-06 11:24:29.009 D LAUNCH u0 org.amnezia.vpn NO_LAUNCH_ITEM transaction=android.app.servertransaction.ClientTransaction shape=CREATOR: mActivityCallbacks:[TopResumedActivityChangeItem] mActivityToken:BinderProxy mClient:null mLifecycleStateRequest:null mTransactionItems:[TopResumedActivityChangeItem] seen=12
1788668669.133 10303 14971 14971 D Unique  : 2026-09-06 11:24:29.133 D LAUNCH u0 org.amnezia.vpn NO_LAUNCH_ITEM transaction=android.app.servertransaction.ClientTransaction shape=CREATOR: mActivityCallbacks:[WindowStateInsetsControlChangeItem] mActivityToken:null mClient:null mLifecycleStateRequest:null mTransactionItems:[WindowStateInsetsControlChangeItem] seen=13
1788668669.736 10303 14971 14971 D Unique  : 2026-09-06 11:24:29.731 D LAUNCH u0 org.amnezia.vpn NO_LAUNCH_ITEM transaction=android.app.servertransaction.ClientTransaction shape=CREATOR: mActivityCallbacks:null mActivityToken:BinderProxy mClient:null mLifecycleStateRequest:StopActivityItem mTransactionItems:[StopActivityItem] seen=14
1788668669.936 10303 14971 14971 D Unique  : 2026-09-06 11:24:29.934 D LAUNCH u0 org.amnezia.vpn NO_LAUNCH_ITEM transaction=android.app.servertransaction.ClientTransaction shape=CREATOR: mActivityCallbacks:null mActivityToken:BinderProxy mClient:null mLifecycleStateRequest:DestroyActivityItem mTransactionItems:[DestroyActivityItem] seen=15
1788668670.450 10303 14971 15062 F libc    : FORTIFY: pthread_mutex_lock called on a destroyed mutex (0x7dc222deb8)
1788668670.450 10303 14971 15072 F libc    : FORTIFY: pthread_mutex_lock called on a destroyed mutex (0x7dc222deb8)
1788668670.452 10303 14971 15072 F libc    : Fatal signal 6 (SIGABRT), code -1 (SI_QUEUE) in tid 15072 (hwuiTask1), pid 14971 (org.amnezia.vpn)
1788668670.452 10303 14971 15072 I libc    : debuggerd_dispatch_pseudothread start. crashing tid: 15072
1788668670.514 10303 14971 15024 W om.unique:vapp0: Binder 0xb400007bfb178a00 destroyed after setInheritRt before being parceled.
1788668670.548 10303 15454 15454 W libc    : Access denied finding property "persist.vendor.track.malloc.enable"
1788668670.548 10303 15454 15454 W libc    : Access denied finding property "persist.vendor.fd.monitor.enable"
1788668670.696 10303 14971 15073 F libc    : FORTIFY: pthread_mutex_lock called on a destroyed mutex (0x7da23caa00)
1788668670.698 10303 14971 15098 F libc    : FORTIFY: pthread_mutex_lock called on a destroyed mutex (0x7da23cac80)
1788668671.004 10303 14971 15004 F libc    : FORTIFY: pthread_mutex_lock called on a destroyed mutex (0x7abd391a48)
1788668671.843 10303 14618 14951 I Unique  : 2026-09-06 11:24:31.842 I PROCESS PROCESS_RELEASED slot=:vapp0 reason=removed
1788668671.872 10303 14618 14941 I Unique  : 2026-09-06 11:24:31.870 I PROCESS BROADCAST_ROUTER_READY instances=0 actions=7 authorities=[redacted]
1788668674.011 10303 14618 14639 I Unique  : 2026-09-06 11:24:34.010 I STORAGE IMPORT_STARTED package=com.a0soft.gphone.acc.free files=3
1788668674.130 10303 14618 14639 I Unique  : 2026-09-06 11:24:34.129 I STORAGE PACKAGE_IMPORTED package=com.a0soft.gphone.acc.free versionCode=240005239 splits=3 libs=3 abi=arm64-v8a bytes=14842155 readOnlyApks=3
1788668674.145 10303 14618 14941 I Unique  : 2026-09-06 11:24:34.144 I STORAGE INSTANCE_PREPARED vuid=0 package=com.a0soft.gphone.acc.free created=12
1788668674.148 10303 14618 14941 I Unique  : 2026-09-06 11:24:34.147 I STORAGE INSTANCE_CREATED package=com.a0soft.gphone.acc.free vuid=0 name=Profile 1 androidId=233a7a1cfae63ca1
1788668674.170 10303 14618 14943 I Unique  : 2026-09-06 11:24:34.169 I PROCESS BROADCAST_ROUTES_REGISTERED package=com.a0soft.gphone.acc.free vuid=0 routes=26 actions=com.attribution.SYSTEM_INSTALLER_REFERRER,android.intent.action.MEDIA_MOUNTED,androidx.work.diagnostics.REQUEST_DIAGNOSTICS,androidx.profileinstaller.action.SKIP_FILE,android.intent.action.LOCALE_CHANGED,com.facebook.sdk.ACTION_CURRENT_ACCESS_TOKEN_CHANGED,androidx.profileinstaller.action.BENCHMARK_
1788668674.171 10303 14618 14943 I Unique  : 2026-09-06 11:24:34.170 I PROCESS PROVIDER_ROUTES_REGISTERED package=com.a0soft.gphone.acc.free vuid=0 authorities=[redacted]
1788668674.174 10303 14618 14943 I Unique  : 2026-09-06 11:24:34.171 I PROCESS BROADCAST_ROUTER_READY instances=1 actions=22 authorities=[redacted]
1788668674.208 10303 14618 14639 I Unique  : 2026-09-06 11:24:34.207 I STORAGE GUEST_INFO_RESOLVED package=com.a0soft.gphone.acc.free label=1Tap Cleaner icon=true
1788668674.856 10303 14618 14639 I Unique  : 2026-09-06 11:24:34.855 I GOOGLE GOOGLE_ENVIRONMENT gmsPresent=true gmsEnabled=true gmsVersionCode=263234035 gmsVersionName=26.32.34 (260400-968093310) vendingPresent=true gsfPresent=true customTabs=com.android.chrome hostGmsAvailable=true virtualGmsInstalled=false customTabsAvailable=true
1788668674.873 10303 14618 14946 I Unique  : 2026-09-06 11:24:34.872 I GOOGLE GOOGLE_ENVIRONMENT gmsPresent=true gmsEnabled=true gmsVersionCode=263234035 gmsVersionName=26.32.34 (260400-968093310) vendingPresent=true gsfPresent=true customTabs=com.android.chrome hostGmsAvailable=true virtualGmsInstalled=false customTabsAvailable=true
1788668674.875 10303 14618 14946 I Unique  : 2026-09-06 11:24:34.874 I GOOGLE GOOGLE_ROUTE package=com.a0soft.gphone.acc.free flow=SIGN_IN mode=UNSUPPORTED why=Legacy Google Sign-In requires in-space Google Play services. Enable them for this space, or use an app that supports Sign in with Google.
1788668674.876 10303 14618 14946 I Unique  : 2026-09-06 11:24:34.875 I GOOGLE GOOGLE_ROUTE package=com.a0soft.gphone.acc.free flow=CREDENTIAL_MANAGER mode=HOST_BRIDGE why=Unverified: Sign in with Google issues a token for the app's server client, so the device's own Google Play services should be able to answer. Not yet confirmed against a real sample.
1788668674.877 10303 14618 14946 I Unique  : 2026-09-06 11:24:34.876 I GOOGLE GOOGLE_ROUTE package=com.a0soft.gphone.acc.free flow=ACCOUNT_MANAGER mode=HOST_BRIDGE why=Account access is bridged to the device's accounts; consent is shown as UNIQUE.
1788668674.879 10303 14618 14946 I Unique  : 2026-09-06 11:24:34.878 I GOOGLE GOOGLE_ROUTE package=com.a0soft.gphone.acc.free flow=FIREBASE_AUTH mode=HOST_BRIDGE why=Firebase Auth consumes a token from Sign in with Google, which the host bridge can provide.
1788668674.879 10303 14618 14946 I Unique  : 2026-09-06 11:24:34.879 I GOOGLE GOOGLE_ROUTE package=com.a0soft.gphone.acc.free flow=OAUTH_WEB mode=PASSTHROUGH why=Browser-based OAuth needs no Google Play services, only a working redirect back into this instance.
1788668674.880 10303 14618 14946 I Unique  : 2026-09-06 11:24:34.879 I GOOGLE GOOGLE_ROUTE package=com.a0soft.gphone.acc.free flow=FCM mode=HOST_BRIDGE why=Experimental: push registration is bridged through the host. Whether Google Play services accepts it varies by version; the result is recorded per device.
1788668674.881 10303 14618 14946 I Unique  : 2026-09-06 11:24:34.880 I GOOGLE GOOGLE_ROUTE package=com.a0soft.gphone.acc.free flow=PLAY_GAMES mode=UNSUPPORTED why=Not supported yet: Play Games checks an attested app identity, and UNIQUE has not been tested against it.
1788668675.793 10303 14618 14946 I Unique  : 2026-09-06 11:24:35.791 I PROCESS PROCESS_ASSIGNED slot=:vapp0 vuid=0 process=com.a0soft.gphone.acc.free
1788668675.829 10303 14618 14946 I Unique  : 2026-09-06 11:24:35.828 I LAUNCH LAUNCH_REQUESTED package=com.a0soft.gphone.acc.free vuid=0 activity=com.a0soft.gphone.acc.free.MainWnd slot=:vapp0 launchMode=0
1788668675.875 10303 15631 15631 I om.unique:vapp0: Using generational CollectorTypeCMC GC.
1788668675.922 10303 15631 15631 D ActivityThread: setEmbeddedParam packageName=com.unique processName=com.unique:vapp0 isEmbedded=false isIsolated=false
1788668675.974 10303 15631 15631 I Unique  : 2026-09-06 11:24:35.969 I PROCESS PROCESS_START process=com.unique:vapp0 kind=VAPP sdk=35 abi=arm64-v8a,armeabi-v7a,armeabi
1788668675.976 10303 15631 15631 W om.unique:vapp0: Unsupported class loader: java.lang.Class<org.lsposed.hiddenapibypass.CoreOjClassLoader>
1788668676.031 10303 15631 15631 W om.unique:vapp0: Unsupported class loader: java.lang.Class<org.lsposed.hiddenapibypass.CoreOjClassLoader>
1788668676.031 10303 15631 15631 W om.unique:vapp0: Unsupported class loader: java.lang.Class<org.lsposed.hiddenapibypass.CoreOjClassLoader>
1788668676.033 10303 15631 15631 I Unique  : 2026-09-06 11:24:36.032 I HOOK HIDDEN_API_GRANTED via=HiddenApiBypass
1788668676.037 10303 15631 15631 I UniqueNative: libunique_native loaded (page size 4096)
1788668676.040 10303 15631 15631 I Unique  : 2026-09-06 11:24:36.039 I LAUNCH INTERCEPTOR_INSTALLED executeTransaction=159
1788668676.040 10303 15631 15631 I Unique  : 2026-09-06 11:24:36.040 I PROCESS VAPP_READY slot=0
1788668676.042 10303 15631 15631 I Unique  : 2026-09-06 11:24:36.042 I PROCESS STUB_PROVIDER_CREATED slot=0
1788668676.054 10303 15631 15631 D Unique  : 2026-09-06 11:24:36.054 D LAUNCH CALLBACK_ALIVE what=164 obj=java.lang.String
1788668676.056 10303 15631 15631 D Unique  : 2026-09-06 11:24:36.055 D LAUNCH CALLBACK_ALIVE what=159 obj=android.app.servertransaction.ClientTransaction
1788668676.081 10303 15631 15631 I Unique  : 2026-09-06 11:24:36.080 I PROCESS PROCESS_RENAMED argv0=com.a0soft.gphone.acc.free
1788668676.135 10303 15631 15631 W om.unique:vapp0: Failed to find entry 'classes.dex': Entry not found
1788668676.136 10303 15631 15631 W om.unique:vapp0: Failed to find entry 'classes.dex': Entry not found
1788668676.142 10303 15631 15631 W Unique  : 2026-09-06 11:24:36.141 W PROCESS META_DATA_NOT_RESOLVED name=com.google.android.gms.version id=0x7f0a000e reason=the guest's resources were not available yet
1788668676.144 10303 15631 15631 I Unique  : 2026-09-06 11:24:36.144 I PROCESS PROFILE_BOUND profile=68db66f6-5598-4335-8037-a95b805f29fc androidId=233a7a1cfae63ca1 generation=1
1788668676.146 10303 15631 15631 I Unique  : 2026-09-06 11:24:36.145 I PROCESS BUILD_OVERRIDES_APPLIED applied=1 requested=1
1788668676.147 10303 15631 15631 I Unique  : 2026-09-06 11:24:36.146 I LAUNCH PROFILE_BOUND profileId=68db66f6-5598-4335-8037-a95b805f29fc generation=1
1788668676.154 10303 15631 15631 I Unique  : 2026-09-06 11:24:36.154 I PROCESS PERMISSION_CACHE_DISABLED disabled=disablePackageNamePermissionCache,disablePermissionCache,disableApplicationInfoCache,disablePackageInfoCache,disableGetPackagesForUidCache failed=android.app.ActivityManager: no disable*Cache()
1788668676.163 10303 15631 15631 I Unique  : 2026-09-06 11:24:36.162 I PROCESS PERMISSIONS_BOUND package=com.a0soft.gphone.acc.free vuid=0 declared=25 restored=3 runtime=3 installTime=22 selfDefined=1
1788668676.170 10303 15631 15631 I Unique  : 2026-09-06 11:24:36.169 I HOOK SERVICE_HOOKED service=package cache=true singletons=1 bound=permissionCheck,getActivityInfo,applicationEnabledSetting,getApplicationInfo,componentEnabledSetting,installedPackages,getInstallerPackageName,getNameForUid,getPackageInfo,getPackagesForUid,getProviderInfo,getReceiverInfo,getServiceInfo,queryIntent,resolveContentProvider,resolveIntent matched=permissionCheck=checkPermission+checkUidPermission,getActivityInfo,applicationEnabledSetting=getApplicationEnabledSetting+setApplicationEnabledSetting,getApplicationInfo,componentEnabledSetting=getComponentEnabledSetting+setComponentEnabledSetting,installedPackages=getInstalledApplications+getInstalledPackages,getInstallerPackageName,getNameForUid,getPackageInfo,getPackagesForUid,getProviderInfo,g
1788668676.172 10303 15631 15631 I Unique  : 2026-09-06 11:24:36.171 I LAUNCH VPM_HOOK_INSTALLED package=com.a0soft.gphone.acc.free bound=permissionCheck,getActivityInfo,applicationEnabledSetting,getApplicationInfo,componentEnabledSetting,installedPackages,getInstallerPackageName,getNameForUid,getPackageInfo,getPackagesForUid,getProviderInfo,getReceiverInfo,getServiceInfo,queryIntent,resolveContentProvider,resolveIntent
1788668676.185 10303 15631 15631 I Unique  : 2026-09-06 11:24:36.184 I HOOK SERVICE_HOOKED service=activity cache=true singletons=1 bound=serviceDispatch,callerIdentity,permissionCheck,getContentProvider,intentSender,runningProcesses,registerReceiver,foregroundService matched=serviceDispatch=bindService+bindServiceInstance+peekService+publishService+startService+stopService+unbindFinished,callerIdentity=broadcastIntent+broadcastIntentWithFeature+getBindingUidProcessState+getContentProviderExternal+getHistoricalProcessExitReasons+getHistoricalProcessStartReasons+getPackageProcessState+getTagForIntentSender+getUidLastIdleElapsedTime+getUidProcessCapabilities+getUidProces
1788668676.186 10303 15631 15631 I Unique  : 2026-09-06 11:24:36.185 I LAUNCH VAM_HOOK_INSTALLED package=com.a0soft.gphone.acc.free host=com.unique methods=8 matched=serviceDispatch=bindService+bindServiceInstance+peekService+publishService+startService+stopService+unbindFinished,callerIdentity=broadcastIntent+broadcastIntentWithFeature+getBindingUidProcessState+getContentProviderExternal+getHistoricalProcessExitReasons+getHistoricalProcessStartReasons+getPackageProcessState+getTagForIntentSender+getUidLastIdleElapsedTime+getUidProcessCapabilities+getUidProcessState+grantUriPermission+isBackgroundRestricted+isUidActive+moveTaskToFront+revokeUriPermission+sendIntentSender+startActivity+startActivityAsUser+startActivityAsUserWithFeature+startActivityWithFeature,permissionCheck=checkPermission+checkPermissionForDevice,getContentProvider,intentSender=getIntentSender+getIntentSenderWithFeature,runningProcesses=getRunningAppProcesses+getServices,registerReceiver=registerReceiver+registerReceiverWithFeature,foregroundService=setServiceForeground
1788668676.190 10303 15631 15631 I Unique  : 2026-09-06 11:24:36.189 I HOOK SERVICE_HOOKED service=activity_task cache=true singletons=1 bound=activityStart matched=activityStart=startActivities+startActivity+startActivityAndWait+startActivityAsCaller+startActivityAsUser+startActivityFromGameSession+startActivityIntentSender+startActivityWithConfig
1788668676.191 10303 15631 15631 I Unique  : 2026-09-06 11:24:36.190 I LAUNCH ATM_HOOK_INSTALLED package=com.a0soft.gphone.acc.free host=com.unique matched=activityStart=startActivities+startActivity+startActivityAndWait+startActivityAsCaller+startActivityAsUser+startActivityFromGameSession+startActivityIntentSender+startActivityWithConfig
1788668676.193 10303 15631 15631 I Unique  : 2026-09-06 11:24:36.192 I HOOK SERVICE_HOOKED service=permissionmgr cache=true singletons=1 bound=shouldShowRequestPermissionRationale matched=shouldShowRequestPermissionRationale
1788668676.194 10303 15631 15631 I Unique  : 2026-09-06 11:24:36.193 I HOOK PERMISSION_MANAGER_HOOKED matched=shouldShowRequestPermissionRationale
1788668676.197 10303 15631 15631 I Unique  : 2026-09-06 11:24:36.196 I HOOK SERVICE_HOOKED service=appops cache=true singletons=0 bound=appOpIdentity matched=appOpIdentity=checkAudioOperation+checkOperation+checkOperationForDevice+checkOperationRaw+checkOperationRawForDevice+checkPackage+collectNoteOpCallsForValidation+extractAsyncOps+finishOperation+finishOperationForDevice+getHistoricalOps+getHistoricalOpsFromDiskRaw+getOpsForPackage+getPackagesForOpsForDevice+isOperationActive+isProxying+noteOperation+noteOperationForDevice+noteProxyOperation+notePr
1788668676.198 10303 15631 15631 I Unique  : 2026-09-06 11:24:36.198 I HOOK APPOPS_HOOKED package=com.a0soft.gphone.acc.free host=com.unique matched=appOpIdentity=checkAudioOperation+checkOperation+checkOperationForDevice+checkOperationRaw+checkOperationRawForDevice+checkPackage+collectNoteOpCallsForValidation+extractAsyncOps+finishOperation+finishOperationForDevice+getHistoricalOps+getHistoricalOpsFromDiskRaw+getOpsForPackage+getPackagesForOpsForDevice+isOperationActive+isProxying+noteOperation+noteOperationForDevice+noteProxyOperation+notePr
1788668676.203 10303 15631 15631 I Unique  : 2026-09-06 11:24:36.203 I PROCESS SETTINGS_CACHES_PRIMED wrappedByHand=0 alreadyWrapped=3 empty=1
1788668676.204 10303 15631 15631 I Unique  : 2026-09-06 11:24:36.204 I PROCESS PROVIDER_CACHES_EVICTED activityThreadProviders=2 providerRefCounts=1 settingsCaches=4 settingsWrapped=3 hostSource=com.unique hostSourceUid=10303
1788668676.431 10303 15631 15654 I om.unique:vapp0: MiResources: find entry failed for resource 7f080105
1788668676.440 10303 15631 15631 I Unique  : 2026-09-06 11:24:36.439 I PROCESS NETWORK_SECURITY_INSTALLED package=com.a0soft.gphone.acc.free configRes=2132082706 targetSdk=36
1788668676.441 10303 15631 15631 I UniqueNative: redirect table set: 8 rule(s)
1788668676.442 10303 15631 15631 I UniqueNative: io_redirect installed: 10 slot(s) in 1/390 libraries (10 total), 8 rule(s), page size 4096
1788668676.443 10303 15631 15631 I UniqueNative: io_redirect: library-load watch installed (4 slot(s) in 3 libraries)
1788668676.443 10303 15631 15631 W UniqueNative: io_redirect: watch saw but did not match: /data/misc/apexdata/com.android.art/dalvik-cache/arm64/boot.oat
1788668676.443 10303 15631 15631 W UniqueNative: io_redirect: watch saw but did not match: /data/misc/apexdata/com.android.art/dalvik-cache/arm64/boot-framework-adservices.oat
1788668676.443 10303 15631 15631 W UniqueNative: io_redirect: watch saw but did not match: /data/app/~~E_AZaXevj49olDA4bpqyHA==/com.unique-wkslfLmMJQVPSCvjJARKJA==/oat/arm64/base.odex
1788668676.443 10303 15631 15631 W UniqueNative: io_redirect: watch saw but did not match: /data/app/~~E_AZaXevj49olDA4bpqyHA==/com.unique-wkslfLmMJQVPSCvjJARKJA==/base.apk!/lib/arm64-v8a/libunique_native.so
1788668676.444 10303 15631 15631 I Unique  : 2026-09-06 11:24:36.443 I NATIVE IO_REDIRECT_INSTALLED status=OK watch=OK rules=8 slots=10 scope=/data/user/0/com.unique/files/virtual/apk/com.a0soft.gphone.acc.free/240005239/lib/arm64-v8a,/data/data/com.unique/files/virtual/apk/com.a0soft.gphone.acc.free/240005239/lib/arm64-v8a,/data/user/0/com
1788668676.445 10303 15631 15631 I Unique  : 2026-09-06 11:24:36.444 I WEBVIEW WEBVIEW_DATA_DIR_SUFFIX suffix=vapp0 slot=0
1788668676.448 10303 15631 15631 I UniqueNative: crash: recording 6 signal(s) to /data/user/0/com.unique/files/virtual/runtime/diagnostics/0/com.a0soft.gphone.acc.free/native-crash-15631.properties
1788668676.451 10303 15631 15631 I Unique  : 2026-09-06 11:24:36.449 I NATIVE NATIVE_CRASH_HANDLER status=OK file=/data/user/0/com.unique/files/virtual/runtime/diagnostics/0/com.a0soft.gphone.acc.free/native-crash-15631.properties
1788668676.486 10303 15631 15654 I Unique  : 2026-09-06 11:24:36.485 I LAUNCH SIGNATURES_LOADED package=com.a0soft.gphone.acc.free signers=1 hasSigningInfo=true
1788668676.686 10303 15631 15631 I UniqueNative: io_redirect installed: 0 slot(s) in 2/391 libraries (10 total), 8 rule(s), page size 4096
1788668676.700 10303 15631 15631 I Unique  : 2026-09-06 11:24:36.699 I PROCESS PROVIDERS_PUBLISHED package=com.a0soft.gphone.acc.free process=com.a0soft.gphone.acc.free declared=6 authorities=[redacted]
1788668676.702 10303 15631 15631 I Unique  : 2026-09-06 11:24:36.701 I PROCESS COMPONENT_STATE_RESTORED package=com.a0soft.gphone.acc.free vuid=0 entries=1
1788668676.704 10303 15631 15631 I Unique  : 2026-09-06 11:24:36.704 I STORAGE EXTERNAL_STORAGE_REDIRECTED package=com.a0soft.gphone.acc.free vuid=0 root=/data/user/0/com.unique/files/virtual/users/0/sdcard
1788668676.706 10303 15631 15631 I Unique  : 2026-09-06 11:24:36.706 I HOOK SERVICE_HOOKED service=alarm cache=true singletons=0 bound=callerPackage matched=callerPackage=canScheduleExactAlarms+cancelPoweroffAlarm+hasScheduleExactAlarm+removeAll+set+setTimeZone
1788668676.707 10303 15631 15631 I Unique  : 2026-09-06 11:24:36.707 I HOOK IDENTITY_HOOK_INSTALLED service=alarm package=com.a0soft.gphone.acc.free matched=callerPackage=canScheduleExactAlarms+cancelPoweroffAlarm+hasScheduleExactAlarm+removeAll+set+setTimeZone
1788668676.710 10303 15631 15631 I Unique  : 2026-09-06 11:24:36.709 I HOOK SERVICE_HOOKED service=clipboard cache=true singletons=0 bound=callerPackage matched=callerPackage=addPrimaryClipChangedListener+clearPrimaryClip+getPrimaryClip+getPrimaryClipDescription+getPrimaryClipSource+getUserPrimaryClip+hasClipboardText+hasPrimaryClip+removePrimaryClipChangedListener+setPrimaryClip+setPrimaryClipAsPackage
1788668676.711 10303 15631 15631 I Unique  : 2026-09-06 11:24:36.710 I HOOK IDENTITY_HOOK_INSTALLED service=clipboard package=com.a0soft.gphone.acc.free matched=callerPackage=addPrimaryClipChangedListener+clearPrimaryClip+getPrimaryClip+getPrimaryClipDescription+getPrimaryClipSource+getUserPrimaryClip+hasClipboardText+hasPrimaryClip+removePrimaryClipChangedListener+setPrimaryClip+setPrimaryClipAsPackage
1788668676.713 10303 15631 15631 I Unique  : 2026-09-06 11:24:36.712 I HOOK SERVICE_HOOKED service=restrictions cache=true singletons=0 bound=callerPackage matched=callerPackage=getApplicationRestrictions+getApplicationRestrictionsPerAdminForUser+notifyPermissionResponse+requestPermission
1788668676.714 10303 15631 15631 I Unique  : 2026-09-06 11:24:36.713 I HOOK IDENTITY_HOOK_INSTALLED service=restrictions package=com.a0soft.gphone.acc.free matched=callerPackage=getApplicationRestrictions+getApplicationRestrictionsPerAdminForUser+notifyPermissionResponse+requestPermission
1788668676.716 10303 15631 15631 I Unique  : 2026-09-06 11:24:36.715 I HOOK SERVICE_HOOKED service=locale cache=true singletons=0 bound=callerPackage,setApplicationLocales matched=callerPackage=getApplicationLocales+getOverrideLocaleConfig+setOverrideLocaleConfig,setApplicationLocales
1788668676.717 10303 15631 15631 I Unique  : 2026-09-06 11:24:36.716 I HOOK IDENTITY_HOOK_INSTALLED service=locale package=com.a0soft.gphone.acc.free matched=callerPackage=getApplicationLocales+getOverrideLocaleConfig+setOverrideLocaleConfig,setApplicationLocales
1788668676.720 10303 15631 15631 I Unique  : 2026-09-06 11:24:36.719 I HOOK SERVICE_HOOKED service=connectivity cache=true singletons=0 bound=callerPackage matched=callerPackage=getDefaultNetworkCapabilitiesForUser+getLastTetherError+getNetworkCapabilities+getRedactedLinkPropertiesForPackage+getRedactedNetworkCapabilitiesForPackage+isConnectivityServiceFeatureEnabledForTesting+listenForNetwork+pendingListenForNetwork+pendingRequestForNetwork+registerConnectivityDiagnosticsCallback+registerNetworkProvider+requestNetwork+requestRouteToHostAddress+setProvisioni
1788668676.721 10303 15631 15631 I Unique  : 2026-09-06 11:24:36.720 I HOOK IDENTITY_HOOK_INSTALLED service=connectivity package=com.a0soft.gphone.acc.free matched=callerPackage=getDefaultNetworkCapabilitiesForUser+getLastTetherError+getNetworkCapabilities+getRedactedLinkPropertiesForPackage+getRedactedNetworkCapabilitiesForPackage+isConnectivityServiceFeatureEnabledForTesting+listenForNetwork+pendingListenForNetwork+pendingRequestForNetwork+registerConnectivi
1788668676.723 10303 15631 15631 I Unique  : 2026-09-06 11:24:36.722 I HOOK SERVICE_HOOKED service=power cache=true singletons=0 bound=callerPackage matched=callerPackage=acquireWakeLock+acquireWakeLockAsync+acquireWakeLockWithUid+crash+isAmbientDisplaySuppressedForToken+isAmbientDisplaySuppressedForTokenByApp+isFeatureAllowedInLowPowerStandby+reboot+shutdown+suppressAmbientDisplay+updateWakeLockWorkSource+wakeUp
1788668676.724 10303 15631 15631 I Unique  : 2026-09-06 11:24:36.723 I HOOK IDENTITY_HOOK_INSTALLED service=power package=com.a0soft.gphone.acc.free matched=callerPackage=acquireWakeLock+acquireWakeLockAsync+acquireWakeLockWithUid+crash+isAmbientDisplaySuppressedForToken+isAmbientDisplaySuppressedForTokenByApp+isFeatureAllowedInLowPowerStandby+reboot+shutdown+suppressAmbientDisplay+updateWakeLockWorkSource+wakeUp
1788668676.730 10303 15631 15631 I Unique  : 2026-09-06 11:24:36.729 I HOOK SERVICE_HOOKED service=wifi cache=true singletons=0 bound=callerPackage matched=callerPackage=acquireMulticastLock+acquireWifiLock+addLocalOnlyConnectionStatusListener+addNetworkSuggestions+addOrUpdateNetwork+addOrUpdateNetworkPrivileged+addOrUpdatePasspointConfiguration+addQosPolicies+addSuggestionUserApprovalStatusListener+allowAutojoinGlobal+allowAutojoinPasspoint+connect+disableEphemeralNetwork+disableNetwork+disconnect+enableNetwork+enableTdls+enableTdlsWithMacAddress+en
1788668676.731 10303 15631 15631 I Unique  : 2026-09-06 11:24:36.731 I HOOK IDENTITY_HOOK_INSTALLED service=wifi package=com.a0soft.gphone.acc.free matched=callerPackage=acquireMulticastLock+acquireWifiLock+addLocalOnlyConnectionStatusListener+addNetworkSuggestions+addOrUpdateNetwork+addOrUpdateNetworkPrivileged+addOrUpdatePasspointConfiguration+addQosPolicies+addSuggestionUserApprovalStatusListener+allowAutojoinGlobal+allowAutojoinPasspoint+connect+di
1788668676.734 10303 15631 15631 I Unique  : 2026-09-06 11:24:36.733 I HOOK SERVICE_HOOKED service=location cache=true singletons=0 bound=callerPackage matched=callerPackage=addGnssAntennaInfoListener+addGnssMeasurementsListener+addGnssNavigationMessageListener+addTestProvider+getCurrentLocation+getLastLocation+getProviderPackages+getProviderProperties+hasProvider+isProviderEnabledForUser+isProviderPackage+registerGnssNmeaCallback+registerGnssStatusCallback+registerLocationListener+registerLocationPendingIntent+removeTestProvider+requestGeofence+requestL
1788668676.735 10303 15631 15631 I Unique  : 2026-09-06 11:24:36.734 I HOOK IDENTITY_HOOK_INSTALLED service=location package=com.a0soft.gphone.acc.free matched=callerPackage=addGnssAntennaInfoListener+addGnssMeasurementsListener+addGnssNavigationMessageListener+addTestProvider+getCurrentLocation+getLastLocation+getProviderPackages+getProviderProperties+hasProvider+isProviderEnabledForUser+isProviderPackage+registerGnssNmeaCallback+registerGnssStatusCallbac
1788668676.745 10303 15631 15631 I Unique  : 2026-09-06 11:24:36.743 I HOOK SERVICE_HOOKED service=audio cache=true singletons=0 bound=callerPackage matched=callerPackage=abandonAudioFocus+abandonAudioFocusForTest+adjustStreamVolume+adjustStreamVolumeForUid+adjustStreamVolumeWithAttribution+adjustSuggestedStreamVolumeForUid+adjustVolumeGroupVolume+cacheParameters+disableSafeMediaVolume+getBluetoothAudioDeviceCategory+getBluetoothAudioDeviceCategory_legacy+getCacheParameters+getDeviceVolume+getNotificationUri+getPlayerVolume+handleVolumeKey+isBluetooth
1788668676.746 10303 15631 15631 I Unique  : 2026-09-06 11:24:36.745 I HOOK IDENTITY_HOOK_INSTALLED service=audio package=com.a0soft.gphone.acc.free matched=callerPackage=abandonAudioFocus+abandonAudioFocusForTest+adjustStreamVolume+adjustStreamVolumeForUid+adjustStreamVolumeWithAttribution+adjustSuggestedStreamVolumeForUid+adjustVolumeGroupVolume+cacheParameters+disableSafeMediaVolume+getBluetoothAudioDeviceCategory+getBluetoothAudioDeviceCategory_lega
1788668676.748 10303 15631 15631 I Unique  : 2026-09-06 11:24:36.747 I HOOK SERVICE_HOOKED service=vibrator_manager cache=true singletons=0 bound=callerPackage matched=callerPackage=performHapticFeedback+setAlwaysOnEffect+vibrate
1788668676.749 10303 15631 15631 I Unique  : 2026-09-06 11:24:36.748 I HOOK IDENTITY_HOOK_INSTALLED service=vibrator_manager package=com.a0soft.gphone.acc.free matched=callerPackage=performHapticFeedback+setAlwaysOnEffect+vibrate
1788668676.751 10303 15631 15631 I Unique  : 2026-09-06 11:24:36.750 I HOOK SERVICE_HOOKED service=usagestats cache=true singletons=0 bound=callerPackage matched=callerPackage=clearBroadcastEvents+clearBroadcastResponseStats+getAppMinStandbyBucket+getAppStandbyBucket+getAppStandbyBuckets+getAppStandbyConstant+getLastTimeAnyComponentUsed+isAppInactive+isPackageExemptedFromBroadcastResponseStats+queryBroadcastResponseStats+queryConfigurationStats+queryEventStats+queryEvents+queryEventsForPackage+queryEventsForPackageForUser+queryEventsForUser+queryEventsWith
1788668676.752 10303 15631 15631 I Unique  : 2026-09-06 11:24:36.752 I HOOK IDENTITY_HOOK_INSTALLED service=usagestats package=com.a0soft.gphone.acc.free matched=callerPackage=clearBroadcastEvents+clearBroadcastResponseStats+getAppMinStandbyBucket+getAppStandbyBucket+getAppStandbyBuckets+getAppStandbyConstant+getLastTimeAnyComponentUsed+isAppInactive+isPackageExemptedFromBroadcastResponseStats+queryBroadcastResponseStats+queryConfigurationStats+queryEventSta
1788668676.755 10303 15631 15631 I Unique  : 2026-09-06 11:24:36.754 I HOOK SERVICE_HOOKED service=netstats cache=true singletons=0 bound=callerPackage matched=callerPackage=getIfaceStats+notifyNetworkStatus+openSessionForUsageStats+registerNetworkStatsProvider+registerUsageCallback+setStatsProviderWarningAndLimitAsync
1788668676.756 10303 15631 15631 I Unique  : 2026-09-06 11:24:36.755 I HOOK IDENTITY_HOOK_INSTALLED service=netstats package=com.a0soft.gphone.acc.free matched=callerPackage=getIfaceStats+notifyNetworkStatus+openSessionForUsageStats+registerNetworkStatsProvider+registerUsageCallback+setStatsProviderWarningAndLimitAsync
1788668676.759 10303 15631 15631 I Unique  : 2026-09-06 11:24:36.758 I HOOK SERVICE_HOOKED service=content cache=true singletons=0 bound=callerPackage matched=callerPackage=addPeriodicSync+cancelSync+cancelSyncAsUser+getCache+getIsSyncable+getIsSyncableAsUser+getPeriodicSyncs+getSyncAdapterPackageAsUser+getSyncAdapterPackagesForAuthorityAsUser+getSyncAutomatically+getSyncAutomaticallyAsUser+getSyncStatus+getSyncStatusAsUser+isSyncActive+isSyncPending+isSyncPendingAsUser+notifyChange+onDbCorruption+putCache+removePeriodicSync+requestSync+setIsSyncable+se
1788668676.760 10303 15631 15631 I Unique  : 2026-09-06 11:24:36.759 I HOOK IDENTITY_HOOK_INSTALLED service=content package=com.a0soft.gphone.acc.free matched=callerPackage=addPeriodicSync+cancelSync+cancelSyncAsUser+getCache+getIsSyncable+getIsSyncableAsUser+getPeriodicSyncs+getSyncAdapterPackageAsUser+getSyncAdapterPackagesForAuthorityAsUser+getSyncAutomatically+getSyncAutomaticallyAsUser+getSyncStatus+getSyncStatusAsUser+isSyncActive+isSyncPending+isSy
1788668676.764 10303 15631 15631 I Unique  : 2026-09-06 11:24:36.763 I HOOK SERVICE_HOOKED service=shortcut cache=true singletons=0 bound=shortcutPublish,callerPackage matched=shortcutPublish=addDynamicShortcuts+createShortcutResultIntent+pushDynamicShortcut+requestPinShortcut+setDynamicShortcuts+updateShortcuts,callerPackage=disableShortcuts+enableShortcuts+getIconMaxDimensions+getMaxShortcutCountPerActivity+getRateLimitResetTime+getRemainingCallCount+getShareTargets+getShortcuts+hasShareTargets+onApplicationActive+removeAllDynamicShortcuts+removeDynamicShortcuts+remov
1788668676.764 10303 15631 15631 I Unique  : 2026-09-06 11:24:36.764 I HOOK IDENTITY_HOOK_INSTALLED service=shortcut package=com.a0soft.gphone.acc.free matched=shortcutPublish=addDynamicShortcuts+createShortcutResultIntent+pushDynamicShortcut+requestPinShortcut+setDynamicShortcuts+updateShortcuts,callerPackage=disableShortcuts+enableShortcuts+getIconMaxDimensions+getMaxShortcutCountPerActivity+getRateLimitResetTime+getRemainingCallCount+getShareTargets+get
1788668676.767 10303 15631 15631 I Unique  : 2026-09-06 11:24:36.766 I HOOK SERVICE_HOOKED service=mount cache=true singletons=0 bound=callerPackage,volumeList matched=callerPackage=abortChanges+allocateBytes+benchmark+destroyUserStorage+disableAppDataIsolation+fixupAppDir+fixupAppDirRecursive+fixupSysfsFile+forgetVolume+format+getAllocatableBytes+getCacheQuotaBytes+getCacheSizeBytes+getExternalStorageMountMode+getManageSpaceActivityIntent+getMountedObbPath+isAppIoBlocked+isObbMounted+mkdirs+mount+mountObb+moveStorageQuickly+notifyAppIoBlocked+notifyAppIoResumed
1788668676.768 10303 15631 15631 I Unique  : 2026-09-06 11:24:36.767 I HOOK IDENTITY_HOOK_INSTALLED service=mount package=com.a0soft.gphone.acc.free matched=callerPackage=abortChanges+allocateBytes+benchmark+destroyUserStorage+disableAppDataIsolation+fixupAppDir+fixupAppDirRecursive+fixupSysfsFile+forgetVolume+format+getAllocatableBytes+getCacheQuotaBytes+getCacheSizeBytes+getExternalStorageMountMode+getManageSpaceActivityIntent+getMountedObbPath+isAppI
1788668676.771 10303 15631 15631 I Unique  : 2026-09-06 11:24:36.770 I HOOK SERVICE_HOOKED service=account cache=true singletons=0 bound=callerPackage matched=callerPackage=addAccount+addAccountAsUser+addAccountExplicitly+addAccountExplicitlyWithVisibility+addSharedAccountsFromParentUser+createRequestAccountAccessIntentSenderAsUser+editProperties+getAccountByTypeAndFeatures+getAccountVisibility+getAccountsAndVisibilityForPackage+getAccountsAsUser+getAccountsByFeatures+getAccountsByTypeForPackage+getAccountsForPackage+getAuthToken+getAuthTokenLabel+getUs
1788668676.772 10303 15631 15631 I Unique  : 2026-09-06 11:24:36.771 I HOOK IDENTITY_HOOK_INSTALLED service=account package=com.a0soft.gphone.acc.free matched=callerPackage=addAccount+addAccountAsUser+addAccountExplicitly+addAccountExplicitlyWithVisibility+addSharedAccountsFromParentUser+createRequestAccountAccessIntentSenderAsUser+editProperties+getAccountByTypeAndFeatures+getAccountVisibility+getAccountsAndVisibilityForPackage+getAccountsAsUser+getAccou
1788668676.780 10303 15631 15631 I Unique  : 2026-09-06 11:24:36.779 I HOOK SERVICE_HOOKED service=phone cache=true singletons=0 bound=callerPackage matched=callerPackage=call+canChangeDtmfToneLength+changeIccLockPassword+checkCarrierPrivilegesForPackage+checkCarrierPrivilegesForPackageAnyPhone+clearSignalStrengthUpdateRequest+deprovisionSatelliteService+dial+disableDataConnectivity+disableVisualVoicemailSmsFilter+doesSwitchMultiSimConfigTriggerReboot+enableDataConnectivity+enableVisualVoicemailSmsFilter+enqueueSmsPickResult+factoryReset+getAllCellInf
1788668676.781 10303 15631 15631 I Unique  : 2026-09-06 11:24:36.780 I HOOK IDENTITY_HOOK_INSTALLED service=phone package=com.a0soft.gphone.acc.free matched=callerPackage=call+canChangeDtmfToneLength+changeIccLockPassword+checkCarrierPrivilegesForPackage+checkCarrierPrivilegesForPackageAnyPhone+clearSignalStrengthUpdateRequest+deprovisionSatelliteService+dial+disableDataConnectivity+disableVisualVoicemailSmsFilter+doesSwitchMultiSimConfigTriggerReboot+e
1788668676.790 10303 15631 15682 D Unique  : 2026-09-06 11:24:36.788 D PROCESS SERVICE_CONNECTION_WRAPPED connection=m7.fy
1788668676.797 10303 15631 15631 I Unique  : 2026-09-06 11:24:36.796 I HOOK SERVICE_HOOKED service=device_policy cache=true singletons=0 bound=callerPackage matched=callerPackage=addCrossProfileIntentFilter+addCrossProfileWidgetProvider+addPersistentPreferredActivity+approveCaCert+checkDeviceIdentifierAccess+checkProvisioningPrecondition+choosePrivateKeyAlias+clearApplicationUserData+clearCrossProfileIntentFilters+clearDeviceOwner+clearPackagePersistentPreferredActivities+clearResetPasswordToken+createAdminSupportIntent+createAndManageUser+createAndProvisionM
1788668676.798 10303 15631 15631 I Unique  : 2026-09-06 11:24:36.797 I HOOK IDENTITY_HOOK_INSTALLED service=device_policy package=com.a0soft.gphone.acc.free matched=callerPackage=addCrossProfileIntentFilter+addCrossProfileWidgetProvider+addPersistentPreferredActivity+approveCaCert+checkDeviceIdentifierAccess+checkProvisioningPrecondition+choosePrivateKeyAlias+clearApplicationUserData+clearCrossProfileIntentFilters+clearDeviceOwner+clearPackagePersistentPreferre
1788668676.803 10303 15631 15631 I Unique  : 2026-09-06 11:24:36.801 I HOOK SERVICE_HOOKED service=media.camera cache=true singletons=0 bound=callerPackage matched=callerPackage=connect+connectDevice+createDefaultRequest+getCameraCharacteristics+getSessionCharacteristics+getTorchStrengthLevel+injectCamera+injectSessionParams+isHiddenPhysicalCamera+isSessionConfigurationWithParametersSupported+setTorchMode+supportsCameraApi+turnOnTorchWithStrengthLevel
1788668676.803 10303 15631 15682 E GoogleApiManager: java.lang.SecurityException: Unknown calling package name 'com.a0soft.gphone.acc.free'.
1788668676.804 10303 15631 15631 I Unique  : 2026-09-06 11:24:36.803 I HOOK IDENTITY_HOOK_INSTALLED service=media.camera package=com.a0soft.gphone.acc.free matched=callerPackage=connect+connectDevice+createDefaultRequest+getCameraCharacteristics+getSessionCharacteristics+getTorchStrengthLevel+injectCamera+injectSessionParams+isHiddenPhysicalCamera+isSessionConfigurationWithParametersSupported+setTorchMode+supportsCameraApi+turnOnTorchWithStrengthLevel
1788668676.807 10303 15631 15631 I Unique  : 2026-09-06 11:24:36.806 I HOOK SERVICE_HOOKED service=telecom cache=true singletons=0 bound=callerPackage matched=callerPackage=acceptHandover+acceptRingingCall+acceptRingingCallWithVideoState+addCall+addNewIncomingCall+addNewIncomingConference+addOrRemoveTestCallCompanionApp+cancelMissedCallsNotification+clearAccounts+createLaunchEmergencyDialerIntent+createManageBlockedNumbersIntent+endCall+getAdnUriForPhoneAccount+getCallCapablePhoneAccounts+getCallStateUsingPackage+getCurrentTtyMode+getDefaultDialerPackag
1788668676.808 10303 15631 15631 I Unique  : 2026-09-06 11:24:36.807 I HOOK IDENTITY_HOOK_INSTALLED service=telecom package=com.a0soft.gphone.acc.free matched=callerPackage=acceptHandover+acceptRingingCall+acceptRingingCallWithVideoState+addCall+addNewIncomingCall+addNewIncomingConference+addOrRemoveTestCallCompanionApp+cancelMissedCallsNotification+clearAccounts+createLaunchEmergencyDialerIntent+createManageBlockedNumbersIntent+endCall+getAdnUriForPhoneA
1788668676.812 10303 15631 15631 I Unique  : 2026-09-06 11:24:36.811 I HOOK SERVICE_HOOKED service=media_router cache=true singletons=0 bound=callerPackage matched=callerPackage=deselectRouteWithManager+deselectRouteWithRouter2+getSystemRoutes+getSystemSessionInfoForPackage+registerClientAsUser+registerClientGroupId+registerManager+registerProxyRouter+registerRouter2+releaseSessionWithManager+releaseSessionWithRouter2+requestCreateSessionWithManager+requestSetVolume+requestUpdateVolume+selectRouteWithManager+selectRouteWithRouter2+setSelectedRoute+setSession
1788668676.813 10303 15631 15631 I Unique  : 2026-09-06 11:24:36.812 I HOOK IDENTITY_HOOK_INSTALLED service=media_router package=com.a0soft.gphone.acc.free matched=callerPackage=deselectRouteWithManager+deselectRouteWithRouter2+getSystemRoutes+getSystemSessionInfoForPackage+registerClientAsUser+registerClientGroupId+registerManager+registerProxyRouter+registerRouter2+releaseSessionWithManager+releaseSessionWithRouter2+requestCreateSessionWithManager+requestSet
1788668676.816 10303 15631 15631 I Unique  : 2026-09-06 11:24:36.815 I HOOK SERVICE_HOOKED service=media_session cache=true singletons=0 bound=callerPackage matched=callerPackage=addOnMediaKeyEventSessionChangedListener+createSession+dispatchAdjustVolume+dispatchMediaKeyEvent+dispatchMediaKeyEventToSessionAsSystemService+dispatchVolumeKeyEvent+dispatchVolumeKeyEventToSessionAsSystemService+getMediaKeyEventSession+getMediaKeyEventSessionPackageName+hasCustomMediaKeyDispatcher+hasCustomMediaSessionPolicyProvider+isTrusted+setCustomMediaKeyDispatcher+setCustomMe
1788668676.816 10303 15631 15631 I Unique  : 2026-09-06 11:24:36.816 I HOOK IDENTITY_HOOK_INSTALLED service=media_session package=com.a0soft.gphone.acc.free matched=callerPackage=addOnMediaKeyEventSessionChangedListener+createSession+dispatchAdjustVolume+dispatchMediaKeyEvent+dispatchMediaKeyEventToSessionAsSystemService+dispatchVolumeKeyEvent+dispatchVolumeKeyEventToSessionAsSystemService+getMediaKeyEventSession+getMediaKeyEventSessionPackageName+hasCustomMedi
1788668676.817 10303 15631 15682 E GoogleApiManager: java.lang.SecurityException: Unknown calling package name 'com.a0soft.gphone.acc.free'.
1788668676.819 10303 15631 15682 E GoogleApiManager: java.lang.SecurityException: Unknown calling package name 'com.a0soft.gphone.acc.free'.
1788668676.819 10303 15631 15631 I Unique  : 2026-09-06 11:24:36.818 I HOOK SERVICE_HOOKED service=appwidget cache=true singletons=0 bound=callerPackage,appWidgetIdentity matched=callerPackage=allocateAppWidgetId+bindRemoteViewsService+createAppWidgetConfigIntentSender+deleteAppWidgetId+deleteHost+getAppWidgetIdsForHost+getAppWidgetInfo+getAppWidgetOfHost+getAppWidgetOptions+getAppWidgetViews+getInstalledProvidersForProfile+hasBindAppWidgetPermission+isBoundWidgetPackage+noteAppWidgetTapped+notifyAppWidgetViewDataChanged+partiallyUpdateAppWidgetIds+setAppWidgetHidden+setBi
1788668676.819 10303 15631 15683 E om.unique:vapp0: No package ID 6a found for resource ID 0x6a0b0013.
1788668676.820 10303 15631 15631 I Unique  : 2026-09-06 11:24:36.819 I HOOK IDENTITY_HOOK_INSTALLED service=appwidget package=com.a0soft.gphone.acc.free matched=callerPackage=allocateAppWidgetId+bindRemoteViewsService+createAppWidgetConfigIntentSender+deleteAppWidgetId+deleteHost+getAppWidgetIdsForHost+getAppWidgetInfo+getAppWidgetOfHost+getAppWidgetOptions+getAppWidgetViews+getInstalledProvidersForProfile+hasBindAppWidgetPermission+isBoundWidgetPackage+not
1788668676.821 10303 15631 15631 I Unique  : 2026-09-06 11:24:36.820 I HOOK IDENTITY_HOOKS_INSTALLED package=com.a0soft.gphone.acc.free installed=alarm,clipboard,restrictions,locale,connectivity,power,wifi,location,audio,vibrator_manager,usagestats,netstats,content,shortcut,mount,account,phone,device_policy,media.camera,telecom,media_router,media_session,appwidget skipped=
1788668676.822 10303 15631 15631 W Unique  : 2026-09-06 11:24:36.822 W PROCESS ALARM_EXACT_UNAVAILABLE detail=UNIQUE does not hold SCHEDULE_EXACT_ALARM; a guest asking for an exact alarm will get the platform's SecurityException
1788668676.825 10303 15631 15683 D Unique  : 2026-09-06 11:24:36.824 D PROCESS PERMISSION_CHECK permission=android.permission.INTERNET result=GRANTED
1788668676.826 10303 15631 15683 D Unique  : 2026-09-06 11:24:36.825 D PROCESS PERMISSION_CHECK permission=android.permission.ACCESS_NETWORK_STATE result=GRANTED
1788668676.828 10303 15631 15631 I Unique  : 2026-09-06 11:24:36.827 I HOOK SERVICE_HOOKED service=jobscheduler cache=true singletons=0 bound=jobById,scheduleJob,pendingJobs matched=jobById=cancel+getPendingJob+getPendingJobReason,scheduleJob=enqueue+schedule+scheduleAsPackage,pendingJobs=getAllPendingJobs+getAllPendingJobsInNamespace
1788668676.828 10303 15631 15631 I Unique  : 2026-09-06 11:24:36.828 I HOOK JOB_HOOKED package=com.a0soft.gphone.acc.free slot=0 matched=jobById=cancel+getPendingJob+getPendingJobReason,scheduleJob=enqueue+schedule+scheduleAsPackage,pendingJobs=getAllPendingJobs+getAllPendingJobsInNamespace
1788668676.830 10303 15631 15683 D Unique  : 2026-09-06 11:24:36.829 D PROCESS SERVICE_CONNECTION_WRAPPED connection=m7.fy
1788668676.833 10303 15631 15631 I Unique  : 2026-09-06 11:24:36.832 I HOOK SERVICE_HOOKED service=notification cache=true singletons=1 bound=notificationIdentity,enqueue,channels matched=notificationIdentity=addAutomaticZenRule+areBubblesAllowed+areNotificationsEnabled+areNotificationsEnabledForPackage+buzzBeepBlinkForNotification+canNotifyAsPackage+canShowBadge+cancelAllNotifications+cancelNotificationFromListener+cancelToast+clearData+deleteNotificationHistoryItem+enqueueTextToast+enqueueToast+finishToken+getActiveNotifications+getActiveNotificationsWithAttribution+getAllowedAss
1788668676.834 10303 15631 15631 I Unique  : 2026-09-06 11:24:36.833 I HOOK NOTIFICATION_HOOKED package=com.a0soft.gphone.acc.free vuid=0 matched=notificationIdentity=addAutomaticZenRule+areBubblesAllowed+areNotificationsEnabled+areNotificationsEnabledForPackage+buzzBeepBlinkForNotification+canNotifyAsPackage+canShowBadge+cancelAllNotifications+cancelNotificationFromListener+cancelToast+clearData+deleteNotificationHistoryItem+enqueueTextToast+enqueueToast+finishToken+getActiveNotifications+getActiveNotificationsWithAttribution+getAllowedAss
1788668676.847 10303 15631 15631 I Unique  : 2026-09-06 11:24:36.846 I PROCESS RECEIVERS_REGISTERED package=com.a0soft.gphone.acc.free declared=12 registered=18 actions=com.a0soft.gphone.base.content.blSelfPkgRecvV12#android.intent.action.MY_PACKAGE_REPLACED;com.a0soft.gphone.acc.main.SysRecv#android.intent.action.BOOT_COMPLETED,android.intent.action.DEVICE_STORAGE_LOW;com.a0soft.gphone.acc.widget.WidgetProvider#android.appwidget.action.APPWIDGET_UPDATE,com.a0soft.gphone.acc.widget.AppMgrSrvc.ActionStatusUpdated,com.a0soft.gphone.acc.widget.ActionRefresh,com.a0so exported=2
1788668676.848 10303 15631 15631 I Unique  : 2026-09-06 11:24:36.847 I LAUNCH ACTIVITY_LIFECYCLE_INSTALLED package=com.a0soft.gphone.acc.free
1788668676.863 10303 15631 15631 D Unique  : 2026-09-06 11:24:36.862 D PROCESS u0 com.a0soft.gphone.acc.free PERMISSION_CHECK permission=com.google.android.finsky.permission.BIND_GET_INSTALL_REFERRER_SERVICE result=GRANTED
1788668676.865 10303 15631 15631 D Unique  : 2026-09-06 11:24:36.864 D PROCESS u0 com.a0soft.gphone.acc.free PERMISSION_CHECK permission=android.permission.INTERNET result=GRANTED
1788668676.878 10303 15631 15631 I UniqueNative: redirect table set: 8 rule(s)
1788668676.879 10303 15631 15631 I UniqueNative: io_redirect installed: 0 slot(s) in 2/391 libraries (10 total), 8 rule(s), page size 4096
1788668676.880 10303 15631 15631 I Unique  : 2026-09-06 11:24:36.879 I NATIVE u0 com.a0soft.gphone.acc.free IO_REDIRECT_INSTALLED status=NOTHING_TO_HOOK watch=OK rules=8 slots=10 scope=/data/user/0/com.unique/files/virtual/apk/com.a0soft.gphone.acc.free/240005239/lib/arm64-v8a,/data/data/com.unique/files/virtual/apk/com.a0soft.gphone.acc.free/240005239/lib/arm64-v8a,/data/user/0/com
1788668676.882 10303 15631 15631 I Unique  : 2026-09-06 11:24:36.880 I LAUNCH u0 com.a0soft.gphone.acc.free BOOTSTRAP_OK package=com.a0soft.gphone.acc.free vuid=0 slot=0 applicationClass=com.pairip.application.Application dataDir=/data/user/0/com.unique/files/virtual/users/0/data/com.a0soft.gphone.acc.free sourceDir=/data/user/0/com.unique/files/virtual/apk/com.a0soft.gphone.acc.free/240005239/base.apk nativeLibraryDir=/data/user/0/com.unique/files/virtual/apk/com.a0soft.gphone.acc.free/240005239/lib/arm64-v8a targetSdk=36 observedPackageName=com.a0soft.gphone.acc.free observedFilesDir=/data/user/0/com.unique/files/virtual/users/0/data/com.a0soft.gphone.acc.free/files millis=823
1788668676.884 10303 15631 15631 I Unique  : 2026-09-06 11:24:36.883 I LAUNCH u0 com.a0soft.gphone.acc.free TRANSACTION_REWRITTEN package=com.a0soft.gphone.acc.free activity=com.a0soft.gphone.acc.free.MainWnd vuid=0 item=LaunchActivityItem theme=2131952551
1788668676.888 10303 14618 14701 I Unique  : 2026-09-06 11:24:36.886 I PROCESS PROVIDER_SLOT_READY slot=0 vuid=0 pid=15631
1788668676.909 10303 15631 15720 E om.unique:vapp0: setpriority success to 100 : mali-cmar-backend
1788668676.919 10303 15631 15631 I Unique  : 2026-09-06 11:24:36.919 I LAUNCH u0 com.a0soft.gphone.acc.free ACTIVITY_HARDWARE_ACCELERATED activity=com.a0soft.gphone.acc.free.MainWnd fromActivityInfo=false applied=true
1788668676.927 10303 15631 15631 W libc    : Access denied finding property "persist.vendor.camera.IsVariableApertureSupported"
1788668676.927 10303 15631 15631 W libc    : Access denied finding property "persist.vendor.camera.IsStreetModeSupported"
1788668676.960 10303 15631 15631 W libc    : Access denied finding property "ro.vendor.df.effect.conflict"
1788668676.969 10303 15631 15631 D Unique  : 2026-09-06 11:24:36.968 D PROCESS u0 com.a0soft.gphone.acc.free PERMISSION_CHECK permission=android.permission.INTERNET result=GRANTED
1788668676.994 10303 15631 15631 W libc    : Access denied finding property "ro.vendor.perf.scroll_opt"
1788668676.997 10303 15631 15698 W libc    : Access denied finding property "ro.vendor.display.iris_x7.support"
1788668677.011 10303 15631 15631 D Unique  : 2026-09-06 11:24:37.010 D LAUNCH u0 com.a0soft.gphone.acc.free CALLBACK_ALIVE what=159 obj=android.app.servertransaction.ClientTransaction
1788668677.012 10303 15631 15631 D Unique  : 2026-09-06 11:24:37.011 D LAUNCH u0 com.a0soft.gphone.acc.free NO_LAUNCH_ITEM transaction=android.app.servertransaction.ClientTransaction shape=CREATOR: mActivityCallbacks:[TopResumedActivityChangeItem] mActivityToken:BinderProxy mClient:null mLifecycleStateRequest:null mTransactionItems:[TopResumedActivityChangeItem] seen=2
1788668677.108 10303 15631 15698 D om.unique:vapp0: MiuiProcessManagerServiceStub setSchedFifo
1788668677.113 10303 15631 15698 W libc    : Access denied finding property "ro.vendor.display.iris_x7.support"
1788668677.129 10303 15631 15698 W libc    : Access denied finding property "ro.vendor.display.iris_x7.support"
1788668677.132 10303 15631 15631 D Unique  : 2026-09-06 11:24:37.132 D LAUNCH u0 com.a0soft.gphone.acc.free CALLBACK_ALIVE what=149 obj=android.os.BinderProxy
1788668677.144 10303 15631 15696 D Unique  : 2026-09-06 11:24:37.140 D PROCESS u0 com.a0soft.gphone.acc.free SERVICE_CONNECTION_WRAPPED connection=fq0
1788668677.180 10303 15631 15698 W libc    : Access denied finding property "ro.vendor.display.iris_x7.support"
1788668677.191 10303 15631 15631 D LicenseClient: Connecting to the main licensing service...
1788668677.191 10303 15631 15631 D Unique  : 2026-09-06 11:24:37.191 D PROCESS u0 com.a0soft.gphone.acc.free SERVICE_INTENT_CROSS_APP action=com.android.vending.licensing.ILicensingService target=com.android.vending
1788668677.192 10303 15631 15631 D Unique  : 2026-09-06 11:24:37.192 D PROCESS u0 com.a0soft.gphone.acc.free SERVICE_CONNECTION_WRAPPED connection=com.pairip.licensecheck.LicenseClient
1788668677.229 10303 15631 15631 W libc    : Access denied finding property "ro.vendor.mi_sf.new_dynamic_refresh_rate"
1788668677.238 10303 15631 15631 W libc    : Access denied finding property "ro.vendor.display.iris_x7.support"
1788668677.250 10303 15631 15631 D Unique  : 2026-09-06 11:24:37.250 D LAUNCH u0 com.a0soft.gphone.acc.free NO_LAUNCH_ITEM transaction=android.app.servertransaction.ClientTransaction shape=CREATOR: mActivityCallbacks:[WindowStateInsetsControlChangeItem] mActivityToken:null mClient:null mLifecycleStateRequest:null mTransactionItems:[WindowStateInsetsControlChangeItem] seen=3
1788668677.253 10303 15631 15631 D AndroidRuntime: Shutting down VM
1788668677.253 10303 15631 15631 E AndroidRuntime: FATAL EXCEPTION: main
1788668677.253 10303 15631 15631 E AndroidRuntime: Process: com.a0soft.gphone.acc.free, PID: 15631
1788668677.253 10303 15631 15631 E AndroidRuntime: java.lang.SecurityException: Unknown calling package name 'com.a0soft.gphone.acc.free'.
1788668677.253 10303 15631 15631 E AndroidRuntime: 	at android.os.Parcel.createExceptionOrNull(Parcel.java:3255)
1788668677.253 10303 15631 15631 E AndroidRuntime: 	at android.os.Parcel.createException(Parcel.java:3239)
1788668677.253 10303 15631 15631 E AndroidRuntime: 	at android.os.Parcel.readException(Parcel.java:3222)
1788668677.253 10303 15631 15631 E AndroidRuntime: 	at android.os.Parcel.readException(Parcel.java:3164)
1788668677.253 10303 15631 15631 E AndroidRuntime: 	at m7.es.m(:com.google.android.gms.dynamite_measurementdynamite@263234035@26.32.34 (260400-0):183)
1788668677.253 10303 15631 15631 E AndroidRuntime: 	at m7.ep.a(:com.google.android.gms.dynamite_measurementdynamite@263234035@26.32.34 (260400-0):14)
1788668677.253 10303 15631 15631 E AndroidRuntime: 	at m7.er.b(:com.google.android.gms.dynamite_measurementdynamite@263234035@26.32.34 (260400-0):7)
1788668677.253 10303 15631 15631 E AndroidRuntime: 	at m7.ei.c(:com.google.android.gms.dynamite_measurementdynamite@263234035@26.32.34 (260400-0):9)
1788668677.253 10303 15631 15631 E AndroidRuntime: 	at m7.el.handleMessage(:com.google.android.gms.dynamite_measurementdynamite@263234035@26.32.34 (260400-0):280)
1788668677.253 10303 15631 15631 E AndroidRuntime: 	at android.os.Handler.dispatchMessage(Handler.java:107)
1788668677.253 10303 15631 15631 E AndroidRuntime: 	at android.os.Looper.loopOnce(Looper.java:249)
1788668677.253 10303 15631 15631 E AndroidRuntime: 	at android.os.Looper.loop(Looper.java:337)
1788668677.253 10303 15631 15631 E AndroidRuntime: 	at android.app.ActivityThread.main(ActivityThread.java:9469)
1788668677.253 10303 15631 15631 E AndroidRuntime: 	at java.lang.reflect.Method.invoke(Native Method)
1788668677.253 10303 15631 15631 E AndroidRuntime: 	at com.android.internal.os.RuntimeInit$MethodAndArgsCaller.run(RuntimeInit.java:636)
1788668677.253 10303 15631 15631 E AndroidRuntime: 	at com.android.internal.os.ZygoteInit.main(ZygoteInit.java:1005)
1788668679.755 10303 15631 15745 W om.unique:vapp0: No such thread for suspend: 0x799be4e388:main
1788668679.808 10303 15631 15634 I om.unique:vapp0: Thread[2,tid=15634,WaitingInMainSignalCatcherLoop,Thread*=0xb400007cfb1146f0,peer=0x2572020,"Signal Catcher"]: reacting to signal 3
1788668680.044 10303 15631 15634 I om.unique:vapp0: Wrote stack traces to tombstoned
1788668682.258 10303 15631 15756 W om.unique:vapp0: No such thread for suspend: 0x79b9184388:main
1788668682.303 10303 15631 15634 I om.unique:vapp0: Thread[2,tid=15634,WaitingInMainSignalCatcherLoop,Thread*=0xb400007cfb1146f0,peer=0x2572020,"Signal Catcher"]: reacting to signal 3
1788668682.501 10303 15631 15634 I om.unique:vapp0: Wrote stack traces to tombstoned
1788668685.038 10303 14618 14951 I Unique  : 2026-09-06 11:24:45.033 I LAUNCH LAUNCH_REQUESTED package=com.a0soft.gphone.acc.free vuid=0 activity=com.a0soft.gphone.acc.free.MainWnd slot=:vapp0 launchMode=0
1788668686.818 10303 15631 15682 D Unique  : 2026-09-06 11:24:46.815 D PROCESS u0 com.a0soft.gphone.acc.free SERVICE_INTENT_CROSS_APP action=com.google.android.gms.phenotype.service.START target=com.google.android.gms
1788668686.822 10303 15631 15682 D Unique  : 2026-09-06 11:24:46.818 D PROCESS u0 com.a0soft.gphone.acc.free SERVICE_CONNECTION_WRAPPED connection=m7.fy
1788668686.837 10303 15631 15682 E GoogleApiManager: java.lang.SecurityException: Unknown calling package name 'com.a0soft.gphone.acc.free'.
1788668687.315 10303 15631 15634 I om.unique:vapp0: Thread[2,tid=15634,WaitingInMainSignalCatcherLoop,Thread*=0xb400007cfb1146f0,peer=0x2000d60,"Signal Catcher"]: reacting to signal 3
1788668687.535 10303 15631 15634 I om.unique:vapp0: Wrote stack traces to tombstoned
1788668687.559 10303 15631 15780 W om.unique:vapp0: No such thread for suspend: 0x7a67fc7388:main
1788668687.617 10303 15631 15634 I om.unique:vapp0: Thread[2,tid=15634,WaitingInMainSignalCatcherLoop,Thread*=0xb400007cfb1146f0,peer=0x2000d60,"Signal Catcher"]: reacting to signal 3
1788668687.855 10303 15631 15634 I om.unique:vapp0: Wrote stack traces to tombstoned
1788668696.188 10303 14618 14946 I Unique  : 2026-09-06 11:24:56.187 I PROCESS PROCESS_RELEASED slot=:vapp0 reason=removed
1788668696.202 10303 14618 14951 I Unique  : 2026-09-06 11:24:56.201 I PROCESS BROADCAST_ROUTER_READY instances=0 actions=22 authorities=[redacted]
1788668709.765 10303 14618 14639 I Unique  : 2026-09-06 11:25:09.765 I STORAGE IMPORT_STARTED package=bin.mt.plus files=1
1788668710.011 10303 14618 14639 I Unique  : 2026-09-06 11:25:10.010 I STORAGE PACKAGE_IMPORTED package=bin.mt.plus versionCode=26081193 splits=1 libs=11 abi=arm64-v8a bytes=32102828 readOnlyApks=1
1788668710.041 10303 14618 14639 I Unique  : 2026-09-06 11:25:10.040 I STORAGE INSTANCE_PREPARED vuid=0 package=bin.mt.plus created=12
1788668710.044 10303 14618 14639 I Unique  : 2026-09-06 11:25:10.043 I STORAGE INSTANCE_CREATED package=bin.mt.plus vuid=0 name=Profile 1 androidId=840a3c62db4de4a7
1788668710.086 10303 14618 14951 I Unique  : 2026-09-06 11:25:10.082 I PROCESS BROADCAST_ROUTES_REGISTERED package=bin.mt.plus vuid=0 routes=5 actions=com.attribution.SYSTEM_INSTALLER_REFERRER,android.intent.action.MEDIA_MOUNTED,androidx.work.diagnostics.REQUEST_DIAGNOSTICS,androidx.profileinstaller.action.SKIP_FILE,android.intent.action.LOCALE_CHANGED,com.facebook.sdk.ACTION_CURRENT_ACCESS_TOKEN_CHANGED,androidx.profileinstaller.action.BENCHMARK_
1788668710.088 10303 14618 14951 I Unique  : 2026-09-06 11:25:10.087 I PROCESS PROVIDER_ROUTES_REGISTERED package=bin.mt.plus vuid=0 authorities=[redacted]
1788668710.090 10303 14618 14951 I Unique  : 2026-09-06 11:25:10.088 I PROCESS BROADCAST_ROUTER_READY instances=1 actions=23 authorities=[redacted]
1788668710.136 10303 14618 14951 I Unique  : 2026-09-06 11:25:10.135 I STORAGE GUEST_INFO_RESOLVED package=bin.mt.plus label=MT Manager icon=true
1788668710.807 10303 14618 14943 I Unique  : 2026-09-06 11:25:10.806 I GOOGLE GOOGLE_ENVIRONMENT gmsPresent=true gmsEnabled=true gmsVersionCode=263234035 gmsVersionName=26.32.34 (260400-968093310) vendingPresent=true gsfPresent=true customTabs=com.android.chrome hostGmsAvailable=true virtualGmsInstalled=false customTabsAvailable=true
1788668710.823 10303 14618 14951 I Unique  : 2026-09-06 11:25:10.822 I GOOGLE GOOGLE_ENVIRONMENT gmsPresent=true gmsEnabled=true gmsVersionCode=263234035 gmsVersionName=26.32.34 (260400-968093310) vendingPresent=true gsfPresent=true customTabs=com.android.chrome hostGmsAvailable=true virtualGmsInstalled=false customTabsAvailable=true
1788668710.824 10303 14618 14951 I Unique  : 2026-09-06 11:25:10.823 I GOOGLE GOOGLE_ROUTE package=bin.mt.plus flow=SIGN_IN mode=PASSTHROUGH why=The app declares an OAuth redirect scheme, so the browser flow can be used and is the most reliable path.
1788668710.825 10303 14618 14951 I Unique  : 2026-09-06 11:25:10.824 I GOOGLE GOOGLE_ROUTE package=bin.mt.plus flow=CREDENTIAL_MANAGER mode=HOST_BRIDGE why=Unverified: Sign in with Google issues a token for the app's server client, so the device's own Google Play services should be able to answer. Not yet confirmed against a real sample.
1788668710.826 10303 14618 14951 I Unique  : 2026-09-06 11:25:10.825 I GOOGLE GOOGLE_ROUTE package=bin.mt.plus flow=ACCOUNT_MANAGER mode=HOST_BRIDGE why=Account access is bridged to the device's accounts; consent is shown as UNIQUE.
1788668710.827 10303 14618 14951 I Unique  : 2026-09-06 11:25:10.826 I GOOGLE GOOGLE_ROUTE package=bin.mt.plus flow=FIREBASE_AUTH mode=PASSTHROUGH why=Firebase Auth consumes a token from another flow; the app's browser redirect can supply it.
1788668710.827 10303 14618 14951 I Unique  : 2026-09-06 11:25:10.827 I GOOGLE GOOGLE_ROUTE package=bin.mt.plus flow=OAUTH_WEB mode=PASSTHROUGH why=Browser-based OAuth needs no Google Play services, only a working redirect back into this instance.
1788668710.829 10303 14618 14951 I Unique  : 2026-09-06 11:25:10.828 I GOOGLE GOOGLE_ROUTE package=bin.mt.plus flow=FCM mode=HOST_BRIDGE why=Experimental: push registration is bridged through the host. Whether Google Play services accepts it varies by version; the result is recorded per device.
1788668710.829 10303 14618 14951 I Unique  : 2026-09-06 11:25:10.829 I GOOGLE GOOGLE_ROUTE package=bin.mt.plus flow=PLAY_GAMES mode=UNSUPPORTED why=Not supported yet: Play Games checks an attested app identity, and UNIQUE has not been tested against it.
1788668711.593 10303 14618 14950 I Unique  : 2026-09-06 11:25:11.592 I PROCESS PROCESS_ASSIGNED slot=:vapp0 vuid=0 process=bin.mt.plus
1788668711.622 10303 14618 14950 I Unique  : 2026-09-06 11:25:11.621 I LAUNCH LAUNCH_REQUESTED package=bin.mt.plus vuid=0 activity=bin.mt.plus.MainNoBgIcon slot=:vapp0 launchMode=0
1788668711.666 10303 15869 15869 I om.unique:vapp0: Using generational CollectorTypeCMC GC.
1788668711.707 10303 15869 15869 D ActivityThread: setEmbeddedParam packageName=com.unique processName=com.unique:vapp0 isEmbedded=false isIsolated=false
1788668711.755 10303 15869 15869 I Unique  : 2026-09-06 11:25:11.749 I PROCESS PROCESS_START process=com.unique:vapp0 kind=VAPP sdk=35 abi=arm64-v8a,armeabi-v7a,armeabi
1788668711.755 10303 15869 15869 W om.unique:vapp0: Unsupported class loader: java.lang.Class<org.lsposed.hiddenapibypass.CoreOjClassLoader>
1788668711.810 10303 15869 15869 W om.unique:vapp0: Unsupported class loader: java.lang.Class<org.lsposed.hiddenapibypass.CoreOjClassLoader>
1788668711.810 10303 15869 15869 W om.unique:vapp0: Unsupported class loader: java.lang.Class<org.lsposed.hiddenapibypass.CoreOjClassLoader>
1788668711.812 10303 15869 15869 I Unique  : 2026-09-06 11:25:11.812 I HOOK HIDDEN_API_GRANTED via=HiddenApiBypass
1788668711.815 10303 15869 15869 I UniqueNative: libunique_native loaded (page size 4096)
1788668711.818 10303 15869 15869 I Unique  : 2026-09-06 11:25:11.817 I LAUNCH INTERCEPTOR_INSTALLED executeTransaction=159
1788668711.818 10303 15869 15869 I Unique  : 2026-09-06 11:25:11.818 I PROCESS VAPP_READY slot=0
1788668711.821 10303 15869 15869 I Unique  : 2026-09-06 11:25:11.821 I PROCESS STUB_PROVIDER_CREATED slot=0
1788668711.835 10303 15869 15869 D Unique  : 2026-09-06 11:25:11.834 D LAUNCH CALLBACK_ALIVE what=164 obj=java.lang.String
1788668711.836 10303 15869 15869 D Unique  : 2026-09-06 11:25:11.836 D LAUNCH CALLBACK_ALIVE what=159 obj=android.app.servertransaction.ClientTransaction
1788668711.864 10303 15869 15869 I Unique  : 2026-09-06 11:25:11.863 I PROCESS PROCESS_RENAMED argv0=bin.mt.plus
1788668711.975 10303 15869 15869 W om.unique:vapp0: This dex file is invalid and will be rejected in the future. Error is: Constructor 25796(Ll/֨;.<clinit>) must not be abstract or native
1788668711.976 10303 15869 15869 W om.unique:vapp0: This dex file is invalid and will be rejected in the future. Error is: Constructor 25826(Ll/֨֡ۨ;.<init>) must not be abstract or native
1788668711.976 10303 15869 15869 W om.unique:vapp0: This dex file is invalid and will be rejected in the future. Error is: Constructor 26194(Ll/֨ܺ;.<clinit>) must not be abstract or native
1788668711.976 10303 15869 15869 W om.unique:vapp0: This dex file is invalid and will be rejected in the future. Error is: Constructor 26593(Ll/֫ܰܺ;.<clinit>) must not be abstract or native
1788668711.976 10303 15869 15869 W om.unique:vapp0: This dex file is invalid and will be rejected in the future. Error is: Constructor 58193(Ll/ᩴ۫ܿ;.<init>) must not be abstract or native
1788668711.976 10303 15869 15869 W om.unique:vapp0: This dex file is invalid and will be rejected in the future. Error is: Constructor 58194(Ll/ᩴ۫ܿ;.<init>) must not be abstract or native
1788668711.976 10303 15869 15869 W om.unique:vapp0: This dex file is invalid and will be rejected in the future. Error is: Constructor 26687(Ll/֫ᩴ᩵;.<init>) must not be abstract or native
1788668711.976 10303 15869 15869 W om.unique:vapp0: This dex file is invalid and will be rejected in the future. Error is: Constructor 27561(Ll/ۗۢ;.<clinit>) must not be abstract or native
1788668711.976 10303 15869 15869 W om.unique:vapp0: This dex file is invalid and will be rejected in the future. Error is: Constructor 27600(Ll/ۗۤ;.<clinit>) must not be abstract or native
1788668711.976 10303 15869 15869 W om.unique:vapp0: This dex file is invalid and will be rejected in the future. Error is: Constructor 27637(Ll/ۗۨ;.<clinit>) must not be abstract or native
1788668711.976 10303 15869 15869 W om.unique:vapp0: This dex file is invalid and will be rejected in the future. Error is: Constructor 27674(Ll/ۗ۬;.<clinit>) must not be abstract or native
1788668711.976 10303 15869 15869 W om.unique:vapp0: This dex file is invalid and will be rejected in the future. Error is: Constructor 27926(Ll/ۗ᩶;.<clinit>) must not be abstract or native
1788668711.976 10303 15869 15869 W om.unique:vapp0: This dex file is invalid and will be rejected in the future. Error is: Constructor 28163(Ll/ۘ۟;.<clinit>) must not be abstract or native
1788668711.976 10303 15869 15869 W om.unique:vapp0: This dex file is invalid and will be rejected in the future. Error is: Constructor 28211(Ll/ۘۢ;.<clinit>) must not be abstract or native
1788668711.976 10303 15869 15869 W om.unique:vapp0: This dex file is invalid and will be rejected in the future. Error is: Constructor 28763(Ll/ۘ᩺;.<clinit>) must not be abstract or native
1788668711.976 10303 15869 15869 W om.unique:vapp0: This dex file is invalid and will be rejected in the future. Error is: Constructor 28818(Ll/ۙ֨;.<clinit>) must not be abstract or native
1788668711.976 10303 15869 15869 W om.unique:vapp0: This dex file is invalid and will be rejected in the future. Error is: Constructor 29063(Ll/ۙ۠;.<clinit>) must not be abstract or native
1788668711.976 10303 15869 15869 W om.unique:vapp0: This dex file is invalid and will be rejected in the future. Error is: Constructor 29219(Ll/ۙܺܶ;.<init>) must not be abstract or native
1788668711.976 10303 15869 15869 W om.unique:vapp0: This dex file is invalid and will be rejected in the future. Error is: Constructor 29252(Ll/ۙܿ;.<clinit>) must not be abstract or native
1788668711.976 10303 15869 15869 W om.unique:vapp0: This dex file is invalid and will be rejected in the future. Error is: Constructor 29545(Ll/ۚۚ;.<clinit>) must not be abstract or native
1788668711.976 10303 15869 15869 W om.unique:vapp0: This dex file is invalid and will be rejected in the future. Error is: Constructor 29836(Ll/ۚܰܺ;.<init>) must not be abstract or native
1788668711.976 10303 15869 15869 W om.unique:vapp0: This dex file is invalid and will be rejected in the future. Error is: Constructor 29837(Ll/ۚܰܺ;.<init>) must not be abstract or native
1788668711.976 10303 15869 15869 W om.unique:vapp0: This dex file is invalid and will be rejected in the future. Error is: Constructor 29971(Ll/ۚܿ;.<clinit>) must not be abstract or native
1788668711.976 10303 15869 15869 W om.unique:vapp0: This dex file is invalid and will be rejected in the future. Error is: Constructor 31567(Ll/۟᩸;.<clinit>) must not be abstract or native
1788668711.976 10303 15869 15869 W om.unique:vapp0: This dex file is invalid and will be rejected in the future. Error is: Constructor 31640(Ll/۟᩻ۨ;.<clinit>) must not be abstract or native
1788668711.976 10303 15869 15869 W om.unique:vapp0: This dex file is invalid and will be rejected in the future. Error is: Constructor 31669(Ll/۠֡ۨ;.<init>) must not be abstract or native
1788668711.976 10303 15869 15869 W om.unique:vapp0: This dex file is invalid and will be rejected in the future. Error is: Constructor 31786(Ll/۠ۛۧ;.<init>) must not be abstract or native
1788668711.977 10303 15869 15869 W om.unique:vapp0: This dex file is invalid and will be rejected in the future. Error is: Constructor 35575(Ll/ۡۧ;.<clinit>) must not be abstract or native
1788668711.977 10303 15869 15869 W om.unique:vapp0: This dex file is invalid and will be rejected in the future. Error is: Constructor 37542(Ll/ۢ;.<clinit>) must not be abstract or native
1788668711.977 10303 15869 15869 W om.unique:vapp0: This dex file is invalid and will be rejected in the future. Error is: Constructor 58775(Ll/᩵ۧ;.<clinit>) must not be abstract or native
1788668711.978 10303 15869 15869 W om.unique:vapp0: This dex file is invalid and will be rejected in the future. Error is: Constructor 41464(Ll/ۤۚ;.<clinit>) must not be abstract or native
1788668711.978 10303 15869 15869 W om.unique:vapp0: This dex file is invalid and will be rejected in the future. Error is: Constructor 41779(Ll/ۤ۟;.<clinit>) must not be abstract or native
1788668711.978 10303 15869 15869 W om.unique:vapp0: This dex file is invalid and will be rejected in the future. Error is: Constructor 42781(Ll/ۤܽ;.<clinit>) must not be abstract or native
1788668711.978 10303 15869 15869 W om.unique:vapp0: This dex file is invalid and will be rejected in the future. Error is: Constructor 53921(Ll/ܰۛ;.<clinit>) must not be abstract or native
1788668711.978 10303 15869 15869 W om.unique:vapp0: This dex file is invalid and will be rejected in the future. Error is: Constructor 59830(Ll/᩷۠;.<clinit>) must not be abstract or native
1788668711.979 10303 15869 15869 W om.unique:vapp0: This dex file is invalid and will be rejected in the future. Error is: Constructor 49747(Ll/۫;.<clinit>) must not be abstract or native
1788668711.980 10303 15869 15869 W om.unique:vapp0: This dex file is invalid and will be rejected in the future. Error is: Constructor 52612(Ll/۬;.<clinit>) must not be abstract or native
1788668711.980 10303 15869 15869 W om.unique:vapp0: This dex file is invalid and will be rejected in the future. Error is: Constructor 53434(Ll/۬ۨ;.<clinit>) must not be abstract or native
1788668711.980 10303 15869 15869 W om.unique:vapp0: This dex file is invalid and will be rejected in the future. Error is: Constructor 53480(Ll/۬۬;.<clinit>) must not be abstract or native
1788668711.980 10303 15869 15869 W om.unique:vapp0: This dex file is invalid and will be rejected in the future. Error is: Constructor 53693(Ll/ܰ;.<clinit>) must not be abstract or native
1788668711.980 10303 15869 15869 W om.unique:vapp0: This dex file is invalid and will be rejected in the future. Error is: Constructor 54097(Ll/ܰۢ;.<clinit>) must not be abstract or native
1788668711.980 10303 15869 15869 W om.unique:vapp0: This dex file is invalid and will be rejected in the future. Error is: Constructor 54365(Ll/ܰ᩷ܶ;.<init>) must not be abstract or native
1788668711.980 10303 15869 15869 W om.unique:vapp0: This dex file is invalid and will be rejected in the future. Error is: Constructor 54501(Ll/ܳۚ;.<clinit>) must not be abstract or native
1788668711.980 10303 15869 15869 W om.unique:vapp0: This dex file is invalid and will be rejected in the future. Error is: Constructor 54537(Ll/ܳۛ;.<clinit>) must not be abstract or native
1788668711.980 10303 15869 15869 W om.unique:vapp0: This dex file is invalid and will be rejected in the future. Error is: Constructor 55382(Ll/ܶᩴ;.<clinit>) must not be abstract or native
1788668711.980 10303 15869 15869 W om.unique:vapp0: This dex file is invalid and will be rejected in the future. Error is: Constructor 55425(Ll/ܶ᩵;.<clinit>) must not be abstract or native
1788668711.980 10303 15869 15869 W om.unique:vapp0: This dex file is invalid and will be rejected in the future. Error is: Constructor 55966(Ll/ܺܺܶ;.<init>) must not be abstract or native
1788668711.980 10303 15869 15869 W om.unique:vapp0: This dex file is invalid and will be rejected in the future. Error is: Constructor 56171(Ll/ܽ;.<clinit>) must not be abstract or native
1788668711.980 10303 15869 15869 W om.unique:vapp0: This dex file is invalid and will be rejected in the future. Error is: Constructor 56332(Ll/ܽ۟;.<clinit>) must not be abstract or native
1788668711.980 10303 15869 15869 W om.unique:vapp0: This dex file is invalid and will be rejected in the future. Error is: Constructor 56375(Ll/ܽۡ;.<clinit>) must not be abstract or native
1788668711.980 10303 15869 15869 W om.unique:vapp0: This dex file is invalid and will be rejected in the future. Error is: Constructor 56602(Ll/ܽܽ;.<clinit>) must not be abstract or native
1788668711.980 10303 15869 15869 W om.unique:vapp0: This dex file is invalid and will be rejected in the future. Error is: Constructor 56644(Ll/ܽᩳ;.<clinit>) must not be abstract or native
1788668711.980 10303 15869 15869 W om.unique:vapp0: This dex file is invalid and will be rejected in the future. Error is: Constructor 56764(Ll/ܿ֡ۧ;.<init>) must not be abstract or native
1788668711.980 10303 15869 15869 W om.unique:vapp0: This dex file is invalid and will be rejected in the future. Error is: Constructor 56947(Ll/ܿܰ;.<clinit>) must not be abstract or native
1788668711.980 10303 15869 15869 W om.unique:vapp0: This dex file is invalid and will be rejected in the future. Error is: Constructor 56986(Ll/ܿܶ;.<clinit>) must not be abstract or native
1788668711.980 10303 15869 15869 W om.unique:vapp0: This dex file is invalid and will be rejected in the future. Error is: Constructor 57078(Ll/ܿᩴۚ;.<clinit>) must not be abstract or native
1788668711.980 10303 15869 15869 W om.unique:vapp0: This dex file is invalid and will be rejected in the future. Error is: Constructor 57079(Ll/ܿᩴۚ;.<init>) must not be abstract or native
1788668711.980 10303 15869 15869 W om.unique:vapp0: This dex file is invalid and will be rejected in the future. Error is: Constructor 57203(Ll/ᩳ;.<clinit>) must not be abstract or native
1788668711.980 10303 15869 15869 W om.unique:vapp0: This dex file is invalid and will be rejected in the future. Error is: Constructor 58418(Ll/ᩴᩴ;.<clinit>) must not be abstract or native
1788668711.980 10303 15869 15869 W om.unique:vapp0: This dex file is invalid and will be rejected in the future. Error is: Constructor 58601(Ll/᩵ۙ֫;.<init>) must not be abstract or native
1788668711.980 10303 15869 15869 W om.unique:vapp0: This dex file is invalid and will be rejected in the future. Error is: Constructor 59316(Ll/᩶۠;.<clinit>) must not be abstract or native
1788668711.980 10303 15869 15869 W om.unique:vapp0: This dex file is invalid and will be rejected in the future. Error is: Constructor 59802(Ll/᩷۟;.<clinit>) must not be abstract or native
1788668711.980 10303 15869 15869 W om.unique:vapp0: This dex file is invalid and will be rejected in the future. Error is: Constructor 60057(Ll/᩷ܺܶ;.<init>) must not be abstract or native
1788668711.980 10303 15869 15869 W om.unique:vapp0: This dex file is invalid and will be rejected in the future. Error is: Constructor 60258(Ll/᩸ۖ;.<clinit>) must not be abstract or native
1788668711.980 10303 15869 15869 W om.unique:vapp0: This dex file is invalid and will be rejected in the future. Error is: Constructor 60419(Ll/᩸۟;.<clinit>) must not be abstract or native
1788668711.980 10303 15869 15869 W om.unique:vapp0: This dex file is invalid and will be rejected in the future. Error is: Constructor 60595(Ll/᩸ܰܺ;.<init>) must not be abstract or native
1788668711.980 10303 15869 15869 W om.unique:vapp0: This dex file is invalid and will be rejected in the future. Error is: Constructor 61160(Ll/᩹ܺ;.<clinit>) must not be abstract or native
1788668711.980 10303 15869 15869 W om.unique:vapp0: This dex file is invalid and will be rejected in the future. Error is: Constructor 62426(Ll/᩻᩷;.<clinit>) must not be abstract or native
1788668711.980 10303 15869 15869 W om.unique:vapp0: This dex file is invalid and will be rejected in the future. Error is: Constructor 62497(Ll/᩻᩹;.<clinit>) must not be abstract or native
1788668712.333 10303 15869 15869 I Unique  : 2026-09-06 11:25:12.333 I PROCESS PROFILE_BOUND profile=592f1988-dcae-4fce-8f24-b38191dfbe63 androidId=840a3c62db4de4a7 generation=1
1788668712.335 10303 15869 15869 I Unique  : 2026-09-06 11:25:12.334 I PROCESS BUILD_OVERRIDES_APPLIED applied=1 requested=1
1788668712.336 10303 15869 15869 I Unique  : 2026-09-06 11:25:12.335 I LAUNCH PROFILE_BOUND profileId=592f1988-dcae-4fce-8f24-b38191dfbe63 generation=1
1788668712.342 10303 15869 15869 I Unique  : 2026-09-06 11:25:12.341 I PROCESS PERMISSION_CACHE_DISABLED disabled=disablePackageNamePermissionCache,disablePermissionCache,disableApplicationInfoCache,disablePackageInfoCache,disableGetPackagesForUidCache failed=android.app.ActivityManager: no disable*Cache()
1788668712.347 10303 15869 15869 I Unique  : 2026-09-06 11:25:12.346 I PROCESS PERMISSIONS_BOUND package=bin.mt.plus vuid=0 declared=25 restored=0 runtime=3 installTime=22 selfDefined=1
1788668712.363 10303 15869 15869 I Unique  : 2026-09-06 11:25:12.361 I HOOK SERVICE_HOOKED service=package cache=true singletons=1 bound=permissionCheck,getActivityInfo,applicationEnabledSetting,getApplicationInfo,componentEnabledSetting,installedPackages,getInstallerPackageName,getNameForUid,getPackageInfo,getPackagesForUid,getProviderInfo,getReceiverInfo,getServiceInfo,queryIntent,resolveContentProvider,resolveIntent matched=permissionCheck=checkPermission+checkUidPermission,getActivityInfo,applicationEnabledSetting=getApplicationEnabledSetting+setApplicationEnabledSetting,getApplicationInfo,componentEnabledSetting=getComponentEnabledSetting+setComponentEnabledSetting,installedPackages=getInstalledApplications+getInstalledPackages,getInstallerPackageName,getNameForUid,getPackageInfo,getPackagesForUid,getProviderInfo,g
1788668712.364 10303 15869 15869 I Unique  : 2026-09-06 11:25:12.363 I LAUNCH VPM_HOOK_INSTALLED package=bin.mt.plus bound=permissionCheck,getActivityInfo,applicationEnabledSetting,getApplicationInfo,componentEnabledSetting,installedPackages,getInstallerPackageName,getNameForUid,getPackageInfo,getPackagesForUid,getProviderInfo,getReceiverInfo,getServiceInfo,queryIntent,resolveContentProvider,resolveIntent
1788668712.385 10303 15869 15869 I Unique  : 2026-09-06 11:25:12.384 I HOOK SERVICE_HOOKED service=activity cache=true singletons=1 bound=serviceDispatch,callerIdentity,permissionCheck,getContentProvider,intentSender,runningProcesses,registerReceiver,foregroundService matched=serviceDispatch=bindService+bindServiceInstance+peekService+publishService+startService+stopService+unbindFinished,callerIdentity=broadcastIntent+broadcastIntentWithFeature+getBindingUidProcessState+getContentProviderExternal+getHistoricalProcessExitReasons+getHistoricalProcessStartReasons+getPackageProcessState+getTagForIntentSender+getUidLastIdleElapsedTime+getUidProcessCapabilities+getUidProces
1788668712.386 10303 15869 15869 I Unique  : 2026-09-06 11:25:12.385 I LAUNCH VAM_HOOK_INSTALLED package=bin.mt.plus host=com.unique methods=8 matched=serviceDispatch=bindService+bindServiceInstance+peekService+publishService+startService+stopService+unbindFinished,callerIdentity=broadcastIntent+broadcastIntentWithFeature+getBindingUidProcessState+getContentProviderExternal+getHistoricalProcessExitReasons+getHistoricalProcessStartReasons+getPackageProcessState+getTagForIntentSender+getUidLastIdleElapsedTime+getUidProcessCapabilities+getUidProcessState+grantUriPermission+isBackgroundRestricted+isUidActive+moveTaskToFront+revokeUriPermission+sendIntentSender+startActivity+startActivityAsUser+startActivityAsUserWithFeature+startActivityWithFeature,permissionCheck=checkPermission+checkPermissionForDevice,getContentProvider,intentSender=getIntentSender+getIntentSenderWithFeature,runningProcesses=getRunningAppProcesses+getServices,registerReceiver=registerReceiver+registerReceiverWithFeature,foregroundService=setServiceForeground
1788668712.392 10303 15869 15869 I Unique  : 2026-09-06 11:25:12.391 I HOOK SERVICE_HOOKED service=activity_task cache=true singletons=1 bound=activityStart matched=activityStart=startActivities+startActivity+startActivityAndWait+startActivityAsCaller+startActivityAsUser+startActivityFromGameSession+startActivityIntentSender+startActivityWithConfig
1788668712.394 10303 15869 15869 I Unique  : 2026-09-06 11:25:12.392 I LAUNCH ATM_HOOK_INSTALLED package=bin.mt.plus host=com.unique matched=activityStart=startActivities+startActivity+startActivityAndWait+startActivityAsCaller+startActivityAsUser+startActivityFromGameSession+startActivityIntentSender+startActivityWithConfig
1788668712.396 10303 15869 15869 I Unique  : 2026-09-06 11:25:12.395 I HOOK SERVICE_HOOKED service=permissionmgr cache=true singletons=1 bound=shouldShowRequestPermissionRationale matched=shouldShowRequestPermissionRationale
1788668712.396 10303 15869 15869 I Unique  : 2026-09-06 11:25:12.396 I HOOK PERMISSION_MANAGER_HOOKED matched=shouldShowRequestPermissionRationale
1788668712.399 10303 15869 15869 I Unique  : 2026-09-06 11:25:12.398 I HOOK SERVICE_HOOKED service=appops cache=true singletons=0 bound=appOpIdentity matched=appOpIdentity=checkAudioOperation+checkOperation+checkOperationForDevice+checkOperationRaw+checkOperationRawForDevice+checkPackage+collectNoteOpCallsForValidation+extractAsyncOps+finishOperation+finishOperationForDevice+getHistoricalOps+getHistoricalOpsFromDiskRaw+getOpsForPackage+getPackagesForOpsForDevice+isOperationActive+isProxying+noteOperation+noteOperationForDevice+noteProxyOperation+notePr
1788668712.402 10303 15869 15869 I Unique  : 2026-09-06 11:25:12.400 I HOOK APPOPS_HOOKED package=bin.mt.plus host=com.unique matched=appOpIdentity=checkAudioOperation+checkOperation+checkOperationForDevice+checkOperationRaw+checkOperationRawForDevice+checkPackage+collectNoteOpCallsForValidation+extractAsyncOps+finishOperation+finishOperationForDevice+getHistoricalOps+getHistoricalOpsFromDiskRaw+getOpsForPackage+getPackagesForOpsForDevice+isOperationActive+isProxying+noteOperation+noteOperationForDevice+noteProxyOperation+notePr
1788668712.410 10303 15869 15869 I Unique  : 2026-09-06 11:25:12.410 I PROCESS SETTINGS_CACHES_PRIMED wrappedByHand=0 alreadyWrapped=3 empty=1
1788668712.411 10303 15869 15869 I Unique  : 2026-09-06 11:25:12.410 I PROCESS PROVIDER_CACHES_EVICTED activityThreadProviders=2 providerRefCounts=1 settingsCaches=4 settingsWrapped=3 hostSource=com.unique hostSourceUid=10303
1788668712.427 10303 15869 15869 W om.unique:vapp0: Unsupported class loader: java.lang.Class<l.᩶۠᩵>
1788668712.470 10303 15869 15869 W om.unique:vapp0: Unsupported class loader: java.lang.Class<l.᩶۠᩵>
1788668712.470 10303 15869 15869 W om.unique:vapp0: Unsupported class loader: java.lang.Class<l.᩶۠᩵>
1788668712.475 10303 15869 15869 E om.unique:vapp0: No implementation found for void l.ۢ.<clinit>() (tried Java_l__006e2__0003cclinit_0003e and Java_l__006e2__0003cclinit_0003e__) - is the library loaded, e.g. System.loadLibrary?
1788668712.483 10303 15869 15869 I om.unique:vapp0: Rejecting re-init on previously-failed class java.lang.Class<l.֫ۙۚ>: java.lang.UnsatisfiedLinkError: No implementation found for void l.ۢ.<clinit>() (tried Java_l__006e2__0003cclinit_0003e and Java_l__006e2__0003cclinit_0003e__) - is the library loaded, e.g. System.loadLibrary?
1788668712.483 10303 15869 15869 I om.unique:vapp0:   at void l.ۢ.<clinit>() (W61L:-2)
1788668712.483 10303 15869 15869 I om.unique:vapp0:   at void l.֫ۙۚ.<clinit>() (254C:-1)
1788668712.483 10303 15869 15869 I om.unique:vapp0:   at java.lang.Object java.lang.Class.newInstance() (Class.java:-2)
1788668712.483 10303 15869 15869 I om.unique:vapp0:   at android.app.Application android.app.AppComponentFactory.instantiateApplication(java.lang.ClassLoader, java.lang.String) (AppComponentFactory.java:76)
1788668712.483 10303 15869 15869 I om.unique:vapp0:   at android.app.Application android.app.Instrumentation.newApplication(java.lang.ClassLoader, java.lang.String, android.content.Context) (Instrumentation.java:1355)
1788668712.483 10303 15869 15869 I om.unique:vapp0:   at android.app.Application android.app.LoadedApk.makeApplicationInner(boolean, android.app.Instrumentation, boolean) (LoadedApk.java:1515)
1788668712.483 10303 15869 15869 I om.unique:vapp0:   at android.app.Application android.app.LoadedApk.makeApplicationInner(boolean, android.app.Instrumentation) (LoadedApk.java:1443)
1788668712.483 10303 15869 15869 I om.unique:vapp0:   at java.lang.Object java.lang.reflect.Method.invoke(java.lang.Object, java.lang.Object[]) (Method.java:-2)
1788668712.483 10303 15869 15869 I om.unique:vapp0:   at kotlin.Pair com.unique.core.vam.AppBootstrap.makeApplication(java.lang.Class, java.lang.Object, java.lang.Object) (AppBootstrap.kt:1195)
1788668712.483 10303 15869 15869 I om.unique:vapp0:   at com.unique.core.vam.AppBootstrap$Result com.unique.core.vam.AppBootstrap.graft(android.content.Context, com.unique.core.vam.VirtualLaunchParams) (AppBootstrap.kt:414)
1788668712.483 10303 15869 15869 I om.unique:vapp0:   at com.unique.core.vam.AppBootstrap$Result com.unique.core.vam.AppBootstrap.bootstrap(android.content.Context, com.unique.core.vam.VirtualLaunchParams) (AppBootstrap.kt:107)
1788668712.483 10303 15869 15869 I om.unique:vapp0:   at void com.unique.core.vam.LaunchInterceptor.rewrite(android.os.Message) (LaunchInterceptor.kt:510)
1788668712.483 10303 15869 15869 I om.unique:vapp0:   at boolean com.unique.core.vam.LaunchInterceptor.install$lambda$4(int, int, java.util.Set, android.os.Handler$Callback, android.os.Message) (LaunchInterceptor.kt:118)
1788668712.483 10303 15869 15869 I om.unique:vapp0:   at boolean com.unique.core.vam.LaunchInterceptor.$r8$lambda$0dAelSXAu4LsoTU-x_lFGXS1fWU(int, int, java.util.Set, android.os.Handler$Callback, android.os.Message) (LaunchInterceptor.kt:-1)
1788668712.483 10303 15869 15869 I om.unique:vapp0:   at boolean com.unique.core.vam.LaunchInterceptor$$ExternalSyntheticLambda0.handleMessage(android.os.Message) (D8$$SyntheticClass:0)
1788668712.483 10303 15869 15869 I om.unique:vapp0:   at void android.os.Handler.dispatchMessage(android.os.Message) (Handler.java:103)
1788668712.483 10303 15869 15869 I om.unique:vapp0:   at boolean android.os.Looper.loopOnce(android.os.Looper, long, int) (Looper.java:249)
1788668712.483 10303 15869 15869 I om.unique:vapp0:   at void android.os.Looper.loop() (Looper.java:337)
1788668712.483 10303 15869 15869 I om.unique:vapp0:   at void android.app.ActivityThread.main(java.lang.String[]) (ActivityThread.java:9469)
1788668712.483 10303 15869 15869 I om.unique:vapp0:   at java.lang.Object java.lang.reflect.Method.invoke(java.lang.Object, java.lang.Object[]) (Method.java:-2)
1788668712.483 10303 15869 15869 I om.unique:vapp0:   at void com.android.internal.os.RuntimeInit$MethodAndArgsCaller.run() (RuntimeInit.java:636)
1788668712.483 10303 15869 15869 I om.unique:vapp0:   at void com.android.internal.os.ZygoteInit.main(java.lang.String[]) (ZygoteInit.java:1005)
1788668712.485 10303 15869 15869 I om.unique:vapp0: Rejecting re-init on previously-failed class java.lang.Class<l.֫ۙۚ>: java.lang.UnsatisfiedLinkError: No implementation found for void l.ۢ.<clinit>() (tried Java_l__006e2__0003cclinit_0003e and Java_l__006e2__0003cclinit_0003e__) - is the library loaded, e.g. System.loadLibrary?
1788668712.485 10303 15869 15869 I om.unique:vapp0:   at void l.ۢ.<clinit>() (W61L:-2)
1788668712.485 10303 15869 15869 I om.unique:vapp0:   at void l.֫ۙۚ.<clinit>() (254C:-1)
1788668712.485 10303 15869 15869 I om.unique:vapp0:   at java.lang.Object java.lang.Class.newInstance() (Class.java:-2)
1788668712.485 10303 15869 15869 I om.unique:vapp0:   at android.app.Application android.app.AppComponentFactory.instantiateApplication(java.lang.ClassLoader, java.lang.String) (AppComponentFactory.java:76)
1788668712.485 10303 15869 15869 I om.unique:vapp0:   at android.app.Application android.app.Instrumentation.newApplication(java.lang.ClassLoader, java.lang.String, android.content.Context) (Instrumentation.java:1355)
1788668712.485 10303 15869 15869 I om.unique:vapp0:   at android.app.Application android.app.LoadedApk.makeApplicationInner(boolean, android.app.Instrumentation, boolean) (LoadedApk.java:1515)
1788668712.485 10303 15869 15869 I om.unique:vapp0:   at android.app.Application android.app.LoadedApk.makeApplicationInner(boolean, android.app.Instrumentation) (LoadedApk.java:1443)
1788668712.485 10303 15869 15869 I om.unique:vapp0:   at java.lang.Object java.lang.reflect.Method.invoke(java.lang.Object, java.lang.Object[]) (Method.java:-2)
1788668712.485 10303 15869 15869 I om.unique:vapp0:   at kotlin.Pair com.unique.core.vam.AppBootstrap.makeApplication(java.lang.Class, java.lang.Object, java.lang.Object) (AppBootstrap.kt:1195)
1788668712.485 10303 15869 15869 I om.unique:vapp0:   at com.unique.core.vam.AppBootstrap$Result com.unique.core.vam.AppBootstrap.graft(android.content.Context, com.unique.core.vam.VirtualLaunchParams) (AppBootstrap.kt:414)
1788668712.485 10303 15869 15869 I om.unique:vapp0:   at com.unique.core.vam.AppBootstrap$Result com.unique.core.vam.AppBootstrap.bootstrap(android.content.Context, com.unique.core.vam.VirtualLaunchParams) (AppBootstrap.kt:107)
1788668712.485 10303 15869 15869 I om.unique:vapp0:   at void com.unique.core.vam.LaunchInterceptor.rewrite(android.os.Message) (LaunchInterceptor.kt:510)
1788668712.485 10303 15869 15869 I om.unique:vapp0:   at boolean com.unique.core.vam.LaunchInterceptor.install$lambda$4(int, int, java.util.Set, android.os.Handler$Callback, android.os.Message) (LaunchInterceptor.kt:118)
1788668712.485 10303 15869 15869 I om.unique:vapp0:   at boolean com.unique.core.vam.LaunchInterceptor.$r8$lambda$0dAelSXAu4LsoTU-x_lFGXS1fWU(int, int, java.util.Set, android.os.Handler$Callback, android.os.Message) (LaunchInterceptor.kt:-1)
1788668712.485 10303 15869 15869 I om.unique:vapp0:   at boolean com.unique.core.vam.LaunchInterceptor$$ExternalSyntheticLambda0.handleMessage(android.os.Message) (D8$$SyntheticClass:0)
1788668712.485 10303 15869 15869 I om.unique:vapp0:   at void android.os.Handler.dispatchMessage(android.os.Message) (Handler.java:103)
1788668712.485 10303 15869 15869 I om.unique:vapp0:   at boolean android.os.Looper.loopOnce(android.os.Looper, long, int) (Looper.java:249)
1788668712.485 10303 15869 15869 I om.unique:vapp0:   at void android.os.Looper.loop() (Looper.java:337)
1788668712.485 10303 15869 15869 I om.unique:vapp0:   at void android.app.ActivityThread.main(java.lang.String[]) (ActivityThread.java:9469)
1788668712.485 10303 15869 15869 I om.unique:vapp0:   at java.lang.Object java.lang.reflect.Method.invoke(java.lang.Object, java.lang.Object[]) (Method.java:-2)
1788668712.485 10303 15869 15869 I om.unique:vapp0:   at void com.android.internal.os.RuntimeInit$MethodAndArgsCaller.run() (RuntimeInit.java:636)
1788668712.485 10303 15869 15869 I om.unique:vapp0:   at void com.android.internal.os.ZygoteInit.main(java.lang.String[]) (ZygoteInit.java:1005)
1788668712.486 10303 15869 15869 E Unique  : 2026-09-06 11:25:12.485 E LAUNCH BOOTSTRAP_FAILED package=bin.mt.plus vuid=0 code=NO_APPLICATION message=could not create l.֫ۙۚ from /data/user/0/com.unique/files/virtual/apk/bin.mt.plus/26081193/base.apk: makeApplicationInner/2: java.lang.reflect.InvocationTargetException <- java.lang.UnsatisfiedLinkError: No implementation found for void l.ۢ.<clinit>() (tried Java_l__006e2__0003cclinit_0003e and Java_l__006e2__0003cclinit_0003e__) - is the library loaded, e.g. System.loadLibrary?; makeApplicationInner/3: java.lang.reflect.InvocationTargetException <- java.lang.NoClassDefFoundError: l.֫ۙۚ <- java.lang.UnsatisfiedLinkError: No implementation found for void l.ۢ.<clinit>() (tried Java_l__006e2__0003cclinit_0003e and Java_l__006e2__0003cclinit_0003e__) - is the library loaded, e.g. System.loadLibrary?; makeApplication/2: java.lang.reflect.InvocationTargetException <- java.lang.NoClassDefFoundError: l.֫ۙۚ <- java.lang.UnsatisfiedLinkError: No implementation found for void l.ۢ.<clinit>() (tried Java_l__006e2__0003cclinit_0003e and Java_l__006e2__0003cclinit_0003e__) - is the library loaded, e.g. System.loadLibrary?
1788668712.507 10303 15869 15869 E Unique  : 2026-09-06 11:25:12.506 E LAUNCH ACTIVITY_HANDOFF_DID_NOT_HAPPEN slot=0 vuid=0 component=bin.mt.plus.MainNoBgIcon interceptorInstalled=true
1788668712.515 10303 15869 15916 E om.unique:vapp0: setpriority success to 100 : mali-cmar-backend
1788668712.522 10303 15869 15869 W libc    : Access denied finding property "persist.vendor.camera.IsVariableApertureSupported"
1788668712.522 10303 15869 15869 W libc    : Access denied finding property "persist.vendor.camera.IsStreetModeSupported"
1788668712.541 10303 15869 15869 D Unique  : 2026-09-06 11:25:12.540 D LAUNCH CALLBACK_ALIVE what=159 obj=android.app.servertransaction.ClientTransaction
1788668712.542 10303 15869 15869 D Unique  : 2026-09-06 11:25:12.541 D LAUNCH NO_LAUNCH_ITEM transaction=android.app.servertransaction.ClientTransaction shape=CREATOR: mActivityCallbacks:[TopResumedActivityChangeItem] mActivityToken:BinderProxy mClient:null mLifecycleStateRequest:null mTransactionItems:[TopResumedActivityChangeItem] seen=2
1788668712.543 10303 15869 15869 D Unique  : 2026-09-06 11:25:12.542 D LAUNCH CALLBACK_ALIVE what=149 obj=android.os.BinderProxy
1788668712.544 10303 15869 15869 D Unique  : 2026-09-06 11:25:12.543 D LAUNCH NO_LAUNCH_ITEM transaction=android.app.servertransaction.ClientTransaction shape=CREATOR: mActivityCallbacks:[TopResumedActivityChangeItem] mActivityToken:BinderProxy mClient:null mLifecycleStateRequest:PauseActivityItem mTransactionItems:[TopResumedActivityChangeItem|PauseActivityItem] seen=3
1788668712.698 10303 15869 15901 I Unique  : 2026-09-06 11:25:12.697 I LAUNCH SIGNATURES_LOADED package=bin.mt.plus signers=1 hasSigningInfo=true
1788668713.492 10303 15869 15869 D Unique  : 2026-09-06 11:25:13.489 D LAUNCH NO_LAUNCH_ITEM transaction=android.app.servertransaction.ClientTransaction shape=CREATOR: mActivityCallbacks:null mActivityToken:BinderProxy mClient:null mLifecycleStateRequest:DestroyActivityItem mTransactionItems:[DestroyActivityItem] seen=4
1788668714.537 10303 14618 14950 I Unique  : 2026-09-06 11:25:14.534 I PROCESS HOST_PERMISSION_REFUSED group=FILES permissions=android.permission.READ_EXTERNAL_STORAGE,android.permission.WRITE_EXTERNAL_STORAGE permanent=true
1788668715.778 10303 15869 15900 W om.unique:vapp0: Method l.ᩴܽۡ l.۫֨ۡ.ᩴ(l.ۘ֨ۡ, java.lang.String, l.ۢ᩶ۡ) failed lock verification and will run slower.
1788668715.778 10303 15869 15900 W om.unique:vapp0: Common causes for lock verification issues are non-optimized dex code
1788668715.778 10303 15869 15900 W om.unique:vapp0: and incorrect proguard optimizations.
1788668718.926 10303 15869 15900 W om.unique:vapp0: Method void l.᩻۠ۧ.ᩴ(int, int, int, java.lang.CharSequence) failed lock verification and will run slower.
1788668719.741 10303 14618 14950 I Unique  : 2026-09-06 11:25:19.739 I PROCESS HOST_PERMISSION_REFUSED group=FILES permissions=android.permission.READ_EXTERNAL_STORAGE,android.permission.WRITE_EXTERNAL_STORAGE permanent=true
1788668721.622 10303 15869 15900 W om.unique:vapp0: Verification of l.ܰۗۨ l.֨᩶ܶ.ۚ() took 133.815ms (132914.77 bytecodes/s) (0B arena alloc)
1788668723.320 10303 15869 15900 W om.unique:vapp0: Method l.ۛ᩶ۡ l.۟֨ۡ.ᩴ(l.۬֨ۡ, java.lang.String, l.ۜ᩶ۡ, java.util.Set) failed lock verification and will run slower.
1788668725.826 10303 14618 14943 I Unique  : 2026-09-06 11:25:25.826 I PROCESS SLOT_PROCESS_STOPPED slot=:vapp0 pids=15869 reason=removed
1788668725.827 10303 14618 14943 I Unique  : 2026-09-06 11:25:25.826 I PROCESS PROCESS_RELEASED slot=:vapp0 reason=removed
1788668725.839 10303 14618 14946 I Unique  : 2026-09-06 11:25:25.839 I PROCESS BROADCAST_ROUTER_READY instances=0 actions=23 authorities=[redacted]
1788668737.488 10303 14618 14941 I Unique  : 2026-09-06 11:25:37.487 I STORAGE IMPORT_STARTED package=com.miui.calculator files=1
1788668737.569 10303 14618 14941 I Unique  : 2026-09-06 11:25:37.568 I STORAGE PACKAGE_IMPORTED package=com.miui.calculator versionCode=315004003 splits=1 libs=1 abi=arm64-v8a bytes=9509529 readOnlyApks=1
1788668737.593 10303 14618 14950 I Unique  : 2026-09-06 11:25:37.590 I STORAGE INSTANCE_PREPARED vuid=0 package=com.miui.calculator created=12
1788668737.604 10303 14618 14950 I Unique  : 2026-09-06 11:25:37.603 I STORAGE INSTANCE_CREATED package=com.miui.calculator vuid=0 name=Profile 1 androidId=003f2a49c4db4665
1788668737.617 10303 14618 14950 I Unique  : 2026-09-06 11:25:37.616 I PROCESS BROADCAST_ROUTES_REGISTERED package=com.miui.calculator vuid=0 routes=8 actions=IS_NETWORK_CONNECTED,android.intent.action.MEDIA_MOUNTED,androidx.profileinstaller.action.SKIP_FILE,com.miui.voiceassist.mvs.client.ACTION_RESGISTER_MVS,com.facebook.sdk.ACTION_CURRENT_ACCESS_TOKEN_CHANGED,com.a0soft.gphone.acc.ActionClearAppCachesFinished,android.intent.action.MY_PACKAGE_SUSPENDED,
1788668737.618 10303 14618 14950 I Unique  : 2026-09-06 11:25:37.617 I PROCESS PROVIDER_ROUTES_REGISTERED package=com.miui.calculator vuid=0 authorities=[redacted]
1788668737.618 10303 14618 14950 I Unique  : 2026-09-06 11:25:37.618 I PROCESS BROADCAST_ROUTER_READY instances=1 actions=27 authorities=[redacted]
1788668737.649 10303 14618 14950 I Unique  : 2026-09-06 11:25:37.648 I STORAGE GUEST_INFO_RESOLVED package=com.miui.calculator label=Калькулятор icon=true
1788668738.542 10303 14618 14941 I Unique  : 2026-09-06 11:25:38.540 I GOOGLE GOOGLE_ENVIRONMENT gmsPresent=true gmsEnabled=true gmsVersionCode=263234035 gmsVersionName=26.32.34 (260400-968093310) vendingPresent=true gsfPresent=true customTabs=com.android.chrome hostGmsAvailable=true virtualGmsInstalled=false customTabsAvailable=true
1788668738.559 10303 14618 14941 I Unique  : 2026-09-06 11:25:38.558 I GOOGLE GOOGLE_ENVIRONMENT gmsPresent=true gmsEnabled=true gmsVersionCode=263234035 gmsVersionName=26.32.34 (260400-968093310) vendingPresent=true gsfPresent=true customTabs=com.android.chrome hostGmsAvailable=true virtualGmsInstalled=false customTabsAvailable=true
1788668738.560 10303 14618 14941 I Unique  : 2026-09-06 11:25:38.560 I GOOGLE GOOGLE_ROUTE package=com.miui.calculator flow=SIGN_IN mode=PASSTHROUGH why=The app declares an OAuth redirect scheme, so the browser flow can be used and is the most reliable path.
1788668738.561 10303 14618 14941 I Unique  : 2026-09-06 11:25:38.560 I GOOGLE GOOGLE_ROUTE package=com.miui.calculator flow=CREDENTIAL_MANAGER mode=HOST_BRIDGE why=Unverified: Sign in with Google issues a token for the app's server client, so the device's own Google Play services should be able to answer. Not yet confirmed against a real sample.
1788668738.562 10303 14618 14941 I Unique  : 2026-09-06 11:25:38.561 I GOOGLE GOOGLE_ROUTE package=com.miui.calculator flow=ACCOUNT_MANAGER mode=HOST_BRIDGE why=Account access is bridged to the device's accounts; consent is shown as UNIQUE.
1788668738.563 10303 14618 14941 I Unique  : 2026-09-06 11:25:38.562 I GOOGLE GOOGLE_ROUTE package=com.miui.calculator flow=FIREBASE_AUTH mode=PASSTHROUGH why=Firebase Auth consumes a token from another flow; the app's browser redirect can supply it.
1788668738.564 10303 14618 14941 I Unique  : 2026-09-06 11:25:38.563 I GOOGLE GOOGLE_ROUTE package=com.miui.calculator flow=OAUTH_WEB mode=PASSTHROUGH why=Browser-based OAuth needs no Google Play services, only a working redirect back into this instance.
1788668738.564 10303 14618 14941 I Unique  : 2026-09-06 11:25:38.564 I GOOGLE GOOGLE_ROUTE package=com.miui.calculator flow=FCM mode=HOST_BRIDGE why=Experimental: push registration is bridged through the host. Whether Google Play services accepts it varies by version; the result is recorded per device.
1788668738.565 10303 14618 14941 I Unique  : 2026-09-06 11:25:38.565 I GOOGLE GOOGLE_ROUTE package=com.miui.calculator flow=PLAY_GAMES mode=UNSUPPORTED why=Not supported yet: Play Games checks an attested app identity, and UNIQUE has not been tested against it.
1788668739.404 10303 14618 14941 I Unique  : 2026-09-06 11:25:39.403 I PROCESS PROCESS_ASSIGNED slot=:vapp0 vuid=0 process=com.miui.calculator
1788668739.435 10303 14618 14941 I Unique  : 2026-09-06 11:25:39.434 I LAUNCH LAUNCH_REQUESTED package=com.miui.calculator vuid=0 activity=com.miui.calculator.cal.CalculatorActivity slot=:vapp0 launchMode=1
1788668739.476 10303 16067 16067 I om.unique:vapp0: Using generational CollectorTypeCMC GC.
1788668739.525 10303 16067 16067 D ActivityThread: setEmbeddedParam packageName=com.unique processName=com.unique:vapp0 isEmbedded=false isIsolated=false
1788668739.569 10303 16067 16067 I Unique  : 2026-09-06 11:25:39.565 I PROCESS PROCESS_START process=com.unique:vapp0 kind=VAPP sdk=35 abi=arm64-v8a,armeabi-v7a,armeabi
1788668739.569 10303 16067 16067 W om.unique:vapp0: Unsupported class loader: java.lang.Class<org.lsposed.hiddenapibypass.CoreOjClassLoader>
1788668739.617 10303 16067 16067 W om.unique:vapp0: Unsupported class loader: java.lang.Class<org.lsposed.hiddenapibypass.CoreOjClassLoader>
1788668739.618 10303 16067 16067 W om.unique:vapp0: Unsupported class loader: java.lang.Class<org.lsposed.hiddenapibypass.CoreOjClassLoader>
1788668739.622 10303 16067 16067 I Unique  : 2026-09-06 11:25:39.621 I HOOK HIDDEN_API_GRANTED via=HiddenApiBypass
1788668739.624 10303 16067 16067 I UniqueNative: libunique_native loaded (page size 4096)
1788668739.625 10303 16067 16067 I Unique  : 2026-09-06 11:25:39.625 I LAUNCH INTERCEPTOR_INSTALLED executeTransaction=159
1788668739.626 10303 16067 16067 I Unique  : 2026-09-06 11:25:39.625 I PROCESS VAPP_READY slot=0
1788668739.628 10303 16067 16067 I Unique  : 2026-09-06 11:25:39.627 I PROCESS STUB_PROVIDER_CREATED slot=0
1788668739.638 10303 16067 16067 D Unique  : 2026-09-06 11:25:39.638 D LAUNCH CALLBACK_ALIVE what=164 obj=java.lang.String
1788668739.641 10303 16067 16067 D Unique  : 2026-09-06 11:25:39.640 D LAUNCH CALLBACK_ALIVE what=159 obj=android.app.servertransaction.ClientTransaction
1788668739.661 10303 16067 16067 I Unique  : 2026-09-06 11:25:39.660 I PROCESS PROCESS_RENAMED argv0=com.miui.calculator
1788668739.757 10303 16067 16067 I Unique  : 2026-09-06 11:25:39.757 I PROCESS PROFILE_BOUND profile=ad7cd2dd-20fe-4e05-a251-0dbee1c66f9b androidId=003f2a49c4db4665 generation=1
1788668739.759 10303 16067 16067 I Unique  : 2026-09-06 11:25:39.759 I PROCESS BUILD_OVERRIDES_APPLIED applied=1 requested=1
1788668739.760 10303 16067 16067 I Unique  : 2026-09-06 11:25:39.759 I LAUNCH PROFILE_BOUND profileId=ad7cd2dd-20fe-4e05-a251-0dbee1c66f9b generation=1
1788668739.766 10303 16067 16067 I Unique  : 2026-09-06 11:25:39.765 I PROCESS PERMISSION_CACHE_DISABLED disabled=disablePackageNamePermissionCache,disablePermissionCache,disableApplicationInfoCache,disablePackageInfoCache,disableGetPackagesForUidCache failed=android.app.ActivityManager: no disable*Cache()
1788668739.770 10303 16067 16067 I Unique  : 2026-09-06 11:25:39.769 I PROCESS PERMISSIONS_BOUND package=com.miui.calculator vuid=0 declared=17 restored=0 runtime=1 installTime=16 selfDefined=1
1788668739.782 10303 16067 16067 I Unique  : 2026-09-06 11:25:39.781 I HOOK SERVICE_HOOKED service=package cache=true singletons=1 bound=permissionCheck,getActivityInfo,applicationEnabledSetting,getApplicationInfo,componentEnabledSetting,installedPackages,getInstallerPackageName,getNameForUid,getPackageInfo,getPackagesForUid,getProviderInfo,getReceiverInfo,getServiceInfo,queryIntent,resolveContentProvider,resolveIntent matched=permissionCheck=checkPermission+checkUidPermission,getActivityInfo,applicationEnabledSetting=getApplicationEnabledSetting+setApplicationEnabledSetting,getApplicationInfo,componentEnabledSetting=getComponentEnabledSetting+setComponentEnabledSetting,installedPackages=getInstalledApplications+getInstalledPackages,getInstallerPackageName,getNameForUid,getPackageInfo,getPackagesForUid,getProviderInfo,g
1788668739.784 10303 16067 16067 I Unique  : 2026-09-06 11:25:39.782 I LAUNCH VPM_HOOK_INSTALLED package=com.miui.calculator bound=permissionCheck,getActivityInfo,applicationEnabledSetting,getApplicationInfo,componentEnabledSetting,installedPackages,getInstallerPackageName,getNameForUid,getPackageInfo,getPackagesForUid,getProviderInfo,getReceiverInfo,getServiceInfo,queryIntent,resolveContentProvider,resolveIntent
1788668739.798 10303 16067 16067 I Unique  : 2026-09-06 11:25:39.796 I HOOK SERVICE_HOOKED service=activity cache=true singletons=1 bound=serviceDispatch,callerIdentity,permissionCheck,getContentProvider,intentSender,runningProcesses,registerReceiver,foregroundService matched=serviceDispatch=bindService+bindServiceInstance+peekService+publishService+startService+stopService+unbindFinished,callerIdentity=broadcastIntent+broadcastIntentWithFeature+getBindingUidProcessState+getContentProviderExternal+getHistoricalProcessExitReasons+getHistoricalProcessStartReasons+getPackageProcessState+getTagForIntentSender+getUidLastIdleElapsedTime+getUidProcessCapabilities+getUidProces
1788668739.799 10303 16067 16067 I Unique  : 2026-09-06 11:25:39.798 I LAUNCH VAM_HOOK_INSTALLED package=com.miui.calculator host=com.unique methods=8 matched=serviceDispatch=bindService+bindServiceInstance+peekService+publishService+startService+stopService+unbindFinished,callerIdentity=broadcastIntent+broadcastIntentWithFeature+getBindingUidProcessState+getContentProviderExternal+getHistoricalProcessExitReasons+getHistoricalProcessStartReasons+getPackageProcessState+getTagForIntentSender+getUidLastIdleElapsedTime+getUidProcessCapabilities+getUidProcessState+grantUriPermission+isBackgroundRestricted+isUidActive+moveTaskToFront+revokeUriPermission+sendIntentSender+startActivity+startActivityAsUser+startActivityAsUserWithFeature+startActivityWithFeature,permissionCheck=checkPermission+checkPermissionForDevice,getContentProvider,intentSender=getIntentSender+getIntentSenderWithFeature,runningProcesses=getRunningAppProcesses+getServices,registerReceiver=registerReceiver+registerReceiverWithFeature,foregroundService=setServiceForeground
1788668739.803 10303 16067 16067 I Unique  : 2026-09-06 11:25:39.802 I HOOK SERVICE_HOOKED service=activity_task cache=true singletons=1 bound=activityStart matched=activityStart=startActivities+startActivity+startActivityAndWait+startActivityAsCaller+startActivityAsUser+startActivityFromGameSession+startActivityIntentSender+startActivityWithConfig
1788668739.804 10303 16067 16067 I Unique  : 2026-09-06 11:25:39.803 I LAUNCH ATM_HOOK_INSTALLED package=com.miui.calculator host=com.unique matched=activityStart=startActivities+startActivity+startActivityAndWait+startActivityAsCaller+startActivityAsUser+startActivityFromGameSession+startActivityIntentSender+startActivityWithConfig
1788668739.805 10303 16067 16067 I Unique  : 2026-09-06 11:25:39.805 I HOOK SERVICE_HOOKED service=permissionmgr cache=true singletons=1 bound=shouldShowRequestPermissionRationale matched=shouldShowRequestPermissionRationale
1788668739.806 10303 16067 16067 I Unique  : 2026-09-06 11:25:39.806 I HOOK PERMISSION_MANAGER_HOOKED matched=shouldShowRequestPermissionRationale
1788668739.811 10303 16067 16067 I Unique  : 2026-09-06 11:25:39.809 I HOOK SERVICE_HOOKED service=appops cache=true singletons=0 bound=appOpIdentity matched=appOpIdentity=checkAudioOperation+checkOperation+checkOperationForDevice+checkOperationRaw+checkOperationRawForDevice+checkPackage+collectNoteOpCallsForValidation+extractAsyncOps+finishOperation+finishOperationForDevice+getHistoricalOps+getHistoricalOpsFromDiskRaw+getOpsForPackage+getPackagesForOpsForDevice+isOperationActive+isProxying+noteOperation+noteOperationForDevice+noteProxyOperation+notePr
1788668739.812 10303 16067 16067 I Unique  : 2026-09-06 11:25:39.811 I HOOK APPOPS_HOOKED package=com.miui.calculator host=com.unique matched=appOpIdentity=checkAudioOperation+checkOperation+checkOperationForDevice+checkOperationRaw+checkOperationRawForDevice+checkPackage+collectNoteOpCallsForValidation+extractAsyncOps+finishOperation+finishOperationForDevice+getHistoricalOps+getHistoricalOpsFromDiskRaw+getOpsForPackage+getPackagesForOpsForDevice+isOperationActive+isProxying+noteOperation+noteOperationForDevice+noteProxyOperation+notePr
1788668739.817 10303 16067 16067 I Unique  : 2026-09-06 11:25:39.816 I PROCESS SETTINGS_CACHES_PRIMED wrappedByHand=0 alreadyWrapped=3 empty=1
1788668739.819 10303 16067 16067 I Unique  : 2026-09-06 11:25:39.817 I PROCESS PROVIDER_CACHES_EVICTED activityThreadProviders=2 providerRefCounts=1 settingsCaches=4 settingsWrapped=3 hostSource=com.unique hostSourceUid=10303
1788668739.824 10303 16067 16067 I Unique  : 2026-09-06 11:25:39.824 I PROCESS NETWORK_SECURITY_INSTALLED package=com.miui.calculator configRes=0 targetSdk=35
1788668739.825 10303 16067 16067 I UniqueNative: redirect table set: 8 rule(s)
1788668739.825 10303 16067 16067 I UniqueNative: io_redirect installed: 0 slot(s) in 0/389 libraries (0 total), 8 rule(s), page size 4096
1788668739.826 10303 16067 16067 W UniqueNative: io_redirect: filter did not match: /data/user/0/com.unique/files/virtual/apk/com.miui.calculator/315004003/lib/arm64-v8a
1788668739.826 10303 16067 16067 W UniqueNative: io_redirect: filter did not match: /data/data/com.unique/files/virtual/apk/com.miui.calculator/315004003/lib/arm64-v8a
1788668739.826 10303 16067 16067 W UniqueNative: io_redirect: filter did not match: /data/user/0/com.unique/files/virtual/apk/com.miui.calculator/315004003
1788668739.826 10303 16067 16067 W UniqueNative: io_redirect: filter did not match: /data/data/com.unique/files/virtual/apk/com.miui.calculator/315004003
1788668739.826 10303 16067 16067 W UniqueNative: io_redirect: app-private library seen: /data/misc/apexdata/com.android.art/dalvik-cache/arm64/boot.oat
1788668739.826 10303 16067 16067 W UniqueNative: io_redirect: app-private library seen: /data/misc/apexdata/com.android.art/dalvik-cache/arm64/boot-framework-adservices.oat
1788668739.826 10303 16067 16067 W UniqueNative: io_redirect: app-private library seen: /data/app/~~E_AZaXevj49olDA4bpqyHA==/com.unique-wkslfLmMJQVPSCvjJARKJA==/oat/arm64/base.odex
1788668739.826 10303 16067 16067 W UniqueNative: io_redirect: app-private library seen: /data/app/~~E_AZaXevj49olDA4bpqyHA==/com.unique-wkslfLmMJQVPSCvjJARKJA==/base.apk!/lib/arm64-v8a/libunique_native.so
1788668739.826 10303 16067 16067 I UniqueNative: io_redirect: library-load watch installed (3 slot(s) in 2 libraries)
1788668739.827 10303 16067 16067 W UniqueNative: io_redirect: watch saw but did not match: /data/misc/apexdata/com.android.art/dalvik-cache/arm64/boot.oat
1788668739.827 10303 16067 16067 W UniqueNative: io_redirect: watch saw but did not match: /data/misc/apexdata/com.android.art/dalvik-cache/arm64/boot-framework-adservices.oat
1788668739.827 10303 16067 16067 W UniqueNative: io_redirect: watch saw but did not match: /data/app/~~E_AZaXevj49olDA4bpqyHA==/com.unique-wkslfLmMJQVPSCvjJARKJA==/oat/arm64/base.odex
1788668739.827 10303 16067 16067 W UniqueNative: io_redirect: watch saw but did not match: /data/app/~~E_AZaXevj49olDA4bpqyHA==/com.unique-wkslfLmMJQVPSCvjJARKJA==/base.apk!/lib/arm64-v8a/libunique_native.so
1788668739.828 10303 16067 16067 I Unique  : 2026-09-06 11:25:39.827 I NATIVE IO_REDIRECT_INSTALLED status=NOTHING_TO_HOOK watch=OK rules=8 slots=0 scope=/data/user/0/com.unique/files/virtual/apk/com.miui.calculator/315004003/lib/arm64-v8a,/data/data/com.unique/files/virtual/apk/com.miui.calculator/315004003/lib/arm64-v8a,/data/user/0/com.unique/files/
1788668739.829 10303 16067 16067 I Unique  : 2026-09-06 11:25:39.828 I WEBVIEW WEBVIEW_DATA_DIR_SUFFIX suffix=vapp0 slot=0
1788668739.832 10303 16067 16067 I UniqueNative: crash: recording 6 signal(s) to /data/user/0/com.unique/files/virtual/runtime/diagnostics/0/com.miui.calculator/native-crash-16067.properties
1788668739.833 10303 16067 16067 I Unique  : 2026-09-06 11:25:39.832 I NATIVE NATIVE_CRASH_HANDLER status=OK file=/data/user/0/com.unique/files/virtual/runtime/diagnostics/0/com.miui.calculator/native-crash-16067.properties
1788668739.836 10303 16067 16067 E Unique  : 2026-09-06 11:25:39.836 E PROCESS PROVIDER_PUBLISH_FAILED provider=androidx.core.content.FileProvider error=java.lang.SecurityException: callingPackage does not match UID
1788668739.837 10303 16067 16067 I Unique  : 2026-09-06 11:25:39.836 I PROCESS PROVIDERS_PUBLISHED package=com.miui.calculator process=com.miui.calculator declared=1 authorities=[redacted]
1788668739.840 10303 16067 16067 I Unique  : 2026-09-06 11:25:39.838 I STORAGE EXTERNAL_STORAGE_REDIRECTED package=com.miui.calculator vuid=0 root=/data/user/0/com.unique/files/virtual/users/0/sdcard
1788668739.845 10303 16067 16067 I Unique  : 2026-09-06 11:25:39.843 I HOOK SERVICE_HOOKED service=alarm cache=true singletons=0 bound=callerPackage matched=callerPackage=canScheduleExactAlarms+cancelPoweroffAlarm+hasScheduleExactAlarm+removeAll+set+setTimeZone
1788668739.846 10303 16067 16067 I Unique  : 2026-09-06 11:25:39.845 I HOOK IDENTITY_HOOK_INSTALLED service=alarm package=com.miui.calculator matched=callerPackage=canScheduleExactAlarms+cancelPoweroffAlarm+hasScheduleExactAlarm+removeAll+set+setTimeZone
1788668739.850 10303 16067 16067 I Unique  : 2026-09-06 11:25:39.848 I HOOK SERVICE_HOOKED service=clipboard cache=true singletons=0 bound=callerPackage matched=callerPackage=addPrimaryClipChangedListener+clearPrimaryClip+getPrimaryClip+getPrimaryClipDescription+getPrimaryClipSource+getUserPrimaryClip+hasClipboardText+hasPrimaryClip+removePrimaryClipChangedListener+setPrimaryClip+setPrimaryClipAsPackage
1788668739.851 10303 16067 16067 I Unique  : 2026-09-06 11:25:39.850 I HOOK IDENTITY_HOOK_INSTALLED service=clipboard package=com.miui.calculator matched=callerPackage=addPrimaryClipChangedListener+clearPrimaryClip+getPrimaryClip+getPrimaryClipDescription+getPrimaryClipSource+getUserPrimaryClip+hasClipboardText+hasPrimaryClip+removePrimaryClipChangedListener+setPrimaryClip+setPrimaryClipAsPackage
1788668739.854 10303 16067 16067 I Unique  : 2026-09-06 11:25:39.853 I HOOK SERVICE_HOOKED service=restrictions cache=true singletons=0 bound=callerPackage matched=callerPackage=getApplicationRestrictions+getApplicationRestrictionsPerAdminForUser+notifyPermissionResponse+requestPermission
1788668739.854 10303 16067 16067 I Unique  : 2026-09-06 11:25:39.854 I HOOK IDENTITY_HOOK_INSTALLED service=restrictions package=com.miui.calculator matched=callerPackage=getApplicationRestrictions+getApplicationRestrictionsPerAdminForUser+notifyPermissionResponse+requestPermission
1788668739.857 10303 16067 16067 I Unique  : 2026-09-06 11:25:39.856 I HOOK SERVICE_HOOKED service=locale cache=true singletons=0 bound=callerPackage,setApplicationLocales matched=callerPackage=getApplicationLocales+getOverrideLocaleConfig+setOverrideLocaleConfig,setApplicationLocales
1788668739.857 10303 16067 16067 I Unique  : 2026-09-06 11:25:39.857 I HOOK IDENTITY_HOOK_INSTALLED service=locale package=com.miui.calculator matched=callerPackage=getApplicationLocales+getOverrideLocaleConfig+setOverrideLocaleConfig,setApplicationLocales
1788668739.860 10303 16067 16067 I Unique  : 2026-09-06 11:25:39.859 I HOOK SERVICE_HOOKED service=connectivity cache=true singletons=0 bound=callerPackage matched=callerPackage=getDefaultNetworkCapabilitiesForUser+getLastTetherError+getNetworkCapabilities+getRedactedLinkPropertiesForPackage+getRedactedNetworkCapabilitiesForPackage+isConnectivityServiceFeatureEnabledForTesting+listenForNetwork+pendingListenForNetwork+pendingRequestForNetwork+registerConnectivityDiagnosticsCallback+registerNetworkProvider+requestNetwork+requestRouteToHostAddress+setProvisioni
1788668739.861 10303 16067 16067 I Unique  : 2026-09-06 11:25:39.860 I HOOK IDENTITY_HOOK_INSTALLED service=connectivity package=com.miui.calculator matched=callerPackage=getDefaultNetworkCapabilitiesForUser+getLastTetherError+getNetworkCapabilities+getRedactedLinkPropertiesForPackage+getRedactedNetworkCapabilitiesForPackage+isConnectivityServiceFeatureEnabledForTesting+listenForNetwork+pendingListenForNetwork+pendingRequestForNetwork+registerConnectivi
1788668739.865 10303 16067 16067 I Unique  : 2026-09-06 11:25:39.863 I HOOK SERVICE_HOOKED service=power cache=true singletons=0 bound=callerPackage matched=callerPackage=acquireWakeLock+acquireWakeLockAsync+acquireWakeLockWithUid+crash+isAmbientDisplaySuppressedForToken+isAmbientDisplaySuppressedForTokenByApp+isFeatureAllowedInLowPowerStandby+reboot+shutdown+suppressAmbientDisplay+updateWakeLockWorkSource+wakeUp
1788668739.866 10303 16067 16067 I Unique  : 2026-09-06 11:25:39.865 I HOOK IDENTITY_HOOK_INSTALLED service=power package=com.miui.calculator matched=callerPackage=acquireWakeLock+acquireWakeLockAsync+acquireWakeLockWithUid+crash+isAmbientDisplaySuppressedForToken+isAmbientDisplaySuppressedForTokenByApp+isFeatureAllowedInLowPowerStandby+reboot+shutdown+suppressAmbientDisplay+updateWakeLockWorkSource+wakeUp
1788668739.882 10303 16067 16067 I Unique  : 2026-09-06 11:25:39.881 I HOOK SERVICE_HOOKED service=wifi cache=true singletons=0 bound=callerPackage matched=callerPackage=acquireMulticastLock+acquireWifiLock+addLocalOnlyConnectionStatusListener+addNetworkSuggestions+addOrUpdateNetwork+addOrUpdateNetworkPrivileged+addOrUpdatePasspointConfiguration+addQosPolicies+addSuggestionUserApprovalStatusListener+allowAutojoinGlobal+allowAutojoinPasspoint+connect+disableEphemeralNetwork+disableNetwork+disconnect+enableNetwork+enableTdls+enableTdlsWithMacAddress+en
1788668739.883 10303 16067 16067 I Unique  : 2026-09-06 11:25:39.882 I HOOK IDENTITY_HOOK_INSTALLED service=wifi package=com.miui.calculator matched=callerPackage=acquireMulticastLock+acquireWifiLock+addLocalOnlyConnectionStatusListener+addNetworkSuggestions+addOrUpdateNetwork+addOrUpdateNetworkPrivileged+addOrUpdatePasspointConfiguration+addQosPolicies+addSuggestionUserApprovalStatusListener+allowAutojoinGlobal+allowAutojoinPasspoint+connect+di
1788668739.888 10303 16067 16067 I Unique  : 2026-09-06 11:25:39.887 I HOOK SERVICE_HOOKED service=location cache=true singletons=0 bound=callerPackage matched=callerPackage=addGnssAntennaInfoListener+addGnssMeasurementsListener+addGnssNavigationMessageListener+addTestProvider+getCurrentLocation+getLastLocation+getProviderPackages+getProviderProperties+hasProvider+isProviderEnabledForUser+isProviderPackage+registerGnssNmeaCallback+registerGnssStatusCallback+registerLocationListener+registerLocationPendingIntent+removeTestProvider+requestGeofence+requestL
1788668739.888 10303 16067 16067 I Unique  : 2026-09-06 11:25:39.888 I HOOK IDENTITY_HOOK_INSTALLED service=location package=com.miui.calculator matched=callerPackage=addGnssAntennaInfoListener+addGnssMeasurementsListener+addGnssNavigationMessageListener+addTestProvider+getCurrentLocation+getLastLocation+getProviderPackages+getProviderProperties+hasProvider+isProviderEnabledForUser+isProviderPackage+registerGnssNmeaCallback+registerGnssStatusCallbac
1788668739.903 10303 16067 16067 I Unique  : 2026-09-06 11:25:39.901 I HOOK SERVICE_HOOKED service=audio cache=true singletons=0 bound=callerPackage matched=callerPackage=abandonAudioFocus+abandonAudioFocusForTest+adjustStreamVolume+adjustStreamVolumeForUid+adjustStreamVolumeWithAttribution+adjustSuggestedStreamVolumeForUid+adjustVolumeGroupVolume+cacheParameters+disableSafeMediaVolume+getBluetoothAudioDeviceCategory+getBluetoothAudioDeviceCategory_legacy+getCacheParameters+getDeviceVolume+getNotificationUri+getPlayerVolume+handleVolumeKey+isBluetooth
1788668739.904 10303 16067 16067 I Unique  : 2026-09-06 11:25:39.903 I HOOK IDENTITY_HOOK_INSTALLED service=audio package=com.miui.calculator matched=callerPackage=abandonAudioFocus+abandonAudioFocusForTest+adjustStreamVolume+adjustStreamVolumeForUid+adjustStreamVolumeWithAttribution+adjustSuggestedStreamVolumeForUid+adjustVolumeGroupVolume+cacheParameters+disableSafeMediaVolume+getBluetoothAudioDeviceCategory+getBluetoothAudioDeviceCategory_lega
1788668739.908 10303 16067 16067 I Unique  : 2026-09-06 11:25:39.906 I HOOK SERVICE_HOOKED service=vibrator_manager cache=true singletons=0 bound=callerPackage matched=callerPackage=performHapticFeedback+setAlwaysOnEffect+vibrate
1788668739.909 10303 16067 16067 I Unique  : 2026-09-06 11:25:39.908 I HOOK IDENTITY_HOOK_INSTALLED service=vibrator_manager package=com.miui.calculator matched=callerPackage=performHapticFeedback+setAlwaysOnEffect+vibrate
1788668739.915 10303 16067 16067 I Unique  : 2026-09-06 11:25:39.912 I HOOK SERVICE_HOOKED service=usagestats cache=true singletons=0 bound=callerPackage matched=callerPackage=clearBroadcastEvents+clearBroadcastResponseStats+getAppMinStandbyBucket+getAppStandbyBucket+getAppStandbyBuckets+getAppStandbyConstant+getLastTimeAnyComponentUsed+isAppInactive+isPackageExemptedFromBroadcastResponseStats+queryBroadcastResponseStats+queryConfigurationStats+queryEventStats+queryEvents+queryEventsForPackage+queryEventsForPackageForUser+queryEventsForUser+queryEventsWith
1788668739.916 10303 16067 16067 I Unique  : 2026-09-06 11:25:39.915 I HOOK IDENTITY_HOOK_INSTALLED service=usagestats package=com.miui.calculator matched=callerPackage=clearBroadcastEvents+clearBroadcastResponseStats+getAppMinStandbyBucket+getAppStandbyBucket+getAppStandbyBuckets+getAppStandbyConstant+getLastTimeAnyComponentUsed+isAppInactive+isPackageExemptedFromBroadcastResponseStats+queryBroadcastResponseStats+queryConfigurationStats+queryEventSta
1788668739.918 10303 16067 16067 I Unique  : 2026-09-06 11:25:39.917 I HOOK SERVICE_HOOKED service=netstats cache=true singletons=0 bound=callerPackage matched=callerPackage=getIfaceStats+notifyNetworkStatus+openSessionForUsageStats+registerNetworkStatsProvider+registerUsageCallback+setStatsProviderWarningAndLimitAsync
1788668739.920 10303 16067 16067 I Unique  : 2026-09-06 11:25:39.919 I HOOK IDENTITY_HOOK_INSTALLED service=netstats package=com.miui.calculator matched=callerPackage=getIfaceStats+notifyNetworkStatus+openSessionForUsageStats+registerNetworkStatsProvider+registerUsageCallback+setStatsProviderWarningAndLimitAsync
1788668739.922 10303 16067 16067 I Unique  : 2026-09-06 11:25:39.921 I HOOK SERVICE_HOOKED service=content cache=true singletons=0 bound=callerPackage matched=callerPackage=addPeriodicSync+cancelSync+cancelSyncAsUser+getCache+getIsSyncable+getIsSyncableAsUser+getPeriodicSyncs+getSyncAdapterPackageAsUser+getSyncAdapterPackagesForAuthorityAsUser+getSyncAutomatically+getSyncAutomaticallyAsUser+getSyncStatus+getSyncStatusAsUser+isSyncActive+isSyncPending+isSyncPendingAsUser+notifyChange+onDbCorruption+putCache+removePeriodicSync+requestSync+setIsSyncable+se
1788668739.923 10303 16067 16067 I Unique  : 2026-09-06 11:25:39.922 I HOOK IDENTITY_HOOK_INSTALLED service=content package=com.miui.calculator matched=callerPackage=addPeriodicSync+cancelSync+cancelSyncAsUser+getCache+getIsSyncable+getIsSyncableAsUser+getPeriodicSyncs+getSyncAdapterPackageAsUser+getSyncAdapterPackagesForAuthorityAsUser+getSyncAutomatically+getSyncAutomaticallyAsUser+getSyncStatus+getSyncStatusAsUser+isSyncActive+isSyncPending+isSy
1788668739.927 10303 16067 16067 I Unique  : 2026-09-06 11:25:39.926 I HOOK SERVICE_HOOKED service=shortcut cache=true singletons=0 bound=shortcutPublish,callerPackage matched=shortcutPublish=addDynamicShortcuts+createShortcutResultIntent+pushDynamicShortcut+requestPinShortcut+setDynamicShortcuts+updateShortcuts,callerPackage=disableShortcuts+enableShortcuts+getIconMaxDimensions+getMaxShortcutCountPerActivity+getRateLimitResetTime+getRemainingCallCount+getShareTargets+getShortcuts+hasShareTargets+onApplicationActive+removeAllDynamicShortcuts+removeDynamicShortcuts+remov
1788668739.928 10303 16067 16067 I Unique  : 2026-09-06 11:25:39.927 I HOOK IDENTITY_HOOK_INSTALLED service=shortcut package=com.miui.calculator matched=shortcutPublish=addDynamicShortcuts+createShortcutResultIntent+pushDynamicShortcut+requestPinShortcut+setDynamicShortcuts+updateShortcuts,callerPackage=disableShortcuts+enableShortcuts+getIconMaxDimensions+getMaxShortcutCountPerActivity+getRateLimitResetTime+getRemainingCallCount+getShareTargets+get
1788668739.935 10303 16067 16067 I Unique  : 2026-09-06 11:25:39.933 I HOOK SERVICE_HOOKED service=mount cache=true singletons=0 bound=callerPackage,volumeList matched=callerPackage=abortChanges+allocateBytes+benchmark+destroyUserStorage+disableAppDataIsolation+fixupAppDir+fixupAppDirRecursive+fixupSysfsFile+forgetVolume+format+getAllocatableBytes+getCacheQuotaBytes+getCacheSizeBytes+getExternalStorageMountMode+getManageSpaceActivityIntent+getMountedObbPath+isAppIoBlocked+isObbMounted+mkdirs+mount+mountObb+moveStorageQuickly+notifyAppIoBlocked+notifyAppIoResumed
1788668739.936 10303 16067 16067 I Unique  : 2026-09-06 11:25:39.935 I HOOK IDENTITY_HOOK_INSTALLED service=mount package=com.miui.calculator matched=callerPackage=abortChanges+allocateBytes+benchmark+destroyUserStorage+disableAppDataIsolation+fixupAppDir+fixupAppDirRecursive+fixupSysfsFile+forgetVolume+format+getAllocatableBytes+getCacheQuotaBytes+getCacheSizeBytes+getExternalStorageMountMode+getManageSpaceActivityIntent+getMountedObbPath+isAppI
1788668739.938 10303 16067 16067 I Unique  : 2026-09-06 11:25:39.937 I HOOK SERVICE_HOOKED service=account cache=true singletons=0 bound=callerPackage matched=callerPackage=addAccount+addAccountAsUser+addAccountExplicitly+addAccountExplicitlyWithVisibility+addSharedAccountsFromParentUser+createRequestAccountAccessIntentSenderAsUser+editProperties+getAccountByTypeAndFeatures+getAccountVisibility+getAccountsAndVisibilityForPackage+getAccountsAsUser+getAccountsByFeatures+getAccountsByTypeForPackage+getAccountsForPackage+getAuthToken+getAuthTokenLabel+getUs
1788668739.939 10303 16067 16067 I Unique  : 2026-09-06 11:25:39.938 I HOOK IDENTITY_HOOK_INSTALLED service=account package=com.miui.calculator matched=callerPackage=addAccount+addAccountAsUser+addAccountExplicitly+addAccountExplicitlyWithVisibility+addSharedAccountsFromParentUser+createRequestAccountAccessIntentSenderAsUser+editProperties+getAccountByTypeAndFeatures+getAccountVisibility+getAccountsAndVisibilityForPackage+getAccountsAsUser+getAccou
1788668739.949 10303 16067 16067 I Unique  : 2026-09-06 11:25:39.948 I HOOK SERVICE_HOOKED service=phone cache=true singletons=0 bound=callerPackage matched=callerPackage=call+canChangeDtmfToneLength+changeIccLockPassword+checkCarrierPrivilegesForPackage+checkCarrierPrivilegesForPackageAnyPhone+clearSignalStrengthUpdateRequest+deprovisionSatelliteService+dial+disableDataConnectivity+disableVisualVoicemailSmsFilter+doesSwitchMultiSimConfigTriggerReboot+enableDataConnectivity+enableVisualVoicemailSmsFilter+enqueueSmsPickResult+factoryReset+getAllCellInf
1788668739.950 10303 16067 16067 I Unique  : 2026-09-06 11:25:39.949 I HOOK IDENTITY_HOOK_INSTALLED service=phone package=com.miui.calculator matched=callerPackage=call+canChangeDtmfToneLength+changeIccLockPassword+checkCarrierPrivilegesForPackage+checkCarrierPrivilegesForPackageAnyPhone+clearSignalStrengthUpdateRequest+deprovisionSatelliteService+dial+disableDataConnectivity+disableVisualVoicemailSmsFilter+doesSwitchMultiSimConfigTriggerReboot+e
1788668739.959 10303 16067 16067 I Unique  : 2026-09-06 11:25:39.958 I HOOK SERVICE_HOOKED service=device_policy cache=true singletons=0 bound=callerPackage matched=callerPackage=addCrossProfileIntentFilter+addCrossProfileWidgetProvider+addPersistentPreferredActivity+approveCaCert+checkDeviceIdentifierAccess+checkProvisioningPrecondition+choosePrivateKeyAlias+clearApplicationUserData+clearCrossProfileIntentFilters+clearDeviceOwner+clearPackagePersistentPreferredActivities+clearResetPasswordToken+createAdminSupportIntent+createAndManageUser+createAndProvisionM
1788668739.960 10303 16067 16067 I Unique  : 2026-09-06 11:25:39.959 I HOOK IDENTITY_HOOK_INSTALLED service=device_policy package=com.miui.calculator matched=callerPackage=addCrossProfileIntentFilter+addCrossProfileWidgetProvider+addPersistentPreferredActivity+approveCaCert+checkDeviceIdentifierAccess+checkProvisioningPrecondition+choosePrivateKeyAlias+clearApplicationUserData+clearCrossProfileIntentFilters+clearDeviceOwner+clearPackagePersistentPreferre
1788668739.964 10303 16067 16067 I Unique  : 2026-09-06 11:25:39.963 I HOOK SERVICE_HOOKED service=media.camera cache=true singletons=0 bound=callerPackage matched=callerPackage=connect+connectDevice+createDefaultRequest+getCameraCharacteristics+getSessionCharacteristics+getTorchStrengthLevel+injectCamera+injectSessionParams+isHiddenPhysicalCamera+isSessionConfigurationWithParametersSupported+setTorchMode+supportsCameraApi+turnOnTorchWithStrengthLevel
1788668739.965 10303 16067 16067 I Unique  : 2026-09-06 11:25:39.964 I HOOK IDENTITY_HOOK_INSTALLED service=media.camera package=com.miui.calculator matched=callerPackage=connect+connectDevice+createDefaultRequest+getCameraCharacteristics+getSessionCharacteristics+getTorchStrengthLevel+injectCamera+injectSessionParams+isHiddenPhysicalCamera+isSessionConfigurationWithParametersSupported+setTorchMode+supportsCameraApi+turnOnTorchWithStrengthLevel
1788668739.969 10303 16067 16067 I Unique  : 2026-09-06 11:25:39.968 I HOOK SERVICE_HOOKED service=telecom cache=true singletons=0 bound=callerPackage matched=callerPackage=acceptHandover+acceptRingingCall+acceptRingingCallWithVideoState+addCall+addNewIncomingCall+addNewIncomingConference+addOrRemoveTestCallCompanionApp+cancelMissedCallsNotification+clearAccounts+createLaunchEmergencyDialerIntent+createManageBlockedNumbersIntent+endCall+getAdnUriForPhoneAccount+getCallCapablePhoneAccounts+getCallStateUsingPackage+getCurrentTtyMode+getDefaultDialerPackag
1788668739.970 10303 16067 16067 I Unique  : 2026-09-06 11:25:39.969 I HOOK IDENTITY_HOOK_INSTALLED service=telecom package=com.miui.calculator matched=callerPackage=acceptHandover+acceptRingingCall+acceptRingingCallWithVideoState+addCall+addNewIncomingCall+addNewIncomingConference+addOrRemoveTestCallCompanionApp+cancelMissedCallsNotification+clearAccounts+createLaunchEmergencyDialerIntent+createManageBlockedNumbersIntent+endCall+getAdnUriForPhoneA
1788668739.976 10303 16067 16067 I Unique  : 2026-09-06 11:25:39.973 I HOOK SERVICE_HOOKED service=media_router cache=true singletons=0 bound=callerPackage matched=callerPackage=deselectRouteWithManager+deselectRouteWithRouter2+getSystemRoutes+getSystemSessionInfoForPackage+registerClientAsUser+registerClientGroupId+registerManager+registerProxyRouter+registerRouter2+releaseSessionWithManager+releaseSessionWithRouter2+requestCreateSessionWithManager+requestSetVolume+requestUpdateVolume+selectRouteWithManager+selectRouteWithRouter2+setSelectedRoute+setSession
1788668739.977 10303 16067 16067 I Unique  : 2026-09-06 11:25:39.976 I HOOK IDENTITY_HOOK_INSTALLED service=media_router package=com.miui.calculator matched=callerPackage=deselectRouteWithManager+deselectRouteWithRouter2+getSystemRoutes+getSystemSessionInfoForPackage+registerClientAsUser+registerClientGroupId+registerManager+registerProxyRouter+registerRouter2+releaseSessionWithManager+releaseSessionWithRouter2+requestCreateSessionWithManager+requestSet
1788668739.980 10303 16067 16067 I Unique  : 2026-09-06 11:25:39.979 I HOOK SERVICE_HOOKED service=media_session cache=true singletons=0 bound=callerPackage matched=callerPackage=addOnMediaKeyEventSessionChangedListener+createSession+dispatchAdjustVolume+dispatchMediaKeyEvent+dispatchMediaKeyEventToSessionAsSystemService+dispatchVolumeKeyEvent+dispatchVolumeKeyEventToSessionAsSystemService+getMediaKeyEventSession+getMediaKeyEventSessionPackageName+hasCustomMediaKeyDispatcher+hasCustomMediaSessionPolicyProvider+isTrusted+setCustomMediaKeyDispatcher+setCustomMe
1788668739.981 10303 16067 16067 I Unique  : 2026-09-06 11:25:39.980 I HOOK IDENTITY_HOOK_INSTALLED service=media_session package=com.miui.calculator matched=callerPackage=addOnMediaKeyEventSessionChangedListener+createSession+dispatchAdjustVolume+dispatchMediaKeyEvent+dispatchMediaKeyEventToSessionAsSystemService+dispatchVolumeKeyEvent+dispatchVolumeKeyEventToSessionAsSystemService+getMediaKeyEventSession+getMediaKeyEventSessionPackageName+hasCustomMedi
1788668739.987 10303 16067 16067 I Unique  : 2026-09-06 11:25:39.986 I HOOK SERVICE_HOOKED service=appwidget cache=true singletons=0 bound=callerPackage,appWidgetIdentity matched=callerPackage=allocateAppWidgetId+bindRemoteViewsService+createAppWidgetConfigIntentSender+deleteAppWidgetId+deleteHost+getAppWidgetIdsForHost+getAppWidgetInfo+getAppWidgetOfHost+getAppWidgetOptions+getAppWidgetViews+getInstalledProvidersForProfile+hasBindAppWidgetPermission+isBoundWidgetPackage+noteAppWidgetTapped+notifyAppWidgetViewDataChanged+partiallyUpdateAppWidgetIds+setAppWidgetHidden+setBi
1788668739.988 10303 16067 16067 I Unique  : 2026-09-06 11:25:39.987 I HOOK IDENTITY_HOOK_INSTALLED service=appwidget package=com.miui.calculator matched=callerPackage=allocateAppWidgetId+bindRemoteViewsService+createAppWidgetConfigIntentSender+deleteAppWidgetId+deleteHost+getAppWidgetIdsForHost+getAppWidgetInfo+getAppWidgetOfHost+getAppWidgetOptions+getAppWidgetViews+getInstalledProvidersForProfile+hasBindAppWidgetPermission+isBoundWidgetPackage+not
1788668739.989 10303 16067 16067 I Unique  : 2026-09-06 11:25:39.988 I HOOK IDENTITY_HOOKS_INSTALLED package=com.miui.calculator installed=alarm,clipboard,restrictions,locale,connectivity,power,wifi,location,audio,vibrator_manager,usagestats,netstats,content,shortcut,mount,account,phone,device_policy,media.camera,telecom,media_router,media_session,appwidget skipped=
1788668739.990 10303 16067 16067 W Unique  : 2026-09-06 11:25:39.990 W PROCESS ALARM_EXACT_UNAVAILABLE detail=UNIQUE does not hold SCHEDULE_EXACT_ALARM; a guest asking for an exact alarm will get the platform's SecurityException
1788668739.993 10303 16067 16067 I Unique  : 2026-09-06 11:25:39.992 I HOOK SERVICE_HOOKED service=jobscheduler cache=true singletons=0 bound=jobById,scheduleJob,pendingJobs matched=jobById=cancel+getPendingJob+getPendingJobReason,scheduleJob=enqueue+schedule+scheduleAsPackage,pendingJobs=getAllPendingJobs+getAllPendingJobsInNamespace
1788668739.994 10303 16067 16067 I Unique  : 2026-09-06 11:25:39.993 I HOOK JOB_HOOKED package=com.miui.calculator slot=0 matched=jobById=cancel+getPendingJob+getPendingJobReason,scheduleJob=enqueue+schedule+scheduleAsPackage,pendingJobs=getAllPendingJobs+getAllPendingJobsInNamespace
1788668740.001 10303 16067 16067 I Unique  : 2026-09-06 11:25:40.000 I HOOK SERVICE_HOOKED service=notification cache=true singletons=1 bound=notificationIdentity,enqueue,channels matched=notificationIdentity=addAutomaticZenRule+areBubblesAllowed+areNotificationsEnabled+areNotificationsEnabledForPackage+buzzBeepBlinkForNotification+canNotifyAsPackage+canShowBadge+cancelAllNotifications+cancelNotificationFromListener+cancelToast+clearData+deleteNotificationHistoryItem+enqueueTextToast+enqueueToast+finishToken+getActiveNotifications+getActiveNotificationsWithAttribution+getAllowedAss
1788668740.002 10303 16067 16067 I Unique  : 2026-09-06 11:25:40.001 I HOOK NOTIFICATION_HOOKED package=com.miui.calculator vuid=0 matched=notificationIdentity=addAutomaticZenRule+areBubblesAllowed+areNotificationsEnabled+areNotificationsEnabledForPackage+buzzBeepBlinkForNotification+canNotifyAsPackage+canShowBadge+cancelAllNotifications+cancelNotificationFromListener+cancelToast+clearData+deleteNotificationHistoryItem+enqueueTextToast+enqueueToast+finishToken+getActiveNotifications+getActiveNotificationsWithAttribution+getAllowedAss
1788668740.005 10303 16067 16067 I Unique  : 2026-09-06 11:25:40.004 I PROCESS RECEIVERS_REGISTERED package=com.miui.calculator declared=3 registered=3 actions=com.miui.voiceassist.mvs.client.MvsClientReceiver#com.miui.voiceassist.mvs.client.ACTION_RESGISTER_MVS;com.miui.calculator.widget.CalWidgetProvider#android.appwidget.action.APPWIDGET_UPDATE,miui.appwidget.action.APPWIDGET_UPDATE;com.miui.calculator.widget.CurrencyWidgetProvider#android.appwidget.action.APPWIDGET_UPDATE,miui.appwidget.action.APPWIDGET_UPDATE,UPDATE_CURRENCY,IS_NETWORK_CONNECTED,and exported=3
1788668740.006 10303 16067 16067 I Unique  : 2026-09-06 11:25:40.005 I LAUNCH ACTIVITY_LIFECYCLE_INSTALLED package=com.miui.calculator
1788668740.015 10303 16067 16067 W libc    : Access denied finding property "ro.debuggable"
1788668740.032 10303 16067 16067 I UniqueNative: redirect table set: 8 rule(s)
1788668740.032 10303 16067 16067 I UniqueNative: io_redirect installed: 0 slot(s) in 0/389 libraries (0 total), 8 rule(s), page size 4096
1788668740.033 10303 16067 16067 W UniqueNative: io_redirect: filter did not match: /data/user/0/com.unique/files/virtual/apk/com.miui.calculator/315004003/lib/arm64-v8a
1788668740.033 10303 16067 16067 W UniqueNative: io_redirect: filter did not match: /data/data/com.unique/files/virtual/apk/com.miui.calculator/315004003/lib/arm64-v8a
1788668740.033 10303 16067 16067 W UniqueNative: io_redirect: filter did not match: /data/user/0/com.unique/files/virtual/apk/com.miui.calculator/315004003
1788668740.033 10303 16067 16067 W UniqueNative: io_redirect: filter did not match: /data/data/com.unique/files/virtual/apk/com.miui.calculator/315004003
1788668740.033 10303 16067 16067 W UniqueNative: io_redirect: app-private library seen: /data/misc/apexdata/com.android.art/dalvik-cache/arm64/boot.oat
1788668740.033 10303 16067 16067 W UniqueNative: io_redirect: app-private library seen: /data/misc/apexdata/com.android.art/dalvik-cache/arm64/boot-framework-adservices.oat
1788668740.033 10303 16067 16067 W UniqueNative: io_redirect: app-private library seen: /data/app/~~E_AZaXevj49olDA4bpqyHA==/com.unique-wkslfLmMJQVPSCvjJARKJA==/oat/arm64/base.odex
1788668740.033 10303 16067 16067 W UniqueNative: io_redirect: app-private library seen: /data/app/~~E_AZaXevj49olDA4bpqyHA==/com.unique-wkslfLmMJQVPSCvjJARKJA==/base.apk!/lib/arm64-v8a/libunique_native.so
1788668740.034 10303 16067 16067 I Unique  : 2026-09-06 11:25:40.033 I NATIVE u0 com.miui.calculator IO_REDIRECT_INSTALLED status=NOTHING_TO_HOOK watch=OK rules=8 slots=0 scope=/data/user/0/com.unique/files/virtual/apk/com.miui.calculator/315004003/lib/arm64-v8a,/data/data/com.unique/files/virtual/apk/com.miui.calculator/315004003/lib/arm64-v8a,/data/user/0/com.unique/files/
1788668740.035 10303 16067 16067 I Unique  : 2026-09-06 11:25:40.034 I LAUNCH u0 com.miui.calculator BOOTSTRAP_OK package=com.miui.calculator vuid=0 slot=0 applicationClass=com.miui.calculator.CalculatorApplication dataDir=/data/user/0/com.unique/files/virtual/users/0/data/com.miui.calculator sourceDir=/data/user/0/com.unique/files/virtual/apk/com.miui.calculator/315004003/base.apk nativeLibraryDir=/data/user/0/com.unique/files/virtual/apk/com.miui.calculator/315004003/lib/arm64-v8a targetSdk=35 observedPackageName=com.miui.calculator observedFilesDir=/data/user/0/com.unique/files/virtual/users/0/data/com.miui.calculator/files millis=390
1788668740.037 10303 16067 16067 I Unique  : 2026-09-06 11:25:40.036 I LAUNCH u0 com.miui.calculator TRANSACTION_REWRITTEN package=com.miui.calculator activity=com.miui.calculator.cal.CalculatorActivity vuid=0 item=LaunchActivityItem theme=2131886320
1788668740.042 10303 14618 14626 I Unique  : 2026-09-06 11:25:40.040 I PROCESS PROVIDER_SLOT_READY slot=0 vuid=0 pid=16067
1788668740.064 10303 16067 16104 E om.unique:vapp0: setpriority success to 100 : mali-cmar-backend
1788668740.064 10303 16067 16087 I Unique  : 2026-09-06 11:25:40.063 I LAUNCH u0 com.miui.calculator SIGNATURES_LOADED package=com.miui.calculator signers=1 hasSigningInfo=true
1788668740.068 10303 16067 16067 I Unique  : 2026-09-06 11:25:40.067 I LAUNCH u0 com.miui.calculator ACTIVITY_HARDWARE_ACCELERATED activity=com.miui.calculator.cal.CalculatorActivity fromActivityInfo=false applied=true
1788668740.071 10303 16067 16067 I Unique  : 2026-09-06 11:25:40.070 I LAUNCH u0 com.miui.calculator ACTIVITY_ORIENTATION_APPLIED activity=com.miui.calculator.cal.CalculatorActivity orientation=3 applied=true
1788668740.088 10303 16067 16067 W libc    : Access denied finding property "persist.vendor.camera.IsVariableApertureSupported"
1788668740.088 10303 16067 16067 W libc    : Access denied finding property "persist.vendor.camera.IsStreetModeSupported"
1788668740.089 10303 16067 16067 D Unique  : 2026-09-06 11:25:40.089 D PROCESS u0 com.miui.calculator PERMISSION_CHECK permission=android.permission.INTERACT_ACROSS_USERS_FULL result=DENIED
1788668740.127 10303 16067 16067 I UniqueNative: io_redirect installed: 0 slot(s) in 0/390 libraries (0 total), 8 rule(s), page size 4096
1788668740.127 10303 16067 16067 W UniqueNative: io_redirect: filter did not match: /data/user/0/com.unique/files/virtual/apk/com.miui.calculator/315004003/lib/arm64-v8a
1788668740.127 10303 16067 16067 W UniqueNative: io_redirect: filter did not match: /data/data/com.unique/files/virtual/apk/com.miui.calculator/315004003/lib/arm64-v8a
1788668740.127 10303 16067 16067 W UniqueNative: io_redirect: filter did not match: /data/user/0/com.unique/files/virtual/apk/com.miui.calculator/315004003
1788668740.127 10303 16067 16067 W UniqueNative: io_redirect: filter did not match: /data/data/com.unique/files/virtual/apk/com.miui.calculator/315004003
1788668740.127 10303 16067 16067 W UniqueNative: io_redirect: app-private library seen: /data/misc/apexdata/com.android.art/dalvik-cache/arm64/boot.oat
1788668740.127 10303 16067 16067 W UniqueNative: io_redirect: app-private library seen: /data/misc/apexdata/com.android.art/dalvik-cache/arm64/boot-framework-adservices.oat
1788668740.127 10303 16067 16067 W UniqueNative: io_redirect: app-private library seen: /data/app/~~E_AZaXevj49olDA4bpqyHA==/com.unique-wkslfLmMJQVPSCvjJARKJA==/oat/arm64/base.odex
1788668740.127 10303 16067 16067 W UniqueNative: io_redirect: app-private library seen: /data/app/~~E_AZaXevj49olDA4bpqyHA==/com.unique-wkslfLmMJQVPSCvjJARKJA==/base.apk!/lib/arm64-v8a/libunique_native.so
1788668740.176 10303 16067 16067 I UniqueNative: io_redirect installed: 0 slot(s) in 0/390 libraries (0 total), 8 rule(s), page size 4096
1788668740.177 10303 16067 16067 W UniqueNative: io_redirect: filter did not match: /data/user/0/com.unique/files/virtual/apk/com.miui.calculator/315004003/lib/arm64-v8a
1788668740.177 10303 16067 16067 W UniqueNative: io_redirect: filter did not match: /data/data/com.unique/files/virtual/apk/com.miui.calculator/315004003/lib/arm64-v8a
1788668740.177 10303 16067 16067 W UniqueNative: io_redirect: filter did not match: /data/user/0/com.unique/files/virtual/apk/com.miui.calculator/315004003
1788668740.177 10303 16067 16067 W UniqueNative: io_redirect: filter did not match: /data/data/com.unique/files/virtual/apk/com.miui.calculator/315004003
1788668740.177 10303 16067 16067 W UniqueNative: io_redirect: app-private library seen: /data/misc/apexdata/com.android.art/dalvik-cache/arm64/boot.oat
1788668740.177 10303 16067 16067 W UniqueNative: io_redirect: app-private library seen: /data/misc/apexdata/com.android.art/dalvik-cache/arm64/boot-framework-adservices.oat
1788668740.177 10303 16067 16067 W UniqueNative: io_redirect: app-private library seen: /data/app/~~E_AZaXevj49olDA4bpqyHA==/com.unique-wkslfLmMJQVPSCvjJARKJA==/oat/arm64/base.odex
1788668740.177 10303 16067 16067 W UniqueNative: io_redirect: app-private library seen: /data/app/~~E_AZaXevj49olDA4bpqyHA==/com.unique-wkslfLmMJQVPSCvjJARKJA==/base.apk!/lib/arm64-v8a/libunique_native.so
1788668740.183 10303 16067 16067 W libc    : Access denied finding property "ro.vendor.df.effect.conflict"
1788668740.187 10303 16067 16067 W libc    : Access denied finding property "ro.vendor.mi_sf.new_dynamic_refresh_rate"
1788668740.277 10303 16067 16067 W libc    : Access denied finding property "ro.vendor.perf.scroll_opt"
1788668740.279 10303 16067 16091 W libc    : Access denied finding property "ro.vendor.display.iris_x7.support"
1788668740.294 10303 16067 16067 D Unique  : 2026-09-06 11:25:40.293 D LAUNCH u0 com.miui.calculator CALLBACK_ALIVE what=159 obj=android.app.servertransaction.ClientTransaction
1788668740.295 10303 16067 16067 D Unique  : 2026-09-06 11:25:40.294 D LAUNCH u0 com.miui.calculator NO_LAUNCH_ITEM transaction=android.app.servertransaction.ClientTransaction shape=CREATOR: mActivityCallbacks:[TopResumedActivityChangeItem] mActivityToken:BinderProxy mClient:null mLifecycleStateRequest:null mTransactionItems:[TopResumedActivityChangeItem] seen=2
1788668740.486 10303 16067 16091 D om.unique:vapp0: MiuiProcessManagerServiceStub setSchedFifo
1788668740.494 10303 16067 16091 W libc    : Access denied finding property "ro.vendor.display.iris_x7.support"
1788668740.566 10303 16067 16091 W libc    : Access denied finding property "ro.vendor.display.iris_x7.support"
1788668740.578 10303 16067 16067 D Unique  : 2026-09-06 11:25:40.578 D LAUNCH u0 com.miui.calculator CALLBACK_ALIVE what=149 obj=android.os.BinderProxy
1788668740.580 10303 16067 16067 D Unique  : 2026-09-06 11:25:40.579 D LAUNCH u0 com.miui.calculator NO_LAUNCH_ITEM transaction=android.app.servertransaction.ClientTransaction shape=CREATOR: mActivityCallbacks:[WindowStateInsetsControlChangeItem] mActivityToken:null mClient:null mLifecycleStateRequest:null mTransactionItems:[WindowStateInsetsControlChangeItem] seen=3
1788668740.636 10303 16067 16091 W libc    : Access denied finding property "ro.vendor.display.iris_x7.support"
1788668743.565 10303 16067 16067 D Unique  : 2026-09-06 11:25:43.564 D LAUNCH u0 com.miui.calculator NO_LAUNCH_ITEM transaction=android.app.servertransaction.ClientTransaction shape=CREATOR: mActivityCallbacks:[TopResumedActivityChangeItem] mActivityToken:BinderProxy mClient:null mLifecycleStateRequest:null mTransactionItems:[TopResumedActivityChangeItem] seen=4
1788668743.608 10303 16067 16091 E om.unique:vapp0: DynamicFPS DF open fail: No such file or directory
1788668743.658 10303 16067 16067 D Unique  : 2026-09-06 11:25:43.656 D LAUNCH u0 com.miui.calculator NO_LAUNCH_ITEM transaction=android.app.servertransaction.ClientTransaction shape=CREATOR: mActivityCallbacks:[WindowStateInsetsControlChangeItem] mActivityToken:null mClient:null mLifecycleStateRequest:null mTransactionItems:[WindowStateInsetsControlChangeItem] seen=5
1788668744.192 10303 16067 16067 D Unique  : 2026-09-06 11:25:44.189 D LAUNCH u0 com.miui.calculator NO_LAUNCH_ITEM transaction=android.app.servertransaction.ClientTransaction shape=CREATOR: mActivityCallbacks:null mActivityToken:BinderProxy mClient:null mLifecycleStateRequest:StopActivityItem mTransactionItems:[StopActivityItem] seen=6
1788668744.419 10303 16067 16067 D Unique  : 2026-09-06 11:25:44.416 D LAUNCH u0 com.miui.calculator NO_LAUNCH_ITEM transaction=android.app.servertransaction.ClientTransaction shape=CREATOR: mActivityCallbacks:null mActivityToken:BinderProxy mClient:null mLifecycleStateRequest:DestroyActivityItem mTransactionItems:[DestroyActivityItem] seen=7
1788668746.246 10303 14618 14950 I Unique  : 2026-09-06 11:25:46.245 I PROCESS SLOT_PROCESS_STOPPED slot=:vapp0 pids=16067 reason=removed
1788668746.247 10303 14618 14950 I Unique  : 2026-09-06 11:25:46.246 I PROCESS PROCESS_RELEASED slot=:vapp0 reason=removed
1788668746.263 10303 14618 14951 I Unique  : 2026-09-06 11:25:46.262 I PROCESS BROADCAST_ROUTER_READY instances=0 actions=27 authorities=[redacted]
1788668762.602 10303 14618 14941 I Unique  : 2026-09-06 11:26:02.601 I STORAGE IMPORT_STARTED package=nu.gpu.nagram files=1
1788668763.372 10303 14618 14941 I Unique  : 2026-09-06 11:26:03.371 I STORAGE PACKAGE_IMPORTED package=nu.gpu.nagram versionCode=1259 splits=1 libs=3 abi=arm64-v8a bytes=83080339 readOnlyApks=1
1788668763.398 10303 14618 14941 I Unique  : 2026-09-06 11:26:03.397 I STORAGE INSTANCE_PREPARED vuid=0 package=nu.gpu.nagram created=12
1788668763.405 10303 14618 14941 I Unique  : 2026-09-06 11:26:03.404 I STORAGE INSTANCE_CREATED package=nu.gpu.nagram vuid=0 name=Profile 1 androidId=a97d9b24caa8777f
1788668763.439 10303 14618 14951 I Unique  : 2026-09-06 11:26:03.438 I PROCESS BROADCAST_ROUTES_REGISTERED package=nu.gpu.nagram vuid=0 routes=28 actions=org.unifiedpush.android.connector.MESSAGE,IS_NETWORK_CONNECTED,android.intent.action.MEDIA_MOUNTED,androidx.profileinstaller.action.SKIP_FILE,com.miui.voiceassist.mvs.client.ACTION_RESGISTER_MVS,org.telegram.android.musicplayer.close,nu.gpu.nagram.CANCEL_SAVE_TO_DOWNLOAD,com.facebook.sdk.ACTION_CURR
1788668763.440 10303 14618 14951 I Unique  : 2026-09-06 11:26:03.439 I PROCESS PROVIDER_ROUTES_REGISTERED package=nu.gpu.nagram vuid=0 authorities=[redacted]
1788668763.440 10303 14618 14951 I Unique  : 2026-09-06 11:26:03.440 I PROCESS BROADCAST_ROUTER_READY instances=1 actions=46 authorities=[redacted]
1788668763.474 10303 14618 14951 I Unique  : 2026-09-06 11:26:03.473 I STORAGE GUEST_INFO_RESOLVED package=nu.gpu.nagram label=Nagram X icon=true
1788668765.521 10303 14618 14946 I Unique  : 2026-09-06 11:26:05.520 I GOOGLE GOOGLE_ENVIRONMENT gmsPresent=true gmsEnabled=true gmsVersionCode=263234035 gmsVersionName=26.32.34 (260400-968093310) vendingPresent=true gsfPresent=true customTabs=com.android.chrome hostGmsAvailable=true virtualGmsInstalled=false customTabsAvailable=true
1788668765.544 10303 14618 14950 I Unique  : 2026-09-06 11:26:05.543 I GOOGLE GOOGLE_ENVIRONMENT gmsPresent=true gmsEnabled=true gmsVersionCode=263234035 gmsVersionName=26.32.34 (260400-968093310) vendingPresent=true gsfPresent=true customTabs=com.android.chrome hostGmsAvailable=true virtualGmsInstalled=false customTabsAvailable=true
1788668765.545 10303 14618 14950 I Unique  : 2026-09-06 11:26:05.544 I GOOGLE GOOGLE_ROUTE package=nu.gpu.nagram flow=SIGN_IN mode=PASSTHROUGH why=The app declares an OAuth redirect scheme, so the browser flow can be used and is the most reliable path.
1788668765.546 10303 14618 14950 I Unique  : 2026-09-06 11:26:05.545 I GOOGLE GOOGLE_ROUTE package=nu.gpu.nagram flow=CREDENTIAL_MANAGER mode=HOST_BRIDGE why=Unverified: Sign in with Google issues a token for the app's server client, so the device's own Google Play services should be able to answer. Not yet confirmed against a real sample.
1788668765.546 10303 14618 14950 I Unique  : 2026-09-06 11:26:05.546 I GOOGLE GOOGLE_ROUTE package=nu.gpu.nagram flow=ACCOUNT_MANAGER mode=HOST_BRIDGE why=Account access is bridged to the device's accounts; consent is shown as UNIQUE.
1788668765.547 10303 14618 14950 I Unique  : 2026-09-06 11:26:05.547 I GOOGLE GOOGLE_ROUTE package=nu.gpu.nagram flow=FIREBASE_AUTH mode=PASSTHROUGH why=Firebase Auth consumes a token from another flow; the app's browser redirect can supply it.
1788668765.548 10303 14618 14950 I Unique  : 2026-09-06 11:26:05.547 I GOOGLE GOOGLE_ROUTE package=nu.gpu.nagram flow=OAUTH_WEB mode=PASSTHROUGH why=Browser-based OAuth needs no Google Play services, only a working redirect back into this instance.
1788668765.548 10303 14618 14950 I Unique  : 2026-09-06 11:26:05.548 I GOOGLE GOOGLE_ROUTE package=nu.gpu.nagram flow=FCM mode=HOST_BRIDGE why=Experimental: push registration is bridged through the host. Whether Google Play services accepts it varies by version; the result is recorded per device.
1788668765.549 10303 14618 14950 I Unique  : 2026-09-06 11:26:05.549 I GOOGLE GOOGLE_ROUTE package=nu.gpu.nagram flow=PLAY_GAMES mode=UNSUPPORTED why=Not supported yet: Play Games checks an attested app identity, and UNIQUE has not been tested against it.
1788668765.955 10303 14618 14946 I Unique  : 2026-09-06 11:26:05.954 I PROCESS PROCESS_ASSIGNED slot=:vapp0 vuid=0 process=nu.gpu.nagram
1788668765.976 10303 14618 14946 I Unique  : 2026-09-06 11:26:05.975 I LAUNCH LAUNCH_REQUESTED package=nu.gpu.nagram vuid=0 activity=org.telegram.messenger.NoxIcon slot=:vapp0 launchMode=0
1788668766.010 10303 16167 16167 I om.unique:vapp0: Using generational CollectorTypeCMC GC.
1788668766.070 10303 16167 16167 D ActivityThread: setEmbeddedParam packageName=com.unique processName=com.unique:vapp0 isEmbedded=false isIsolated=false
1788668766.114 10303 16167 16167 I Unique  : 2026-09-06 11:26:06.109 I PROCESS PROCESS_START process=com.unique:vapp0 kind=VAPP sdk=35 abi=arm64-v8a,armeabi-v7a,armeabi
1788668766.114 10303 16167 16167 W om.unique:vapp0: Unsupported class loader: java.lang.Class<org.lsposed.hiddenapibypass.CoreOjClassLoader>
1788668766.160 10303 16167 16167 W om.unique:vapp0: Unsupported class loader: java.lang.Class<org.lsposed.hiddenapibypass.CoreOjClassLoader>
1788668766.160 10303 16167 16167 W om.unique:vapp0: Unsupported class loader: java.lang.Class<org.lsposed.hiddenapibypass.CoreOjClassLoader>
1788668766.162 10303 16167 16167 I Unique  : 2026-09-06 11:26:06.161 I HOOK HIDDEN_API_GRANTED via=HiddenApiBypass
1788668766.167 10303 16167 16167 I UniqueNative: libunique_native loaded (page size 4096)
1788668766.168 10303 16167 16167 I Unique  : 2026-09-06 11:26:06.168 I LAUNCH INTERCEPTOR_INSTALLED executeTransaction=159
1788668766.169 10303 16167 16167 I Unique  : 2026-09-06 11:26:06.168 I PROCESS VAPP_READY slot=0
1788668766.171 10303 16167 16167 I Unique  : 2026-09-06 11:26:06.170 I PROCESS STUB_PROVIDER_CREATED slot=0
1788668766.182 10303 16167 16167 D Unique  : 2026-09-06 11:26:06.181 D LAUNCH CALLBACK_ALIVE what=164 obj=java.lang.String
1788668766.184 10303 16167 16167 D Unique  : 2026-09-06 11:26:06.183 D LAUNCH CALLBACK_ALIVE what=159 obj=android.app.servertransaction.ClientTransaction
1788668766.218 10303 16167 16167 I Unique  : 2026-09-06 11:26:06.217 I PROCESS PROCESS_RENAMED argv0=nu.gpu.nagram
1788668766.772 10303 16167 16167 I Unique  : 2026-09-06 11:26:06.772 I PROCESS PROFILE_BOUND profile=a1feaafa-ce2c-4a55-929a-cbf611ed265a androidId=a97d9b24caa8777f generation=1
1788668766.773 10303 16167 16167 I Unique  : 2026-09-06 11:26:06.773 I PROCESS BUILD_OVERRIDES_APPLIED applied=1 requested=1
1788668766.774 10303 16167 16167 I Unique  : 2026-09-06 11:26:06.774 I LAUNCH PROFILE_BOUND profileId=a1feaafa-ce2c-4a55-929a-cbf611ed265a generation=1
1788668766.781 10303 16167 16167 I Unique  : 2026-09-06 11:26:06.780 I PROCESS PERMISSION_CACHE_DISABLED disabled=disablePackageNamePermissionCache,disablePermissionCache,disableApplicationInfoCache,disablePackageInfoCache,disableGetPackagesForUidCache failed=android.app.ActivityManager: no disable*Cache()
1788668766.793 10303 16167 16167 I Unique  : 2026-09-06 11:26:06.792 I PROCESS PERMISSIONS_BOUND package=nu.gpu.nagram vuid=0 declared=69 restored=0 runtime=18 installTime=51 selfDefined=1
1788668766.802 10303 16167 16167 I Unique  : 2026-09-06 11:26:06.801 I HOOK SERVICE_HOOKED service=package cache=true singletons=1 bound=permissionCheck,getActivityInfo,applicationEnabledSetting,getApplicationInfo,componentEnabledSetting,installedPackages,getInstallerPackageName,getNameForUid,getPackageInfo,getPackagesForUid,getProviderInfo,getReceiverInfo,getServiceInfo,queryIntent,resolveContentProvider,resolveIntent matched=permissionCheck=checkPermission+checkUidPermission,getActivityInfo,applicationEnabledSetting=getApplicationEnabledSetting+setApplicationEnabledSetting,getApplicationInfo,componentEnabledSetting=getComponentEnabledSetting+setComponentEnabledSetting,installedPackages=getInstalledApplications+getInstalledPackages,getInstallerPackageName,getNameForUid,getPackageInfo,getPackagesForUid,getProviderInfo,g
1788668766.803 10303 16167 16167 I Unique  : 2026-09-06 11:26:06.802 I LAUNCH VPM_HOOK_INSTALLED package=nu.gpu.nagram bound=permissionCheck,getActivityInfo,applicationEnabledSetting,getApplicationInfo,componentEnabledSetting,installedPackages,getInstallerPackageName,getNameForUid,getPackageInfo,getPackagesForUid,getProviderInfo,getReceiverInfo,getServiceInfo,queryIntent,resolveContentProvider,resolveIntent
1788668766.823 10303 16167 16167 I Unique  : 2026-09-06 11:26:06.822 I HOOK SERVICE_HOOKED service=activity cache=true singletons=1 bound=serviceDispatch,callerIdentity,permissionCheck,getContentProvider,intentSender,runningProcesses,registerReceiver,foregroundService matched=serviceDispatch=bindService+bindServiceInstance+peekService+publishService+startService+stopService+unbindFinished,callerIdentity=broadcastIntent+broadcastIntentWithFeature+getBindingUidProcessState+getContentProviderExternal+getHistoricalProcessExitReasons+getHistoricalProcessStartReasons+getPackageProcessState+getTagForIntentSender+getUidLastIdleElapsedTime+getUidProcessCapabilities+getUidProces
1788668766.824 10303 16167 16167 I Unique  : 2026-09-06 11:26:06.823 I LAUNCH VAM_HOOK_INSTALLED package=nu.gpu.nagram host=com.unique methods=8 matched=serviceDispatch=bindService+bindServiceInstance+peekService+publishService+startService+stopService+unbindFinished,callerIdentity=broadcastIntent+broadcastIntentWithFeature+getBindingUidProcessState+getContentProviderExternal+getHistoricalProcessExitReasons+getHistoricalProcessStartReasons+getPackageProcessState+getTagForIntentSender+getUidLastIdleElapsedTime+getUidProcessCapabilities+getUidProcessState+grantUriPermission+isBackgroundRestricted+isUidActive+moveTaskToFront+revokeUriPermission+sendIntentSender+startActivity+startActivityAsUser+startActivityAsUserWithFeature+startActivityWithFeature,permissionCheck=checkPermission+checkPermissionForDevice,getContentProvider,intentSender=getIntentSender+getIntentSenderWithFeature,runningProcesses=getRunningAppProcesses+getServices,registerReceiver=registerReceiver+registerReceiverWithFeature,foregroundService=setServiceForeground
1788668766.831 10303 16167 16167 I Unique  : 2026-09-06 11:26:06.830 I HOOK SERVICE_HOOKED service=activity_task cache=true singletons=1 bound=activityStart matched=activityStart=startActivities+startActivity+startActivityAndWait+startActivityAsCaller+startActivityAsUser+startActivityFromGameSession+startActivityIntentSender+startActivityWithConfig
1788668766.832 10303 16167 16167 I Unique  : 2026-09-06 11:26:06.831 I LAUNCH ATM_HOOK_INSTALLED package=nu.gpu.nagram host=com.unique matched=activityStart=startActivities+startActivity+startActivityAndWait+startActivityAsCaller+startActivityAsUser+startActivityFromGameSession+startActivityIntentSender+startActivityWithConfig
1788668766.834 10303 16167 16167 I Unique  : 2026-09-06 11:26:06.833 I HOOK SERVICE_HOOKED service=permissionmgr cache=true singletons=1 bound=shouldShowRequestPermissionRationale matched=shouldShowRequestPermissionRationale
1788668766.835 10303 16167 16167 I Unique  : 2026-09-06 11:26:06.834 I HOOK PERMISSION_MANAGER_HOOKED matched=shouldShowRequestPermissionRationale
1788668766.838 10303 16167 16167 I Unique  : 2026-09-06 11:26:06.836 I HOOK SERVICE_HOOKED service=appops cache=true singletons=0 bound=appOpIdentity matched=appOpIdentity=checkAudioOperation+checkOperation+checkOperationForDevice+checkOperationRaw+checkOperationRawForDevice+checkPackage+collectNoteOpCallsForValidation+extractAsyncOps+finishOperation+finishOperationForDevice+getHistoricalOps+getHistoricalOpsFromDiskRaw+getOpsForPackage+getPackagesForOpsForDevice+isOperationActive+isProxying+noteOperation+noteOperationForDevice+noteProxyOperation+notePr
1788668766.839 10303 16167 16167 I Unique  : 2026-09-06 11:26:06.838 I HOOK APPOPS_HOOKED package=nu.gpu.nagram host=com.unique matched=appOpIdentity=checkAudioOperation+checkOperation+checkOperationForDevice+checkOperationRaw+checkOperationRawForDevice+checkPackage+collectNoteOpCallsForValidation+extractAsyncOps+finishOperation+finishOperationForDevice+getHistoricalOps+getHistoricalOpsFromDiskRaw+getOpsForPackage+getPackagesForOpsForDevice+isOperationActive+isProxying+noteOperation+noteOperationForDevice+noteProxyOperation+notePr
1788668766.846 10303 16167 16167 I Unique  : 2026-09-06 11:26:06.846 I PROCESS SETTINGS_CACHES_PRIMED wrappedByHand=0 alreadyWrapped=3 empty=1
1788668766.847 10303 16167 16167 I Unique  : 2026-09-06 11:26:06.847 I PROCESS PROVIDER_CACHES_EVICTED activityThreadProviders=2 providerRefCounts=1 settingsCaches=4 settingsWrapped=3 hostSource=com.unique hostSourceUid=10303
1788668766.863 10303 16167 16167 I Unique  : 2026-09-06 11:26:06.861 I PROCESS NETWORK_SECURITY_INSTALLED package=nu.gpu.nagram configRes=2131886087 targetSdk=36
1788668766.863 10303 16167 16167 I UniqueNative: redirect table set: 8 rule(s)
1788668766.864 10303 16167 16167 I UniqueNative: io_redirect installed: 0 slot(s) in 0/389 libraries (0 total), 8 rule(s), page size 4096
1788668766.864 10303 16167 16167 W UniqueNative: io_redirect: filter did not match: /data/user/0/com.unique/files/virtual/apk/nu.gpu.nagram/1259/lib/arm64-v8a
1788668766.864 10303 16167 16167 W UniqueNative: io_redirect: filter did not match: /data/data/com.unique/files/virtual/apk/nu.gpu.nagram/1259/lib/arm64-v8a
1788668766.864 10303 16167 16167 W UniqueNative: io_redirect: filter did not match: /data/user/0/com.unique/files/virtual/apk/nu.gpu.nagram/1259
1788668766.864 10303 16167 16167 W UniqueNative: io_redirect: filter did not match: /data/data/com.unique/files/virtual/apk/nu.gpu.nagram/1259
1788668766.864 10303 16167 16167 W UniqueNative: io_redirect: app-private library seen: /data/misc/apexdata/com.android.art/dalvik-cache/arm64/boot.oat
1788668766.864 10303 16167 16167 W UniqueNative: io_redirect: app-private library seen: /data/misc/apexdata/com.android.art/dalvik-cache/arm64/boot-framework-adservices.oat
1788668766.864 10303 16167 16167 W UniqueNative: io_redirect: app-private library seen: /data/app/~~E_AZaXevj49olDA4bpqyHA==/com.unique-wkslfLmMJQVPSCvjJARKJA==/oat/arm64/base.odex
1788668766.864 10303 16167 16167 W UniqueNative: io_redirect: app-private library seen: /data/app/~~E_AZaXevj49olDA4bpqyHA==/com.unique-wkslfLmMJQVPSCvjJARKJA==/base.apk!/lib/arm64-v8a/libunique_native.so
1788668766.865 10303 16167 16167 I UniqueNative: io_redirect: library-load watch installed (3 slot(s) in 2 libraries)
1788668766.865 10303 16167 16167 W UniqueNative: io_redirect: watch saw but did not match: /data/misc/apexdata/com.android.art/dalvik-cache/arm64/boot.oat
1788668766.865 10303 16167 16167 W UniqueNative: io_redirect: watch saw but did not match: /data/misc/apexdata/com.android.art/dalvik-cache/arm64/boot-framework-adservices.oat
1788668766.865 10303 16167 16167 W UniqueNative: io_redirect: watch saw but did not match: /data/app/~~E_AZaXevj49olDA4bpqyHA==/com.unique-wkslfLmMJQVPSCvjJARKJA==/oat/arm64/base.odex
1788668766.865 10303 16167 16167 W UniqueNative: io_redirect: watch saw but did not match: /data/app/~~E_AZaXevj49olDA4bpqyHA==/com.unique-wkslfLmMJQVPSCvjJARKJA==/base.apk!/lib/arm64-v8a/libunique_native.so
1788668766.868 10303 16167 16167 I Unique  : 2026-09-06 11:26:06.866 I NATIVE IO_REDIRECT_INSTALLED status=NOTHING_TO_HOOK watch=OK rules=8 slots=0 scope=/data/user/0/com.unique/files/virtual/apk/nu.gpu.nagram/1259/lib/arm64-v8a,/data/data/com.unique/files/virtual/apk/nu.gpu.nagram/1259/lib/arm64-v8a,/data/user/0/com.unique/files/virtual/apk/nu.gpu.nag
1788668766.870 10303 16167 16167 I Unique  : 2026-09-06 11:26:06.869 I WEBVIEW WEBVIEW_DATA_DIR_SUFFIX suffix=vapp0 slot=0
1788668766.872 10303 16167 16167 I UniqueNative: crash: recording 6 signal(s) to /data/user/0/com.unique/files/virtual/runtime/diagnostics/0/nu.gpu.nagram/native-crash-16167.properties
1788668766.874 10303 16167 16167 I Unique  : 2026-09-06 11:26:06.872 I NATIVE NATIVE_CRASH_HANDLER status=OK file=/data/user/0/com.unique/files/virtual/runtime/diagnostics/0/nu.gpu.nagram/native-crash-16167.properties
1788668766.877 10303 16167 16167 E Unique  : 2026-09-06 11:26:06.876 E PROCESS PROVIDER_PUBLISH_FAILED provider=androidx.car.app.connection.provider error=java.lang.ClassNotFoundException: androidx.car.app.connection.provider
1788668766.941 10303 16167 16167 I UniqueNative: io_redirect installed: 0 slot(s) in 1/390 libraries (0 total), 8 rule(s), page size 4096
1788668767.045 10303 16167 16167 I Unique  : 2026-09-06 11:26:07.044 I PROCESS PROVIDERS_PUBLISHED package=nu.gpu.nagram process=nu.gpu.nagram declared=9 authorities=[redacted]
1788668767.046 10303 16167 16167 I Unique  : 2026-09-06 11:26:07.045 I STORAGE EXTERNAL_STORAGE_REDIRECTED package=nu.gpu.nagram vuid=0 root=/data/user/0/com.unique/files/virtual/users/0/sdcard
1788668767.046 10303 16167 16217 D Unique  : 2026-09-06 11:26:07.045 D PROCESS PERMISSION_CHECK permission=android.permission.WAKE_LOCK result=GRANTED
1788668767.052 10303 16167 16167 I Unique  : 2026-09-06 11:26:07.047 I HOOK SERVICE_HOOKED service=alarm cache=true singletons=0 bound=callerPackage matched=callerPackage=canScheduleExactAlarms+cancelPoweroffAlarm+hasScheduleExactAlarm+removeAll+set+setTimeZone
1788668767.053 10303 16167 16167 I Unique  : 2026-09-06 11:26:07.053 I HOOK IDENTITY_HOOK_INSTALLED service=alarm package=nu.gpu.nagram matched=callerPackage=canScheduleExactAlarms+cancelPoweroffAlarm+hasScheduleExactAlarm+removeAll+set+setTimeZone
1788668767.056 10303 16167 16167 I Unique  : 2026-09-06 11:26:07.055 I HOOK SERVICE_HOOKED service=clipboard cache=true singletons=0 bound=callerPackage matched=callerPackage=addPrimaryClipChangedListener+clearPrimaryClip+getPrimaryClip+getPrimaryClipDescription+getPrimaryClipSource+getUserPrimaryClip+hasClipboardText+hasPrimaryClip+removePrimaryClipChangedListener+setPrimaryClip+setPrimaryClipAsPackage
1788668767.057 10303 16167 16167 I Unique  : 2026-09-06 11:26:07.056 I HOOK IDENTITY_HOOK_INSTALLED service=clipboard package=nu.gpu.nagram matched=callerPackage=addPrimaryClipChangedListener+clearPrimaryClip+getPrimaryClip+getPrimaryClipDescription+getPrimaryClipSource+getUserPrimaryClip+hasClipboardText+hasPrimaryClip+removePrimaryClipChangedListener+setPrimaryClip+setPrimaryClipAsPackage
1788668767.059 10303 16167 16217 D Unique  : 2026-09-06 11:26:07.058 D PROCESS PERMISSION_CHECK permission=android.permission.ACCESS_NETWORK_STATE result=GRANTED
1788668767.062 10303 16167 16167 I Unique  : 2026-09-06 11:26:07.060 I HOOK SERVICE_HOOKED service=restrictions cache=true singletons=0 bound=callerPackage matched=callerPackage=getApplicationRestrictions+getApplicationRestrictionsPerAdminForUser+notifyPermissionResponse+requestPermission
1788668767.063 10303 16167 16167 I Unique  : 2026-09-06 11:26:07.063 I HOOK IDENTITY_HOOK_INSTALLED service=restrictions package=nu.gpu.nagram matched=callerPackage=getApplicationRestrictions+getApplicationRestrictionsPerAdminForUser+notifyPermissionResponse+requestPermission
1788668767.066 10303 16167 16167 I Unique  : 2026-09-06 11:26:07.065 I HOOK SERVICE_HOOKED service=locale cache=true singletons=0 bound=callerPackage,setApplicationLocales matched=callerPackage=getApplicationLocales+getOverrideLocaleConfig+setOverrideLocaleConfig,setApplicationLocales
1788668767.067 10303 16167 16167 I Unique  : 2026-09-06 11:26:07.066 I HOOK IDENTITY_HOOK_INSTALLED service=locale package=nu.gpu.nagram matched=callerPackage=getApplicationLocales+getOverrideLocaleConfig+setOverrideLocaleConfig,setApplicationLocales
1788668767.072 10303 16167 16167 I Unique  : 2026-09-06 11:26:07.071 I HOOK SERVICE_HOOKED service=connectivity cache=true singletons=0 bound=callerPackage matched=callerPackage=getDefaultNetworkCapabilitiesForUser+getLastTetherError+getNetworkCapabilities+getRedactedLinkPropertiesForPackage+getRedactedNetworkCapabilitiesForPackage+isConnectivityServiceFeatureEnabledForTesting+listenForNetwork+pendingListenForNetwork+pendingRequestForNetwork+registerConnectivityDiagnosticsCallback+registerNetworkProvider+requestNetwork+requestRouteToHostAddress+setProvisioni
1788668767.073 10303 16167 16167 I Unique  : 2026-09-06 11:26:07.072 I HOOK IDENTITY_HOOK_INSTALLED service=connectivity package=nu.gpu.nagram matched=callerPackage=getDefaultNetworkCapabilitiesForUser+getLastTetherError+getNetworkCapabilities+getRedactedLinkPropertiesForPackage+getRedactedNetworkCapabilitiesForPackage+isConnectivityServiceFeatureEnabledForTesting+listenForNetwork+pendingListenForNetwork+pendingRequestForNetwork+registerConnectivi
1788668767.076 10303 16167 16167 I Unique  : 2026-09-06 11:26:07.074 I HOOK SERVICE_HOOKED service=power cache=true singletons=0 bound=callerPackage matched=callerPackage=acquireWakeLock+acquireWakeLockAsync+acquireWakeLockWithUid+crash+isAmbientDisplaySuppressedForToken+isAmbientDisplaySuppressedForTokenByApp+isFeatureAllowedInLowPowerStandby+reboot+shutdown+suppressAmbientDisplay+updateWakeLockWorkSource+wakeUp
1788668767.077 10303 16167 16167 I Unique  : 2026-09-06 11:26:07.076 I HOOK IDENTITY_HOOK_INSTALLED service=power package=nu.gpu.nagram matched=callerPackage=acquireWakeLock+acquireWakeLockAsync+acquireWakeLockWithUid+crash+isAmbientDisplaySuppressedForToken+isAmbientDisplaySuppressedForTokenByApp+isFeatureAllowedInLowPowerStandby+reboot+shutdown+suppressAmbientDisplay+updateWakeLockWorkSource+wakeUp
1788668767.079 10303 16167 16214 D Unique  : 2026-09-06 11:26:07.078 D PROCESS SERVICE_CONNECTION_WRAPPED connection=com.google.android.gms.common.internal.zzo
1788668767.090 10303 16167 16167 I Unique  : 2026-09-06 11:26:07.089 I HOOK SERVICE_HOOKED service=wifi cache=true singletons=0 bound=callerPackage matched=callerPackage=acquireMulticastLock+acquireWifiLock+addLocalOnlyConnectionStatusListener+addNetworkSuggestions+addOrUpdateNetwork+addOrUpdateNetworkPrivileged+addOrUpdatePasspointConfiguration+addQosPolicies+addSuggestionUserApprovalStatusListener+allowAutojoinGlobal+allowAutojoinPasspoint+connect+disableEphemeralNetwork+disableNetwork+disconnect+enableNetwork+enableTdls+enableTdlsWithMacAddress+en
1788668767.090 10303 16167 16167 I Unique  : 2026-09-06 11:26:07.090 I HOOK IDENTITY_HOOK_INSTALLED service=wifi package=nu.gpu.nagram matched=callerPackage=acquireMulticastLock+acquireWifiLock+addLocalOnlyConnectionStatusListener+addNetworkSuggestions+addOrUpdateNetwork+addOrUpdateNetworkPrivileged+addOrUpdatePasspointConfiguration+addQosPolicies+addSuggestionUserApprovalStatusListener+allowAutojoinGlobal+allowAutojoinPasspoint+connect+di
1788668767.094 10303 16167 16167 I Unique  : 2026-09-06 11:26:07.092 I HOOK SERVICE_HOOKED service=location cache=true singletons=0 bound=callerPackage matched=callerPackage=addGnssAntennaInfoListener+addGnssMeasurementsListener+addGnssNavigationMessageListener+addTestProvider+getCurrentLocation+getLastLocation+getProviderPackages+getProviderProperties+hasProvider+isProviderEnabledForUser+isProviderPackage+registerGnssNmeaCallback+registerGnssStatusCallback+registerLocationListener+registerLocationPendingIntent+removeTestProvider+requestGeofence+requestL
1788668767.094 10303 16167 16167 I Unique  : 2026-09-06 11:26:07.094 I HOOK IDENTITY_HOOK_INSTALLED service=location package=nu.gpu.nagram matched=callerPackage=addGnssAntennaInfoListener+addGnssMeasurementsListener+addGnssNavigationMessageListener+addTestProvider+getCurrentLocation+getLastLocation+getProviderPackages+getProviderProperties+hasProvider+isProviderEnabledForUser+isProviderPackage+registerGnssNmeaCallback+registerGnssStatusCallbac
1788668767.102 10303 16167 16167 I Unique  : 2026-09-06 11:26:07.101 I HOOK SERVICE_HOOKED service=audio cache=true singletons=0 bound=callerPackage matched=callerPackage=abandonAudioFocus+abandonAudioFocusForTest+adjustStreamVolume+adjustStreamVolumeForUid+adjustStreamVolumeWithAttribution+adjustSuggestedStreamVolumeForUid+adjustVolumeGroupVolume+cacheParameters+disableSafeMediaVolume+getBluetoothAudioDeviceCategory+getBluetoothAudioDeviceCategory_legacy+getCacheParameters+getDeviceVolume+getNotificationUri+getPlayerVolume+handleVolumeKey+isBluetooth
1788668767.103 10303 16167 16167 I Unique  : 2026-09-06 11:26:07.103 I HOOK IDENTITY_HOOK_INSTALLED service=audio package=nu.gpu.nagram matched=callerPackage=abandonAudioFocus+abandonAudioFocusForTest+adjustStreamVolume+adjustStreamVolumeForUid+adjustStreamVolumeWithAttribution+adjustSuggestedStreamVolumeForUid+adjustVolumeGroupVolume+cacheParameters+disableSafeMediaVolume+getBluetoothAudioDeviceCategory+getBluetoothAudioDeviceCategory_lega
1788668767.108 10303 16167 16167 I Unique  : 2026-09-06 11:26:07.106 I HOOK SERVICE_HOOKED service=vibrator_manager cache=true singletons=0 bound=callerPackage matched=callerPackage=performHapticFeedback+setAlwaysOnEffect+vibrate
1788668767.111 10303 16167 16167 I Unique  : 2026-09-06 11:26:07.108 I HOOK IDENTITY_HOOK_INSTALLED service=vibrator_manager package=nu.gpu.nagram matched=callerPackage=performHapticFeedback+setAlwaysOnEffect+vibrate
1788668767.114 10303 16167 16167 I Unique  : 2026-09-06 11:26:07.113 I HOOK SERVICE_HOOKED service=usagestats cache=true singletons=0 bound=callerPackage matched=callerPackage=clearBroadcastEvents+clearBroadcastResponseStats+getAppMinStandbyBucket+getAppStandbyBucket+getAppStandbyBuckets+getAppStandbyConstant+getLastTimeAnyComponentUsed+isAppInactive+isPackageExemptedFromBroadcastResponseStats+queryBroadcastResponseStats+queryConfigurationStats+queryEventStats+queryEvents+queryEventsForPackage+queryEventsForPackageForUser+queryEventsForUser+queryEventsWith
1788668767.115 10303 16167 16167 I Unique  : 2026-09-06 11:26:07.114 I HOOK IDENTITY_HOOK_INSTALLED service=usagestats package=nu.gpu.nagram matched=callerPackage=clearBroadcastEvents+clearBroadcastResponseStats+getAppMinStandbyBucket+getAppStandbyBucket+getAppStandbyBuckets+getAppStandbyConstant+getLastTimeAnyComponentUsed+isAppInactive+isPackageExemptedFromBroadcastResponseStats+queryBroadcastResponseStats+queryConfigurationStats+queryEventSta
1788668767.120 10303 16167 16167 I Unique  : 2026-09-06 11:26:07.119 I HOOK SERVICE_HOOKED service=netstats cache=true singletons=0 bound=callerPackage matched=callerPackage=getIfaceStats+notifyNetworkStatus+openSessionForUsageStats+registerNetworkStatsProvider+registerUsageCallback+setStatsProviderWarningAndLimitAsync
1788668767.121 10303 16167 16167 I Unique  : 2026-09-06 11:26:07.120 I HOOK IDENTITY_HOOK_INSTALLED service=netstats package=nu.gpu.nagram matched=callerPackage=getIfaceStats+notifyNetworkStatus+openSessionForUsageStats+registerNetworkStatsProvider+registerUsageCallback+setStatsProviderWarningAndLimitAsync
1788668767.123 10303 16167 16167 I Unique  : 2026-09-06 11:26:07.122 I HOOK SERVICE_HOOKED service=content cache=true singletons=0 bound=callerPackage matched=callerPackage=addPeriodicSync+cancelSync+cancelSyncAsUser+getCache+getIsSyncable+getIsSyncableAsUser+getPeriodicSyncs+getSyncAdapterPackageAsUser+getSyncAdapterPackagesForAuthorityAsUser+getSyncAutomatically+getSyncAutomaticallyAsUser+getSyncStatus+getSyncStatusAsUser+isSyncActive+isSyncPending+isSyncPendingAsUser+notifyChange+onDbCorruption+putCache+removePeriodicSync+requestSync+setIsSyncable+se
1788668767.124 10303 16167 16167 I Unique  : 2026-09-06 11:26:07.123 I HOOK IDENTITY_HOOK_INSTALLED service=content package=nu.gpu.nagram matched=callerPackage=addPeriodicSync+cancelSync+cancelSyncAsUser+getCache+getIsSyncable+getIsSyncableAsUser+getPeriodicSyncs+getSyncAdapterPackageAsUser+getSyncAdapterPackagesForAuthorityAsUser+getSyncAutomatically+getSyncAutomaticallyAsUser+getSyncStatus+getSyncStatusAsUser+isSyncActive+isSyncPending+isSy
1788668767.127 10303 16167 16167 I Unique  : 2026-09-06 11:26:07.126 I HOOK SERVICE_HOOKED service=shortcut cache=true singletons=0 bound=shortcutPublish,callerPackage matched=shortcutPublish=addDynamicShortcuts+createShortcutResultIntent+pushDynamicShortcut+requestPinShortcut+setDynamicShortcuts+updateShortcuts,callerPackage=disableShortcuts+enableShortcuts+getIconMaxDimensions+getMaxShortcutCountPerActivity+getRateLimitResetTime+getRemainingCallCount+getShareTargets+getShortcuts+hasShareTargets+onApplicationActive+removeAllDynamicShortcuts+removeDynamicShortcuts+remov
1788668767.127 10303 16167 16167 I Unique  : 2026-09-06 11:26:07.127 I HOOK IDENTITY_HOOK_INSTALLED service=shortcut package=nu.gpu.nagram matched=shortcutPublish=addDynamicShortcuts+createShortcutResultIntent+pushDynamicShortcut+requestPinShortcut+setDynamicShortcuts+updateShortcuts,callerPackage=disableShortcuts+enableShortcuts+getIconMaxDimensions+getMaxShortcutCountPerActivity+getRateLimitResetTime+getRemainingCallCount+getShareTargets+get
1788668767.130 10303 16167 16167 I Unique  : 2026-09-06 11:26:07.129 I HOOK SERVICE_HOOKED service=mount cache=true singletons=0 bound=callerPackage,volumeList matched=callerPackage=abortChanges+allocateBytes+benchmark+destroyUserStorage+disableAppDataIsolation+fixupAppDir+fixupAppDirRecursive+fixupSysfsFile+forgetVolume+format+getAllocatableBytes+getCacheQuotaBytes+getCacheSizeBytes+getExternalStorageMountMode+getManageSpaceActivityIntent+getMountedObbPath+isAppIoBlocked+isObbMounted+mkdirs+mount+mountObb+moveStorageQuickly+notifyAppIoBlocked+notifyAppIoResumed
1788668767.131 10303 16167 16167 I Unique  : 2026-09-06 11:26:07.130 I HOOK IDENTITY_HOOK_INSTALLED service=mount package=nu.gpu.nagram matched=callerPackage=abortChanges+allocateBytes+benchmark+destroyUserStorage+disableAppDataIsolation+fixupAppDir+fixupAppDirRecursive+fixupSysfsFile+forgetVolume+format+getAllocatableBytes+getCacheQuotaBytes+getCacheSizeBytes+getExternalStorageMountMode+getManageSpaceActivityIntent+getMountedObbPath+isAppI
1788668767.133 10303 16167 16167 I Unique  : 2026-09-06 11:26:07.132 I HOOK SERVICE_HOOKED service=account cache=true singletons=0 bound=callerPackage matched=callerPackage=addAccount+addAccountAsUser+addAccountExplicitly+addAccountExplicitlyWithVisibility+addSharedAccountsFromParentUser+createRequestAccountAccessIntentSenderAsUser+editProperties+getAccountByTypeAndFeatures+getAccountVisibility+getAccountsAndVisibilityForPackage+getAccountsAsUser+getAccountsByFeatures+getAccountsByTypeForPackage+getAccountsForPackage+getAuthToken+getAuthTokenLabel+getUs
1788668767.134 10303 16167 16167 I Unique  : 2026-09-06 11:26:07.133 I HOOK IDENTITY_HOOK_INSTALLED service=account package=nu.gpu.nagram matched=callerPackage=addAccount+addAccountAsUser+addAccountExplicitly+addAccountExplicitlyWithVisibility+addSharedAccountsFromParentUser+createRequestAccountAccessIntentSenderAsUser+editProperties+getAccountByTypeAndFeatures+getAccountVisibility+getAccountsAndVisibilityForPackage+getAccountsAsUser+getAccou
1788668767.146 10303 16167 16167 I Unique  : 2026-09-06 11:26:07.145 I HOOK SERVICE_HOOKED service=phone cache=true singletons=0 bound=callerPackage matched=callerPackage=call+canChangeDtmfToneLength+changeIccLockPassword+checkCarrierPrivilegesForPackage+checkCarrierPrivilegesForPackageAnyPhone+clearSignalStrengthUpdateRequest+deprovisionSatelliteService+dial+disableDataConnectivity+disableVisualVoicemailSmsFilter+doesSwitchMultiSimConfigTriggerReboot+enableDataConnectivity+enableVisualVoicemailSmsFilter+enqueueSmsPickResult+factoryReset+getAllCellInf
1788668767.147 10303 16167 16167 I Unique  : 2026-09-06 11:26:07.146 I HOOK IDENTITY_HOOK_INSTALLED service=phone package=nu.gpu.nagram matched=callerPackage=call+canChangeDtmfToneLength+changeIccLockPassword+checkCarrierPrivilegesForPackage+checkCarrierPrivilegesForPackageAnyPhone+clearSignalStrengthUpdateRequest+deprovisionSatelliteService+dial+disableDataConnectivity+disableVisualVoicemailSmsFilter+doesSwitchMultiSimConfigTriggerReboot+e
1788668767.155 10303 16167 16167 I Unique  : 2026-09-06 11:26:07.154 I HOOK SERVICE_HOOKED service=device_policy cache=true singletons=0 bound=callerPackage matched=callerPackage=addCrossProfileIntentFilter+addCrossProfileWidgetProvider+addPersistentPreferredActivity+approveCaCert+checkDeviceIdentifierAccess+checkProvisioningPrecondition+choosePrivateKeyAlias+clearApplicationUserData+clearCrossProfileIntentFilters+clearDeviceOwner+clearPackagePersistentPreferredActivities+clearResetPasswordToken+createAdminSupportIntent+createAndManageUser+createAndProvisionM
1788668767.156 10303 16167 16167 I Unique  : 2026-09-06 11:26:07.156 I HOOK IDENTITY_HOOK_INSTALLED service=device_policy package=nu.gpu.nagram matched=callerPackage=addCrossProfileIntentFilter+addCrossProfileWidgetProvider+addPersistentPreferredActivity+approveCaCert+checkDeviceIdentifierAccess+checkProvisioningPrecondition+choosePrivateKeyAlias+clearApplicationUserData+clearCrossProfileIntentFilters+clearDeviceOwner+clearPackagePersistentPreferre
1788668767.159 10303 16167 16167 I Unique  : 2026-09-06 11:26:07.158 I HOOK SERVICE_HOOKED service=media.camera cache=true singletons=0 bound=callerPackage matched=callerPackage=connect+connectDevice+createDefaultRequest+getCameraCharacteristics+getSessionCharacteristics+getTorchStrengthLevel+injectCamera+injectSessionParams+isHiddenPhysicalCamera+isSessionConfigurationWithParametersSupported+setTorchMode+supportsCameraApi+turnOnTorchWithStrengthLevel
1788668767.160 10303 16167 16167 I Unique  : 2026-09-06 11:26:07.159 I HOOK IDENTITY_HOOK_INSTALLED service=media.camera package=nu.gpu.nagram matched=callerPackage=connect+connectDevice+createDefaultRequest+getCameraCharacteristics+getSessionCharacteristics+getTorchStrengthLevel+injectCamera+injectSessionParams+isHiddenPhysicalCamera+isSessionConfigurationWithParametersSupported+setTorchMode+supportsCameraApi+turnOnTorchWithStrengthLevel
1788668767.163 10303 16167 16167 I Unique  : 2026-09-06 11:26:07.162 I HOOK SERVICE_HOOKED service=telecom cache=true singletons=0 bound=callerPackage matched=callerPackage=acceptHandover+acceptRingingCall+acceptRingingCallWithVideoState+addCall+addNewIncomingCall+addNewIncomingConference+addOrRemoveTestCallCompanionApp+cancelMissedCallsNotification+clearAccounts+createLaunchEmergencyDialerIntent+createManageBlockedNumbersIntent+endCall+getAdnUriForPhoneAccount+getCallCapablePhoneAccounts+getCallStateUsingPackage+getCurrentTtyMode+getDefaultDialerPackag
1788668767.166 10303 16167 16167 I Unique  : 2026-09-06 11:26:07.163 I HOOK IDENTITY_HOOK_INSTALLED service=telecom package=nu.gpu.nagram matched=callerPackage=acceptHandover+acceptRingingCall+acceptRingingCallWithVideoState+addCall+addNewIncomingCall+addNewIncomingConference+addOrRemoveTestCallCompanionApp+cancelMissedCallsNotification+clearAccounts+createLaunchEmergencyDialerIntent+createManageBlockedNumbersIntent+endCall+getAdnUriForPhoneA
1788668767.169 10303 16167 16167 I Unique  : 2026-09-06 11:26:07.168 I HOOK SERVICE_HOOKED service=media_router cache=true singletons=0 bound=callerPackage matched=callerPackage=deselectRouteWithManager+deselectRouteWithRouter2+getSystemRoutes+getSystemSessionInfoForPackage+registerClientAsUser+registerClientGroupId+registerManager+registerProxyRouter+registerRouter2+releaseSessionWithManager+releaseSessionWithRouter2+requestCreateSessionWithManager+requestSetVolume+requestUpdateVolume+selectRouteWithManager+selectRouteWithRouter2+setSelectedRoute+setSession
1788668767.170 10303 16167 16167 I Unique  : 2026-09-06 11:26:07.169 I HOOK IDENTITY_HOOK_INSTALLED service=media_router package=nu.gpu.nagram matched=callerPackage=deselectRouteWithManager+deselectRouteWithRouter2+getSystemRoutes+getSystemSessionInfoForPackage+registerClientAsUser+registerClientGroupId+registerManager+registerProxyRouter+registerRouter2+releaseSessionWithManager+releaseSessionWithRouter2+requestCreateSessionWithManager+requestSet
1788668767.172 10303 16167 16167 I Unique  : 2026-09-06 11:26:07.171 I HOOK SERVICE_HOOKED service=media_session cache=true singletons=0 bound=callerPackage matched=callerPackage=addOnMediaKeyEventSessionChangedListener+createSession+dispatchAdjustVolume+dispatchMediaKeyEvent+dispatchMediaKeyEventToSessionAsSystemService+dispatchVolumeKeyEvent+dispatchVolumeKeyEventToSessionAsSystemService+getMediaKeyEventSession+getMediaKeyEventSessionPackageName+hasCustomMediaKeyDispatcher+hasCustomMediaSessionPolicyProvider+isTrusted+setCustomMediaKeyDispatcher+setCustomMe
1788668767.173 10303 16167 16167 I Unique  : 2026-09-06 11:26:07.173 I HOOK IDENTITY_HOOK_INSTALLED service=media_session package=nu.gpu.nagram matched=callerPackage=addOnMediaKeyEventSessionChangedListener+createSession+dispatchAdjustVolume+dispatchMediaKeyEvent+dispatchMediaKeyEventToSessionAsSystemService+dispatchVolumeKeyEvent+dispatchVolumeKeyEventToSessionAsSystemService+getMediaKeyEventSession+getMediaKeyEventSessionPackageName+hasCustomMedi
1788668767.180 10303 16167 16167 I Unique  : 2026-09-06 11:26:07.179 I HOOK SERVICE_HOOKED service=appwidget cache=true singletons=0 bound=callerPackage,appWidgetIdentity matched=callerPackage=allocateAppWidgetId+bindRemoteViewsService+createAppWidgetConfigIntentSender+deleteAppWidgetId+deleteHost+getAppWidgetIdsForHost+getAppWidgetInfo+getAppWidgetOfHost+getAppWidgetOptions+getAppWidgetViews+getInstalledProvidersForProfile+hasBindAppWidgetPermission+isBoundWidgetPackage+noteAppWidgetTapped+notifyAppWidgetViewDataChanged+partiallyUpdateAppWidgetIds+setAppWidgetHidden+setBi
1788668767.181 10303 16167 16167 I Unique  : 2026-09-06 11:26:07.180 I HOOK IDENTITY_HOOK_INSTALLED service=appwidget package=nu.gpu.nagram matched=callerPackage=allocateAppWidgetId+bindRemoteViewsService+createAppWidgetConfigIntentSender+deleteAppWidgetId+deleteHost+getAppWidgetIdsForHost+getAppWidgetInfo+getAppWidgetOfHost+getAppWidgetOptions+getAppWidgetViews+getInstalledProvidersForProfile+hasBindAppWidgetPermission+isBoundWidgetPackage+not
1788668767.181 10303 16167 16167 I Unique  : 2026-09-06 11:26:07.181 I HOOK IDENTITY_HOOKS_INSTALLED package=nu.gpu.nagram installed=alarm,clipboard,restrictions,locale,connectivity,power,wifi,location,audio,vibrator_manager,usagestats,netstats,content,shortcut,mount,account,phone,device_policy,media.camera,telecom,media_router,media_session,appwidget skipped=
1788668767.182 10303 16167 16167 W Unique  : 2026-09-06 11:26:07.182 W PROCESS ALARM_EXACT_UNAVAILABLE detail=UNIQUE does not hold SCHEDULE_EXACT_ALARM; a guest asking for an exact alarm will get the platform's SecurityException
1788668767.191 10303 16167 16167 I Unique  : 2026-09-06 11:26:07.185 I HOOK SERVICE_HOOKED service=jobscheduler cache=true singletons=0 bound=jobById,scheduleJob,pendingJobs matched=jobById=cancel+getPendingJob+getPendingJobReason,scheduleJob=enqueue+schedule+scheduleAsPackage,pendingJobs=getAllPendingJobs+getAllPendingJobsInNamespace
1788668767.192 10303 16167 16167 I Unique  : 2026-09-06 11:26:07.191 I HOOK JOB_HOOKED package=nu.gpu.nagram slot=0 matched=jobById=cancel+getPendingJob+getPendingJobReason,scheduleJob=enqueue+schedule+scheduleAsPackage,pendingJobs=getAllPendingJobs+getAllPendingJobsInNamespace
1788668767.199 10303 16167 16167 I Unique  : 2026-09-06 11:26:07.196 I HOOK SERVICE_HOOKED service=notification cache=true singletons=1 bound=notificationIdentity,enqueue,channels matched=notificationIdentity=addAutomaticZenRule+areBubblesAllowed+areNotificationsEnabled+areNotificationsEnabledForPackage+buzzBeepBlinkForNotification+canNotifyAsPackage+canShowBadge+cancelAllNotifications+cancelNotificationFromListener+cancelToast+clearData+deleteNotificationHistoryItem+enqueueTextToast+enqueueToast+finishToken+getActiveNotifications+getActiveNotificationsWithAttribution+getAllowedAss
1788668767.201 10303 16167 16167 I Unique  : 2026-09-06 11:26:07.199 I HOOK NOTIFICATION_HOOKED package=nu.gpu.nagram vuid=0 matched=notificationIdentity=addAutomaticZenRule+areBubblesAllowed+areNotificationsEnabled+areNotificationsEnabledForPackage+buzzBeepBlinkForNotification+canNotifyAsPackage+canShowBadge+cancelAllNotifications+cancelNotificationFromListener+cancelToast+clearData+deleteNotificationHistoryItem+enqueueTextToast+enqueueToast+finishToken+getActiveNotifications+getActiveNotificationsWithAttribution+getAllowedAss
1788668767.212 10303 16167 16167 I Unique  : 2026-09-06 11:26:07.211 I PROCESS RECEIVERS_REGISTERED package=nu.gpu.nagram declared=14 registered=17 actions=org.telegram.messenger.AutoMessageHeardReceiver#org.telegram.messenger.ACTION_MESSAGE_HEARD;org.telegram.messenger.CopyCodeReceiver#org.telegram.messenger.ACTION_COPY_CODE;org.telegram.messenger.NotificationsDisabledReceiver#android.app.action.NOTIFICATION_CHANNEL_BLOCK_STATE_CHANGED;org.telegram.messenger.CallReceiver#android.intent.action.PHONE_STATE;org.telegram.messenger.MusicPlayerReceiver#or exported=4
1788668767.212 10303 16167 16167 I Unique  : 2026-09-06 11:26:07.212 I LAUNCH ACTIVITY_LIFECYCLE_INSTALLED package=nu.gpu.nagram
1788668767.227 10303 16167 16167 I UniqueNative: io_redirect installed: 12 slot(s) in 2/391 libraries (12 total), 8 rule(s), page size 4096
1788668767.227 10303 16167 16167 I UniqueNative: io_redirect: hooked 12 new slot(s) after loading /data/user/0/com.unique/files/virtual/apk/nu.gpu.nagram/1259/lib/arm64-v8a/libtmessages.49.so (12 total)
1788668767.233 10303 16167 16200 I Unique  : 2026-09-06 11:26:07.232 I LAUNCH u0 nu.gpu.nagram SIGNATURES_LOADED package=nu.gpu.nagram signers=1 hasSigningInfo=true
1788668767.243 10303 16167 16167 I UniqueNative: redirect table set: 8 rule(s)
1788668767.244 10303 16167 16167 I UniqueNative: io_redirect installed: 0 slot(s) in 2/391 libraries (12 total), 8 rule(s), page size 4096
1788668767.245 10303 16167 16167 I Unique  : 2026-09-06 11:26:07.244 I NATIVE u0 nu.gpu.nagram IO_REDIRECT_INSTALLED status=NOTHING_TO_HOOK watch=OK rules=8 slots=12 scope=/data/user/0/com.unique/files/virtual/apk/nu.gpu.nagram/1259/lib/arm64-v8a,/data/data/com.unique/files/virtual/apk/nu.gpu.nagram/1259/lib/arm64-v8a,/data/user/0/com.unique/files/virtual/apk/nu.gpu.nag
1788668767.246 10303 16167 16167 I Unique  : 2026-09-06 11:26:07.245 I LAUNCH u0 nu.gpu.nagram BOOTSTRAP_OK package=nu.gpu.nagram vuid=0 slot=0 applicationClass=org.telegram.messenger.ApplicationLoader dataDir=/data/user/0/com.unique/files/virtual/users/0/data/nu.gpu.nagram sourceDir=/data/user/0/com.unique/files/virtual/apk/nu.gpu.nagram/1259/base.apk nativeLibraryDir=/data/user/0/com.unique/files/virtual/apk/nu.gpu.nagram/1259/lib/arm64-v8a targetSdk=36 observedPackageName=nu.gpu.nagram observedFilesDir=/data/user/0/com.unique/files/virtual/users/0/data/nu.gpu.nagram/files millis=1060
1788668767.248 10303 16167 16167 I Unique  : 2026-09-06 11:26:07.247 I LAUNCH u0 nu.gpu.nagram TRANSACTION_REWRITTEN package=nu.gpu.nagram activity=org.telegram.messenger.NoxIcon vuid=0 item=LaunchActivityItem theme=2131755335
1788668767.253 10303 14618 14627 I Unique  : 2026-09-06 11:26:07.252 I PROCESS PROVIDER_SLOT_READY slot=0 vuid=0 pid=16167
1788668767.263 10303 16167 16249 E om.unique:vapp0: setpriority success to 100 : mali-cmar-backend
1788668767.363 10303 16167 16167 I Unique  : 2026-09-06 11:26:07.362 I LAUNCH u0 nu.gpu.nagram ACTIVITY_HARDWARE_ACCELERATED activity=org.telegram.messenger.NoxIcon fromActivityInfo=false applied=true
1788668767.506 10303 16167 16167 I Unique  : 2026-09-06 11:26:07.506 I STORAGE u0 nu.gpu.nagram EXTERNAL_VOLUME_REPOINTED path=/data/user/0/com.unique/files/virtual/users/0/sdcard fields=mPath,mInternalPath
1788668767.508 10303 16167 16167 I Unique  : 2026-09-06 11:26:07.507 I STORAGE u0 nu.gpu.nagram EXTERNAL_VOLUME_REPOINTED path=/data/user/0/com.unique/files/virtual/users/0/sdcard fields=mPath,mInternalPath
1788668767.510 10303 16167 16167 I Unique  : 2026-09-06 11:26:07.510 I STORAGE u0 nu.gpu.nagram EXTERNAL_VOLUME_REPOINTED path=/data/user/0/com.unique/files/virtual/users/0/sdcard fields=mPath,mInternalPath
1788668767.525 10303 16167 16256 I Unique  : 2026-09-06 11:26:07.524 I STORAGE u0 nu.gpu.nagram EXTERNAL_VOLUME_REPOINTED path=/data/user/0/com.unique/files/virtual/users/0/sdcard fields=mPath,mInternalPath
1788668767.528 10303 16167 16256 I Unique  : 2026-09-06 11:26:07.527 I STORAGE u0 nu.gpu.nagram EXTERNAL_VOLUME_REPOINTED path=/data/user/0/com.unique/files/virtual/users/0/sdcard fields=mPath,mInternalPath
1788668767.530 10303 16167 16256 I Unique  : 2026-09-06 11:26:07.529 I STORAGE u0 nu.gpu.nagram EXTERNAL_VOLUME_REPOINTED path=/data/user/0/com.unique/files/virtual/users/0/sdcard fields=mPath,mInternalPath
1788668767.533 10303 16167 16256 I Unique  : 2026-09-06 11:26:07.532 I STORAGE u0 nu.gpu.nagram EXTERNAL_VOLUME_REPOINTED path=/data/user/0/com.unique/files/virtual/users/0/sdcard fields=mPath,mInternalPath
1788668767.535 10303 16167 16256 I Unique  : 2026-09-06 11:26:07.534 I STORAGE u0 nu.gpu.nagram EXTERNAL_VOLUME_REPOINTED path=/data/user/0/com.unique/files/virtual/users/0/sdcard fields=mPath,mInternalPath
1788668767.538 10303 16167 16256 I Unique  : 2026-09-06 11:26:07.537 I STORAGE u0 nu.gpu.nagram EXTERNAL_VOLUME_REPOINTED path=/data/user/0/com.unique/files/virtual/users/0/sdcard fields=mPath,mInternalPath
1788668767.541 10303 16167 16256 I Unique  : 2026-09-06 11:26:07.539 I STORAGE u0 nu.gpu.nagram EXTERNAL_VOLUME_REPOINTED path=/data/user/0/com.unique/files/virtual/users/0/sdcard fields=mPath,mInternalPath
1788668767.544 10303 16167 16256 I Unique  : 2026-09-06 11:26:07.542 I STORAGE u0 nu.gpu.nagram EXTERNAL_VOLUME_REPOINTED path=/data/user/0/com.unique/files/virtual/users/0/sdcard fields=mPath,mInternalPath
1788668767.547 10303 16167 16256 I Unique  : 2026-09-06 11:26:07.545 I STORAGE u0 nu.gpu.nagram EXTERNAL_VOLUME_REPOINTED path=/data/user/0/com.unique/files/virtual/users/0/sdcard fields=mPath,mInternalPath
1788668767.573 10303 16167 16259 I Unique  : 2026-09-06 11:26:07.572 I STORAGE u0 nu.gpu.nagram EXTERNAL_VOLUME_REPOINTED path=/data/user/0/com.unique/files/virtual/users/0/sdcard fields=mPath,mInternalPath
1788668767.621 10303 16167 16268 D Unique  : 2026-09-06 11:26:07.619 D PROCESS u0 nu.gpu.nagram PERMISSION_CHECK permission=android.permission.READ_PHONE_STATE result=DENIED
1788668767.623 10303 16167 16268 D Unique  : 2026-09-06 11:26:07.622 D PROCESS u0 nu.gpu.nagram PERMISSION_CHECK permission=android.permission.READ_EXTERNAL_STORAGE result=DENIED
1788668767.624 10303 16167 16268 D Unique  : 2026-09-06 11:26:07.624 D PROCESS u0 nu.gpu.nagram PERMISSION_CHECK permission=android.permission.READ_EXTERNAL_STORAGE result=DENIED
1788668767.625 10303 16167 16268 D Unique  : 2026-09-06 11:26:07.625 D PROCESS u0 nu.gpu.nagram PERMISSION_CHECK permission=android.permission.READ_EXTERNAL_STORAGE result=DENIED
1788668767.627 10303 16167 16268 D Unique  : 2026-09-06 11:26:07.626 D PROCESS u0 nu.gpu.nagram PERMISSION_CHECK permission=android.permission.READ_EXTERNAL_STORAGE result=DENIED
1788668767.629 10303 16167 16268 D Unique  : 2026-09-06 11:26:07.628 D PROCESS u0 nu.gpu.nagram PERMISSION_CHECK permission=android.permission.READ_EXTERNAL_STORAGE result=DENIED
1788668767.632 10303 16167 16268 D Unique  : 2026-09-06 11:26:07.630 D PROCESS u0 nu.gpu.nagram PERMISSION_CHECK permission=android.permission.READ_EXTERNAL_STORAGE result=DENIED
1788668767.634 10303 16167 16268 D Unique  : 2026-09-06 11:26:07.633 D PROCESS u0 nu.gpu.nagram PERMISSION_CHECK permission=android.permission.READ_EXTERNAL_STORAGE result=DENIED
1788668767.636 10303 16167 16268 D Unique  : 2026-09-06 11:26:07.635 D PROCESS u0 nu.gpu.nagram PERMISSION_CHECK permission=android.permission.READ_EXTERNAL_STORAGE result=DENIED
1788668767.639 10303 16167 16268 D Unique  : 2026-09-06 11:26:07.637 D PROCESS u0 nu.gpu.nagram PERMISSION_CHECK permission=android.permission.READ_EXTERNAL_STORAGE result=DENIED
1788668767.640 10303 16167 16268 D Unique  : 2026-09-06 11:26:07.639 D PROCESS u0 nu.gpu.nagram PERMISSION_CHECK permission=android.permission.READ_EXTERNAL_STORAGE result=DENIED
1788668767.642 10303 16167 16268 D Unique  : 2026-09-06 11:26:07.640 D PROCESS u0 nu.gpu.nagram PERMISSION_CHECK permission=android.permission.READ_EXTERNAL_STORAGE result=DENIED
1788668767.645 10303 16167 16268 D Unique  : 2026-09-06 11:26:07.644 D PROCESS u0 nu.gpu.nagram PERMISSION_CHECK permission=android.permission.READ_EXTERNAL_STORAGE result=DENIED
1788668767.648 10303 16167 16268 D Unique  : 2026-09-06 11:26:07.647 D PROCESS u0 nu.gpu.nagram PERMISSION_CHECK permission=android.permission.READ_EXTERNAL_STORAGE result=DENIED
1788668767.650 10303 16167 16268 D Unique  : 2026-09-06 11:26:07.648 D PROCESS u0 nu.gpu.nagram PERMISSION_CHECK permission=android.permission.INTERNET result=GRANTED
1788668767.655 10303 16167 16268 W libc    : Access denied finding property "qemu.hw.mainkeys"
1788668767.655 10303 16167 16268 W libc    : Access denied finding property "qemu.sf.lcd_density"
1788668767.655 10303 16167 16268 W libc    : Access denied finding property "ro.serialno"
1788668767.657 10303 16167 16268 D Unique  : 2026-09-06 11:26:07.656 D PROCESS u0 nu.gpu.nagram PERMISSION_CHECK permission=android.permission.READ_EXTERNAL_STORAGE result=DENIED
1788668767.659 10303 16167 16268 D Unique  : 2026-09-06 11:26:07.658 D PROCESS u0 nu.gpu.nagram PERMISSION_CHECK permission=android.permission.READ_EXTERNAL_STORAGE result=DENIED
1788668767.661 10303 16167 16268 D Unique  : 2026-09-06 11:26:07.660 D PROCESS u0 nu.gpu.nagram PERMISSION_CHECK permission=android.permission.READ_EXTERNAL_STORAGE result=DENIED
1788668767.664 10303 16167 16268 D Unique  : 2026-09-06 11:26:07.662 D PROCESS u0 nu.gpu.nagram PERMISSION_CHECK permission=android.permission.READ_EXTERNAL_STORAGE result=DENIED
1788668767.666 10303 16167 16268 D Unique  : 2026-09-06 11:26:07.665 D PROCESS u0 nu.gpu.nagram PERMISSION_CHECK permission=android.permission.READ_EXTERNAL_STORAGE result=DENIED
1788668767.668 10303 16167 16268 D Unique  : 2026-09-06 11:26:07.667 D PROCESS u0 nu.gpu.nagram PERMISSION_CHECK permission=android.permission.READ_EXTERNAL_STORAGE result=DENIED
1788668767.671 10303 16167 16268 D Unique  : 2026-09-06 11:26:07.669 D PROCESS u0 nu.gpu.nagram PERMISSION_CHECK permission=android.permission.READ_EXTERNAL_STORAGE result=DENIED
1788668767.673 10303 16167 16268 D Unique  : 2026-09-06 11:26:07.672 D PROCESS u0 nu.gpu.nagram PERMISSION_CHECK permission=android.permission.READ_EXTERNAL_STORAGE result=DENIED
1788668767.784 10303 16167 16259 D Unique  : 2026-09-06 11:26:07.783 D PROCESS u0 nu.gpu.nagram PERMISSION_CHECK permission=android.permission.READ_CONTACTS result=DENIED
1788668767.899 10303 16167 16167 W libc    : Access denied finding property "persist.vendor.camera.IsVariableApertureSupported"
1788668767.899 10303 16167 16167 W libc    : Access denied finding property "persist.vendor.camera.IsStreetModeSupported"
1788668767.912 10303 16167 16167 W libc    : Access denied finding property "ro.vendor.df.effect.conflict"
1788668767.917 10303 16167 16167 W libc    : Access denied finding property "ro.vendor.mi_sf.new_dynamic_refresh_rate"
1788668768.252 10303 16167 16172 I om.unique:vapp0: NativeAlloc concurrent mark compact GC freed 28MB AllocSpace bytes, 74(4552KB) LOS objects, 50% free, 17MB/34MB, paused 3.189ms,1.554ms total 212.582ms
1788668768.310 10303 16167 16167 D Unique  : 2026-09-06 11:26:08.310 D PROCESS u0 nu.gpu.nagram SERVICE_INTENT_CROSS_APP action=android.support.customtabs.action.CustomTabsService target=com.android.chrome
1788668768.311 10303 16167 16167 D Unique  : 2026-09-06 11:26:08.311 D PROCESS u0 nu.gpu.nagram SERVICE_CONNECTION_WRAPPED connection=org.telegram.messenger.support.customtabsclient.shared.ServiceConnection
1788668768.477 10303 16167 16167 D Unique  : 2026-09-06 11:26:08.476 D PROCESS u0 nu.gpu.nagram PERMISSION_CHECK permission=android.permission.SYSTEM_ALERT_WINDOW result=DENIED
1788668768.486 10303 16167 16167 D Unique  : 2026-09-06 11:26:08.485 D PROCESS u0 nu.gpu.nagram PERMISSION_CHECK permission=android.permission.SYSTEM_ALERT_WINDOW result=DENIED
1788668768.486 10303 16167 16260 I Unique  : 2026-09-06 11:26:08.485 I STORAGE u0 nu.gpu.nagram EXTERNAL_VOLUME_REPOINTED path=/data/user/0/com.unique/files/virtual/users/0/sdcard fields=mPath,mInternalPath
1788668768.488 10303 16167 16260 I Unique  : 2026-09-06 11:26:08.487 I STORAGE u0 nu.gpu.nagram EXTERNAL_VOLUME_REPOINTED path=/data/user/0/com.unique/files/virtual/users/0/sdcard fields=mPath,mInternalPath
1788668768.491 10303 16167 16260 I Unique  : 2026-09-06 11:26:08.490 I STORAGE u0 nu.gpu.nagram EXTERNAL_VOLUME_REPOINTED path=/data/user/0/com.unique/files/virtual/users/0/sdcard fields=mPath,mInternalPath
1788668768.493 10303 16167 16260 I Unique  : 2026-09-06 11:26:08.492 I STORAGE u0 nu.gpu.nagram EXTERNAL_VOLUME_REPOINTED path=/data/user/0/com.unique/files/virtual/users/0/sdcard fields=mPath,mInternalPath
1788668768.496 10303 16167 16260 I Unique  : 2026-09-06 11:26:08.495 I STORAGE u0 nu.gpu.nagram EXTERNAL_VOLUME_REPOINTED path=/data/user/0/com.unique/files/virtual/users/0/sdcard fields=mPath,mInternalPath
1788668768.498 10303 16167 16260 I Unique  : 2026-09-06 11:26:08.497 I STORAGE u0 nu.gpu.nagram EXTERNAL_VOLUME_REPOINTED path=/data/user/0/com.unique/files/virtual/users/0/sdcard fields=mPath,mInternalPath
1788668768.500 10303 16167 16260 I Unique  : 2026-09-06 11:26:08.499 I STORAGE u0 nu.gpu.nagram EXTERNAL_VOLUME_REPOINTED path=/data/user/0/com.unique/files/virtual/users/0/sdcard fields=mPath,mInternalPath
1788668768.502 10303 16167 16260 I Unique  : 2026-09-06 11:26:08.501 I STORAGE u0 nu.gpu.nagram EXTERNAL_VOLUME_REPOINTED path=/data/user/0/com.unique/files/virtual/users/0/sdcard fields=mPath,mInternalPath
1788668768.505 10303 16167 16260 I Unique  : 2026-09-06 11:26:08.504 I STORAGE u0 nu.gpu.nagram EXTERNAL_VOLUME_REPOINTED path=/data/user/0/com.unique/files/virtual/users/0/sdcard fields=mPath,mInternalPath
1788668768.547 10303 16167 16167 W libc    : Access denied finding property "ro.vendor.perf.scroll_opt"
1788668768.549 10303 16167 16236 W libc    : Access denied finding property "ro.vendor.display.iris_x7.support"
1788668768.572 10303 16167 16167 D Unique  : 2026-09-06 11:26:08.571 D LAUNCH u0 nu.gpu.nagram CALLBACK_ALIVE what=159 obj=android.app.servertransaction.ClientTransaction
1788668768.573 10303 16167 16167 D Unique  : 2026-09-06 11:26:08.572 D LAUNCH u0 nu.gpu.nagram NO_LAUNCH_ITEM transaction=android.app.servertransaction.ClientTransaction shape=CREATOR: mActivityCallbacks:[TopResumedActivityChangeItem] mActivityToken:BinderProxy mClient:null mLifecycleStateRequest:null mTransactionItems:[TopResumedActivityChangeItem] seen=2
1788668768.574 10303 16167 16167 D Unique  : 2026-09-06 11:26:08.573 D LAUNCH u0 nu.gpu.nagram CALLBACK_ALIVE what=149 obj=android.os.BinderProxy
1788668768.660 10303 16167 16311 W libc    : Access denied finding property "vendor.migl.debug"
1788668768.665 10303 16167 16322 E om.unique:vapp0: setpriority success to 100 : mali-cmar-backend
1788668768.859 10303 16167 16217 D Unique  : 2026-09-06 11:26:08.858 D PROCESS u0 nu.gpu.nagram SERVICE_INTENT_CROSS_APP action=com.google.android.c2dm.intent.REGISTER target=com.google.android.gms
1788668768.860 10303 16167 16217 D Unique  : 2026-09-06 11:26:08.859 D PROCESS u0 nu.gpu.nagram SERVICE_CONNECTION_WRAPPED connection=com.google.android.gms.cloudmessaging.zzp
1788668769.150 10303 16167 16259 I Unique  : 2026-09-06 11:26:09.149 I STORAGE u0 nu.gpu.nagram EXTERNAL_VOLUME_REPOINTED path=/data/user/0/com.unique/files/virtual/users/0/sdcard fields=mPath,mInternalPath
1788668769.157 10303 16167 16259 I Unique  : 2026-09-06 11:26:09.156 I STORAGE u0 nu.gpu.nagram EXTERNAL_VOLUME_REPOINTED path=/data/user/0/com.unique/files/virtual/users/0/sdcard fields=mPath,mInternalPath
1788668769.176 10303 16167 16167 W libc    : Access denied finding property "ro.vendor.display.iris_x7.support"
1788668769.185 10303 16167 16236 D om.unique:vapp0: MiuiProcessManagerServiceStub setSchedFifo
1788668769.187 10303 16167 16236 W libc    : Access denied finding property "ro.vendor.display.iris_x7.support"
1788668769.255 10303 16167 16172 I om.unique:vapp0: Background young concurrent mark compact GC freed 10MB AllocSpace bytes, 47(1644KB) LOS objects, 39% free, 20MB/34MB, paused 2.541ms,1.298ms total 253.060ms
1788668769.269 10303 16167 16236 W libc    : Access denied finding property "ro.vendor.display.iris_x7.support"
1788668769.274 10303 16167 16214 E GoogleApiManager: java.lang.SecurityException: Unknown calling package name 'nu.gpu.nagram'.
1788668769.274 10303 16167 16214 E GoogleApiManager: 	at com.google.android.gms.common.internal.BaseGmsClient.getRemoteService(com.google.android.gms:play-services-basement@@18.9.0:17)
1788668769.326 10303 16167 16167 D Unique  : 2026-09-06 11:26:09.325 D LAUNCH u0 nu.gpu.nagram NO_LAUNCH_ITEM transaction=android.app.servertransaction.ClientTransaction shape=CREATOR: mActivityCallbacks:[WindowStateInsetsControlChangeItem] mActivityToken:null mClient:null mLifecycleStateRequest:null mTransactionItems:[WindowStateInsetsControlChangeItem] seen=3
1788668769.336 10303 16167 16236 W libc    : Access denied finding property "ro.vendor.display.iris_x7.support"
1788668769.337 10303 16167 16236 W libc    : Access denied finding property "ro.vendor.display.iris_x7.support"
1788668769.352 10303 14618 14627 W Unique  : 2026-09-06 11:26:09.351 W PROCESS PROVIDER_ROUTE_UNKNOWN vuid=0 authority=[redacted]
1788668769.919 10303 16167 16172 I om.unique:vapp0: Background concurrent mark compact GC freed 5821KB AllocSpace bytes, 10(160KB) LOS objects, 47% free, 26MB/50MB, paused 1.636ms,1.134ms total 103.282ms
1788668770.255 10303 16167 16212 I Unique  : 2026-09-06 11:26:10.254 I PROCESS u0 nu.gpu.nagram JOB_SCHEDULED service=com.google.android.datatransport.runtime.scheduling.jobscheduling.JobInfoSchedulerService virtualJobId=-1282265645 hostJobId=142803 stub=com.unique.stub.JobStub_p0
1788668771.304 10303 16167 16172 I om.unique:vapp0: Background young concurrent mark compact GC freed 13MB AllocSpace bytes, 50(948KB) LOS objects, 28% free, 35MB/50MB, paused 1.322ms,1.398ms total 104.419ms
1788668772.054 10303 16167 16172 I om.unique:vapp0: Background concurrent mark compact GC freed 6488KB AllocSpace bytes, 34(1112KB) LOS objects, 35% free, 43MB/67MB, paused 2.293ms,1.221ms total 151.190ms
1788668772.216 10303 16167 16311 E om.unique:vapp0: DynamicFPS DF open fail: No such file or directory
1788668772.848 10303 16167 16172 I om.unique:vapp0: Background young concurrent mark compact GC freed 19MB AllocSpace bytes, 35(704KB) LOS objects, 11% free, 59MB/67MB, paused 611us,1.204ms total 110.574ms
1788668773.163 10303 16167 16167 D Unique  : 2026-09-06 11:26:13.163 D PROCESS u0 nu.gpu.nagram PERMISSION_CHECK permission=android.permission.READ_PHONE_STATE result=DENIED
1788668773.164 10303 16167 16167 D Unique  : 2026-09-06 11:26:13.164 D PROCESS u0 nu.gpu.nagram PERMISSION_CHECK permission=android.permission.READ_PHONE_NUMBERS result=DENIED
1788668773.195 10303 16167 16236 W libc    : Access denied finding property "ro.vendor.display.iris_x7.support"
1788668773.266 10303 16167 16172 I om.unique:vapp0: Background young concurrent mark compact GC freed 3413KB AllocSpace bytes, 32(2872KB) LOS objects, 14% free, 57MB/67MB, paused 450us,1.081ms total 114.776ms
1788668773.644 10303 16167 16172 I om.unique:vapp0: Background concurrent mark compact GC freed 18MB AllocSpace bytes, 3(108KB) LOS objects, 26% free, 66MB/90MB, paused 549us,1.460ms total 205.290ms
1788668773.812 10303 16167 16172 I om.unique:vapp0: Background young concurrent mark compact GC freed 18MB AllocSpace bytes, 3(124KB) LOS objects, 25% free, 68MB/90MB, paused 461us,1.205ms total 102.057ms
1788668773.828 10303 16167 16167 D Unique  : 2026-09-06 11:26:13.828 D LAUNCH u0 nu.gpu.nagram NO_LAUNCH_ITEM transaction=android.app.servertransaction.ClientTransaction shape=CREATOR: mActivityCallbacks:[WindowStateInsetsControlChangeItem] mActivityToken:null mClient:null mLifecycleStateRequest:null mTransactionItems:[WindowStateInsetsControlChangeItem] seen=4
1788668773.829 10303 16167 16167 D Unique  : 2026-09-06 11:26:13.829 D LAUNCH u0 nu.gpu.nagram NO_LAUNCH_ITEM transaction=android.app.servertransaction.ClientTransaction shape=CREATOR: mActivityCallbacks:[WindowStateInsetsControlChangeItem] mActivityToken:null mClient:null mLifecycleStateRequest:null mTransactionItems:[WindowStateInsetsControlChangeItem] seen=5
1788668773.836 10303 16167 16167 D Unique  : 2026-09-06 11:26:13.836 D LAUNCH u0 nu.gpu.nagram NO_LAUNCH_ITEM transaction=android.app.servertransaction.ClientTransaction shape=CREATOR: mActivityCallbacks:[WindowStateResizeItem] mActivityToken:null mClient:null mLifecycleStateRequest:null mTransactionItems:[WindowStateResizeItem] seen=6
1788668773.923 10303 16167 16236 W libc    : Access denied finding property "ro.vendor.display.iris_x7.support"
1788668774.230 10303 16167 16236 E om.unique:vapp0: FrameInsert open fail: No such file or directory
1788668774.463 10303 16167 16167 I Unique  : 2026-09-06 11:26:14.463 I LAUNCH u0 nu.gpu.nagram ACTIVITY_IMPLICIT_LEFT_GUEST action=android.content.pm.action.REQUEST_PERMISSIONS data=- package=nu.gpu.nagram handledByHost=com.google.android.permissioncontroller detail=no activity of the guest matches; the host's own apps answer this intent, with the host's data
1788668774.480 10303 16167 16167 D Unique  : 2026-09-06 11:26:14.480 D LAUNCH u0 nu.gpu.nagram NO_LAUNCH_ITEM transaction=android.app.servertransaction.ClientTransaction shape=CREATOR: mActivityCallbacks:[WindowStateInsetsControlChangeItem] mActivityToken:null mClient:null mLifecycleStateRequest:null mTransactionItems:[WindowStateInsetsControlChangeItem] seen=7
1788668774.481 10303 16167 16167 D Unique  : 2026-09-06 11:26:14.481 D LAUNCH u0 nu.gpu.nagram NO_LAUNCH_ITEM transaction=android.app.servertransaction.ClientTransaction shape=CREATOR: mActivityCallbacks:[WindowStateInsetsControlChangeItem] mActivityToken:null mClient:null mLifecycleStateRequest:null mTransactionItems:[WindowStateInsetsControlChangeItem] seen=8
1788668774.483 10303 16167 16167 D Unique  : 2026-09-06 11:26:14.482 D LAUNCH u0 nu.gpu.nagram NO_LAUNCH_ITEM transaction=android.app.servertransaction.ClientTransaction shape=CREATOR: mActivityCallbacks:[TopResumedActivityChangeItem] mActivityToken:BinderProxy mClient:null mLifecycleStateRequest:PauseActivityItem mTransactionItems:[TopResumedActivityChangeItem|PauseActivityItem] seen=9
1788668774.603 10303 16167 16167 D Unique  : 2026-09-06 11:26:14.602 D LAUNCH u0 nu.gpu.nagram NO_LAUNCH_ITEM transaction=android.app.servertransaction.ClientTransaction shape=CREATOR: mActivityCallbacks:[WindowStateInsetsControlChangeItem] mActivityToken:null mClient:null mLifecycleStateRequest:null mTransactionItems:[WindowStateInsetsControlChangeItem] seen=10
1788668775.729 10303 16167 16167 D Unique  : 2026-09-06 11:26:15.727 D LAUNCH u0 nu.gpu.nagram NO_LAUNCH_ITEM transaction=android.app.servertransaction.ClientTransaction shape=CREATOR: mActivityCallbacks:null mActivityToken:BinderProxy mClient:null mLifecycleStateRequest:StopActivityItem mTransactionItems:[StopActivityItem] seen=11
1788668775.745 10303 16167 16167 D Unique  : 2026-09-06 11:26:15.743 D PROCESS u0 nu.gpu.nagram PERMISSION_CHECK permission=android.permission.SYSTEM_ALERT_WINDOW result=DENIED
1788668775.914 10303 16167 16167 D Unique  : 2026-09-06 11:26:15.912 D LAUNCH u0 nu.gpu.nagram NO_LAUNCH_ITEM transaction=android.app.servertransaction.ClientTransaction shape=CREATOR: mActivityCallbacks:null mActivityToken:BinderProxy mClient:null mLifecycleStateRequest:DestroyActivityItem mTransactionItems:[DestroyActivityItem] seen=12
1788668778.072 10303 14618 14946 I Unique  : 2026-09-06 11:26:18.071 I PROCESS SLOT_PROCESS_STOPPED slot=:vapp0 pids=16167 reason=removed
1788668778.072 10303 14618 14946 I Unique  : 2026-09-06 11:26:18.072 I PROCESS PROCESS_RELEASED slot=:vapp0 reason=removed
1788668778.098 10303 14618 14941 I Unique  : 2026-09-06 11:26:18.097 I PROCESS BROADCAST_ROUTER_READY instances=0 actions=46 authorities=[redacted]
1788668794.333 10303 14618 14618 D InputMethodManager: showSoftInput() view=io.flutter.embedding.android.FlutterView{5216add VFE...... .F....ID 0,0-1080,2400 #1 aid=1073741824} flags=0 reason=SHOW_SOFT_INPUT
1788668796.859 10303 14618 14943 I Unique  : 2026-09-06 11:26:36.858 I STORAGE IMPORT_STARTED package=com.Chillow.CustomRise files=1
1788668809.512 10303 14618 14943 I Unique  : 2026-09-06 11:26:49.511 I STORAGE PACKAGE_IMPORTED package=com.Chillow.CustomRise versionCode=1 splits=1 libs=16 abi=arm64-v8a bytes=2054083149 readOnlyApks=1
1788668809.525 10303 14618 14943 I Unique  : 2026-09-06 11:26:49.524 I STORAGE INSTANCE_PREPARED vuid=0 package=com.Chillow.CustomRise created=12
1788668809.528 10303 14618 14943 I Unique  : 2026-09-06 11:26:49.527 I STORAGE INSTANCE_CREATED package=com.Chillow.CustomRise vuid=0 name=Profile 1 androidId=477d366b62edbdf3
1788668809.538 10303 14618 14950 I Unique  : 2026-09-06 11:26:49.538 I PROCESS BROADCAST_ROUTES_REGISTERED package=com.Chillow.CustomRise vuid=0 routes=4 actions=org.unifiedpush.android.connector.MESSAGE,IS_NETWORK_CONNECTED,android.intent.action.MEDIA_MOUNTED,androidx.profileinstaller.action.SKIP_FILE,com.miui.voiceassist.mvs.client.ACTION_RESGISTER_MVS,org.telegram.android.musicplayer.close,nu.gpu.nagram.CANCEL_SAVE_TO_DOWNLOAD,com.facebook.sdk.ACTION_CURR
1788668809.539 10303 14618 14950 I Unique  : 2026-09-06 11:26:49.539 I PROCESS PROVIDER_ROUTES_REGISTERED package=com.Chillow.CustomRise vuid=0 authorities=[redacted]
1788668809.540 10303 14618 14950 I Unique  : 2026-09-06 11:26:49.539 I PROCESS BROADCAST_ROUTER_READY instances=1 actions=46 authorities=[redacted]
1788668809.587 10303 14618 14941 I Unique  : 2026-09-06 11:26:49.585 I STORAGE GUEST_INFO_RESOLVED package=com.Chillow.CustomRise label=StandChillow icon=true
1788668810.037 10303 14618 14941 I Unique  : 2026-09-06 11:26:50.037 I GOOGLE GOOGLE_ENVIRONMENT gmsPresent=true gmsEnabled=true gmsVersionCode=263234035 gmsVersionName=26.32.34 (260400-968093310) vendingPresent=true gsfPresent=true customTabs=com.android.chrome hostGmsAvailable=true virtualGmsInstalled=false customTabsAvailable=true
1788668810.049 10303 14618 14950 I Unique  : 2026-09-06 11:26:50.048 I GOOGLE GOOGLE_ENVIRONMENT gmsPresent=true gmsEnabled=true gmsVersionCode=263234035 gmsVersionName=26.32.34 (260400-968093310) vendingPresent=true gsfPresent=true customTabs=com.android.chrome hostGmsAvailable=true virtualGmsInstalled=false customTabsAvailable=true
1788668810.050 10303 14618 14950 I Unique  : 2026-09-06 11:26:50.050 I GOOGLE GOOGLE_ROUTE package=com.Chillow.CustomRise flow=SIGN_IN mode=UNSUPPORTED why=Legacy Google Sign-In requires in-space Google Play services. Enable them for this space, or use an app that supports Sign in with Google.
1788668810.051 10303 14618 14950 I Unique  : 2026-09-06 11:26:50.050 I GOOGLE GOOGLE_ROUTE package=com.Chillow.CustomRise flow=CREDENTIAL_MANAGER mode=HOST_BRIDGE why=Unverified: Sign in with Google issues a token for the app's server client, so the device's own Google Play services should be able to answer. Not yet confirmed against a real sample.
1788668810.052 10303 14618 14950 I Unique  : 2026-09-06 11:26:50.051 I GOOGLE GOOGLE_ROUTE package=com.Chillow.CustomRise flow=ACCOUNT_MANAGER mode=HOST_BRIDGE why=Account access is bridged to the device's accounts; consent is shown as UNIQUE.
1788668810.053 10303 14618 14950 I Unique  : 2026-09-06 11:26:50.052 I GOOGLE GOOGLE_ROUTE package=com.Chillow.CustomRise flow=FIREBASE_AUTH mode=HOST_BRIDGE why=Firebase Auth consumes a token from Sign in with Google, which the host bridge can provide.
1788668810.055 10303 14618 14950 I Unique  : 2026-09-06 11:26:50.053 I GOOGLE GOOGLE_ROUTE package=com.Chillow.CustomRise flow=OAUTH_WEB mode=PASSTHROUGH why=Browser-based OAuth needs no Google Play services, only a working redirect back into this instance.
1788668810.056 10303 14618 14950 I Unique  : 2026-09-06 11:26:50.055 I GOOGLE GOOGLE_ROUTE package=com.Chillow.CustomRise flow=FCM mode=HOST_BRIDGE why=Experimental: push registration is bridged through the host. Whether Google Play services accepts it varies by version; the result is recorded per device.
1788668810.057 10303 14618 14950 I Unique  : 2026-09-06 11:26:50.056 I GOOGLE GOOGLE_ROUTE package=com.Chillow.CustomRise flow=PLAY_GAMES mode=UNSUPPORTED why=Not supported yet: Play Games checks an attested app identity, and UNIQUE has not been tested against it.
1788668810.544 10303 14618 14950 I Unique  : 2026-09-06 11:26:50.543 I PROCESS PROCESS_ASSIGNED slot=:vapp0 vuid=0 process=com.Chillow.CustomRise
1788668810.590 10303 14618 14950 I Unique  : 2026-09-06 11:26:50.589 I LAUNCH LAUNCH_REQUESTED package=com.Chillow.CustomRise vuid=0 activity=com.google.android.games.VkQualityTest.VkQualityTestActivity slot=:vapp0 launchMode=2
1788668810.654 10303 16434 16434 I om.unique:vapp0: Using generational CollectorTypeCMC GC.
1788668810.713 10303 16434 16434 D ActivityThread: setEmbeddedParam packageName=com.unique processName=com.unique:vapp0 isEmbedded=false isIsolated=false
1788668810.761 10303 16434 16434 I Unique  : 2026-09-06 11:26:50.758 I PROCESS PROCESS_START process=com.unique:vapp0 kind=VAPP sdk=35 abi=arm64-v8a,armeabi-v7a,armeabi
1788668810.761 10303 16434 16434 W om.unique:vapp0: Unsupported class loader: java.lang.Class<org.lsposed.hiddenapibypass.CoreOjClassLoader>
1788668810.805 10303 16434 16434 W om.unique:vapp0: Unsupported class loader: java.lang.Class<org.lsposed.hiddenapibypass.CoreOjClassLoader>
1788668810.805 10303 16434 16434 W om.unique:vapp0: Unsupported class loader: java.lang.Class<org.lsposed.hiddenapibypass.CoreOjClassLoader>
1788668810.809 10303 16434 16434 I Unique  : 2026-09-06 11:26:50.808 I HOOK HIDDEN_API_GRANTED via=HiddenApiBypass
1788668810.811 10303 16434 16434 I UniqueNative: libunique_native loaded (page size 4096)
1788668810.812 10303 16434 16434 I Unique  : 2026-09-06 11:26:50.812 I LAUNCH INTERCEPTOR_INSTALLED executeTransaction=159
1788668810.813 10303 16434 16434 I Unique  : 2026-09-06 11:26:50.813 I PROCESS VAPP_READY slot=0
1788668810.815 10303 16434 16434 I Unique  : 2026-09-06 11:26:50.815 I PROCESS STUB_PROVIDER_CREATED slot=0
1788668810.827 10303 16434 16434 D Unique  : 2026-09-06 11:26:50.826 D LAUNCH CALLBACK_ALIVE what=164 obj=java.lang.String
1788668810.828 10303 16434 16434 D Unique  : 2026-09-06 11:26:50.828 D LAUNCH CALLBACK_ALIVE what=159 obj=android.app.servertransaction.ClientTransaction
1788668810.844 10303 16434 16434 I Unique  : 2026-09-06 11:26:50.843 I PROCESS PROCESS_RENAMED argv0=com.Chillow.CustomRise
1788668810.944 10303 16434 16434 I Unique  : 2026-09-06 11:26:50.943 I PROCESS PROFILE_BOUND profile=4972c597-2c8c-4b55-b474-608ce9692921 androidId=477d366b62edbdf3 generation=1
1788668810.945 10303 16434 16434 I Unique  : 2026-09-06 11:26:50.944 I PROCESS BUILD_OVERRIDES_APPLIED applied=1 requested=1
1788668810.946 10303 16434 16434 I Unique  : 2026-09-06 11:26:50.945 I LAUNCH PROFILE_BOUND profileId=4972c597-2c8c-4b55-b474-608ce9692921 generation=1
1788668810.954 10303 16434 16434 I Unique  : 2026-09-06 11:26:50.952 I PROCESS PERMISSION_CACHE_DISABLED disabled=disablePackageNamePermissionCache,disablePermissionCache,disableApplicationInfoCache,disablePackageInfoCache,disableGetPackagesForUidCache failed=android.app.ActivityManager: no disable*Cache()
1788668810.958 10303 16434 16434 I Unique  : 2026-09-06 11:26:50.957 I PROCESS PERMISSIONS_BOUND package=com.Chillow.CustomRise vuid=0 declared=17 restored=0 runtime=5 installTime=12 selfDefined=1
1788668810.968 10303 16434 16434 I Unique  : 2026-09-06 11:26:50.967 I HOOK SERVICE_HOOKED service=package cache=true singletons=1 bound=permissionCheck,getActivityInfo,applicationEnabledSetting,getApplicationInfo,componentEnabledSetting,installedPackages,getInstallerPackageName,getNameForUid,getPackageInfo,getPackagesForUid,getProviderInfo,getReceiverInfo,getServiceInfo,queryIntent,resolveContentProvider,resolveIntent matched=permissionCheck=checkPermission+checkUidPermission,getActivityInfo,applicationEnabledSetting=getApplicationEnabledSetting+setApplicationEnabledSetting,getApplicationInfo,componentEnabledSetting=getComponentEnabledSetting+setComponentEnabledSetting,installedPackages=getInstalledApplications+getInstalledPackages,getInstallerPackageName,getNameForUid,getPackageInfo,getPackagesForUid,getProviderInfo,g
1788668810.969 10303 16434 16434 I Unique  : 2026-09-06 11:26:50.968 I LAUNCH VPM_HOOK_INSTALLED package=com.Chillow.CustomRise bound=permissionCheck,getActivityInfo,applicationEnabledSetting,getApplicationInfo,componentEnabledSetting,installedPackages,getInstallerPackageName,getNameForUid,getPackageInfo,getPackagesForUid,getProviderInfo,getReceiverInfo,getServiceInfo,queryIntent,resolveContentProvider,resolveIntent
1788668810.997 10303 16434 16434 I Unique  : 2026-09-06 11:26:50.993 I HOOK SERVICE_HOOKED service=activity cache=true singletons=1 bound=serviceDispatch,callerIdentity,permissionCheck,getContentProvider,intentSender,runningProcesses,registerReceiver,foregroundService matched=serviceDispatch=bindService+bindServiceInstance+peekService+publishService+startService+stopService+unbindFinished,callerIdentity=broadcastIntent+broadcastIntentWithFeature+getBindingUidProcessState+getContentProviderExternal+getHistoricalProcessExitReasons+getHistoricalProcessStartReasons+getPackageProcessState+getTagForIntentSender+getUidLastIdleElapsedTime+getUidProcessCapabilities+getUidProces
1788668810.998 10303 16434 16434 I Unique  : 2026-09-06 11:26:50.997 I LAUNCH VAM_HOOK_INSTALLED package=com.Chillow.CustomRise host=com.unique methods=8 matched=serviceDispatch=bindService+bindServiceInstance+peekService+publishService+startService+stopService+unbindFinished,callerIdentity=broadcastIntent+broadcastIntentWithFeature+getBindingUidProcessState+getContentProviderExternal+getHistoricalProcessExitReasons+getHistoricalProcessStartReasons+getPackageProcessState+getTagForIntentSender+getUidLastIdleElapsedTime+getUidProcessCapabilities+getUidProcessState+grantUriPermission+isBackgroundRestricted+isUidActive+moveTaskToFront+revokeUriPermission+sendIntentSender+startActivity+startActivityAsUser+startActivityAsUserWithFeature+startActivityWithFeature,permissionCheck=checkPermission+checkPermissionForDevice,getContentProvider,intentSender=getIntentSender+getIntentSenderWithFeature,runningProcesses=getRunningAppProcesses+getServices,registerReceiver=registerReceiver+registerReceiverWithFeature,foregroundService=setServiceForeground
1788668811.003 10303 16434 16434 I Unique  : 2026-09-06 11:26:51.002 I HOOK SERVICE_HOOKED service=activity_task cache=true singletons=1 bound=activityStart matched=activityStart=startActivities+startActivity+startActivityAndWait+startActivityAsCaller+startActivityAsUser+startActivityFromGameSession+startActivityIntentSender+startActivityWithConfig
1788668811.004 10303 16434 16434 I Unique  : 2026-09-06 11:26:51.003 I LAUNCH ATM_HOOK_INSTALLED package=com.Chillow.CustomRise host=com.unique matched=activityStart=startActivities+startActivity+startActivityAndWait+startActivityAsCaller+startActivityAsUser+startActivityFromGameSession+startActivityIntentSender+startActivityWithConfig
1788668811.006 10303 16434 16434 I Unique  : 2026-09-06 11:26:51.005 I HOOK SERVICE_HOOKED service=permissionmgr cache=true singletons=1 bound=shouldShowRequestPermissionRationale matched=shouldShowRequestPermissionRationale
1788668811.007 10303 16434 16434 I Unique  : 2026-09-06 11:26:51.006 I HOOK PERMISSION_MANAGER_HOOKED matched=shouldShowRequestPermissionRationale
1788668811.010 10303 16434 16434 I Unique  : 2026-09-06 11:26:51.009 I HOOK SERVICE_HOOKED service=appops cache=true singletons=0 bound=appOpIdentity matched=appOpIdentity=checkAudioOperation+checkOperation+checkOperationForDevice+checkOperationRaw+checkOperationRawForDevice+checkPackage+collectNoteOpCallsForValidation+extractAsyncOps+finishOperation+finishOperationForDevice+getHistoricalOps+getHistoricalOpsFromDiskRaw+getOpsForPackage+getPackagesForOpsForDevice+isOperationActive+isProxying+noteOperation+noteOperationForDevice+noteProxyOperation+notePr
1788668811.011 10303 16434 16434 I Unique  : 2026-09-06 11:26:51.010 I HOOK APPOPS_HOOKED package=com.Chillow.CustomRise host=com.unique matched=appOpIdentity=checkAudioOperation+checkOperation+checkOperationForDevice+checkOperationRaw+checkOperationRawForDevice+checkPackage+collectNoteOpCallsForValidation+extractAsyncOps+finishOperation+finishOperationForDevice+getHistoricalOps+getHistoricalOpsFromDiskRaw+getOpsForPackage+getPackagesForOpsForDevice+isOperationActive+isProxying+noteOperation+noteOperationForDevice+noteProxyOperation+notePr
1788668811.017 10303 16434 16434 I Unique  : 2026-09-06 11:26:51.016 I PROCESS SETTINGS_CACHES_PRIMED wrappedByHand=0 alreadyWrapped=3 empty=1
1788668811.018 10303 16434 16434 I Unique  : 2026-09-06 11:26:51.017 I PROCESS PROVIDER_CACHES_EVICTED activityThreadProviders=2 providerRefCounts=1 settingsCaches=4 settingsWrapped=3 hostSource=com.unique hostSourceUid=10303
1788668811.024 10303 16434 16434 I Unique  : 2026-09-06 11:26:51.023 I PROCESS NETWORK_SECURITY_INSTALLED package=com.Chillow.CustomRise configRes=0 targetSdk=36
1788668811.024 10303 16434 16434 I UniqueNative: redirect table set: 8 rule(s)
1788668811.025 10303 16434 16434 I UniqueNative: io_redirect installed: 0 slot(s) in 0/389 libraries (0 total), 8 rule(s), page size 4096
1788668811.025 10303 16434 16434 W UniqueNative: io_redirect: filter did not match: /data/user/0/com.unique/files/virtual/apk/com.Chillow.CustomRise/1/lib/arm64-v8a
1788668811.025 10303 16434 16434 W UniqueNative: io_redirect: filter did not match: /data/data/com.unique/files/virtual/apk/com.Chillow.CustomRise/1/lib/arm64-v8a
1788668811.025 10303 16434 16434 W UniqueNative: io_redirect: filter did not match: /data/user/0/com.unique/files/virtual/apk/com.Chillow.CustomRise/1
1788668811.025 10303 16434 16434 W UniqueNative: io_redirect: filter did not match: /data/data/com.unique/files/virtual/apk/com.Chillow.CustomRise/1
1788668811.025 10303 16434 16434 W UniqueNative: io_redirect: app-private library seen: /data/misc/apexdata/com.android.art/dalvik-cache/arm64/boot.oat
1788668811.025 10303 16434 16434 W UniqueNative: io_redirect: app-private library seen: /data/misc/apexdata/com.android.art/dalvik-cache/arm64/boot-framework-adservices.oat
1788668811.025 10303 16434 16434 W UniqueNative: io_redirect: app-private library seen: /data/app/~~E_AZaXevj49olDA4bpqyHA==/com.unique-wkslfLmMJQVPSCvjJARKJA==/oat/arm64/base.odex
1788668811.025 10303 16434 16434 W UniqueNative: io_redirect: app-private library seen: /data/app/~~E_AZaXevj49olDA4bpqyHA==/com.unique-wkslfLmMJQVPSCvjJARKJA==/base.apk!/lib/arm64-v8a/libunique_native.so
1788668811.026 10303 16434 16434 I UniqueNative: io_redirect: library-load watch installed (3 slot(s) in 2 libraries)
1788668811.026 10303 16434 16434 W UniqueNative: io_redirect: watch saw but did not match: /data/misc/apexdata/com.android.art/dalvik-cache/arm64/boot.oat
1788668811.026 10303 16434 16434 W UniqueNative: io_redirect: watch saw but did not match: /data/misc/apexdata/com.android.art/dalvik-cache/arm64/boot-framework-adservices.oat
1788668811.026 10303 16434 16434 W UniqueNative: io_redirect: watch saw but did not match: /data/app/~~E_AZaXevj49olDA4bpqyHA==/com.unique-wkslfLmMJQVPSCvjJARKJA==/oat/arm64/base.odex
1788668811.026 10303 16434 16434 W UniqueNative: io_redirect: watch saw but did not match: /data/app/~~E_AZaXevj49olDA4bpqyHA==/com.unique-wkslfLmMJQVPSCvjJARKJA==/base.apk!/lib/arm64-v8a/libunique_native.so
1788668811.027 10303 16434 16434 I Unique  : 2026-09-06 11:26:51.026 I NATIVE IO_REDIRECT_INSTALLED status=NOTHING_TO_HOOK watch=OK rules=8 slots=0 scope=/data/user/0/com.unique/files/virtual/apk/com.Chillow.CustomRise/1/lib/arm64-v8a,/data/data/com.unique/files/virtual/apk/com.Chillow.CustomRise/1/lib/arm64-v8a,/data/user/0/com.unique/files/virtual/ap
1788668811.027 10303 16434 16434 I Unique  : 2026-09-06 11:26:51.027 I WEBVIEW WEBVIEW_DATA_DIR_SUFFIX suffix=vapp0 slot=0
1788668811.028 10303 16434 16434 I UniqueNative: crash: recording 6 signal(s) to /data/user/0/com.unique/files/virtual/runtime/diagnostics/0/com.Chillow.CustomRise/native-crash-16434.properties
1788668811.029 10303 16434 16434 I Unique  : 2026-09-06 11:26:51.028 I NATIVE NATIVE_CRASH_HANDLER status=OK file=/data/user/0/com.unique/files/virtual/runtime/diagnostics/0/com.Chillow.CustomRise/native-crash-16434.properties
1788668811.090 10303 16434 16434 I Unique  : 2026-09-06 11:26:51.089 I PROCESS PROVIDERS_PUBLISHED package=com.Chillow.CustomRise process=com.Chillow.CustomRise declared=2 authorities=[redacted]
1788668811.091 10303 16434 16434 I Unique  : 2026-09-06 11:26:51.091 I STORAGE EXTERNAL_STORAGE_REDIRECTED package=com.Chillow.CustomRise vuid=0 root=/data/user/0/com.unique/files/virtual/users/0/sdcard
1788668811.093 10303 16434 16434 I Unique  : 2026-09-06 11:26:51.092 I HOOK SERVICE_HOOKED service=alarm cache=true singletons=0 bound=callerPackage matched=callerPackage=canScheduleExactAlarms+cancelPoweroffAlarm+hasScheduleExactAlarm+removeAll+set+setTimeZone
1788668811.096 10303 16434 16434 I Unique  : 2026-09-06 11:26:51.094 I HOOK IDENTITY_HOOK_INSTALLED service=alarm package=com.Chillow.CustomRise matched=callerPackage=canScheduleExactAlarms+cancelPoweroffAlarm+hasScheduleExactAlarm+removeAll+set+setTimeZone
1788668811.103 10303 16434 16434 I Unique  : 2026-09-06 11:26:51.102 I HOOK SERVICE_HOOKED service=clipboard cache=true singletons=0 bound=callerPackage matched=callerPackage=addPrimaryClipChangedListener+clearPrimaryClip+getPrimaryClip+getPrimaryClipDescription+getPrimaryClipSource+getUserPrimaryClip+hasClipboardText+hasPrimaryClip+removePrimaryClipChangedListener+setPrimaryClip+setPrimaryClipAsPackage
1788668811.104 10303 16434 16434 I Unique  : 2026-09-06 11:26:51.103 I HOOK IDENTITY_HOOK_INSTALLED service=clipboard package=com.Chillow.CustomRise matched=callerPackage=addPrimaryClipChangedListener+clearPrimaryClip+getPrimaryClip+getPrimaryClipDescription+getPrimaryClipSource+getUserPrimaryClip+hasClipboardText+hasPrimaryClip+removePrimaryClipChangedListener+setPrimaryClip+setPrimaryClipAsPackage
1788668811.113 10303 16434 16434 I Unique  : 2026-09-06 11:26:51.109 I HOOK SERVICE_HOOKED service=restrictions cache=true singletons=0 bound=callerPackage matched=callerPackage=getApplicationRestrictions+getApplicationRestrictionsPerAdminForUser+notifyPermissionResponse+requestPermission
1788668811.115 10303 16434 16434 I Unique  : 2026-09-06 11:26:51.113 I HOOK IDENTITY_HOOK_INSTALLED service=restrictions package=com.Chillow.CustomRise matched=callerPackage=getApplicationRestrictions+getApplicationRestrictionsPerAdminForUser+notifyPermissionResponse+requestPermission
1788668811.121 10303 16434 16434 I Unique  : 2026-09-06 11:26:51.120 I HOOK SERVICE_HOOKED service=locale cache=true singletons=0 bound=callerPackage,setApplicationLocales matched=callerPackage=getApplicationLocales+getOverrideLocaleConfig+setOverrideLocaleConfig,setApplicationLocales
1788668811.122 10303 16434 16434 I Unique  : 2026-09-06 11:26:51.121 I HOOK IDENTITY_HOOK_INSTALLED service=locale package=com.Chillow.CustomRise matched=callerPackage=getApplicationLocales+getOverrideLocaleConfig+setOverrideLocaleConfig,setApplicationLocales
1788668811.127 10303 16434 16434 I Unique  : 2026-09-06 11:26:51.126 I HOOK SERVICE_HOOKED service=connectivity cache=true singletons=0 bound=callerPackage matched=callerPackage=getDefaultNetworkCapabilitiesForUser+getLastTetherError+getNetworkCapabilities+getRedactedLinkPropertiesForPackage+getRedactedNetworkCapabilitiesForPackage+isConnectivityServiceFeatureEnabledForTesting+listenForNetwork+pendingListenForNetwork+pendingRequestForNetwork+registerConnectivityDiagnosticsCallback+registerNetworkProvider+requestNetwork+requestRouteToHostAddress+setProvisioni
1788668811.130 10303 16434 16434 I Unique  : 2026-09-06 11:26:51.128 I HOOK IDENTITY_HOOK_INSTALLED service=connectivity package=com.Chillow.CustomRise matched=callerPackage=getDefaultNetworkCapabilitiesForUser+getLastTetherError+getNetworkCapabilities+getRedactedLinkPropertiesForPackage+getRedactedNetworkCapabilitiesForPackage+isConnectivityServiceFeatureEnabledForTesting+listenForNetwork+pendingListenForNetwork+pendingRequestForNetwork+registerConnectivi
1788668811.135 10303 16434 16434 I Unique  : 2026-09-06 11:26:51.134 I HOOK SERVICE_HOOKED service=power cache=true singletons=0 bound=callerPackage matched=callerPackage=acquireWakeLock+acquireWakeLockAsync+acquireWakeLockWithUid+crash+isAmbientDisplaySuppressedForToken+isAmbientDisplaySuppressedForTokenByApp+isFeatureAllowedInLowPowerStandby+reboot+shutdown+suppressAmbientDisplay+updateWakeLockWorkSource+wakeUp
1788668811.135 10303 16434 16434 I Unique  : 2026-09-06 11:26:51.135 I HOOK IDENTITY_HOOK_INSTALLED service=power package=com.Chillow.CustomRise matched=callerPackage=acquireWakeLock+acquireWakeLockAsync+acquireWakeLockWithUid+crash+isAmbientDisplaySuppressedForToken+isAmbientDisplaySuppressedForTokenByApp+isFeatureAllowedInLowPowerStandby+reboot+shutdown+suppressAmbientDisplay+updateWakeLockWorkSource+wakeUp
1788668811.144 10303 16434 16434 I Unique  : 2026-09-06 11:26:51.143 I HOOK SERVICE_HOOKED service=wifi cache=true singletons=0 bound=callerPackage matched=callerPackage=acquireMulticastLock+acquireWifiLock+addLocalOnlyConnectionStatusListener+addNetworkSuggestions+addOrUpdateNetwork+addOrUpdateNetworkPrivileged+addOrUpdatePasspointConfiguration+addQosPolicies+addSuggestionUserApprovalStatusListener+allowAutojoinGlobal+allowAutojoinPasspoint+connect+disableEphemeralNetwork+disableNetwork+disconnect+enableNetwork+enableTdls+enableTdlsWithMacAddress+en
1788668811.145 10303 16434 16434 I Unique  : 2026-09-06 11:26:51.144 I HOOK IDENTITY_HOOK_INSTALLED service=wifi package=com.Chillow.CustomRise matched=callerPackage=acquireMulticastLock+acquireWifiLock+addLocalOnlyConnectionStatusListener+addNetworkSuggestions+addOrUpdateNetwork+addOrUpdateNetworkPrivileged+addOrUpdatePasspointConfiguration+addQosPolicies+addSuggestionUserApprovalStatusListener+allowAutojoinGlobal+allowAutojoinPasspoint+connect+di
1788668811.148 10303 16434 16434 I Unique  : 2026-09-06 11:26:51.147 I HOOK SERVICE_HOOKED service=location cache=true singletons=0 bound=callerPackage matched=callerPackage=addGnssAntennaInfoListener+addGnssMeasurementsListener+addGnssNavigationMessageListener+addTestProvider+getCurrentLocation+getLastLocation+getProviderPackages+getProviderProperties+hasProvider+isProviderEnabledForUser+isProviderPackage+registerGnssNmeaCallback+registerGnssStatusCallback+registerLocationListener+registerLocationPendingIntent+removeTestProvider+requestGeofence+requestL
1788668811.149 10303 16434 16434 I Unique  : 2026-09-06 11:26:51.148 I HOOK IDENTITY_HOOK_INSTALLED service=location package=com.Chillow.CustomRise matched=callerPackage=addGnssAntennaInfoListener+addGnssMeasurementsListener+addGnssNavigationMessageListener+addTestProvider+getCurrentLocation+getLastLocation+getProviderPackages+getProviderProperties+hasProvider+isProviderEnabledForUser+isProviderPackage+registerGnssNmeaCallback+registerGnssStatusCallbac
1788668811.159 10303 16434 16434 I Unique  : 2026-09-06 11:26:51.158 I HOOK SERVICE_HOOKED service=audio cache=true singletons=0 bound=callerPackage matched=callerPackage=abandonAudioFocus+abandonAudioFocusForTest+adjustStreamVolume+adjustStreamVolumeForUid+adjustStreamVolumeWithAttribution+adjustSuggestedStreamVolumeForUid+adjustVolumeGroupVolume+cacheParameters+disableSafeMediaVolume+getBluetoothAudioDeviceCategory+getBluetoothAudioDeviceCategory_legacy+getCacheParameters+getDeviceVolume+getNotificationUri+getPlayerVolume+handleVolumeKey+isBluetooth
1788668811.159 10303 16434 16434 I Unique  : 2026-09-06 11:26:51.159 I HOOK IDENTITY_HOOK_INSTALLED service=audio package=com.Chillow.CustomRise matched=callerPackage=abandonAudioFocus+abandonAudioFocusForTest+adjustStreamVolume+adjustStreamVolumeForUid+adjustStreamVolumeWithAttribution+adjustSuggestedStreamVolumeForUid+adjustVolumeGroupVolume+cacheParameters+disableSafeMediaVolume+getBluetoothAudioDeviceCategory+getBluetoothAudioDeviceCategory_lega
1788668811.165 10303 16434 16434 I Unique  : 2026-09-06 11:26:51.162 I HOOK SERVICE_HOOKED service=vibrator_manager cache=true singletons=0 bound=callerPackage matched=callerPackage=performHapticFeedback+setAlwaysOnEffect+vibrate
1788668811.166 10303 16434 16434 I Unique  : 2026-09-06 11:26:51.165 I HOOK IDENTITY_HOOK_INSTALLED service=vibrator_manager package=com.Chillow.CustomRise matched=callerPackage=performHapticFeedback+setAlwaysOnEffect+vibrate
1788668811.169 10303 16434 16434 I Unique  : 2026-09-06 11:26:51.168 I HOOK SERVICE_HOOKED service=usagestats cache=true singletons=0 bound=callerPackage matched=callerPackage=clearBroadcastEvents+clearBroadcastResponseStats+getAppMinStandbyBucket+getAppStandbyBucket+getAppStandbyBuckets+getAppStandbyConstant+getLastTimeAnyComponentUsed+isAppInactive+isPackageExemptedFromBroadcastResponseStats+queryBroadcastResponseStats+queryConfigurationStats+queryEventStats+queryEvents+queryEventsForPackage+queryEventsForPackageForUser+queryEventsForUser+queryEventsWith
1788668811.169 10303 16434 16434 I Unique  : 2026-09-06 11:26:51.169 I HOOK IDENTITY_HOOK_INSTALLED service=usagestats package=com.Chillow.CustomRise matched=callerPackage=clearBroadcastEvents+clearBroadcastResponseStats+getAppMinStandbyBucket+getAppStandbyBucket+getAppStandbyBuckets+getAppStandbyConstant+getLastTimeAnyComponentUsed+isAppInactive+isPackageExemptedFromBroadcastResponseStats+queryBroadcastResponseStats+queryConfigurationStats+queryEventSta
1788668811.178 10303 16434 16434 I Unique  : 2026-09-06 11:26:51.177 I HOOK SERVICE_HOOKED service=netstats cache=true singletons=0 bound=callerPackage matched=callerPackage=getIfaceStats+notifyNetworkStatus+openSessionForUsageStats+registerNetworkStatsProvider+registerUsageCallback+setStatsProviderWarningAndLimitAsync
1788668811.179 10303 16434 16434 I Unique  : 2026-09-06 11:26:51.178 I HOOK IDENTITY_HOOK_INSTALLED service=netstats package=com.Chillow.CustomRise matched=callerPackage=getIfaceStats+notifyNetworkStatus+openSessionForUsageStats+registerNetworkStatsProvider+registerUsageCallback+setStatsProviderWarningAndLimitAsync
1788668811.181 10303 16434 16434 I Unique  : 2026-09-06 11:26:51.180 I HOOK SERVICE_HOOKED service=content cache=true singletons=0 bound=callerPackage matched=callerPackage=addPeriodicSync+cancelSync+cancelSyncAsUser+getCache+getIsSyncable+getIsSyncableAsUser+getPeriodicSyncs+getSyncAdapterPackageAsUser+getSyncAdapterPackagesForAuthorityAsUser+getSyncAutomatically+getSyncAutomaticallyAsUser+getSyncStatus+getSyncStatusAsUser+isSyncActive+isSyncPending+isSyncPendingAsUser+notifyChange+onDbCorruption+putCache+removePeriodicSync+requestSync+setIsSyncable+se
1788668811.182 10303 16434 16434 I Unique  : 2026-09-06 11:26:51.181 I HOOK IDENTITY_HOOK_INSTALLED service=content package=com.Chillow.CustomRise matched=callerPackage=addPeriodicSync+cancelSync+cancelSyncAsUser+getCache+getIsSyncable+getIsSyncableAsUser+getPeriodicSyncs+getSyncAdapterPackageAsUser+getSyncAdapterPackagesForAuthorityAsUser+getSyncAutomatically+getSyncAutomaticallyAsUser+getSyncStatus+getSyncStatusAsUser+isSyncActive+isSyncPending+isSy
1788668811.186 10303 16434 16434 I Unique  : 2026-09-06 11:26:51.184 I HOOK SERVICE_HOOKED service=shortcut cache=true singletons=0 bound=shortcutPublish,callerPackage matched=shortcutPublish=addDynamicShortcuts+createShortcutResultIntent+pushDynamicShortcut+requestPinShortcut+setDynamicShortcuts+updateShortcuts,callerPackage=disableShortcuts+enableShortcuts+getIconMaxDimensions+getMaxShortcutCountPerActivity+getRateLimitResetTime+getRemainingCallCount+getShareTargets+getShortcuts+hasShareTargets+onApplicationActive+removeAllDynamicShortcuts+removeDynamicShortcuts+remov
1788668811.187 10303 16434 16434 I Unique  : 2026-09-06 11:26:51.186 I HOOK IDENTITY_HOOK_INSTALLED service=shortcut package=com.Chillow.CustomRise matched=shortcutPublish=addDynamicShortcuts+createShortcutResultIntent+pushDynamicShortcut+requestPinShortcut+setDynamicShortcuts+updateShortcuts,callerPackage=disableShortcuts+enableShortcuts+getIconMaxDimensions+getMaxShortcutCountPerActivity+getRateLimitResetTime+getRemainingCallCount+getShareTargets+get
1788668811.191 10303 16434 16434 I Unique  : 2026-09-06 11:26:51.190 I HOOK SERVICE_HOOKED service=mount cache=true singletons=0 bound=callerPackage,volumeList matched=callerPackage=abortChanges+allocateBytes+benchmark+destroyUserStorage+disableAppDataIsolation+fixupAppDir+fixupAppDirRecursive+fixupSysfsFile+forgetVolume+format+getAllocatableBytes+getCacheQuotaBytes+getCacheSizeBytes+getExternalStorageMountMode+getManageSpaceActivityIntent+getMountedObbPath+isAppIoBlocked+isObbMounted+mkdirs+mount+mountObb+moveStorageQuickly+notifyAppIoBlocked+notifyAppIoResumed
1788668811.194 10303 16434 16434 I Unique  : 2026-09-06 11:26:51.191 I HOOK IDENTITY_HOOK_INSTALLED service=mount package=com.Chillow.CustomRise matched=callerPackage=abortChanges+allocateBytes+benchmark+destroyUserStorage+disableAppDataIsolation+fixupAppDir+fixupAppDirRecursive+fixupSysfsFile+forgetVolume+format+getAllocatableBytes+getCacheQuotaBytes+getCacheSizeBytes+getExternalStorageMountMode+getManageSpaceActivityIntent+getMountedObbPath+isAppI
1788668811.199 10303 16434 16434 I Unique  : 2026-09-06 11:26:51.198 I HOOK SERVICE_HOOKED service=account cache=true singletons=0 bound=callerPackage matched=callerPackage=addAccount+addAccountAsUser+addAccountExplicitly+addAccountExplicitlyWithVisibility+addSharedAccountsFromParentUser+createRequestAccountAccessIntentSenderAsUser+editProperties+getAccountByTypeAndFeatures+getAccountVisibility+getAccountsAndVisibilityForPackage+getAccountsAsUser+getAccountsByFeatures+getAccountsByTypeForPackage+getAccountsForPackage+getAuthToken+getAuthTokenLabel+getUs
1788668811.200 10303 16434 16434 I Unique  : 2026-09-06 11:26:51.199 I HOOK IDENTITY_HOOK_INSTALLED service=account package=com.Chillow.CustomRise matched=callerPackage=addAccount+addAccountAsUser+addAccountExplicitly+addAccountExplicitlyWithVisibility+addSharedAccountsFromParentUser+createRequestAccountAccessIntentSenderAsUser+editProperties+getAccountByTypeAndFeatures+getAccountVisibility+getAccountsAndVisibilityForPackage+getAccountsAsUser+getAccou
1788668811.213 10303 16434 16434 I Unique  : 2026-09-06 11:26:51.212 I HOOK SERVICE_HOOKED service=phone cache=true singletons=0 bound=callerPackage matched=callerPackage=call+canChangeDtmfToneLength+changeIccLockPassword+checkCarrierPrivilegesForPackage+checkCarrierPrivilegesForPackageAnyPhone+clearSignalStrengthUpdateRequest+deprovisionSatelliteService+dial+disableDataConnectivity+disableVisualVoicemailSmsFilter+doesSwitchMultiSimConfigTriggerReboot+enableDataConnectivity+enableVisualVoicemailSmsFilter+enqueueSmsPickResult+factoryReset+getAllCellInf
1788668811.214 10303 16434 16434 I Unique  : 2026-09-06 11:26:51.213 I HOOK IDENTITY_HOOK_INSTALLED service=phone package=com.Chillow.CustomRise matched=callerPackage=call+canChangeDtmfToneLength+changeIccLockPassword+checkCarrierPrivilegesForPackage+checkCarrierPrivilegesForPackageAnyPhone+clearSignalStrengthUpdateRequest+deprovisionSatelliteService+dial+disableDataConnectivity+disableVisualVoicemailSmsFilter+doesSwitchMultiSimConfigTriggerReboot+e
1788668811.228 10303 16434 16466 D Unique  : 2026-09-06 11:26:51.226 D PROCESS SERVICE_CONNECTION_WRAPPED connection=m7.fy
1788668811.229 10303 16434 16434 I Unique  : 2026-09-06 11:26:51.226 I HOOK SERVICE_HOOKED service=device_policy cache=true singletons=0 bound=callerPackage matched=callerPackage=addCrossProfileIntentFilter+addCrossProfileWidgetProvider+addPersistentPreferredActivity+approveCaCert+checkDeviceIdentifierAccess+checkProvisioningPrecondition+choosePrivateKeyAlias+clearApplicationUserData+clearCrossProfileIntentFilters+clearDeviceOwner+clearPackagePersistentPreferredActivities+clearResetPasswordToken+createAdminSupportIntent+createAndManageUser+createAndProvisionM
1788668811.230 10303 16434 16434 I Unique  : 2026-09-06 11:26:51.229 I HOOK IDENTITY_HOOK_INSTALLED service=device_policy package=com.Chillow.CustomRise matched=callerPackage=addCrossProfileIntentFilter+addCrossProfileWidgetProvider+addPersistentPreferredActivity+approveCaCert+checkDeviceIdentifierAccess+checkProvisioningPrecondition+choosePrivateKeyAlias+clearApplicationUserData+clearCrossProfileIntentFilters+clearDeviceOwner+clearPackagePersistentPreferre
1788668811.234 10303 16434 16434 I Unique  : 2026-09-06 11:26:51.233 I HOOK SERVICE_HOOKED service=media.camera cache=true singletons=0 bound=callerPackage matched=callerPackage=connect+connectDevice+createDefaultRequest+getCameraCharacteristics+getSessionCharacteristics+getTorchStrengthLevel+injectCamera+injectSessionParams+isHiddenPhysicalCamera+isSessionConfigurationWithParametersSupported+setTorchMode+supportsCameraApi+turnOnTorchWithStrengthLevel
1788668811.234 10303 16434 16434 I Unique  : 2026-09-06 11:26:51.234 I HOOK IDENTITY_HOOK_INSTALLED service=media.camera package=com.Chillow.CustomRise matched=callerPackage=connect+connectDevice+createDefaultRequest+getCameraCharacteristics+getSessionCharacteristics+getTorchStrengthLevel+injectCamera+injectSessionParams+isHiddenPhysicalCamera+isSessionConfigurationWithParametersSupported+setTorchMode+supportsCameraApi+turnOnTorchWithStrengthLevel
1788668811.237 10303 16434 16466 E GoogleApiManager: java.lang.SecurityException: Unknown calling package name 'com.Chillow.CustomRise'.
1788668811.241 10303 16434 16434 I Unique  : 2026-09-06 11:26:51.237 I HOOK SERVICE_HOOKED service=telecom cache=true singletons=0 bound=callerPackage matched=callerPackage=acceptHandover+acceptRingingCall+acceptRingingCallWithVideoState+addCall+addNewIncomingCall+addNewIncomingConference+addOrRemoveTestCallCompanionApp+cancelMissedCallsNotification+clearAccounts+createLaunchEmergencyDialerIntent+createManageBlockedNumbersIntent+endCall+getAdnUriForPhoneAccount+getCallCapablePhoneAccounts+getCallStateUsingPackage+getCurrentTtyMode+getDefaultDialerPackag
1788668811.242 10303 16434 16434 I Unique  : 2026-09-06 11:26:51.241 I HOOK IDENTITY_HOOK_INSTALLED service=telecom package=com.Chillow.CustomRise matched=callerPackage=acceptHandover+acceptRingingCall+acceptRingingCallWithVideoState+addCall+addNewIncomingCall+addNewIncomingConference+addOrRemoveTestCallCompanionApp+cancelMissedCallsNotification+clearAccounts+createLaunchEmergencyDialerIntent+createManageBlockedNumbersIntent+endCall+getAdnUriForPhoneA
1788668811.244 10303 16434 16434 I Unique  : 2026-09-06 11:26:51.243 I HOOK SERVICE_HOOKED service=media_router cache=true singletons=0 bound=callerPackage matched=callerPackage=deselectRouteWithManager+deselectRouteWithRouter2+getSystemRoutes+getSystemSessionInfoForPackage+registerClientAsUser+registerClientGroupId+registerManager+registerProxyRouter+registerRouter2+releaseSessionWithManager+releaseSessionWithRouter2+requestCreateSessionWithManager+requestSetVolume+requestUpdateVolume+selectRouteWithManager+selectRouteWithRouter2+setSelectedRoute+setSession
1788668811.245 10303 16434 16434 I Unique  : 2026-09-06 11:26:51.245 I HOOK IDENTITY_HOOK_INSTALLED service=media_router package=com.Chillow.CustomRise matched=callerPackage=deselectRouteWithManager+deselectRouteWithRouter2+getSystemRoutes+getSystemSessionInfoForPackage+registerClientAsUser+registerClientGroupId+registerManager+registerProxyRouter+registerRouter2+releaseSessionWithManager+releaseSessionWithRouter2+requestCreateSessionWithManager+requestSet
1788668811.248 10303 16434 16434 I Unique  : 2026-09-06 11:26:51.247 I HOOK SERVICE_HOOKED service=media_session cache=true singletons=0 bound=callerPackage matched=callerPackage=addOnMediaKeyEventSessionChangedListener+createSession+dispatchAdjustVolume+dispatchMediaKeyEvent+dispatchMediaKeyEventToSessionAsSystemService+dispatchVolumeKeyEvent+dispatchVolumeKeyEventToSessionAsSystemService+getMediaKeyEventSession+getMediaKeyEventSessionPackageName+hasCustomMediaKeyDispatcher+hasCustomMediaSessionPolicyProvider+isTrusted+setCustomMediaKeyDispatcher+setCustomMe
1788668811.248 10303 16434 16434 I Unique  : 2026-09-06 11:26:51.248 I HOOK IDENTITY_HOOK_INSTALLED service=media_session package=com.Chillow.CustomRise matched=callerPackage=addOnMediaKeyEventSessionChangedListener+createSession+dispatchAdjustVolume+dispatchMediaKeyEvent+dispatchMediaKeyEventToSessionAsSystemService+dispatchVolumeKeyEvent+dispatchVolumeKeyEventToSessionAsSystemService+getMediaKeyEventSession+getMediaKeyEventSessionPackageName+hasCustomMedi
1788668811.252 10303 16434 16434 I Unique  : 2026-09-06 11:26:51.251 I HOOK SERVICE_HOOKED service=appwidget cache=true singletons=0 bound=callerPackage,appWidgetIdentity matched=callerPackage=allocateAppWidgetId+bindRemoteViewsService+createAppWidgetConfigIntentSender+deleteAppWidgetId+deleteHost+getAppWidgetIdsForHost+getAppWidgetInfo+getAppWidgetOfHost+getAppWidgetOptions+getAppWidgetViews+getInstalledProvidersForProfile+hasBindAppWidgetPermission+isBoundWidgetPackage+noteAppWidgetTapped+notifyAppWidgetViewDataChanged+partiallyUpdateAppWidgetIds+setAppWidgetHidden+setBi
1788668811.253 10303 16434 16434 I Unique  : 2026-09-06 11:26:51.252 I HOOK IDENTITY_HOOK_INSTALLED service=appwidget package=com.Chillow.CustomRise matched=callerPackage=allocateAppWidgetId+bindRemoteViewsService+createAppWidgetConfigIntentSender+deleteAppWidgetId+deleteHost+getAppWidgetIdsForHost+getAppWidgetInfo+getAppWidgetOfHost+getAppWidgetOptions+getAppWidgetViews+getInstalledProvidersForProfile+hasBindAppWidgetPermission+isBoundWidgetPackage+not
1788668811.254 10303 16434 16434 I Unique  : 2026-09-06 11:26:51.253 I HOOK IDENTITY_HOOKS_INSTALLED package=com.Chillow.CustomRise installed=alarm,clipboard,restrictions,locale,connectivity,power,wifi,location,audio,vibrator_manager,usagestats,netstats,content,shortcut,mount,account,phone,device_policy,media.camera,telecom,media_router,media_session,appwidget skipped=
1788668811.258 10303 16434 16434 W Unique  : 2026-09-06 11:26:51.258 W PROCESS ALARM_EXACT_UNAVAILABLE detail=UNIQUE does not hold SCHEDULE_EXACT_ALARM; a guest asking for an exact alarm will get the platform's SecurityException
1788668811.261 10303 16434 16434 I Unique  : 2026-09-06 11:26:51.260 I HOOK SERVICE_HOOKED service=jobscheduler cache=true singletons=0 bound=jobById,scheduleJob,pendingJobs matched=jobById=cancel+getPendingJob+getPendingJobReason,scheduleJob=enqueue+schedule+scheduleAsPackage,pendingJobs=getAllPendingJobs+getAllPendingJobsInNamespace
1788668811.261 10303 16434 16434 I Unique  : 2026-09-06 11:26:51.261 I HOOK JOB_HOOKED package=com.Chillow.CustomRise slot=0 matched=jobById=cancel+getPendingJob+getPendingJobReason,scheduleJob=enqueue+schedule+scheduleAsPackage,pendingJobs=getAllPendingJobs+getAllPendingJobsInNamespace
1788668811.268 10303 16434 16434 I Unique  : 2026-09-06 11:26:51.267 I HOOK SERVICE_HOOKED service=notification cache=true singletons=1 bound=notificationIdentity,enqueue,channels matched=notificationIdentity=addAutomaticZenRule+areBubblesAllowed+areNotificationsEnabled+areNotificationsEnabledForPackage+buzzBeepBlinkForNotification+canNotifyAsPackage+canShowBadge+cancelAllNotifications+cancelNotificationFromListener+cancelToast+clearData+deleteNotificationHistoryItem+enqueueTextToast+enqueueToast+finishToken+getActiveNotifications+getActiveNotificationsWithAttribution+getAllowedAss
1788668811.269 10303 16434 16434 I Unique  : 2026-09-06 11:26:51.268 I HOOK NOTIFICATION_HOOKED package=com.Chillow.CustomRise vuid=0 matched=notificationIdentity=addAutomaticZenRule+areBubblesAllowed+areNotificationsEnabled+areNotificationsEnabledForPackage+buzzBeepBlinkForNotification+canNotifyAsPackage+canShowBadge+cancelAllNotifications+cancelNotificationFromListener+cancelToast+clearData+deleteNotificationHistoryItem+enqueueTextToast+enqueueToast+finishToken+getActiveNotifications+getActiveNotificationsWithAttribution+getAllowedAss
1788668811.275 10303 16434 16434 I Unique  : 2026-09-06 11:26:51.274 I PROCESS RECEIVERS_REGISTERED package=com.Chillow.CustomRise declared=1 registered=4 actions=androidx.profileinstaller.ProfileInstallReceiver#androidx.profileinstaller.action.INSTALL_PROFILE;androidx.profileinstaller.ProfileInstallReceiver#androidx.profileinstaller.action.SKIP_FILE;androidx.profileinstaller.ProfileInstallReceiver#androidx.profileinstaller.action.SAVE_PROFILE;androidx.profileinstaller.ProfileInstallReceiver#androidx.profileinstaller.action.BENCHMARK_OPERATION exported=1
1788668811.276 10303 16434 16434 I Unique  : 2026-09-06 11:26:51.275 I LAUNCH ACTIVITY_LIFECYCLE_INSTALLED package=com.Chillow.CustomRise
1788668811.282 10303 16434 16434 I Unique  : 2026-09-06 11:26:51.281 I STORAGE u0 com.Chillow.CustomRise EXTERNAL_VOLUME_REPOINTED path=/data/user/0/com.unique/files/virtual/users/0/sdcard fields=mPath,mInternalPath
1788668811.283 10303 16434 16466 E GoogleApiManager: java.lang.SecurityException: Unknown calling package name 'com.Chillow.CustomRise'.
1788668811.287 10303 16434 16467 E om.unique:vapp0: No package ID 6a found for resource ID 0x6a0b0013.
1788668811.299 10303 16434 16467 D Unique  : 2026-09-06 11:26:51.296 D PROCESS u0 com.Chillow.CustomRise PERMISSION_CHECK permission=android.permission.INTERNET result=GRANTED
1788668811.301 10303 16434 16467 D Unique  : 2026-09-06 11:26:51.300 D PROCESS u0 com.Chillow.CustomRise PERMISSION_CHECK permission=android.permission.ACCESS_NETWORK_STATE result=GRANTED
1788668813.423 10303 16434 16435 I om.unique:vapp0: Thread[2,tid=16435,WaitingInMainSignalCatcherLoop,Thread*=0xb400007cfb1146f0,peer=0x2572020,"Signal Catcher"]: reacting to signal 3
1788668813.468 10303 16434 16435 I om.unique:vapp0: Wrote stack traces to tombstoned
1788668815.419 10303 16434 16454 I Unique  : 2026-09-06 11:26:55.419 I LAUNCH u0 com.Chillow.CustomRise SIGNATURES_LOADED package=com.Chillow.CustomRise signers=1 hasSigningInfo=true
1788668815.424 10303 16434 16434 I UniqueNative: io_redirect installed: 11 slot(s) in 2/391 libraries (11 total), 8 rule(s), page size 4096
1788668815.424 10303 16434 16434 I UniqueNative: io_redirect: hooked 11 new slot(s) after loading /data/user/0/com.unique/files/virtual/apk/com.Chillow.CustomRise/1/lib/arm64-v8a/libp3miss.so (11 total)
1788668815.427 10303 16434 16434 I Unique  : 2026-09-06 11:26:55.427 I STORAGE u0 com.Chillow.CustomRise EXTERNAL_VOLUME_REPOINTED path=/data/user/0/com.unique/files/virtual/users/0/sdcard fields=mPath,mInternalPath
1788668815.428 10303 16434 16434 I UniqueNative: redirect table set: 8 rule(s)
1788668815.429 10303 16434 16434 I UniqueNative: io_redirect installed: 0 slot(s) in 2/391 libraries (11 total), 8 rule(s), page size 4096
1788668815.430 10303 16434 16434 I Unique  : 2026-09-06 11:26:55.429 I NATIVE u0 com.Chillow.CustomRise IO_REDIRECT_INSTALLED status=NOTHING_TO_HOOK watch=OK rules=8 slots=11 scope=/data/user/0/com.unique/files/virtual/apk/com.Chillow.CustomRise/1/lib/arm64-v8a,/data/data/com.unique/files/virtual/apk/com.Chillow.CustomRise/1/lib/arm64-v8a,/data/user/0/com.unique/files/virtual/ap
1788668815.431 10303 16434 16434 I Unique  : 2026-09-06 11:26:55.430 I LAUNCH u0 com.Chillow.CustomRise BOOTSTRAP_OK package=com.Chillow.CustomRise vuid=0 slot=0 applicationClass=cc.p3miss.App dataDir=/data/user/0/com.unique/files/virtual/users/0/data/com.Chillow.CustomRise sourceDir=/data/user/0/com.unique/files/virtual/apk/com.Chillow.CustomRise/1/base.apk nativeLibraryDir=/data/user/0/com.unique/files/virtual/apk/com.Chillow.CustomRise/1/lib/arm64-v8a targetSdk=36 observedPackageName=com.Chillow.CustomRise observedFilesDir=/data/user/0/com.unique/files/virtual/users/0/data/com.Chillow.CustomRise/files millis=4599
1788668815.433 10303 16434 16434 I Unique  : 2026-09-06 11:26:55.433 I LAUNCH u0 com.Chillow.CustomRise TRANSACTION_REWRITTEN package=com.Chillow.CustomRise activity=com.google.android.games.VkQualityTest.VkQualityTestActivity vuid=0 item=LaunchActivityItem theme=2131755285
1788668815.439 10303 14618 14626 I Unique  : 2026-09-06 11:26:55.437 I PROCESS PROVIDER_SLOT_READY slot=0 vuid=0 pid=16434
1788668815.450 10303 16434 16467 D Unique  : 2026-09-06 11:26:55.449 D PROCESS u0 com.Chillow.CustomRise SERVICE_INTENT_CROSS_APP action=com.google.android.gms.measurement.START target=com.google.android.gms
1788668815.450 10303 16434 16467 D Unique  : 2026-09-06 11:26:55.450 D PROCESS u0 com.Chillow.CustomRise SERVICE_CONNECTION_WRAPPED connection=m7.fy
1788668815.554 10303 16434 16434 I Unique  : 2026-09-06 11:26:55.553 I LAUNCH u0 com.Chillow.CustomRise ACTIVITY_ORIENTATION_APPLIED activity=com.google.android.games.VkQualityTest.VkQualityTestActivity orientation=11 applied=true
1788668815.558 10303 16434 16434 I UniqueNative: io_redirect installed: 1 slot(s) in 3/392 libraries (12 total), 8 rule(s), page size 4096
1788668815.558 10303 16434 16434 I UniqueNative: io_redirect: hooked 1 new slot(s) after loading /data/user/0/com.unique/files/virtual/apk/com.Chillow.CustomRise/1/lib/arm64-v8a/libvkquality.so (12 total)
1788668815.588 10303 16434 16434 W libc    : Access denied finding property "persist.vendor.camera.IsVariableApertureSupported"
1788668815.588 10303 16434 16434 W libc    : Access denied finding property "persist.vendor.camera.IsStreetModeSupported"
1788668815.609 10303 16434 16434 I UniqueNative: io_redirect installed: 0 slot(s) in 4/393 libraries (12 total), 8 rule(s), page size 4096
1788668815.799 10303 16434 16434 W libc    : Access denied finding property "ro.vendor.df.effect.conflict"
1788668815.828 10303 16434 16434 W libc    : Access denied finding property "ro.vendor.perf.scroll_opt"
1788668815.840 10303 16434 16503 W libc    : Access denied finding property "ro.vendor.display.iris_x7.support"
1788668815.867 10303 16434 16434 D Unique  : 2026-09-06 11:26:55.866 D LAUNCH u0 com.Chillow.CustomRise CALLBACK_ALIVE what=159 obj=android.app.servertransaction.ClientTransaction
1788668815.868 10303 16434 16434 D Unique  : 2026-09-06 11:26:55.867 D LAUNCH u0 com.Chillow.CustomRise NO_LAUNCH_ITEM transaction=android.app.servertransaction.ClientTransaction shape=CREATOR: mActivityCallbacks:[TopResumedActivityChangeItem] mActivityToken:BinderProxy mClient:null mLifecycleStateRequest:null mTransactionItems:[TopResumedActivityChangeItem] seen=2
1788668815.940 10303 16434 16435 I om.unique:vapp0: Thread[2,tid=16435,WaitingInMainSignalCatcherLoop,Thread*=0xb400007cfb1146f0,peer=0x2572020,"Signal Catcher"]: reacting to signal 3
1788668816.041 10303 16434 16523 E om.unique:vapp0: setpriority success to 100 : mali-cmar-backend
1788668816.062 10303 16434 16434 I Unique  : 2026-09-06 11:26:56.061 I STORAGE u0 com.Chillow.CustomRise EXTERNAL_VOLUME_REPOINTED path=/data/user/0/com.unique/files/virtual/users/0/sdcard fields=mPath,mInternalPath
1788668816.118 10303 16434 16503 D om.unique:vapp0: MiuiProcessManagerServiceStub setSchedFifo
1788668816.157 10303 16434 16503 W libc    : Access denied finding property "ro.vendor.display.iris_x7.support"
1788668816.215 10303 16434 16503 W libc    : Access denied finding property "ro.vendor.display.iris_x7.support"
1788668816.220 10303 16434 16434 D Unique  : 2026-09-06 11:26:56.220 D LAUNCH u0 com.Chillow.CustomRise CALLBACK_ALIVE what=149 obj=android.os.BinderProxy
1788668816.221 10303 16434 16434 D Unique  : 2026-09-06 11:26:56.221 D LAUNCH u0 com.Chillow.CustomRise NO_LAUNCH_ITEM transaction=android.app.servertransaction.ClientTransaction shape=CREATOR: mActivityCallbacks:[ConfigurationChangeItem] mActivityToken:null mClient:null mLifecycleStateRequest:null mTransactionItems:[ConfigurationChangeItem] seen=3
1788668816.223 10303 16434 16434 D Unique  : 2026-09-06 11:26:56.222 D LAUNCH u0 com.Chillow.CustomRise NO_LAUNCH_ITEM transaction=android.app.servertransaction.ClientTransaction shape=CREATOR: mActivityCallbacks:[ActivityConfigurationChangeItem] mActivityToken:BinderProxy mClient:null mLifecycleStateRequest:null mTransactionItems:[ActivityConfigurationChangeItem] seen=4
1788668816.258 10303 16434 16503 W libc    : Access denied finding property "ro.vendor.display.iris_x7.support"
1788668816.263 10303 16434 16434 D Unique  : 2026-09-06 11:26:56.262 D LAUNCH u0 com.Chillow.CustomRise NO_LAUNCH_ITEM transaction=android.app.servertransaction.ClientTransaction shape=CREATOR: mActivityCallbacks:[WindowStateInsetsControlChangeItem] mActivityToken:null mClient:null mLifecycleStateRequest:null mTransactionItems:[WindowStateInsetsControlChangeItem] seen=5
1788668816.265 10303 16434 16434 D Unique  : 2026-09-06 11:26:56.265 D LAUNCH u0 com.Chillow.CustomRise NO_LAUNCH_ITEM transaction=android.app.servertransaction.ClientTransaction shape=CREATOR: mActivityCallbacks:[WindowStateResizeItem] mActivityToken:null mClient:null mLifecycleStateRequest:null mTransactionItems:[WindowStateResizeItem] seen=6
1788668816.268 10303 16434 16434 D AndroidRuntime: Shutting down VM
1788668816.269 10303 16434 16434 E AndroidRuntime: FATAL EXCEPTION: main
1788668816.269 10303 16434 16434 E AndroidRuntime: Process: com.Chillow.CustomRise, PID: 16434
1788668816.269 10303 16434 16434 E AndroidRuntime: java.lang.SecurityException: Unknown calling package name 'com.Chillow.CustomRise'.
1788668816.269 10303 16434 16434 E AndroidRuntime: 	at android.os.Parcel.createExceptionOrNull(Parcel.java:3255)
1788668816.269 10303 16434 16434 E AndroidRuntime: 	at android.os.Parcel.createException(Parcel.java:3239)
1788668816.269 10303 16434 16434 E AndroidRuntime: 	at android.os.Parcel.readException(Parcel.java:3222)
1788668816.269 10303 16434 16434 E AndroidRuntime: 	at android.os.Parcel.readException(Parcel.java:3164)
1788668816.269 10303 16434 16434 E AndroidRuntime: 	at m7.es.m(:com.google.android.gms.dynamite_measurementdynamite@263234035@26.32.34 (260400-0):183)
1788668816.269 10303 16434 16434 E AndroidRuntime: 	at m7.ep.a(:com.google.android.gms.dynamite_measurementdynamite@263234035@26.32.34 (260400-0):14)
1788668816.269 10303 16434 16434 E AndroidRuntime: 	at m7.er.b(:com.google.android.gms.dynamite_measurementdynamite@263234035@26.32.34 (260400-0):7)
1788668816.269 10303 16434 16434 E AndroidRuntime: 	at m7.ei.c(:com.google.android.gms.dynamite_measurementdynamite@263234035@26.32.34 (260400-0):9)
1788668816.269 10303 16434 16434 E AndroidRuntime: 	at m7.el.handleMessage(:com.google.android.gms.dynamite_measurementdynamite@263234035@26.32.34 (260400-0):280)
1788668816.269 10303 16434 16434 E AndroidRuntime: 	at android.os.Handler.dispatchMessage(Handler.java:107)
1788668816.269 10303 16434 16434 E AndroidRuntime: 	at android.os.Looper.loopOnce(Looper.java:249)
1788668816.269 10303 16434 16434 E AndroidRuntime: 	at android.os.Looper.loop(Looper.java:337)
1788668816.269 10303 16434 16434 E AndroidRuntime: 	at android.app.ActivityThread.main(ActivityThread.java:9469)
1788668816.269 10303 16434 16434 E AndroidRuntime: 	at java.lang.reflect.Method.invoke(Native Method)
1788668816.269 10303 16434 16434 E AndroidRuntime: 	at com.android.internal.os.RuntimeInit$MethodAndArgsCaller.run(RuntimeInit.java:636)
1788668816.269 10303 16434 16434 E AndroidRuntime: 	at com.android.internal.os.ZygoteInit.main(ZygoteInit.java:1005)
1788668816.280 10303 16434 16434 E Unique  : 2026-09-06 11:26:56.269 E CRASH u0 com.Chillow.CustomRise UNCAUGHT_EXCEPTION thread=main component=com.unique:vapp0 reason=SecurityException: Unknown calling package name 'com.Chillow.CustomRise'.
1788668816.280 10303 16434 16434 E Unique  : java.lang.Error: FATAL EXCEPTION [main]
1788668816.280 10303 16434 16434 E Unique  : Unity version     : 2022.3.62f2
1788668816.280 10303 16434 16434 E Unique  : Device model      : Xiaomi 23030RAC7Y
1788668816.280 10303 16434 16434 E Unique  : Device fingerprint: Redmi/sea_ru/sea:15/AP3A.240905.015.A2/OS2.0.209.0.VHZRUXM:user/release-keys
1788668816.280 10303 16434 16434 E Unique  : CPU supported ABI : [arm64-v8a, armeabi-v7a, armeabi]
1788668816.280 10303 16434 16434 E Unique  : Build Type        : Release
1788668816.280 10303 16434 16434 E Unique  : Scripting Backend : IL2CPP
1788668816.280 10303 16434 16434 E Unique  : Libs loaded from  : lib/arm64-v8a
1788668816.280 10303 16434 16434 E Unique  : Strip Engine Code : true
1788668816.280 10303 16434 16434 E Unique  : Caused by: java.lang.SecurityException: Unknown calling package name 'com.Chillow.CustomRise'.
1788668816.280 10303 16434 16434 E Unique  : 	at android.os.Parcel.createExceptionOrNull(Parcel.java:3255)
1788668816.280 10303 16434 16434 E Unique  : 	at android.os.Parcel.createException(Parcel.java:3239)
1788668816.280 10303 16434 16434 E Unique  : 	at android.os.Parcel.readException(Parcel.java:3222)
1788668816.280 10303 16434 16434 E Unique  : 	at android.os.Parcel.readException(Parcel.java:3164)
1788668816.280 10303 16434 16434 E Unique  : 	at m7.es.m(:com.google.android.gms.dynamite_measurementdynamite@263234035@26.32.34 (260400-0):183)
1788668816.280 10303 16434 16434 E Unique  : 	at m7.ep.a(:com.google.android.gms.dynamite_measurementdynamite@263234035@26.32.34 (260400-0):14)
1788668816.280 10303 16434 16434 E Unique  : 	at m7.er.b(:com.google.android.gms.dynamite_measurementdynamite@263234035@26.32.34 (260400-0):7)
1788668816.280 10303 16434 16434 E Unique  : 	at m7.ei.c(:com.google.android.gms.dynamite_measurementdynamite@263234035@26.32.34 (260400-0):9)
1788668816.280 10303 16434 16434 E Unique  : 	at m7.el.handleMessage(:com.google.android.gms.dynamite_measurementdynamite@263234035@26.32.34 (260400-0):280)
1788668816.280 10303 16434 16434 E Unique  : 	at android.os.Handler.dispatchMessage(Handler.java:107)
1788668816.280 10303 16434 16434 E Unique  : 	at android.os.Looper.loopOnce(Looper.java:249)
1788668816.280 10303 16434 16434 E Unique  : 	at android.os.Looper.loop(Looper.java:337)
1788668816.280 10303 16434 16434 E Unique  : 	at android.app.ActivityThread.main(ActivityThread.java:9469)
1788668816.280 10303 16434 16434 E Unique  : 	at java.lang.reflect.Method.invoke(Native Method)
1788668816.280 10303 16434 16434 E Unique  : 	at com.android.internal.os.RuntimeInit$MethodAndArgsCaller.run(RuntimeInit.java:636)
1788668816.280 10303 16434 16434 E Unique  : 	at com.android.internal.os.ZygoteInit.main(ZygoteInit.java:1005)
1788668816.282 10303 14618 14626 I Unique  : 2026-09-06 11:26:56.282 I PROCESS DIAGNOSTICS_RECEIVED process=:vapp0 lines=1
1788668819.642 10303 14618 14950 I Unique  : 2026-09-06 11:26:59.641 I PROCESS PROCESS_RELEASED slot=:vapp0 reason=removed
1788668819.655 10303 14618 14941 I Unique  : 2026-09-06 11:26:59.654 I PROCESS BROADCAST_ROUTER_READY instances=0 actions=46 authorities=[redacted]
1788668821.971 10303 16563 16563 I om.unique:vapp0: Using generational CollectorTypeCMC GC.
1788668822.056 10303 16563 16563 D ActivityThread: setEmbeddedParam packageName=com.unique processName=com.unique:vapp0 isEmbedded=false isIsolated=false
1788668822.154 10303 16563 16563 I Unique  : 2026-09-06 11:27:02.144 I PROCESS PROCESS_START process=com.unique:vapp0 kind=VAPP sdk=35 abi=arm64-v8a,armeabi-v7a,armeabi
1788668822.156 10303 16563 16563 W om.unique:vapp0: Unsupported class loader: java.lang.Class<org.lsposed.hiddenapibypass.CoreOjClassLoader>
1788668822.245 10303 16563 16563 W om.unique:vapp0: Unsupported class loader: java.lang.Class<org.lsposed.hiddenapibypass.CoreOjClassLoader>
1788668822.245 10303 16563 16563 W om.unique:vapp0: Unsupported class loader: java.lang.Class<org.lsposed.hiddenapibypass.CoreOjClassLoader>
1788668822.253 10303 16563 16563 I Unique  : 2026-09-06 11:27:02.253 I HOOK HIDDEN_API_GRANTED via=HiddenApiBypass
1788668822.264 10303 16563 16563 I UniqueNative: libunique_native loaded (page size 4096)
1788668822.266 10303 16563 16563 I Unique  : 2026-09-06 11:27:02.265 I LAUNCH INTERCEPTOR_INSTALLED executeTransaction=159
1788668822.267 10303 16563 16563 I Unique  : 2026-09-06 11:27:02.266 I PROCESS VAPP_READY slot=0
1788668822.275 10303 16563 16563 I Unique  : 2026-09-06 11:27:02.274 I PROCESS STUB_PROVIDER_CREATED slot=0
1788668822.290 10303 16563 16563 D Unique  : 2026-09-06 11:27:02.289 D LAUNCH CALLBACK_ALIVE what=164 obj=java.lang.String
1788668822.292 10303 16563 16563 D Unique  : 2026-09-06 11:27:02.291 D LAUNCH CALLBACK_ALIVE what=114 obj=android.app.ActivityThread$CreateServiceData
1788668822.294 10303 16563 16563 D Unique  : 2026-09-06 11:27:02.293 D PROCESS CREATE_SERVICE_UNMAPPED stub=com.unique.stub.JobStub_p0
1788668822.298 10303 16563 16563 D Unique  : 2026-09-06 11:27:02.296 D LAUNCH CALLBACK_ALIVE what=121 obj=android.app.ActivityThread$BindServiceData
1788668822.398 10303 16563 16563 I Unique  : 2026-09-06 11:27:02.397 I PROCESS PROCESS_RENAMED argv0=nu.gpu.nagram
1788668822.915 10303 16563 16563 I Unique  : 2026-09-06 11:27:02.913 I PROCESS PROFILE_BOUND profile=4972c597-2c8c-4b55-b474-608ce9692921 androidId=477d366b62edbdf3 generation=1
1788668822.918 10303 16563 16563 I Unique  : 2026-09-06 11:27:02.916 I PROCESS BUILD_OVERRIDES_APPLIED applied=1 requested=1
1788668822.919 10303 16563 16563 I Unique  : 2026-09-06 11:27:02.918 I LAUNCH PROFILE_BOUND profileId=4972c597-2c8c-4b55-b474-608ce9692921 generation=1
1788668823.049 10303 16582 16582 I om.unique:vapp0: Using generational CollectorTypeCMC GC.
1788668823.082 10303 16582 16582 D ActivityThread: setEmbeddedParam packageName=com.unique processName=com.unique:vapp0 isEmbedded=false isIsolated=false
1788668823.115 10303 16582 16582 I Unique  : 2026-09-06 11:27:03.111 I PROCESS PROCESS_START process=com.unique:vapp0 kind=VAPP sdk=35 abi=arm64-v8a,armeabi-v7a,armeabi
1788668823.116 10303 16582 16582 W om.unique:vapp0: Unsupported class loader: java.lang.Class<org.lsposed.hiddenapibypass.CoreOjClassLoader>
1788668823.155 10303 16582 16582 W om.unique:vapp0: Unsupported class loader: java.lang.Class<org.lsposed.hiddenapibypass.CoreOjClassLoader>
1788668823.155 10303 16582 16582 W om.unique:vapp0: Unsupported class loader: java.lang.Class<org.lsposed.hiddenapibypass.CoreOjClassLoader>
1788668823.157 10303 16582 16582 I Unique  : 2026-09-06 11:27:03.157 I HOOK HIDDEN_API_GRANTED via=HiddenApiBypass
1788668823.159 10303 16582 16582 I UniqueNative: libunique_native loaded (page size 4096)
1788668823.161 10303 16582 16582 I Unique  : 2026-09-06 11:27:03.160 I LAUNCH INTERCEPTOR_INSTALLED executeTransaction=159
1788668823.161 10303 16582 16582 I Unique  : 2026-09-06 11:27:03.161 I PROCESS VAPP_READY slot=0
1788668823.163 10303 16582 16582 I Unique  : 2026-09-06 11:27:03.163 I PROCESS STUB_PROVIDER_CREATED slot=0
1788668823.168 10303 16582 16582 D Unique  : 2026-09-06 11:27:03.167 D LAUNCH CALLBACK_ALIVE what=164 obj=java.lang.String
1788668823.170 10303 16582 16582 D Unique  : 2026-09-06 11:27:03.169 D LAUNCH CALLBACK_ALIVE what=114 obj=android.app.ActivityThread$CreateServiceData
1788668823.171 10303 16582 16582 D Unique  : 2026-09-06 11:27:03.170 D PROCESS CREATE_SERVICE_UNMAPPED stub=com.unique.stub.JobStub_p0
1788668823.172 10303 16582 16582 D Unique  : 2026-09-06 11:27:03.171 D LAUNCH CALLBACK_ALIVE what=121 obj=android.app.ActivityThread$BindServiceData
1788668823.249 10303 16582 16582 I Unique  : 2026-09-06 11:27:03.247 I PROCESS PROCESS_RENAMED argv0=nu.gpu.nagram
1788668824.331 10303 16603 16603 I om.unique:vapp0: Using generational CollectorTypeCMC GC.
1788668824.418 10303 16603 16603 D ActivityThread: setEmbeddedParam packageName=com.unique processName=com.unique:vapp0 isEmbedded=false isIsolated=false
1788668824.528 10303 16603 16603 I Unique  : 2026-09-06 11:27:04.509 I PROCESS PROCESS_START process=com.unique:vapp0 kind=VAPP sdk=35 abi=arm64-v8a,armeabi-v7a,armeabi
1788668824.540 10303 16603 16603 W om.unique:vapp0: Unsupported class loader: java.lang.Class<org.lsposed.hiddenapibypass.CoreOjClassLoader>
1788668824.605 10303 16603 16603 W om.unique:vapp0: Unsupported class loader: java.lang.Class<org.lsposed.hiddenapibypass.CoreOjClassLoader>
1788668824.606 10303 16603 16603 W om.unique:vapp0: Unsupported class loader: java.lang.Class<org.lsposed.hiddenapibypass.CoreOjClassLoader>
1788668824.608 10303 16603 16603 I Unique  : 2026-09-06 11:27:04.608 I HOOK HIDDEN_API_GRANTED via=HiddenApiBypass
1788668824.611 10303 16603 16603 I UniqueNative: libunique_native loaded (page size 4096)
1788668824.614 10303 16603 16603 I Unique  : 2026-09-06 11:27:04.611 I LAUNCH INTERCEPTOR_INSTALLED executeTransaction=159
1788668824.616 10303 16603 16603 I Unique  : 2026-09-06 11:27:04.615 I PROCESS VAPP_READY slot=0
1788668824.619 10303 16603 16603 I Unique  : 2026-09-06 11:27:04.618 I PROCESS STUB_PROVIDER_CREATED slot=0
1788668824.630 10303 16603 16603 D Unique  : 2026-09-06 11:27:04.629 D LAUNCH CALLBACK_ALIVE what=164 obj=java.lang.String
1788668824.633 10303 16603 16603 D Unique  : 2026-09-06 11:27:04.632 D LAUNCH CALLBACK_ALIVE what=114 obj=android.app.ActivityThread$CreateServiceData
1788668824.635 10303 16603 16603 D Unique  : 2026-09-06 11:27:04.633 D PROCESS CREATE_SERVICE_UNMAPPED stub=com.unique.stub.JobStub_p0
1788668824.639 10303 16603 16603 D Unique  : 2026-09-06 11:27:04.637 D LAUNCH CALLBACK_ALIVE what=121 obj=android.app.ActivityThread$BindServiceData
1788668824.725 10303 16603 16603 I Unique  : 2026-09-06 11:27:04.721 I PROCESS PROCESS_RENAMED argv0=nu.gpu.nagram
1788668825.131 10303 16603 16603 I Unique  : 2026-09-06 11:27:05.130 I PROCESS PROFILE_BOUND profile=4972c597-2c8c-4b55-b474-608ce9692921 androidId=477d366b62edbdf3 generation=1
1788668825.134 10303 16603 16603 I Unique  : 2026-09-06 11:27:05.133 I PROCESS BUILD_OVERRIDES_APPLIED applied=1 requested=1
1788668825.135 10303 16603 16603 I Unique  : 2026-09-06 11:27:05.134 I LAUNCH PROFILE_BOUND profileId=4972c597-2c8c-4b55-b474-608ce9692921 generation=1
1788668825.147 10303 16603 16603 I Unique  : 2026-09-06 11:27:05.146 I PROCESS PERMISSION_CACHE_DISABLED disabled=disablePackageNamePermissionCache,disablePermissionCache,disableApplicationInfoCache,disablePackageInfoCache,disableGetPackagesForUidCache failed=android.app.ActivityManager: no disable*Cache()
1788668825.185 10303 16603 16603 I Unique  : 2026-09-06 11:27:05.183 I PROCESS PERMISSIONS_BOUND package=nu.gpu.nagram vuid=0 declared=69 restored=0 runtime=18 installTime=51 selfDefined=1
1788668825.205 10303 16603 16603 I Unique  : 2026-09-06 11:27:05.203 I HOOK SERVICE_HOOKED service=package cache=true singletons=1 bound=permissionCheck,getActivityInfo,applicationEnabledSetting,getApplicationInfo,componentEnabledSetting,installedPackages,getInstallerPackageName,getNameForUid,getPackageInfo,getPackagesForUid,getProviderInfo,getReceiverInfo,getServiceInfo,queryIntent,resolveContentProvider,resolveIntent matched=permissionCheck=checkPermission+checkUidPermission,getActivityInfo,applicationEnabledSetting=getApplicationEnabledSetting+setApplicationEnabledSetting,getApplicationInfo,componentEnabledSetting=getComponentEnabledSetting+setComponentEnabledSetting,installedPackages=getInstalledApplications+getInstalledPackages,getInstallerPackageName,getNameForUid,getPackageInfo,getPackagesForUid,getProviderInfo,g
1788668825.207 10303 16603 16603 I Unique  : 2026-09-06 11:27:05.206 I LAUNCH VPM_HOOK_INSTALLED package=nu.gpu.nagram bound=permissionCheck,getActivityInfo,applicationEnabledSetting,getApplicationInfo,componentEnabledSetting,installedPackages,getInstallerPackageName,getNameForUid,getPackageInfo,getPackagesForUid,getProviderInfo,getReceiverInfo,getServiceInfo,queryIntent,resolveContentProvider,resolveIntent
1788668825.239 10303 16603 16603 I Unique  : 2026-09-06 11:27:05.236 I HOOK SERVICE_HOOKED service=activity cache=true singletons=1 bound=serviceDispatch,callerIdentity,permissionCheck,getContentProvider,intentSender,runningProcesses,registerReceiver,foregroundService matched=serviceDispatch=bindService+bindServiceInstance+peekService+publishService+startService+stopService+unbindFinished,callerIdentity=broadcastIntent+broadcastIntentWithFeature+getBindingUidProcessState+getContentProviderExternal+getHistoricalProcessExitReasons+getHistoricalProcessStartReasons+getPackageProcessState+getTagForIntentSender+getUidLastIdleElapsedTime+getUidProcessCapabilities+getUidProces
1788668825.242 10303 16603 16603 I Unique  : 2026-09-06 11:27:05.239 I LAUNCH VAM_HOOK_INSTALLED package=nu.gpu.nagram host=com.unique methods=8 matched=serviceDispatch=bindService+bindServiceInstance+peekService+publishService+startService+stopService+unbindFinished,callerIdentity=broadcastIntent+broadcastIntentWithFeature+getBindingUidProcessState+getContentProviderExternal+getHistoricalProcessExitReasons+getHistoricalProcessStartReasons+getPackageProcessState+getTagForIntentSender+getUidLastIdleElapsedTime+getUidProcessCapabilities+getUidProcessState+grantUriPermission+isBackgroundRestricted+isUidActive+moveTaskToFront+revokeUriPermission+sendIntentSender+startActivity+startActivityAsUser+startActivityAsUserWithFeature+startActivityWithFeature,permissionCheck=checkPermission+checkPermissionForDevice,getContentProvider,intentSender=getIntentSender+getIntentSenderWithFeature,runningProcesses=getRunningAppProcesses+getServices,registerReceiver=registerReceiver+registerReceiverWithFeature,foregroundService=setServiceForeground
1788668825.251 10303 16603 16603 I Unique  : 2026-09-06 11:27:05.249 I HOOK SERVICE_HOOKED service=activity_task cache=true singletons=1 bound=activityStart matched=activityStart=startActivities+startActivity+startActivityAndWait+startActivityAsCaller+startActivityAsUser+startActivityFromGameSession+startActivityIntentSender+startActivityWithConfig
1788668825.253 10303 16603 16603 I Unique  : 2026-09-06 11:27:05.251 I LAUNCH ATM_HOOK_INSTALLED package=nu.gpu.nagram host=com.unique matched=activityStart=startActivities+startActivity+startActivityAndWait+startActivityAsCaller+startActivityAsUser+startActivityFromGameSession+startActivityIntentSender+startActivityWithConfig
1788668825.257 10303 16603 16603 I Unique  : 2026-09-06 11:27:05.255 I HOOK SERVICE_HOOKED service=permissionmgr cache=true singletons=1 bound=shouldShowRequestPermissionRationale matched=shouldShowRequestPermissionRationale
1788668825.258 10303 16603 16603 I Unique  : 2026-09-06 11:27:05.257 I HOOK PERMISSION_MANAGER_HOOKED matched=shouldShowRequestPermissionRationale
1788668825.264 10303 16603 16603 I Unique  : 2026-09-06 11:27:05.262 I HOOK SERVICE_HOOKED service=appops cache=true singletons=0 bound=appOpIdentity matched=appOpIdentity=checkAudioOperation+checkOperation+checkOperationForDevice+checkOperationRaw+checkOperationRawForDevice+checkPackage+collectNoteOpCallsForValidation+extractAsyncOps+finishOperation+finishOperationForDevice+getHistoricalOps+getHistoricalOpsFromDiskRaw+getOpsForPackage+getPackagesForOpsForDevice+isOperationActive+isProxying+noteOperation+noteOperationForDevice+noteProxyOperation+notePr
1788668825.266 10303 16603 16603 I Unique  : 2026-09-06 11:27:05.264 I HOOK APPOPS_HOOKED package=nu.gpu.nagram host=com.unique matched=appOpIdentity=checkAudioOperation+checkOperation+checkOperationForDevice+checkOperationRaw+checkOperationRawForDevice+checkPackage+collectNoteOpCallsForValidation+extractAsyncOps+finishOperation+finishOperationForDevice+getHistoricalOps+getHistoricalOpsFromDiskRaw+getOpsForPackage+getPackagesForOpsForDevice+isOperationActive+isProxying+noteOperation+noteOperationForDevice+noteProxyOperation+notePr
