1788688869.461  1000  1745  1855 E TransitionController: 	at com.android.server.wm.WindowSurfacePlacer.performSurfacePlacement(WindowSurfacePlacer.java:138)
1788688869.461  1000  1745  1855 E TransitionController: 	at com.android.server.wm.WindowSurfacePlacer.continueLayout(WindowSurfacePlacer.java:120)
1788688869.461  1000  1745  1855 E TransitionController: 	at com.android.server.wm.ActivityTaskManagerService.continueWindowLayout(ActivityTaskManagerService.java:5627)
1788688869.461  1000  1745  1855 E TransitionController: 	at com.android.server.wm.ActivityRecord.activityPaused(ActivityRecord.java:7811)
1788688873.344 10311   569   569 D ActivityThread: setEmbeddedParam packageName=com.unique processName=com.unique isEmbedded=false isIsolated=false
1788688873.368 10311   569   569 I ActivityThread: TrafficStats init done
1788688873.373 10311   569   569 D ActivityThread: useGrowthLimitOutExpendMethod invoke error.
1788688873.388 10311   569   569 I ActivityThread: Miui Feature Init done
1788688873.401 10311   569   569 I Unique  : 2026-09-06 17:01:13.394 I PROCESS PROCESS_START process=com.unique kind=CORE sdk=35 abi=arm64-v8a,armeabi-v7a,armeabi
1788688873.407 10311   569   569 I UniqueNative: libunique_native loaded (page size 4096)
1788688873.409 10311   569   569 I Unique  : 2026-09-06 17:01:13.407 I NATIVE NATIVE_LOADED pageSize=4096
1788688873.414 10311   569   617 W AsyncDrawableCache: can not found res: 2131230838, maybe dynamic res id.
1788688873.415 10311   569   569 I Unique  : 2026-09-06 17:01:13.414 I PROCESS PROVIDER_ROUTER_CREATED
1788688873.427 10311   569   569 I Unique  : 2026-09-06 17:01:13.427 I STORAGE SHARED_PROVIDER_CREATED
1788688873.454 10311   569   569 W libc    : Access denied finding property "ro.vendor.perf.scroll_opt"
1788688873.474 10311   569   569 I ActivityThread: HardwareRenderer preload  done
1788688873.488 10311   569   661 E com.unique: setpriority success to 100 : mali-cmar-backend
1788688873.542 10311   569   622 I Unique  : 2026-09-06 17:01:13.540 I PROCESS BROADCAST_ROUTES_REGISTERED package=com.a0soft.gphone.acc.free vuid=0 routes=26 actions=android.intent.action.MEDIA_MOUNTED,androidx.work.diagnostics.REQUEST_DIAGNOSTICS,androidx.profileinstaller.action.SKIP_FILE,android.intent.action.LOCALE_CHANGED,androidx.profileinstaller.action.BENCHMARK_OPERATION,com.a0soft.gphone.base.processphoenix.ActionCmd,com.a0soft.gphone.acc.widget.ActionRe
1788688873.545 10311   569   622 I Unique  : 2026-09-06 17:01:13.544 I PROCESS PROVIDER_ROUTES_REGISTERED package=com.a0soft.gphone.acc.free vuid=0 authorities=[redacted]
1788688873.566 10311   569   695 E com.unique: setpriority success to 100 : mali-cmar-backend
1788688873.581 10311   569   622 I Unique  : 2026-09-06 17:01:13.579 I PROCESS BROADCAST_ROUTES_REGISTERED package=com.axlebolt.standoff2 vuid=1 routes=12 actions=androidx.work.impl.background.systemalarm.UpdateProxies,android.intent.action.MEDIA_MOUNTED,androidx.profileinstaller.action.SKIP_FILE,com.facebook.sdk.ACTION_CURRENT_ACCESS_TOKEN_CHANGED,com.a0soft.gphone.acc.ActionClearAppCachesFinished,android.intent.action.MY_PACKAGE_SUSPENDED,androidx.profilein
1788688873.584 10311   569   622 I Unique  : 2026-09-06 17:01:13.582 I PROCESS PROVIDER_ROUTES_REGISTERED package=com.axlebolt.standoff2 vuid=1 authorities=[redacted]
1788688873.588 10311   569   622 I Unique  : 2026-09-06 17:01:13.585 I PROCESS BROADCAST_ROUTER_READY instances=2 actions=26 authorities=[redacted]
1788688873.764 10311   569   569 W libc    : Access denied finding property "persist.vendor.camera.IsVariableApertureSupported"
1788688873.764 10311   569   569 W libc    : Access denied finding property "persist.vendor.camera.IsStreetModeSupported"
1788688873.804 10311   569   569 W libc    : Access denied finding property "ro.vendor.df.effect.conflict"
1788688873.821 10311   569   635 W libc    : Access denied finding property "ro.vendor.display.iris_x7.support"
1788688873.851 10311   569   569 I Unique  : 2026-09-06 17:01:13.849 I PROCESS PROCESS_ASSIGNED slot=:vapp0 vuid=1 process=com.axlebolt.standoff2
1788688873.856 10311   569   569 I Unique  : 2026-09-06 17:01:13.855 I PROCESS BROADCAST_ROUTED_COLD action=android.net.conn.CONNECTIVITY_CHANGE package=com.axlebolt.standoff2 vuid=1 receiver=com.mbridge.msdk.foundation.same.broadcast.NetWorkChangeReceiver started=true
1788688873.899 10311   569   667 E com.unique: checkIfsupportxIntfps do not binder to joyose
1788688873.950 10311   698   698 D ActivityThread: setEmbeddedParam packageName=com.unique processName=com.unique:vapp0 isEmbedded=false isIsolated=false
1788688873.980 10311   698   698 I ActivityThread: TrafficStats init done
1788688873.986 10311   698   698 D ActivityThread: useGrowthLimitOutExpendMethod invoke error.
1788688874.005 10311   698   698 I ActivityThread: Miui Feature Init done
1788688874.007 10311   569   667 E LB      : fail to open file: No such file or directory
1788688874.007 10311   569   667 E LB      : fail to open node: No such file or directory
1788688874.007 10311   569   667 E LB      : fail to open node: No such file or directory
1788688874.007 10311   569   667 W libc    : Access denied finding property "ro.vendor.display.iris_x7.support"
1788688874.010 10311   569   648 W com.unique: Unsupported class loader: java.lang.Class<org.lsposed.hiddenapibypass.CoreOjClassLoader>
1788688874.022 10311   698   698 I Unique  : 2026-09-06 17:01:14.015 I PROCESS PROCESS_START process=com.unique:vapp0 kind=VAPP sdk=35 abi=arm64-v8a,armeabi-v7a,armeabi
1788688874.023 10311   698   698 W om.unique:vapp0: Unsupported class loader: java.lang.Class<org.lsposed.hiddenapibypass.CoreOjClassLoader>
1788688874.023 10311   569   635 W libc    : Access denied finding property "ro.vendor.display.iris_x7.support"
1788688874.064 10311   569   648 W com.unique: Unsupported class loader: java.lang.Class<org.lsposed.hiddenapibypass.CoreOjClassLoader>
1788688874.064 10311   569   648 W com.unique: Unsupported class loader: java.lang.Class<org.lsposed.hiddenapibypass.CoreOjClassLoader>
1788688874.066 10311   569   648 I Unique  : 2026-09-06 17:01:14.065 I HOOK HIDDEN_API_GRANTED via=HiddenApiBypass
1788688874.076 10311   698   698 W om.unique:vapp0: Unsupported class loader: java.lang.Class<org.lsposed.hiddenapibypass.CoreOjClassLoader>
1788688874.076 10311   698   698 W om.unique:vapp0: Unsupported class loader: java.lang.Class<org.lsposed.hiddenapibypass.CoreOjClassLoader>
1788688874.079 10311   698   698 I Unique  : 2026-09-06 17:01:14.078 I HOOK HIDDEN_API_GRANTED via=HiddenApiBypass
1788688874.081 10311   698   698 I UniqueNative: libunique_native loaded (page size 4096)
1788688874.082 10311   698   698 I Unique  : 2026-09-06 17:01:14.082 I LAUNCH INTERCEPTOR_INSTALLED executeTransaction=159
1788688874.083 10311   698   698 I Unique  : 2026-09-06 17:01:14.082 I PROCESS VAPP_READY slot=0
1788688874.085 10311   698   698 I Unique  : 2026-09-06 17:01:14.085 I PROCESS STUB_PROVIDER_CREATED slot=0
1788688874.093 10311   698   698 D Unique  : 2026-09-06 17:01:14.092 D LAUNCH CALLBACK_ALIVE what=164 obj=java.lang.String
1788688874.094 10311   698   698 D Unique  : 2026-09-06 17:01:14.094 D LAUNCH CALLBACK_ALIVE what=114 obj=android.app.ActivityThread$CreateServiceData
1788688874.096 10311   698   698 I Unique  : 2026-09-06 17:01:14.095 I PROCESS CREATE_SERVICE_COLD_BROADCAST stub=com.unique.stub.ServiceStub_p0_s6
1788688874.097 10311   698   698 D Unique  : 2026-09-06 17:01:14.097 D LAUNCH CALLBACK_ALIVE what=115 obj=android.app.ActivityThread$ServiceArgsData
1788688874.164 10311   698   698 I Unique  : 2026-09-06 17:01:14.163 I PROCESS PROCESS_RENAMED argv0=com.axlebolt.standoff2
1788688874.217 10311   569   621 W IconCustomizer: getCustomizedIconW 184
1788688874.233 10311   569   621 I Unique  : 2026-09-06 17:01:14.232 I STORAGE GUEST_INFO_RESOLVED package=com.a0soft.gphone.acc.free label=1Tap Cleaner icon=true
1788688874.245 10311   569   621 W PackageParsing: Ignoring duplicate uses-permissions/uses-permissions-sdk-m: android.permission.INTERNET in package: com.axlebolt.standoff2 at: Binary XML file line #21
1788688874.276 10311   569   621 I Unique  : 2026-09-06 17:01:14.275 I STORAGE GUEST_INFO_RESOLVED package=com.axlebolt.standoff2 label=Standoff 2 icon=true
1788688874.840 10311   698   698 I Unique  : 2026-09-06 17:01:14.838 I PROCESS PROFILE_BOUND profile=9ac021c7-0c32-4e9f-a913-4930500ba6d5 androidId=541cd167773d0b6a generation=1
1788688874.842 10311   698   698 I Unique  : 2026-09-06 17:01:14.841 I PROCESS BUILD_OVERRIDES_APPLIED applied=1 requested=1
1788688874.843 10311   698   698 I Unique  : 2026-09-06 17:01:14.842 I LAUNCH PROFILE_BOUND profileId=9ac021c7-0c32-4e9f-a913-4930500ba6d5 generation=1
1788688874.855 10311   698   698 I Unique  : 2026-09-06 17:01:14.853 I PROCESS PERMISSION_CACHE_DISABLED disabled=disablePackageNamePermissionCache,disablePermissionCache,disableApplicationInfoCache,disablePackageInfoCache,disableGetPackagesForUidCache failed=android.app.ActivityManager: no disable*Cache()
1788688874.865 10311   698   698 I Unique  : 2026-09-06 17:01:14.863 I PROCESS PERMISSIONS_BOUND package=com.axlebolt.standoff2 vuid=1 declared=28 restored=4 runtime=6 installTime=22 selfDefined=2
1788688874.892 10311   698   698 I Unique  : 2026-09-06 17:01:14.890 I HOOK SERVICE_HOOKED service=package cache=true singletons=1 managers=1 bound=permissionCheck,getActivityInfo,applicationEnabledSetting,getApplicationInfo,componentEnabledSetting,installedPackages,getInstallerPackageName,getNameForUid,getPackageUid,getPackageInfo,getPackagesForUid,getProviderInfo,getReceiverInfo,getServiceInfo,queryIntent,resolveContentProvider,resolveIntent matched=permissionCheck=checkPermission+checkUidPermission,getActivityInfo,applicationEnabledSetting=getApplicationEnabledSetting+setApplicationEnabledSetting,getApplicationInfo,componentEnabledSetting=getComponentEnabledSetting+setComponentEnabledSetting,installedPackages=getInstalledApplications+getInstalledPackages,getInstallerPackageName,getNameForUid,getPackageUid=getPackageGids+getPackageUid,getPack
1788688874.894 10311   698   698 I Unique  : 2026-09-06 17:01:14.893 I LAUNCH VPM_HOOK_INSTALLED package=com.axlebolt.standoff2 bound=permissionCheck,getActivityInfo,applicationEnabledSetting,getApplicationInfo,componentEnabledSetting,installedPackages,getInstallerPackageName,getNameForUid,getPackageUid,getPackageInfo,getPackagesForUid,getProviderInfo,getReceiverInfo,getServiceInfo,queryIntent,resolveContentProvider,resolveIntent
1788688874.925 10311   698   698 I Unique  : 2026-09-06 17:01:14.923 I HOOK SERVICE_HOOKED service=activity cache=true singletons=1 managers=0 bound=serviceDispatch,callerIdentity,permissionCheck,getContentProvider,intentSender,runningProcesses,registerReceiver,foregroundService matched=serviceDispatch=bindService+bindServiceInstance+peekService+publishService+startService+stopService+unbindFinished,callerIdentity=broadcastIntent+broadcastIntentWithFeature+getBindingUidProcessState+getContentProviderExternal+getHistoricalProcessExitReasons+getHistoricalProcessStartReasons+getPackageProcessState+getTagForIntentSender+getUidLastIdleElapsedTime+getUidProcessCapabilities+getUidProces
1788688874.928 10311   698   698 I Unique  : 2026-09-06 17:01:14.926 I LAUNCH VAM_HOOK_INSTALLED package=com.axlebolt.standoff2 host=com.unique methods=8 matched=serviceDispatch=bindService+bindServiceInstance+peekService+publishService+startService+stopService+unbindFinished,callerIdentity=broadcastIntent+broadcastIntentWithFeature+getBindingUidProcessState+getContentProviderExternal+getHistoricalProcessExitReasons+getHistoricalProcessStartReasons+getPackageProcessState+getTagForIntentSender+getUidLastIdleElapsedTime+getUidProcessCapabilities+getUidProcessState+grantUriPermission+isBackgroundRestricted+isUidActive+moveTaskToFront+revokeUriPermission+sendIntentSender+startActivity+startActivityAsUser+startActivityAsUserWithFeature+startActivityWithFeature,permissionCheck=checkPermission+checkPermissionForDevice,getContentProvider,intentSender=getIntentSender+getIntentSenderWithFeature,runningProcesses=getRunningAppProcesses+getServices,registerReceiver=registerReceiver+registerReceiverWithFeature,foregroundService=setServiceForeground
1788688874.937 10311   698   698 I Unique  : 2026-09-06 17:01:14.935 I HOOK SERVICE_HOOKED service=activity_task cache=true singletons=1 managers=0 bound=activityStart matched=activityStart=startActivities+startActivity+startActivityAndWait+startActivityAsCaller+startActivityAsUser+startActivityFromGameSession+startActivityIntentSender+startActivityWithConfig
1788688874.939 10311   698   698 I Unique  : 2026-09-06 17:01:14.938 I LAUNCH ATM_HOOK_INSTALLED package=com.axlebolt.standoff2 host=com.unique matched=activityStart=startActivities+startActivity+startActivityAndWait+startActivityAsCaller+startActivityAsUser+startActivityFromGameSession+startActivityIntentSender+startActivityWithConfig
1788688874.945 10311   698   698 I Unique  : 2026-09-06 17:01:14.943 I HOOK SERVICE_HOOKED service=permissionmgr cache=true singletons=1 managers=1 bound=shouldShowRequestPermissionRationale matched=shouldShowRequestPermissionRationale
1788688874.945 10311   698   698 I Unique  : 2026-09-06 17:01:14.945 I HOOK PERMISSION_MANAGER_HOOKED matched=shouldShowRequestPermissionRationale
1788688874.953 10311   698   698 I Unique  : 2026-09-06 17:01:14.951 I HOOK SERVICE_HOOKED service=appops cache=true singletons=0 managers=2 bound=appOpIdentity matched=appOpIdentity=checkAudioOperation+checkOperation+checkOperationForDevice+checkOperationRaw+checkOperationRawForDevice+checkPackage+collectNoteOpCallsForValidation+extractAsyncOps+finishOperation+finishOperationForDevice+getHistoricalOps+getHistoricalOpsFromDiskRaw+getOpsForPackage+getPackagesForOpsForDevice+isOperationActive+isProxying+noteOperation+noteOperationForDevice+noteProxyOperation+notePr
1788688874.955 10311   698   698 I Unique  : 2026-09-06 17:01:14.953 I HOOK APPOPS_HOOKED package=com.axlebolt.standoff2 host=com.unique matched=appOpIdentity=checkAudioOperation+checkOperation+checkOperationForDevice+checkOperationRaw+checkOperationRawForDevice+checkPackage+collectNoteOpCallsForValidation+extractAsyncOps+finishOperation+finishOperationForDevice+getHistoricalOps+getHistoricalOpsFromDiskRaw+getOpsForPackage+getPackagesForOpsForDevice+isOperationActive+isProxying+noteOperation+noteOperationForDevice+noteProxyOperation+notePr
1788688874.966 10311   698   698 I Unique  : 2026-09-06 17:01:14.965 I PROCESS SETTINGS_CACHES_PRIMED wrappedByHand=0 alreadyWrapped=3 empty=1
1788688874.968 10311   698   698 I Unique  : 2026-09-06 17:01:14.966 I PROCESS PROVIDER_CACHES_EVICTED activityThreadProviders=2 providerRefCounts=1 settingsCaches=4 settingsWrapped=3 hostSource=com.unique hostSourceUid=10311
1788688874.977 10311   698   698 I Unique  : 2026-09-06 17:01:14.975 I PROCESS NETWORK_SECURITY_INSTALLED package=com.axlebolt.standoff2 configRes=0 targetSdk=36
1788688874.978 10311   698   698 I UniqueNative: redirect table set: 8 rule(s)
1788688874.979 10311   698   698 I UniqueNative: io_redirect: 2 exclusion(s) set
1788688874.981 10311   698   698 I UniqueNative: io_redirect installed: 0 slot(s) in 0/389 libraries (0 excluded, 0 total), 8 rule(s), page size 4096
1788688874.981 10311   698   698 W UniqueNative: io_redirect: filter did not match: /data/user/0/com.unique/files/virtual/apk/com.axlebolt.standoff2/203908/lib/arm64-v8a
1788688874.981 10311   698   698 W UniqueNative: io_redirect: filter did not match: /data/data/com.unique/files/virtual/apk/com.axlebolt.standoff2/203908/lib/arm64-v8a
1788688874.981 10311   698   698 W UniqueNative: io_redirect: filter did not match: /data/user/0/com.unique/files/virtual/apk/com.axlebolt.standoff2/203908
1788688874.981 10311   698   698 W UniqueNative: io_redirect: filter did not match: /data/data/com.unique/files/virtual/apk/com.axlebolt.standoff2/203908
1788688874.981 10311   698   698 W UniqueNative: io_redirect: app-private library seen: /data/misc/apexdata/com.android.art/dalvik-cache/arm64/boot.oat
1788688874.981 10311   698   698 W UniqueNative: io_redirect: app-private library seen: /data/misc/apexdata/com.android.art/dalvik-cache/arm64/boot-framework-adservices.oat
1788688874.981 10311   698   698 W UniqueNative: io_redirect: app-private library seen: /data/app/~~y7ep4-P9YmXC_LQqOSb8ew==/com.unique-pXyfQ7uAIx9pkrh4UOgyMw==/oat/arm64/base.odex
1788688874.981 10311   698   698 W UniqueNative: io_redirect: app-private library seen: /data/app/~~y7ep4-P9YmXC_LQqOSb8ew==/com.unique-pXyfQ7uAIx9pkrh4UOgyMw==/base.apk!/lib/arm64-v8a/libunique_native.so
1788688874.983 10311   698   698 I UniqueNative: io_redirect: library-load watch installed (3 slot(s) in 2 libraries)
1788688874.983 10311   698   698 W UniqueNative: io_redirect: watch saw but did not match: /data/misc/apexdata/com.android.art/dalvik-cache/arm64/boot.oat
1788688874.983 10311   698   698 W UniqueNative: io_redirect: watch saw but did not match: /data/misc/apexdata/com.android.art/dalvik-cache/arm64/boot-framework-adservices.oat
1788688874.983 10311   698   698 W UniqueNative: io_redirect: watch saw but did not match: /data/app/~~y7ep4-P9YmXC_LQqOSb8ew==/com.unique-pXyfQ7uAIx9pkrh4UOgyMw==/oat/arm64/base.odex
1788688874.983 10311   698   698 W UniqueNative: io_redirect: watch saw but did not match: /data/app/~~y7ep4-P9YmXC_LQqOSb8ew==/com.unique-pXyfQ7uAIx9pkrh4UOgyMw==/base.apk!/lib/arm64-v8a/libunique_native.so
1788688874.986 10311   698   698 I Unique  : 2026-09-06 17:01:14.983 I NATIVE IO_REDIRECT_INSTALLED status=NOTHING_TO_HOOK watch=OK rules=8 slots=0 scope=/data/user/0/com.unique/files/virtual/apk/com.axlebolt.standoff2/203908/lib/arm64-v8a,/data/data/com.unique/files/virtual/apk/com.axlebolt.standoff2/203908/lib/arm64-v8a,/data/user/0/com.unique/files/ excluded=libgrave.so,libunique_native.so
1788688874.987 10311   698   698 I Unique  : 2026-09-06 17:01:14.986 I WEBVIEW WEBVIEW_DATA_DIR_SUFFIX suffix=vapp0 slot=0
1788688874.989 10311   698   698 I UniqueNative: crash: recording 6 signal(s) to /data/user/0/com.unique/files/virtual/runtime/diagnostics/1/com.axlebolt.standoff2/native-crash-698.properties
1788688874.990 10311   698   698 I Unique  : 2026-09-06 17:01:14.989 I NATIVE NATIVE_CRASH_HANDLER status=OK file=/data/user/0/com.unique/files/virtual/runtime/diagnostics/1/com.axlebolt.standoff2/native-crash-698.properties
1788688874.993 10311   698   698 I Unique  : 2026-09-06 17:01:14.992 I PROCESS COMPONENT_STATE_RESTORED package=com.axlebolt.standoff2 vuid=1 entries=1
1788688874.995 10311   698   698 I Unique  : 2026-09-06 17:01:14.994 I STORAGE EXTERNAL_STORAGE_REDIRECTED package=com.axlebolt.standoff2 vuid=1 root=/data/user/0/com.unique/files/virtual/users/1/sdcard
1788688875.001 10311   698   698 I Unique  : 2026-09-06 17:01:14.999 I HOOK SERVICE_HOOKED service=alarm cache=true singletons=0 managers=0 bound=callerPackage matched=callerPackage=canScheduleExactAlarms+cancelPoweroffAlarm+hasScheduleExactAlarm+removeAll+set+setTimeZone
1788688875.002 10311   698   698 I Unique  : 2026-09-06 17:01:15.001 I HOOK IDENTITY_HOOK_INSTALLED service=alarm package=com.axlebolt.standoff2 matched=callerPackage=canScheduleExactAlarms+cancelPoweroffAlarm+hasScheduleExactAlarm+removeAll+set+setTimeZone
1788688875.009 10311   569   569 W MirrorManager: this model don't Support
1788688875.010 10311   698   698 I Unique  : 2026-09-06 17:01:15.007 I HOOK SERVICE_HOOKED service=clipboard cache=true singletons=0 managers=0 bound=callerPackage matched=callerPackage=addPrimaryClipChangedListener+clearPrimaryClip+getPrimaryClip+getPrimaryClipDescription+getPrimaryClipSource+getUserPrimaryClip+hasClipboardText+hasPrimaryClip+removePrimaryClipChangedListener+setPrimaryClip+setPrimaryClipAsPackage
1788688875.012 10311   698   698 I Unique  : 2026-09-06 17:01:15.010 I HOOK IDENTITY_HOOK_INSTALLED service=clipboard package=com.axlebolt.standoff2 matched=callerPackage=addPrimaryClipChangedListener+clearPrimaryClip+getPrimaryClip+getPrimaryClipDescription+getPrimaryClipSource+getUserPrimaryClip+hasClipboardText+hasPrimaryClip+removePrimaryClipChangedListener+setPrimaryClip+setPrimaryClipAsPackage
1788688875.019 10311   698   698 I Unique  : 2026-09-06 17:01:15.016 I HOOK SERVICE_HOOKED service=restrictions cache=true singletons=0 managers=0 bound=callerPackage matched=callerPackage=getApplicationRestrictions+getApplicationRestrictionsPerAdminForUser+notifyPermissionResponse+requestPermission
1788688875.020 10311   698   698 I Unique  : 2026-09-06 17:01:15.019 I HOOK IDENTITY_HOOK_INSTALLED service=restrictions package=com.axlebolt.standoff2 matched=callerPackage=getApplicationRestrictions+getApplicationRestrictionsPerAdminForUser+notifyPermissionResponse+requestPermission
1788688875.026 10311   698   698 I Unique  : 2026-09-06 17:01:15.023 I HOOK SERVICE_HOOKED service=locale cache=true singletons=0 managers=0 bound=callerPackage,setApplicationLocales matched=callerPackage=getApplicationLocales+getOverrideLocaleConfig+setOverrideLocaleConfig,setApplicationLocales
1788688875.028 10311   698   698 I Unique  : 2026-09-06 17:01:15.026 I HOOK IDENTITY_HOOK_INSTALLED service=locale package=com.axlebolt.standoff2 matched=callerPackage=getApplicationLocales+getOverrideLocaleConfig+setOverrideLocaleConfig,setApplicationLocales
1788688875.035 10311   698   698 I Unique  : 2026-09-06 17:01:15.033 I HOOK SERVICE_HOOKED service=connectivity cache=true singletons=0 managers=0 bound=callerPackage matched=callerPackage=getDefaultNetworkCapabilitiesForUser+getLastTetherError+getNetworkCapabilities+getRedactedLinkPropertiesForPackage+getRedactedNetworkCapabilitiesForPackage+isConnectivityServiceFeatureEnabledForTesting+listenForNetwork+pendingListenForNetwork+pendingRequestForNetwork+registerConnectivityDiagnosticsCallback+registerNetworkProvider+requestNetwork+requestRouteToHostAddress+setProvisioni
1788688875.037 10311   698   698 I Unique  : 2026-09-06 17:01:15.036 I HOOK IDENTITY_HOOK_INSTALLED service=connectivity package=com.axlebolt.standoff2 matched=callerPackage=getDefaultNetworkCapabilitiesForUser+getLastTetherError+getNetworkCapabilities+getRedactedLinkPropertiesForPackage+getRedactedNetworkCapabilitiesForPackage+isConnectivityServiceFeatureEnabledForTesting+listenForNetwork+pendingListenForNetwork+pendingRequestForNetwork+registerConnectivi
1788688875.044 10311   698   698 I Unique  : 2026-09-06 17:01:15.041 I HOOK SERVICE_HOOKED service=power cache=true singletons=0 managers=0 bound=callerPackage matched=callerPackage=acquireWakeLock+acquireWakeLockAsync+acquireWakeLockWithUid+crash+isAmbientDisplaySuppressedForToken+isAmbientDisplaySuppressedForTokenByApp+isFeatureAllowedInLowPowerStandby+reboot+shutdown+suppressAmbientDisplay+updateWakeLockWorkSource+wakeUp
1788688875.046 10311   698   698 I Unique  : 2026-09-06 17:01:15.044 I HOOK IDENTITY_HOOK_INSTALLED service=power package=com.axlebolt.standoff2 matched=callerPackage=acquireWakeLock+acquireWakeLockAsync+acquireWakeLockWithUid+crash+isAmbientDisplaySuppressedForToken+isAmbientDisplaySuppressedForTokenByApp+isFeatureAllowedInLowPowerStandby+reboot+shutdown+suppressAmbientDisplay+updateWakeLockWorkSource+wakeUp
1788688875.067 10311   698   698 I Unique  : 2026-09-06 17:01:15.061 I HOOK SERVICE_HOOKED service=wifi cache=true singletons=0 managers=0 bound=callerPackage matched=callerPackage=acquireMulticastLock+acquireWifiLock+addLocalOnlyConnectionStatusListener+addNetworkSuggestions+addOrUpdateNetwork+addOrUpdateNetworkPrivileged+addOrUpdatePasspointConfiguration+addQosPolicies+addSuggestionUserApprovalStatusListener+allowAutojoinGlobal+allowAutojoinPasspoint+connect+disableEphemeralNetwork+disableNetwork+disconnect+enableNetwork+enableTdls+enableTdlsWithMacAddress+en
1788688875.069 10311   698   698 I Unique  : 2026-09-06 17:01:15.067 I HOOK IDENTITY_HOOK_INSTALLED service=wifi package=com.axlebolt.standoff2 matched=callerPackage=acquireMulticastLock+acquireWifiLock+addLocalOnlyConnectionStatusListener+addNetworkSuggestions+addOrUpdateNetwork+addOrUpdateNetworkPrivileged+addOrUpdatePasspointConfiguration+addQosPolicies+addSuggestionUserApprovalStatusListener+allowAutojoinGlobal+allowAutojoinPasspoint+connect+di
1788688875.077 10311   698   698 I Unique  : 2026-09-06 17:01:15.074 I HOOK SERVICE_HOOKED service=location cache=true singletons=0 managers=0 bound=callerPackage matched=callerPackage=addGnssAntennaInfoListener+addGnssMeasurementsListener+addGnssNavigationMessageListener+addTestProvider+getCurrentLocation+getLastLocation+getProviderPackages+getProviderProperties+hasProvider+isProviderEnabledForUser+isProviderPackage+registerGnssNmeaCallback+registerGnssStatusCallback+registerLocationListener+registerLocationPendingIntent+removeTestProvider+requestGeofence+requestL
1788688875.079 10311   698   698 I Unique  : 2026-09-06 17:01:15.077 I HOOK IDENTITY_HOOK_INSTALLED service=location package=com.axlebolt.standoff2 matched=callerPackage=addGnssAntennaInfoListener+addGnssMeasurementsListener+addGnssNavigationMessageListener+addTestProvider+getCurrentLocation+getLastLocation+getProviderPackages+getProviderProperties+hasProvider+isProviderEnabledForUser+isProviderPackage+registerGnssNmeaCallback+registerGnssStatusCallbac
1788688875.102 10311   698   698 I Unique  : 2026-09-06 17:01:15.098 I HOOK SERVICE_HOOKED service=audio cache=true singletons=0 managers=0 bound=callerPackage matched=callerPackage=abandonAudioFocus+abandonAudioFocusForTest+adjustStreamVolume+adjustStreamVolumeForUid+adjustStreamVolumeWithAttribution+adjustSuggestedStreamVolumeForUid+adjustVolumeGroupVolume+cacheParameters+disableSafeMediaVolume+getBluetoothAudioDeviceCategory+getBluetoothAudioDeviceCategory_legacy+getCacheParameters+getDeviceVolume+getNotificationUri+getPlayerVolume+handleVolumeKey+isBluetooth
1788688875.105 10311   698   730 W PackageParsing: Ignoring duplicate uses-permissions/uses-permissions-sdk-m: android.permission.INTERNET in package: com.axlebolt.standoff2 at: Binary XML file line #21
1788688875.106 10311   698   698 I Unique  : 2026-09-06 17:01:15.103 I HOOK IDENTITY_HOOK_INSTALLED service=audio package=com.axlebolt.standoff2 matched=callerPackage=abandonAudioFocus+abandonAudioFocusForTest+adjustStreamVolume+adjustStreamVolumeForUid+adjustStreamVolumeWithAttribution+adjustSuggestedStreamVolumeForUid+adjustVolumeGroupVolume+cacheParameters+disableSafeMediaVolume+getBluetoothAudioDeviceCategory+getBluetoothAudioDeviceCategory_lega
1788688875.113 10311   698   698 I Unique  : 2026-09-06 17:01:15.111 I HOOK SERVICE_HOOKED service=vibrator_manager cache=true singletons=0 managers=0 bound=callerPackage matched=callerPackage=performHapticFeedback+setAlwaysOnEffect+vibrate
1788688875.116 10311   698   698 I Unique  : 2026-09-06 17:01:15.113 I HOOK IDENTITY_HOOK_INSTALLED service=vibrator_manager package=com.axlebolt.standoff2 matched=callerPackage=performHapticFeedback+setAlwaysOnEffect+vibrate
1788688875.125 10311   698   698 I Unique  : 2026-09-06 17:01:15.122 I HOOK SERVICE_HOOKED service=usagestats cache=true singletons=0 managers=0 bound=callerPackage matched=callerPackage=clearBroadcastEvents+clearBroadcastResponseStats+getAppMinStandbyBucket+getAppStandbyBucket+getAppStandbyBuckets+getAppStandbyConstant+getLastTimeAnyComponentUsed+isAppInactive+isPackageExemptedFromBroadcastResponseStats+queryBroadcastResponseStats+queryConfigurationStats+queryEventStats+queryEvents+queryEventsForPackage+queryEventsForPackageForUser+queryEventsForUser+queryEventsWith
1788688875.128 10311   698   698 I Unique  : 2026-09-06 17:01:15.126 I HOOK IDENTITY_HOOK_INSTALLED service=usagestats package=com.axlebolt.standoff2 matched=callerPackage=clearBroadcastEvents+clearBroadcastResponseStats+getAppMinStandbyBucket+getAppStandbyBucket+getAppStandbyBuckets+getAppStandbyConstant+getLastTimeAnyComponentUsed+isAppInactive+isPackageExemptedFromBroadcastResponseStats+queryBroadcastResponseStats+queryConfigurationStats+queryEventSta
1788688875.134 10311   698   698 I Unique  : 2026-09-06 17:01:15.131 I HOOK SERVICE_HOOKED service=netstats cache=true singletons=0 managers=0 bound=callerPackage matched=callerPackage=getIfaceStats+notifyNetworkStatus+openSessionForUsageStats+registerNetworkStatsProvider+registerUsageCallback+setStatsProviderWarningAndLimitAsync
1788688875.136 10311   698   698 I Unique  : 2026-09-06 17:01:15.134 I HOOK IDENTITY_HOOK_INSTALLED service=netstats package=com.axlebolt.standoff2 matched=callerPackage=getIfaceStats+notifyNetworkStatus+openSessionForUsageStats+registerNetworkStatsProvider+registerUsageCallback+setStatsProviderWarningAndLimitAsync
1788688875.143 10311   698   698 I Unique  : 2026-09-06 17:01:15.140 I HOOK SERVICE_HOOKED service=content cache=true singletons=0 managers=0 bound=callerPackage matched=callerPackage=addPeriodicSync+cancelSync+cancelSyncAsUser+getCache+getIsSyncable+getIsSyncableAsUser+getPeriodicSyncs+getSyncAdapterPackageAsUser+getSyncAdapterPackagesForAuthorityAsUser+getSyncAutomatically+getSyncAutomaticallyAsUser+getSyncStatus+getSyncStatusAsUser+isSyncActive+isSyncPending+isSyncPendingAsUser+notifyChange+onDbCorruption+putCache+removePeriodicSync+requestSync+setIsSyncable+se
1788688875.145 10311   698   698 I Unique  : 2026-09-06 17:01:15.144 I HOOK IDENTITY_HOOK_INSTALLED service=content package=com.axlebolt.standoff2 matched=callerPackage=addPeriodicSync+cancelSync+cancelSyncAsUser+getCache+getIsSyncable+getIsSyncableAsUser+getPeriodicSyncs+getSyncAdapterPackageAsUser+getSyncAdapterPackagesForAuthorityAsUser+getSyncAutomatically+getSyncAutomaticallyAsUser+getSyncStatus+getSyncStatusAsUser+isSyncActive+isSyncPending+isSy
1788688875.156 10311   698   698 I Unique  : 2026-09-06 17:01:15.150 I HOOK SERVICE_HOOKED service=shortcut cache=true singletons=0 managers=0 bound=shortcutPublish,callerPackage matched=shortcutPublish=addDynamicShortcuts+createShortcutResultIntent+pushDynamicShortcut+requestPinShortcut+setDynamicShortcuts+updateShortcuts,callerPackage=disableShortcuts+enableShortcuts+getIconMaxDimensions+getMaxShortcutCountPerActivity+getRateLimitResetTime+getRemainingCallCount+getShareTargets+getShortcuts+hasShareTargets+onApplicationActive+removeAllDynamicShortcuts+removeDynamicShortcuts+remov
1788688875.159 10311   698   698 I Unique  : 2026-09-06 17:01:15.157 I HOOK IDENTITY_HOOK_INSTALLED service=shortcut package=com.axlebolt.standoff2 matched=shortcutPublish=addDynamicShortcuts+createShortcutResultIntent+pushDynamicShortcut+requestPinShortcut+setDynamicShortcuts+updateShortcuts,callerPackage=disableShortcuts+enableShortcuts+getIconMaxDimensions+getMaxShortcutCountPerActivity+getRateLimitResetTime+getRemainingCallCount+getShareTargets+get
1788688875.171 10311   698   698 I Unique  : 2026-09-06 17:01:15.167 I HOOK SERVICE_HOOKED service=mount cache=true singletons=0 managers=0 bound=callerPackage,volumeList matched=callerPackage=abortChanges+allocateBytes+benchmark+destroyUserStorage+disableAppDataIsolation+fixupAppDir+fixupAppDirRecursive+fixupSysfsFile+forgetVolume+format+getAllocatableBytes+getCacheQuotaBytes+getCacheSizeBytes+getExternalStorageMountMode+getManageSpaceActivityIntent+getMountedObbPath+isAppIoBlocked+isObbMounted+mkdirs+mount+mountObb+moveStorageQuickly+notifyAppIoBlocked+notifyAppIoResumed
1788688875.174 10311   698   698 I Unique  : 2026-09-06 17:01:15.172 I HOOK IDENTITY_HOOK_INSTALLED service=mount package=com.axlebolt.standoff2 matched=callerPackage=abortChanges+allocateBytes+benchmark+destroyUserStorage+disableAppDataIsolation+fixupAppDir+fixupAppDirRecursive+fixupSysfsFile+forgetVolume+format+getAllocatableBytes+getCacheQuotaBytes+getCacheSizeBytes+getExternalStorageMountMode+getManageSpaceActivityIntent+getMountedObbPath+isAppI
1788688875.183 10311   698   698 I Unique  : 2026-09-06 17:01:15.179 I HOOK SERVICE_HOOKED service=account cache=true singletons=0 managers=0 bound=callerPackage matched=callerPackage=addAccount+addAccountAsUser+addAccountExplicitly+addAccountExplicitlyWithVisibility+addSharedAccountsFromParentUser+createRequestAccountAccessIntentSenderAsUser+editProperties+getAccountByTypeAndFeatures+getAccountVisibility+getAccountsAndVisibilityForPackage+getAccountsAsUser+getAccountsByFeatures+getAccountsByTypeForPackage+getAccountsForPackage+getAuthToken+getAuthTokenLabel+getUs
1788688875.188 10311   698   698 I Unique  : 2026-09-06 17:01:15.184 I HOOK IDENTITY_HOOK_INSTALLED service=account package=com.axlebolt.standoff2 matched=callerPackage=addAccount+addAccountAsUser+addAccountExplicitly+addAccountExplicitlyWithVisibility+addSharedAccountsFromParentUser+createRequestAccountAccessIntentSenderAsUser+editProperties+getAccountByTypeAndFeatures+getAccountVisibility+getAccountsAndVisibilityForPackage+getAccountsAsUser+getAccou
1788688875.213 10311   698   698 I Unique  : 2026-09-06 17:01:15.210 I HOOK SERVICE_HOOKED service=phone cache=true singletons=0 managers=0 bound=callerPackage matched=callerPackage=call+canChangeDtmfToneLength+changeIccLockPassword+checkCarrierPrivilegesForPackage+checkCarrierPrivilegesForPackageAnyPhone+clearSignalStrengthUpdateRequest+deprovisionSatelliteService+dial+disableDataConnectivity+disableVisualVoicemailSmsFilter+doesSwitchMultiSimConfigTriggerReboot+enableDataConnectivity+enableVisualVoicemailSmsFilter+enqueueSmsPickResult+factoryReset+getAllCellInf
1788688875.219 10311   698   698 I Unique  : 2026-09-06 17:01:15.214 I HOOK IDENTITY_HOOK_INSTALLED service=phone package=com.axlebolt.standoff2 matched=callerPackage=call+canChangeDtmfToneLength+changeIccLockPassword+checkCarrierPrivilegesForPackage+checkCarrierPrivilegesForPackageAnyPhone+clearSignalStrengthUpdateRequest+deprovisionSatelliteService+dial+disableDataConnectivity+disableVisualVoicemailSmsFilter+doesSwitchMultiSimConfigTriggerReboot+e
1788688875.248 10311   698   698 I Unique  : 2026-09-06 17:01:15.243 I HOOK SERVICE_HOOKED service=device_policy cache=true singletons=0 managers=0 bound=callerPackage matched=callerPackage=addCrossProfileIntentFilter+addCrossProfileWidgetProvider+addPersistentPreferredActivity+approveCaCert+checkDeviceIdentifierAccess+checkProvisioningPrecondition+choosePrivateKeyAlias+clearApplicationUserData+clearCrossProfileIntentFilters+clearDeviceOwner+clearPackagePersistentPreferredActivities+clearResetPasswordToken+createAdminSupportIntent+createAndManageUser+createAndProvisionM
1788688875.250 10311   698   698 I Unique  : 2026-09-06 17:01:15.248 I HOOK IDENTITY_HOOK_INSTALLED service=device_policy package=com.axlebolt.standoff2 matched=callerPackage=addCrossProfileIntentFilter+addCrossProfileWidgetProvider+addPersistentPreferredActivity+approveCaCert+checkDeviceIdentifierAccess+checkProvisioningPrecondition+choosePrivateKeyAlias+clearApplicationUserData+clearCrossProfileIntentFilters+clearDeviceOwner+clearPackagePersistentPreferre
1788688875.264 10311   698   698 I Unique  : 2026-09-06 17:01:15.261 I HOOK SERVICE_HOOKED service=media.camera cache=true singletons=0 managers=0 bound=callerPackage matched=callerPackage=connect+connectDevice+createDefaultRequest+getCameraCharacteristics+getSessionCharacteristics+getTorchStrengthLevel+injectCamera+injectSessionParams+isHiddenPhysicalCamera+isSessionConfigurationWithParametersSupported+setTorchMode+supportsCameraApi+turnOnTorchWithStrengthLevel
1788688875.266 10311   698   698 I Unique  : 2026-09-06 17:01:15.264 I HOOK IDENTITY_HOOK_INSTALLED service=media.camera package=com.axlebolt.standoff2 matched=callerPackage=connect+connectDevice+createDefaultRequest+getCameraCharacteristics+getSessionCharacteristics+getTorchStrengthLevel+injectCamera+injectSessionParams+isHiddenPhysicalCamera+isSessionConfigurationWithParametersSupported+setTorchMode+supportsCameraApi+turnOnTorchWithStrengthLevel
1788688875.278 10311   698   698 I Unique  : 2026-09-06 17:01:15.274 I HOOK SERVICE_HOOKED service=telecom cache=true singletons=0 managers=0 bound=callerPackage matched=callerPackage=acceptHandover+acceptRingingCall+acceptRingingCallWithVideoState+addCall+addNewIncomingCall+addNewIncomingConference+addOrRemoveTestCallCompanionApp+cancelMissedCallsNotification+clearAccounts+createLaunchEmergencyDialerIntent+createManageBlockedNumbersIntent+endCall+getAdnUriForPhoneAccount+getCallCapablePhoneAccounts+getCallStateUsingPackage+getCurrentTtyMode+getDefaultDialerPackag
1788688875.283 10311   698   698 I Unique  : 2026-09-06 17:01:15.280 I HOOK IDENTITY_HOOK_INSTALLED service=telecom package=com.axlebolt.standoff2 matched=callerPackage=acceptHandover+acceptRingingCall+acceptRingingCallWithVideoState+addCall+addNewIncomingCall+addNewIncomingConference+addOrRemoveTestCallCompanionApp+cancelMissedCallsNotification+clearAccounts+createLaunchEmergencyDialerIntent+createManageBlockedNumbersIntent+endCall+getAdnUriForPhoneA
1788688875.294 10311   698   698 I Unique  : 2026-09-06 17:01:15.288 I HOOK SERVICE_HOOKED service=media_router cache=true singletons=0 managers=0 bound=callerPackage matched=callerPackage=deselectRouteWithManager+deselectRouteWithRouter2+getSystemRoutes+getSystemSessionInfoForPackage+registerClientAsUser+registerClientGroupId+registerManager+registerProxyRouter+registerRouter2+releaseSessionWithManager+releaseSessionWithRouter2+requestCreateSessionWithManager+requestSetVolume+requestUpdateVolume+selectRouteWithManager+selectRouteWithRouter2+setSelectedRoute+setSession
1788688875.296 10311   698   698 I Unique  : 2026-09-06 17:01:15.294 I HOOK IDENTITY_HOOK_INSTALLED service=media_router package=com.axlebolt.standoff2 matched=callerPackage=deselectRouteWithManager+deselectRouteWithRouter2+getSystemRoutes+getSystemSessionInfoForPackage+registerClientAsUser+registerClientGroupId+registerManager+registerProxyRouter+registerRouter2+releaseSessionWithManager+releaseSessionWithRouter2+requestCreateSessionWithManager+requestSet
1788688875.304 10311   698   698 I Unique  : 2026-09-06 17:01:15.301 I HOOK SERVICE_HOOKED service=media_session cache=true singletons=0 managers=0 bound=callerPackage matched=callerPackage=addOnMediaKeyEventSessionChangedListener+createSession+dispatchAdjustVolume+dispatchMediaKeyEvent+dispatchMediaKeyEventToSessionAsSystemService+dispatchVolumeKeyEvent+dispatchVolumeKeyEventToSessionAsSystemService+getMediaKeyEventSession+getMediaKeyEventSessionPackageName+hasCustomMediaKeyDispatcher+hasCustomMediaSessionPolicyProvider+isTrusted+setCustomMediaKeyDispatcher+setCustomMe
1788688875.308 10311   698   698 I Unique  : 2026-09-06 17:01:15.304 I HOOK IDENTITY_HOOK_INSTALLED service=media_session package=com.axlebolt.standoff2 matched=callerPackage=addOnMediaKeyEventSessionChangedListener+createSession+dispatchAdjustVolume+dispatchMediaKeyEvent+dispatchMediaKeyEventToSessionAsSystemService+dispatchVolumeKeyEvent+dispatchVolumeKeyEventToSessionAsSystemService+getMediaKeyEventSession+getMediaKeyEventSessionPackageName+hasCustomMedi
1788688875.316 10311   698   698 I Unique  : 2026-09-06 17:01:15.313 I HOOK SERVICE_HOOKED service=appwidget cache=true singletons=0 managers=0 bound=callerPackage,appWidgetIdentity matched=callerPackage=allocateAppWidgetId+bindRemoteViewsService+createAppWidgetConfigIntentSender+deleteAppWidgetId+deleteHost+getAppWidgetIdsForHost+getAppWidgetInfo+getAppWidgetOfHost+getAppWidgetOptions+getAppWidgetViews+getInstalledProvidersForProfile+hasBindAppWidgetPermission+isBoundWidgetPackage+noteAppWidgetTapped+notifyAppWidgetViewDataChanged+partiallyUpdateAppWidgetIds+setAppWidgetHidden+setBi
1788688875.320 10311   698   698 I Unique  : 2026-09-06 17:01:15.316 I HOOK IDENTITY_HOOK_INSTALLED service=appwidget package=com.axlebolt.standoff2 matched=callerPackage=allocateAppWidgetId+bindRemoteViewsService+createAppWidgetConfigIntentSender+deleteAppWidgetId+deleteHost+getAppWidgetIdsForHost+getAppWidgetInfo+getAppWidgetOfHost+getAppWidgetOptions+getAppWidgetViews+getInstalledProvidersForProfile+hasBindAppWidgetPermission+isBoundWidgetPackage+not
1788688875.327 10311   698   698 I Unique  : 2026-09-06 17:01:15.324 I HOOK SERVICE_HOOKED service=input_method cache=true singletons=1 managers=0 bound=callerPackage,editorIdentity matched=callerPackage=acceptStylusHandwritingDelegation+acceptStylusHandwritingDelegationAsync+getEnabledInputMethodSubtypeList+prepareStylusHandwritingDelegation+setAdditionalInputMethodSubtypes+setExplicitlyEnabledInputMethodSubtypes+startConnectionlessStylusHandwriting+startProtoDump,editorIdentity=startInputOrWindowGainedFocus+startInputOrWindowGainedFocusAsync
1788688875.330 10311   698   698 I Unique  : 2026-09-06 17:01:15.327 I HOOK IDENTITY_HOOK_INSTALLED service=input_method package=com.axlebolt.standoff2 matched=callerPackage=acceptStylusHandwritingDelegation+acceptStylusHandwritingDelegationAsync+getEnabledInputMethodSubtypeList+prepareStylusHandwritingDelegation+setAdditionalInputMethodSubtypes+setExplicitlyEnabledInputMethodSubtypes+startConnectionlessStylusHandwriting+startProtoDump,editorIdentity=start
1788688875.331 10311   698   698 I Unique  : 2026-09-06 17:01:15.330 I HOOK IDENTITY_HOOKS_INSTALLED package=com.axlebolt.standoff2 installed=alarm,clipboard,restrictions,locale,connectivity,power,wifi,location,audio,vibrator_manager,usagestats,netstats,content,shortcut,mount,account,phone,device_policy,media.camera,telecom,media_router,media_session,appwidget,input_method skipped=
1788688875.335 10311   698   698 W Unique  : 2026-09-06 17:01:15.333 W PROCESS ALARM_EXACT_UNAVAILABLE detail=UNIQUE does not hold SCHEDULE_EXACT_ALARM; a guest asking for an exact alarm will get the platform's SecurityException
1788688875.343 10311   698   698 I Unique  : 2026-09-06 17:01:15.341 I HOOK SERVICE_HOOKED service=jobscheduler cache=true singletons=0 managers=0 bound=jobById,scheduleJob,pendingJobs matched=jobById=cancel+getPendingJob+getPendingJobReason,scheduleJob=enqueue+schedule+scheduleAsPackage,pendingJobs=getAllPendingJobs+getAllPendingJobsInNamespace
1788688875.345 10311   698   698 I Unique  : 2026-09-06 17:01:15.344 I HOOK JOB_HOOKED package=com.axlebolt.standoff2 slot=0 matched=jobById=cancel+getPendingJob+getPendingJobReason,scheduleJob=enqueue+schedule+scheduleAsPackage,pendingJobs=getAllPendingJobs+getAllPendingJobsInNamespace
1788688875.368 10311   698   698 I Unique  : 2026-09-06 17:01:15.365 I HOOK SERVICE_HOOKED service=notification cache=true singletons=1 managers=0 bound=notificationIdentity,enqueue,channels matched=notificationIdentity=addAutomaticZenRule+areBubblesAllowed+areNotificationsEnabled+areNotificationsEnabledForPackage+buzzBeepBlinkForNotification+canNotifyAsPackage+canShowBadge+cancelAllNotifications+cancelNotificationFromListener+cancelToast+clearData+deleteNotificationHistoryItem+enqueueTextToast+enqueueToast+finishToken+getActiveNotifications+getActiveNotificationsWithAttribution+getAllowedAss
1788688875.370 10311   698   698 I Unique  : 2026-09-06 17:01:15.368 I HOOK NOTIFICATION_HOOKED package=com.axlebolt.standoff2 vuid=1 matched=notificationIdentity=addAutomaticZenRule+areBubblesAllowed+areNotificationsEnabled+areNotificationsEnabledForPackage+buzzBeepBlinkForNotification+canNotifyAsPackage+canShowBadge+cancelAllNotifications+cancelNotificationFromListener+cancelToast+clearData+deleteNotificationHistoryItem+enqueueTextToast+enqueueToast+finishToken+getActiveNotifications+getActiveNotificationsWithAttribution+getAllowedAss
1788688875.401 10311   698   698 I Unique  : 2026-09-06 17:01:15.398 I PROCESS RECEIVERS_REGISTERED package=com.axlebolt.standoff2 declared=9 registered=12 actions=com.adjust.sdk.AdjustPreinstallReferrerReceiver#com.attribution.SYSTEM_INSTALLER_REFERRER;com.adjust.sdk.AdjustReferrerReceiver#com.android.vending.INSTALL_REFERRER;com.facebook.CurrentAccessTokenExpirationBroadcastReceiver#com.facebook.sdk.ACTION_CURRENT_ACCESS_TOKEN_CHANGED;com.facebook.AuthenticationTokenManager$CurrentAuthenticationTokenChangedBroadcastReceiver#com.facebook.sdk.ACTION_CURRENT_ exported=6
1788688875.403 10311   698   698 I Unique  : 2026-09-06 17:01:15.402 I LAUNCH ACTIVITY_LIFECYCLE_INSTALLED package=com.axlebolt.standoff2
1788688875.422 10311   698   698 D Unique  : 2026-09-06 17:01:15.420 D PROCESS PERMISSION_CHECK permission=android.permission.INTERNET result=GRANTED
1788688875.433 10311   698   698 W com.facebook.UserSettingsManager: You haven't set a value for AdvertiserIDCollectionEnabled. Set the flag to TRUE if you want to collect Advertiser ID for better advertising and analytics results. To request user consent before collecting data, set the flag value to FALSE, then change to TRUE once user consent is received. Learn more: https://developers.facebook.com/docs/app-events/getting-started-app-events-android#disable-auto-events.
1788688875.459 10311   698   893 W com.facebook.internal.NativeProtocol: Apps that target Android API 30+ (Android 11+) cannot call Facebook native apps unless the package visibility needs are declared. Please follow https://developers.facebook.com/docs/android/troubleshooting/#faq_267321845055988 to make the declaration.
1788688875.508 10311   698   933 I Unique  : 2026-09-06 17:01:15.506 I LAUNCH GOOGLE_STACK_HIDDEN package=com.google.android.gms detail=Play services refuses a virtual app's identity and kills it from a Handler; reported absent so the SDK takes its own unavailable path
1788688875.511 10311   698   933 W GooglePlayServicesUtil: com.axlebolt.standoff2 requires Google Play services, but they are missing.
1788688875.517 10311   698   933 W GooglePlayServicesUtil: com.axlebolt.standoff2 requires Google Play services, but they are missing.
1788688875.531 10311   698   933 W AnalyticsUserIDStore: initStore should have been called before calling setUserID
1788688875.542 10311   698   730 I Unique  : 2026-09-06 17:01:15.526 I LAUNCH SIGNATURES_LOADED package=com.axlebolt.standoff2 signers=1 hasSigningInfo=true
1788688875.545 10311   698   861 W GooglePlayServicesUtil: com.axlebolt.standoff2 requires Google Play services, but they are missing.
1788688875.550 10311   698   861 W GooglePlayServicesUtil: com.axlebolt.standoff2 requires Google Play services, but they are missing.
1788688875.552 10311   698   933 I Unique  : 2026-09-06 17:01:15.548 I STORAGE EXTERNAL_VOLUME_REPOINTED path=/data/user/0/com.unique/files/virtual/users/1/sdcard fields=mPath,mInternalPath
1788688875.557 10311   698   933 I Unique  : 2026-09-06 17:01:15.554 I STORAGE EXTERNAL_VOLUME_REPOINTED path=/data/user/0/com.unique/files/virtual/users/1/sdcard fields=mPath,mInternalPath
1788688875.561 10311   698   933 I Unique  : 2026-09-06 17:01:15.559 I STORAGE EXTERNAL_VOLUME_REPOINTED path=/data/user/0/com.unique/files/virtual/users/1/sdcard fields=mPath,mInternalPath
1788688875.565 10311   698   933 I Unique  : 2026-09-06 17:01:15.563 I STORAGE EXTERNAL_VOLUME_REPOINTED path=/data/user/0/com.unique/files/virtual/users/1/sdcard fields=mPath,mInternalPath
1788688875.567 10311   698   933 I Unique  : 2026-09-06 17:01:15.566 I STORAGE EXTERNAL_VOLUME_REPOINTED path=/data/user/0/com.unique/files/virtual/users/1/sdcard fields=mPath,mInternalPath
1788688875.570 10311   698   933 I Unique  : 2026-09-06 17:01:15.569 I STORAGE EXTERNAL_VOLUME_REPOINTED path=/data/user/0/com.unique/files/virtual/users/1/sdcard fields=mPath,mInternalPath
1788688875.571 10311   698   698 I UniqueNative: io_redirect installed: 0 slot(s) in 1/390 libraries (0 excluded, 0 total), 8 rule(s), page size 4096
1788688875.602 10311   698  1013 W GooglePlayServicesUtil: com.axlebolt.standoff2 requires Google Play services, but they are missing.
1788688875.604 10311   698  1013 E DynamiteModule: Invalid GmsCore APK, remote loading disabled.
1788688875.605 10311   698  1013 I DynamiteModule: Considering local module com.google.android.gms.measurement.dynamite:155 and remote module com.google.android.gms.measurement.dynamite:0
1788688875.607 10311   698  1013 I DynamiteModule: Selected local version of com.google.android.gms.measurement.dynamite
1788688875.609 10311   698  1013 E DynamiteModule: Invalid GmsCore APK, remote loading disabled.
1788688875.650 10311   698  1015 I FA      : App measurement initialized, version: 133005
1788688875.651 10311   698  1015 I FA      : To enable debug logging run: adb shell setprop log.tag.FA VERBOSE
1788688875.652 10311   698  1015 I FA      : To enable faster debug mode event logging run:
1788688875.652 10311   698  1015 I FA      :   adb shell setprop debug.firebase.analytics.app com.axlebolt.standoff2
1788688875.664 10311   698  1015 D Unique  : 2026-09-06 17:01:15.660 D PROCESS PERMISSION_CHECK permission=android.permission.INTERNET result=GRANTED
1788688875.668 10311   698  1015 D Unique  : 2026-09-06 17:01:15.666 D PROCESS PERMISSION_CHECK permission=android.permission.ACCESS_NETWORK_STATE result=GRANTED
1788688875.681 10311   698   698 I UniqueNative: io_redirect installed: 0 slot(s) in 2/391 libraries (0 excluded, 0 total), 8 rule(s), page size 4096
1788688875.716 10311   698  1048 W Metadata: Failed to find package android.content.pm.PackageManager$NameNotFoundException: com.google.android.gms
1788688875.718 10311   698  1048 W Metadata: Failed to find package android.content.pm.PackageManager$NameNotFoundException: com.google.android.gms
1788688875.777 10311   698  1015 W GooglePlayServicesUtil: com.axlebolt.standoff2 requires Google Play services, but they are missing.
1788688875.811 10311   698  1015 D Unique  : 2026-09-06 17:01:15.804 D PROCESS SERVICE_CONNECTION_WRAPPED connection=com.google.android.gms.measurement.internal.lb
1788688875.813 10311   698  1015 E FA      : Task exception on worker thread: java.lang.SecurityException: Not allowed to bind to service Intent { act=com.google.android.gms.measurement.START cmp=com.axlebolt.standoff2/com.google.android.gms.measurement.AppMeasurementService }: com.google.android.gms.measurement.internal.lb.d(SourceFile:68)
1788688875.823 10311   698  1099 W GooglePlayServicesUtil: com.axlebolt.standoff2 requires Google Play services, but they are missing.
1788688875.827 10311   698  1099 E AppLovinSdk: [DataCollector] Could not collect Google Advertising ID - this will negatively impact your eCPMs! Please integrate the Google Play Services SDK into your application. More info can be found online at http://developer.android.com/google/play-services/setup.html. If you're sure you've integrated the SDK and are still seeing this message, you may need to add a ProGuard exception: -keep public class com.google.android.gms.** { public protected *; }
1788688875.827 10311   698  1099 E AppLovinSdk: java.io.IOException: Google Play services not available
1788688875.827 10311   698  1099 E AppLovinSdk: 	at com.google.android.gms.ads.identifier.AdvertisingIdClient.zzb(SourceFile:51)
1788688875.827 10311   698  1099 E AppLovinSdk: 	at com.google.android.gms.ads.identifier.AdvertisingIdClient.getAdvertisingIdInfo(SourceFile:16)
1788688875.827 10311   698  1099 E AppLovinSdk: 	at com.applovin.impl.v.collectGoogleAdvertisingInfo(SourceFile:19)
1788688875.827 10311   698  1099 E AppLovinSdk: 	at com.applovin.impl.v.c(SourceFile:1)
1788688875.827 10311   698  1099 E AppLovinSdk: 	at com.applovin.impl.v.a(SourceFile:9)
1788688875.827 10311   698  1099 E AppLovinSdk: 	at com.applovin.impl.v.b(SourceFile:1)
1788688875.827 10311   698  1099 E AppLovinSdk: 	at com.applovin.impl.i1.b(SourceFile:1)
1788688875.827 10311   698  1099 E AppLovinSdk: 	at com.applovin.impl.i1.c(SourceFile:1)
1788688875.827 10311   698  1099 E AppLovinSdk: 	at com.applovin.impl.ya.run(SourceFile:1)
1788688875.827 10311   698  1099 E AppLovinSdk: 	at java.lang.Thread.run(Thread.java:1572)
1788688875.828 10311   698   698 I Unique  : 2026-09-06 17:01:15.826 I PROCESS PROVIDERS_PUBLISHED package=com.axlebolt.standoff2 process=com.axlebolt.standoff2 declared=21 authorities=[redacted]
1788688875.834 10311   698  1099 E AppLovinSdk: [DataCollector] Unable to determine if Fire OS limited ad tracking is turned on
1788688875.834 10311   698  1099 E AppLovinSdk: android.provider.Settings$SettingNotFoundException: limit_ad_tracking
1788688875.834 10311   698  1099 E AppLovinSdk: 	at android.provider.Settings.parseIntSetting(Settings.java:3975)
1788688875.834 10311   698  1099 E AppLovinSdk: 	at android.provider.Settings.-$$Nest$smparseIntSetting(Settings.java:0)
1788688875.834 10311   698  1099 E AppLovinSdk: 	at android.provider.Settings$Secure.getIntForUser(Settings.java:7212)
1788688875.834 10311   698  1099 E AppLovinSdk: 	at android.provider.Settings$Secure.getInt(Settings.java:7205)
1788688875.834 10311   698  1099 E AppLovinSdk: 	at com.applovin.impl.v.collectFireOSAdvertisingInfo(SourceFile:32)
1788688875.834 10311   698  1099 E AppLovinSdk: 	at com.applovin.impl.v.c(SourceFile:7)
1788688875.834 10311   698  1099 E AppLovinSdk: 	at com.applovin.impl.v.a(SourceFile:9)
1788688875.834 10311   698  1099 E AppLovinSdk: 	at com.applovin.impl.v.b(SourceFile:1)
1788688875.834 10311   698  1099 E AppLovinSdk: 	at com.applovin.impl.i1.b(SourceFile:1)
1788688875.834 10311   698  1099 E AppLovinSdk: 	at com.applovin.impl.i1.c(SourceFile:1)
1788688875.834 10311   698  1099 E AppLovinSdk: 	at com.applovin.impl.ya.run(SourceFile:1)
1788688875.834 10311   698  1099 E AppLovinSdk: 	at java.lang.Thread.run(Thread.java:1572)
1788688875.835 10311   698   698 I UniqueNative: redirect table set: 8 rule(s)
1788688875.835 10311   698   698 I UniqueNative: io_redirect: 2 exclusion(s) set
1788688875.836 10311   698   698 I UniqueNative: io_redirect installed: 0 slot(s) in 2/391 libraries (0 excluded, 0 total), 8 rule(s), page size 4096
1788688875.838 10311   698   698 I Unique  : 2026-09-06 17:01:15.837 I NATIVE u1 com.axlebolt.standoff2 IO_REDIRECT_INSTALLED status=NOTHING_TO_HOOK watch=OK rules=8 slots=0 scope=/data/user/0/com.unique/files/virtual/apk/com.axlebolt.standoff2/203908/lib/arm64-v8a,/data/data/com.unique/files/virtual/apk/com.axlebolt.standoff2/203908/lib/arm64-v8a,/data/user/0/com.unique/files/ excluded=libgrave.so,libunique_native.so
1788688875.846 10311   698   698 I Unique  : 2026-09-06 17:01:15.839 I LAUNCH u1 com.axlebolt.standoff2 BOOTSTRAP_OK package=com.axlebolt.standoff2 vuid=1 slot=0 applicationClass=android.app.Application dataDir=/data/user/0/com.unique/files/virtual/users/1/data/com.axlebolt.standoff2 sourceDir=/data/user/0/com.unique/files/virtual/apk/com.axlebolt.standoff2/203908/base.apk nativeLibraryDir=/data/user/0/com.unique/files/virtual/apk/com.axlebolt.standoff2/203908/lib/arm64-v8a targetSdk=36 observedPackageName=com.axlebolt.standoff2 observedFilesDir=/data/user/0/com.unique/files/virtual/users/1/data/com.axlebolt.standoff2/files millis=1740
1788688875.850 10311   698   698 I Unique  : 2026-09-06 17:01:15.849 I PROCESS u1 com.axlebolt.standoff2 BROADCAST_DELIVERED receiver=com.mbridge.msdk.foundation.same.broadcast.NetWorkChangeReceiver action=android.net.conn.CONNECTIVITY_CHANGE
1788688875.852 10311   698   698 I Unique  : 2026-09-06 17:01:15.850 I PROCESS u1 com.axlebolt.standoff2 COLD_BROADCAST_DELIVERED package=com.axlebolt.standoff2 vuid=1 receiver=com.mbridge.msdk.foundation.same.broadcast.NetWorkChangeReceiver action=android.net.conn.CONNECTIVITY_CHANGE delivered=true
1788688875.854 10311   698  1118 W GooglePlayServicesUtil: com.axlebolt.standoff2 requires Google Play services, but they are missing.
1788688875.856 10311   698  1118 E GooglePlayServicesUtil: GooglePlayServices not available due to error 1
1788688875.858 10311   569   598 I Unique  : 2026-09-06 17:01:15.857 I PROCESS PROVIDER_SLOT_READY slot=0 vuid=1 pid=698
1788688875.862 10311   569   598 I Unique  : 2026-09-06 17:01:15.861 I PROCESS COLD_BROADCAST_ACKNOWLEDGED vuid=1 receiver=com.mbridge.msdk.foundation.same.broadcast.NetWorkChangeReceiver action=android.net.conn.CONNECTIVITY_CHANGE wasPending=true
1788688875.867 10311   698  1099 W GooglePlayServicesUtil: com.axlebolt.standoff2 requires Google Play services, but they are missing.
1788688875.868 10311   698   698 W libc    : Access denied finding property "ro.vendor.perf.scroll_opt"
1788688875.913 10311   698   698 I Unique  : 2026-09-06 17:01:15.912 I PROCESS u1 com.axlebolt.standoff2 BROADCAST_DELIVERED receiver=com.mbridge.msdk.foundation.same.broadcast.NetWorkChangeReceiver action=android.net.conn.CONNECTIVITY_CHANGE
1788688875.936 10311   698   698 D Unique  : 2026-09-06 17:01:15.934 D LAUNCH u1 com.axlebolt.standoff2 CALLBACK_ALIVE what=116 obj=android.os.BinderProxy
1788688875.942 10311   698  1110 D Unique  : 2026-09-06 17:01:15.911 D PROCESS u1 com.axlebolt.standoff2 SERVICE_INTENT_CROSS_APP action=com.google.android.gms.games.internal.appshortcuts.service.START target=com.google.android.gms
1788688875.945 10311   698  1110 D Unique  : 2026-09-06 17:01:15.944 D PROCESS u1 com.axlebolt.standoff2 SERVICE_CONNECTION_WRAPPED connection=com.google.android.gms.common.internal.j1
1788688875.959 10311   698  1110 W GooglePlayServicesUtil: com.axlebolt.standoff2 requires Google Play services, but they are missing.
1788688875.960 10311   698  1110 W GoogleApiManager: The service for com.google.android.gms.internal.appset.zzd is not available: ConnectionResult{statusCode=SERVICE_MISSING, resolution=null, message=null, clientMethodKey=null}
1788688875.986 10311   698  1110 E GoogleApiManager: Failed to get service from broker.
1788688875.986 10311   698  1110 E GoogleApiManager: java.lang.SecurityException: Unknown calling package name 'com.axlebolt.standoff2'.
1788688875.986 10311   698  1110 E GoogleApiManager: 	at android.os.Parcel.createExceptionOrNull(Parcel.java:3255)
1788688875.986 10311   698  1110 E GoogleApiManager: 	at android.os.Parcel.createException(Parcel.java:3239)
1788688875.986 10311   698  1110 E GoogleApiManager: 	at android.os.Parcel.readException(Parcel.java:3222)
1788688875.986 10311   698  1110 E GoogleApiManager: 	at android.os.Parcel.readException(Parcel.java:3164)
1788688875.986 10311   698  1110 E GoogleApiManager: 	at com.google.android.gms.common.internal.q0.r(SourceFile:48)
1788688875.986 10311   698  1110 E GoogleApiManager: 	at com.google.android.gms.common.internal.e.getRemoteService(SourceFile:183)
1788688875.986 10311   698  1110 E GoogleApiManager: 	at com.google.android.gms.common.api.internal.zabm.run(SourceFile:57)
1788688875.986 10311   698  1110 E GoogleApiManager: 	at android.os.Handler.handleCallback(Handler.java:959)
1788688875.986 10311   698  1110 E GoogleApiManager: 	at android.os.Handler.dispatchMessage(Handler.java:100)
1788688875.986 10311   698  1110 E GoogleApiManager: 	at android.os.Looper.loopOnce(Looper.java:249)
1788688875.986 10311   698  1110 E GoogleApiManager: 	at android.os.Looper.loop(Looper.java:337)
1788688875.986 10311   698  1110 E GoogleApiManager: 	at android.os.HandlerThread.run(HandlerThread.java:85)
1788688876.056 10311   569   648 I Unique  : 2026-09-06 17:01:16.055 I PROCESS SLOT_PROCESS_STOPPED slot=:vapp0 pids=698 reason=removed
1788688876.057 10311   569   648 I Unique  : 2026-09-06 17:01:16.056 I PROCESS PROCESS_RELEASED slot=:vapp0 reason=removed
1788688876.062 10311   569   569 W WindowOnBackDispatcher: sendCancelIfRunning: isInProgress=false callback=io.flutter.embedding.android.FlutterActivity$1@db90b4b
1788688876.111 10311   569   728 I Unique  : 2026-09-06 17:01:16.110 I PROCESS BROADCAST_ROUTES_REGISTERED package=com.a0soft.gphone.acc.free vuid=0 routes=26 actions=androidx.work.impl.background.systemalarm.UpdateProxies,android.intent.action.MEDIA_MOUNTED,androidx.profileinstaller.action.SKIP_FILE,com.facebook.sdk.ACTION_CURRENT_ACCESS_TOKEN_CHANGED,com.a0soft.gphone.acc.ActionClearAppCachesFinished,android.intent.action.MY_PACKAGE_SUSPENDED,androidx.profilein
1788688876.112 10311   569   728 I Unique  : 2026-09-06 17:01:16.111 I PROCESS PROVIDER_ROUTES_REGISTERED package=com.a0soft.gphone.acc.free vuid=0 authorities=[redacted]
1788688876.112 10311   569   728 I Unique  : 2026-09-06 17:01:16.112 I PROCESS BROADCAST_ROUTER_READY instances=1 actions=26 authorities=[redacted]
1788688876.799 10311   569   726 I Unique  : 2026-09-06 17:01:16.797 I GOOGLE GOOGLE_ENVIRONMENT gmsPresent=true gmsEnabled=true gmsVersionCode=263234035 gmsVersionName=26.32.34 (260400-968093310) vendingPresent=true gsfPresent=true customTabs=com.android.chrome hostGmsAvailable=true virtualGmsInstalled=false customTabsAvailable=true
1788688876.821 10311   569   648 I Unique  : 2026-09-06 17:01:16.819 I GOOGLE GOOGLE_ENVIRONMENT gmsPresent=true gmsEnabled=true gmsVersionCode=263234035 gmsVersionName=26.32.34 (260400-968093310) vendingPresent=true gsfPresent=true customTabs=com.android.chrome hostGmsAvailable=true virtualGmsInstalled=false customTabsAvailable=true
1788688876.823 10311   569   648 I Unique  : 2026-09-06 17:01:16.822 I GOOGLE GOOGLE_ROUTE package=com.a0soft.gphone.acc.free flow=SIGN_IN mode=UNSUPPORTED why=Legacy Google Sign-In requires in-space Google Play services. Enable them for this space, or use an app that supports Sign in with Google.
1788688876.824 10311   569   648 I Unique  : 2026-09-06 17:01:16.823 I GOOGLE GOOGLE_ROUTE package=com.a0soft.gphone.acc.free flow=CREDENTIAL_MANAGER mode=HOST_BRIDGE why=Unverified: Sign in with Google issues a token for the app's server client, so the device's own Google Play services should be able to answer. Not yet confirmed against a real sample.
1788688876.825 10311   569   648 I Unique  : 2026-09-06 17:01:16.824 I GOOGLE GOOGLE_ROUTE package=com.a0soft.gphone.acc.free flow=ACCOUNT_MANAGER mode=HOST_BRIDGE why=Account access is bridged to the device's accounts; consent is shown as UNIQUE.
1788688876.828 10311   569   648 I Unique  : 2026-09-06 17:01:16.825 I GOOGLE GOOGLE_ROUTE package=com.a0soft.gphone.acc.free flow=FIREBASE_AUTH mode=HOST_BRIDGE why=Firebase Auth consumes a token from Sign in with Google, which the host bridge can provide.
1788688876.830 10311   569   648 I Unique  : 2026-09-06 17:01:16.829 I GOOGLE GOOGLE_ROUTE package=com.a0soft.gphone.acc.free flow=OAUTH_WEB mode=PASSTHROUGH why=The app declares no redirect scheme, so nothing has to come back into this instance.
1788688876.831 10311   569   648 I Unique  : 2026-09-06 17:01:16.830 I GOOGLE GOOGLE_ROUTE package=com.a0soft.gphone.acc.free flow=FCM mode=HOST_BRIDGE why=Experimental: push registration is bridged through the host. Whether Google Play services accepts it varies by version; the result is recorded per device.
1788688876.832 10311   569   648 I Unique  : 2026-09-06 17:01:16.831 I GOOGLE GOOGLE_ROUTE package=com.a0soft.gphone.acc.free flow=PLAY_GAMES mode=UNSUPPORTED why=Not supported yet: Play Games checks an attested app identity, and UNIQUE has not been tested against it.
1788688877.008 10311   569   667 E com.unique: DynamicFPS DF open fail: No such file or directory
1788688878.345 10311   569   648 I Unique  : 2026-09-06 17:01:18.345 I PROCESS PROCESS_ASSIGNED slot=:vapp0 vuid=0 process=com.a0soft.gphone.acc.free
1788688878.380 10311   569   648 I Unique  : 2026-09-06 17:01:18.379 I LAUNCH LAUNCH_REQUESTED package=com.a0soft.gphone.acc.free vuid=0 activity=com.a0soft.gphone.acc.free.MainWnd slot=:vapp0 launchMode=0
1788688878.483 10311  1357  1357 D ActivityThread: setEmbeddedParam packageName=com.unique processName=com.unique:vapp0 isEmbedded=false isIsolated=false
1788688878.504 10311  1357  1357 I ActivityThread: TrafficStats init done
1788688878.510 10311  1357  1357 D ActivityThread: useGrowthLimitOutExpendMethod invoke error.
1788688878.523 10311  1357  1357 I ActivityThread: Miui Feature Init done
1788688878.536 10311  1357  1357 I Unique  : 2026-09-06 17:01:18.532 I PROCESS PROCESS_START process=com.unique:vapp0 kind=VAPP sdk=35 abi=arm64-v8a,armeabi-v7a,armeabi
1788688878.537 10311  1357  1357 W om.unique:vapp0: Unsupported class loader: java.lang.Class<org.lsposed.hiddenapibypass.CoreOjClassLoader>
1788688878.583 10311  1357  1357 W om.unique:vapp0: Unsupported class loader: java.lang.Class<org.lsposed.hiddenapibypass.CoreOjClassLoader>
1788688878.583 10311  1357  1357 W om.unique:vapp0: Unsupported class loader: java.lang.Class<org.lsposed.hiddenapibypass.CoreOjClassLoader>
1788688878.586 10311  1357  1357 I Unique  : 2026-09-06 17:01:18.586 I HOOK HIDDEN_API_GRANTED via=HiddenApiBypass
1788688878.589 10311  1357  1357 I UniqueNative: libunique_native loaded (page size 4096)
1788688878.590 10311  1357  1357 I Unique  : 2026-09-06 17:01:18.589 I LAUNCH INTERCEPTOR_INSTALLED executeTransaction=159
1788688878.590 10311  1357  1357 I Unique  : 2026-09-06 17:01:18.590 I PROCESS VAPP_READY slot=0
1788688878.592 10311  1357  1357 I Unique  : 2026-09-06 17:01:18.591 I PROCESS STUB_PROVIDER_CREATED slot=0
1788688878.603 10311  1357  1357 D Unique  : 2026-09-06 17:01:18.602 D LAUNCH CALLBACK_ALIVE what=164 obj=java.lang.String
1788688878.606 10311  1357  1357 D Unique  : 2026-09-06 17:01:18.604 D LAUNCH CALLBACK_ALIVE what=159 obj=android.app.servertransaction.ClientTransaction
1788688878.634 10311  1357  1357 I Unique  : 2026-09-06 17:01:18.634 I PROCESS PROCESS_RENAMED argv0=com.a0soft.gphone.acc.free
1788688878.642 10311  1357  1357 W om.unique:vapp0: Failed to find entry 'classes.dex': Entry not found
1788688878.643 10311  1357  1357 W om.unique:vapp0: Failed to find entry 'classes.dex': Entry not found
1788688878.646 10311  1357  1357 W Unique  : 2026-09-06 17:01:18.645 W PROCESS META_DATA_NOT_RESOLVED name=com.google.android.gms.version id=0x7f0a000e reason=the guest's resources were not available yet
1788688878.650 10311  1357  1357 I Unique  : 2026-09-06 17:01:18.649 I PROCESS PROFILE_BOUND profile=7584fa0e-1707-43c2-842e-1bb8d965a758 androidId=c781b2aba1f0b6fc generation=1
1788688878.652 10311  1357  1357 I Unique  : 2026-09-06 17:01:18.652 I PROCESS BUILD_OVERRIDES_APPLIED applied=1 requested=1
1788688878.653 10311  1357  1357 I Unique  : 2026-09-06 17:01:18.652 I LAUNCH PROFILE_BOUND profileId=7584fa0e-1707-43c2-842e-1bb8d965a758 generation=1
1788688878.658 10311  1357  1357 I Unique  : 2026-09-06 17:01:18.657 I PROCESS PERMISSION_CACHE_DISABLED disabled=disablePackageNamePermissionCache,disablePermissionCache,disableApplicationInfoCache,disablePackageInfoCache,disableGetPackagesForUidCache failed=android.app.ActivityManager: no disable*Cache()
1788688878.666 10311  1357  1357 I Unique  : 2026-09-06 17:01:18.665 I PROCESS PERMISSIONS_BOUND package=com.a0soft.gphone.acc.free vuid=0 declared=25 restored=3 runtime=3 installTime=22 selfDefined=1
1788688878.677 10311  1357  1357 I Unique  : 2026-09-06 17:01:18.676 I HOOK SERVICE_HOOKED service=package cache=true singletons=1 managers=1 bound=permissionCheck,getActivityInfo,applicationEnabledSetting,getApplicationInfo,componentEnabledSetting,installedPackages,getInstallerPackageName,getNameForUid,getPackageUid,getPackageInfo,getPackagesForUid,getProviderInfo,getReceiverInfo,getServiceInfo,queryIntent,resolveContentProvider,resolveIntent matched=permissionCheck=checkPermission+checkUidPermission,getActivityInfo,applicationEnabledSetting=getApplicationEnabledSetting+setApplicationEnabledSetting,getApplicationInfo,componentEnabledSetting=getComponentEnabledSetting+setComponentEnabledSetting,installedPackages=getInstalledApplications+getInstalledPackages,getInstallerPackageName,getNameForUid,getPackageUid=getPackageGids+getPackageUid,getPack
1788688878.678 10311  1357  1357 I Unique  : 2026-09-06 17:01:18.677 I LAUNCH VPM_HOOK_INSTALLED package=com.a0soft.gphone.acc.free bound=permissionCheck,getActivityInfo,applicationEnabledSetting,getApplicationInfo,componentEnabledSetting,installedPackages,getInstallerPackageName,getNameForUid,getPackageUid,getPackageInfo,getPackagesForUid,getProviderInfo,getReceiverInfo,getServiceInfo,queryIntent,resolveContentProvider,resolveIntent
1788688878.692 10311  1357  1357 I Unique  : 2026-09-06 17:01:18.691 I HOOK SERVICE_HOOKED service=activity cache=true singletons=1 managers=0 bound=serviceDispatch,callerIdentity,permissionCheck,getContentProvider,intentSender,runningProcesses,registerReceiver,foregroundService matched=serviceDispatch=bindService+bindServiceInstance+peekService+publishService+startService+stopService+unbindFinished,callerIdentity=broadcastIntent+broadcastIntentWithFeature+getBindingUidProcessState+getContentProviderExternal+getHistoricalProcessExitReasons+getHistoricalProcessStartReasons+getPackageProcessState+getTagForIntentSender+getUidLastIdleElapsedTime+getUidProcessCapabilities+getUidProces
1788688878.694 10311  1357  1357 I Unique  : 2026-09-06 17:01:18.693 I LAUNCH VAM_HOOK_INSTALLED package=com.a0soft.gphone.acc.free host=com.unique methods=8 matched=serviceDispatch=bindService+bindServiceInstance+peekService+publishService+startService+stopService+unbindFinished,callerIdentity=broadcastIntent+broadcastIntentWithFeature+getBindingUidProcessState+getContentProviderExternal+getHistoricalProcessExitReasons+getHistoricalProcessStartReasons+getPackageProcessState+getTagForIntentSender+getUidLastIdleElapsedTime+getUidProcessCapabilities+getUidProcessState+grantUriPermission+isBackgroundRestricted+isUidActive+moveTaskToFront+revokeUriPermission+sendIntentSender+startActivity+startActivityAsUser+startActivityAsUserWithFeature+startActivityWithFeature,permissionCheck=checkPermission+checkPermissionForDevice,getContentProvider,intentSender=getIntentSender+getIntentSenderWithFeature,runningProcesses=getRunningAppProcesses+getServices,registerReceiver=registerReceiver+registerReceiverWithFeature,foregroundService=setServiceForeground
1788688878.700 10311  1357  1357 I Unique  : 2026-09-06 17:01:18.699 I HOOK SERVICE_HOOKED service=activity_task cache=true singletons=1 managers=0 bound=activityStart matched=activityStart=startActivities+startActivity+startActivityAndWait+startActivityAsCaller+startActivityAsUser+startActivityFromGameSession+startActivityIntentSender+startActivityWithConfig
1788688878.701 10311  1357  1357 I Unique  : 2026-09-06 17:01:18.700 I LAUNCH ATM_HOOK_INSTALLED package=com.a0soft.gphone.acc.free host=com.unique matched=activityStart=startActivities+startActivity+startActivityAndWait+startActivityAsCaller+startActivityAsUser+startActivityFromGameSession+startActivityIntentSender+startActivityWithConfig
1788688878.703 10311  1357  1357 I Unique  : 2026-09-06 17:01:18.702 I HOOK SERVICE_HOOKED service=permissionmgr cache=true singletons=1 managers=1 bound=shouldShowRequestPermissionRationale matched=shouldShowRequestPermissionRationale
1788688878.704 10311  1357  1357 I Unique  : 2026-09-06 17:01:18.703 I HOOK PERMISSION_MANAGER_HOOKED matched=shouldShowRequestPermissionRationale
1788688878.710 10311  1357  1357 I Unique  : 2026-09-06 17:01:18.709 I HOOK SERVICE_HOOKED service=appops cache=true singletons=0 managers=2 bound=appOpIdentity matched=appOpIdentity=checkAudioOperation+checkOperation+checkOperationForDevice+checkOperationRaw+checkOperationRawForDevice+checkPackage+collectNoteOpCallsForValidation+extractAsyncOps+finishOperation+finishOperationForDevice+getHistoricalOps+getHistoricalOpsFromDiskRaw+getOpsForPackage+getPackagesForOpsForDevice+isOperationActive+isProxying+noteOperation+noteOperationForDevice+noteProxyOperation+notePr
1788688878.711 10311  1357  1357 I Unique  : 2026-09-06 17:01:18.710 I HOOK APPOPS_HOOKED package=com.a0soft.gphone.acc.free host=com.unique matched=appOpIdentity=checkAudioOperation+checkOperation+checkOperationForDevice+checkOperationRaw+checkOperationRawForDevice+checkPackage+collectNoteOpCallsForValidation+extractAsyncOps+finishOperation+finishOperationForDevice+getHistoricalOps+getHistoricalOpsFromDiskRaw+getOpsForPackage+getPackagesForOpsForDevice+isOperationActive+isProxying+noteOperation+noteOperationForDevice+noteProxyOperation+notePr
1788688878.717 10311  1357  1357 I Unique  : 2026-09-06 17:01:18.715 I PROCESS SETTINGS_CACHES_PRIMED wrappedByHand=0 alreadyWrapped=3 empty=1
1788688878.720 10311  1357  1357 I Unique  : 2026-09-06 17:01:18.717 I PROCESS PROVIDER_CACHES_EVICTED activityThreadProviders=2 providerRefCounts=1 settingsCaches=4 settingsWrapped=3 hostSource=com.unique hostSourceUid=10311
1788688878.803 10311  1357  1357 I Unique  : 2026-09-06 17:01:18.802 I PROCESS NETWORK_SECURITY_INSTALLED package=com.a0soft.gphone.acc.free configRes=2132082706 targetSdk=36
1788688878.804 10311  1357  1357 I UniqueNative: redirect table set: 8 rule(s)
1788688878.804 10311  1357  1357 I UniqueNative: io_redirect: 2 exclusion(s) set
1788688878.806 10311  1357  1357 I UniqueNative: io_redirect installed: 10 slot(s) in 1/390 libraries (0 excluded, 10 total), 8 rule(s), page size 4096
1788688878.807 10311  1357  1357 I UniqueNative: io_redirect: library-load watch installed (4 slot(s) in 3 libraries)
1788688878.807 10311  1357  1357 W UniqueNative: io_redirect: watch saw but did not match: /data/misc/apexdata/com.android.art/dalvik-cache/arm64/boot.oat
1788688878.807 10311  1357  1357 W UniqueNative: io_redirect: watch saw but did not match: /data/misc/apexdata/com.android.art/dalvik-cache/arm64/boot-framework-adservices.oat
1788688878.807 10311  1357  1357 W UniqueNative: io_redirect: watch saw but did not match: /data/app/~~y7ep4-P9YmXC_LQqOSb8ew==/com.unique-pXyfQ7uAIx9pkrh4UOgyMw==/oat/arm64/base.odex
1788688878.807 10311  1357  1357 W UniqueNative: io_redirect: watch saw but did not match: /data/app/~~y7ep4-P9YmXC_LQqOSb8ew==/com.unique-pXyfQ7uAIx9pkrh4UOgyMw==/base.apk!/lib/arm64-v8a/libunique_native.so
1788688878.809 10311  1357  1357 I Unique  : 2026-09-06 17:01:18.807 I NATIVE IO_REDIRECT_INSTALLED status=OK watch=OK rules=8 slots=10 scope=/data/user/0/com.unique/files/virtual/apk/com.a0soft.gphone.acc.free/240005239/lib/arm64-v8a,/data/data/com.unique/files/virtual/apk/com.a0soft.gphone.acc.free/240005239/lib/arm64-v8a,/data/user/0/com excluded=libgrave.so,libunique_native.so
1788688878.809 10311  1357  1357 I Unique  : 2026-09-06 17:01:18.809 I WEBVIEW WEBVIEW_DATA_DIR_SUFFIX suffix=vapp0 slot=0
1788688878.810 10311  1357  1357 I UniqueNative: crash: recording 6 signal(s) to /data/user/0/com.unique/files/virtual/runtime/diagnostics/0/com.a0soft.gphone.acc.free/native-crash-1357.properties
1788688878.811 10311  1357  1357 I Unique  : 2026-09-06 17:01:18.811 I NATIVE NATIVE_CRASH_HANDLER status=OK file=/data/user/0/com.unique/files/virtual/runtime/diagnostics/0/com.a0soft.gphone.acc.free/native-crash-1357.properties
1788688878.814 10311  1357  1357 I Unique  : 2026-09-06 17:01:18.813 I PROCESS COMPONENT_STATE_RESTORED package=com.a0soft.gphone.acc.free vuid=0 entries=2
1788688878.815 10311  1357  1357 I Unique  : 2026-09-06 17:01:18.814 I STORAGE EXTERNAL_STORAGE_REDIRECTED package=com.a0soft.gphone.acc.free vuid=0 root=/data/user/0/com.unique/files/virtual/users/0/sdcard
1788688878.819 10311  1357  1357 I Unique  : 2026-09-06 17:01:18.818 I HOOK SERVICE_HOOKED service=alarm cache=true singletons=0 managers=0 bound=callerPackage matched=callerPackage=canScheduleExactAlarms+cancelPoweroffAlarm+hasScheduleExactAlarm+removeAll+set+setTimeZone
1788688878.820 10311  1357  1357 I Unique  : 2026-09-06 17:01:18.819 I HOOK IDENTITY_HOOK_INSTALLED service=alarm package=com.a0soft.gphone.acc.free matched=callerPackage=canScheduleExactAlarms+cancelPoweroffAlarm+hasScheduleExactAlarm+removeAll+set+setTimeZone
1788688878.822 10311  1357  1357 I Unique  : 2026-09-06 17:01:18.821 I HOOK SERVICE_HOOKED service=clipboard cache=true singletons=0 managers=0 bound=callerPackage matched=callerPackage=addPrimaryClipChangedListener+clearPrimaryClip+getPrimaryClip+getPrimaryClipDescription+getPrimaryClipSource+getUserPrimaryClip+hasClipboardText+hasPrimaryClip+removePrimaryClipChangedListener+setPrimaryClip+setPrimaryClipAsPackage
1788688878.823 10311  1357  1357 I Unique  : 2026-09-06 17:01:18.822 I HOOK IDENTITY_HOOK_INSTALLED service=clipboard package=com.a0soft.gphone.acc.free matched=callerPackage=addPrimaryClipChangedListener+clearPrimaryClip+getPrimaryClip+getPrimaryClipDescription+getPrimaryClipSource+getUserPrimaryClip+hasClipboardText+hasPrimaryClip+removePrimaryClipChangedListener+setPrimaryClip+setPrimaryClipAsPackage
1788688878.826 10311  1357  1357 I Unique  : 2026-09-06 17:01:18.825 I HOOK SERVICE_HOOKED service=restrictions cache=true singletons=0 managers=0 bound=callerPackage matched=callerPackage=getApplicationRestrictions+getApplicationRestrictionsPerAdminForUser+notifyPermissionResponse+requestPermission
1788688878.826 10311  1357  1357 I Unique  : 2026-09-06 17:01:18.826 I HOOK IDENTITY_HOOK_INSTALLED service=restrictions package=com.a0soft.gphone.acc.free matched=callerPackage=getApplicationRestrictions+getApplicationRestrictionsPerAdminForUser+notifyPermissionResponse+requestPermission
1788688878.830 10311  1357  1357 I Unique  : 2026-09-06 17:01:18.829 I HOOK SERVICE_HOOKED service=locale cache=true singletons=0 managers=1 bound=callerPackage,setApplicationLocales matched=callerPackage=getApplicationLocales+getOverrideLocaleConfig+setOverrideLocaleConfig,setApplicationLocales
1788688878.831 10311  1357  1357 I Unique  : 2026-09-06 17:01:18.830 I HOOK IDENTITY_HOOK_INSTALLED service=locale package=com.a0soft.gphone.acc.free matched=callerPackage=getApplicationLocales+getOverrideLocaleConfig+setOverrideLocaleConfig,setApplicationLocales
1788688878.834 10311  1357  1357 I Unique  : 2026-09-06 17:01:18.833 I HOOK SERVICE_HOOKED service=connectivity cache=true singletons=0 managers=0 bound=callerPackage matched=callerPackage=getDefaultNetworkCapabilitiesForUser+getLastTetherError+getNetworkCapabilities+getRedactedLinkPropertiesForPackage+getRedactedNetworkCapabilitiesForPackage+isConnectivityServiceFeatureEnabledForTesting+listenForNetwork+pendingListenForNetwork+pendingRequestForNetwork+registerConnectivityDiagnosticsCallback+registerNetworkProvider+requestNetwork+requestRouteToHostAddress+setProvisioni
1788688878.835 10311  1357  1357 I Unique  : 2026-09-06 17:01:18.834 I HOOK IDENTITY_HOOK_INSTALLED service=connectivity package=com.a0soft.gphone.acc.free matched=callerPackage=getDefaultNetworkCapabilitiesForUser+getLastTetherError+getNetworkCapabilities+getRedactedLinkPropertiesForPackage+getRedactedNetworkCapabilitiesForPackage+isConnectivityServiceFeatureEnabledForTesting+listenForNetwork+pendingListenForNetwork+pendingRequestForNetwork+registerConnectivi
1788688878.837 10311  1357  1357 I Unique  : 2026-09-06 17:01:18.836 I HOOK SERVICE_HOOKED service=power cache=true singletons=0 managers=0 bound=callerPackage matched=callerPackage=acquireWakeLock+acquireWakeLockAsync+acquireWakeLockWithUid+crash+isAmbientDisplaySuppressedForToken+isAmbientDisplaySuppressedForTokenByApp+isFeatureAllowedInLowPowerStandby+reboot+shutdown+suppressAmbientDisplay+updateWakeLockWorkSource+wakeUp
1788688878.838 10311  1357  1357 I Unique  : 2026-09-06 17:01:18.837 I HOOK IDENTITY_HOOK_INSTALLED service=power package=com.a0soft.gphone.acc.free matched=callerPackage=acquireWakeLock+acquireWakeLockAsync+acquireWakeLockWithUid+crash+isAmbientDisplaySuppressedForToken+isAmbientDisplaySuppressedForTokenByApp+isFeatureAllowedInLowPowerStandby+reboot+shutdown+suppressAmbientDisplay+updateWakeLockWorkSource+wakeUp
1788688878.846 10311  1357  1357 I Unique  : 2026-09-06 17:01:18.845 I HOOK SERVICE_HOOKED service=wifi cache=true singletons=0 managers=0 bound=callerPackage matched=callerPackage=acquireMulticastLock+acquireWifiLock+addLocalOnlyConnectionStatusListener+addNetworkSuggestions+addOrUpdateNetwork+addOrUpdateNetworkPrivileged+addOrUpdatePasspointConfiguration+addQosPolicies+addSuggestionUserApprovalStatusListener+allowAutojoinGlobal+allowAutojoinPasspoint+connect+disableEphemeralNetwork+disableNetwork+disconnect+enableNetwork+enableTdls+enableTdlsWithMacAddress+en
1788688878.847 10311  1357  1357 I Unique  : 2026-09-06 17:01:18.846 I HOOK IDENTITY_HOOK_INSTALLED service=wifi package=com.a0soft.gphone.acc.free matched=callerPackage=acquireMulticastLock+acquireWifiLock+addLocalOnlyConnectionStatusListener+addNetworkSuggestions+addOrUpdateNetwork+addOrUpdateNetworkPrivileged+addOrUpdatePasspointConfiguration+addQosPolicies+addSuggestionUserApprovalStatusListener+allowAutojoinGlobal+allowAutojoinPasspoint+connect+di
1788688878.852 10311  1357  1357 I Unique  : 2026-09-06 17:01:18.850 I HOOK SERVICE_HOOKED service=location cache=true singletons=0 managers=0 bound=callerPackage matched=callerPackage=addGnssAntennaInfoListener+addGnssMeasurementsListener+addGnssNavigationMessageListener+addTestProvider+getCurrentLocation+getLastLocation+getProviderPackages+getProviderProperties+hasProvider+isProviderEnabledForUser+isProviderPackage+registerGnssNmeaCallback+registerGnssStatusCallback+registerLocationListener+registerLocationPendingIntent+removeTestProvider+requestGeofence+requestL
1788688878.853 10311  1357  1357 I Unique  : 2026-09-06 17:01:18.852 I HOOK IDENTITY_HOOK_INSTALLED service=location package=com.a0soft.gphone.acc.free matched=callerPackage=addGnssAntennaInfoListener+addGnssMeasurementsListener+addGnssNavigationMessageListener+addTestProvider+getCurrentLocation+getLastLocation+getProviderPackages+getProviderProperties+hasProvider+isProviderEnabledForUser+isProviderPackage+registerGnssNmeaCallback+registerGnssStatusCallbac
1788688878.859 10311  1357  1357 I Unique  : 2026-09-06 17:01:18.857 I HOOK SERVICE_HOOKED service=audio cache=true singletons=0 managers=0 bound=callerPackage matched=callerPackage=abandonAudioFocus+abandonAudioFocusForTest+adjustStreamVolume+adjustStreamVolumeForUid+adjustStreamVolumeWithAttribution+adjustSuggestedStreamVolumeForUid+adjustVolumeGroupVolume+cacheParameters+disableSafeMediaVolume+getBluetoothAudioDeviceCategory+getBluetoothAudioDeviceCategory_legacy+getCacheParameters+getDeviceVolume+getNotificationUri+getPlayerVolume+handleVolumeKey+isBluetooth
1788688878.860 10311  1357  1357 I Unique  : 2026-09-06 17:01:18.859 I HOOK IDENTITY_HOOK_INSTALLED service=audio package=com.a0soft.gphone.acc.free matched=callerPackage=abandonAudioFocus+abandonAudioFocusForTest+adjustStreamVolume+adjustStreamVolumeForUid+adjustStreamVolumeWithAttribution+adjustSuggestedStreamVolumeForUid+adjustVolumeGroupVolume+cacheParameters+disableSafeMediaVolume+getBluetoothAudioDeviceCategory+getBluetoothAudioDeviceCategory_lega
1788688878.865 10311  1357  1357 I Unique  : 2026-09-06 17:01:18.863 I HOOK SERVICE_HOOKED service=vibrator_manager cache=true singletons=0 managers=0 bound=callerPackage matched=callerPackage=performHapticFeedback+setAlwaysOnEffect+vibrate
1788688878.866 10311  1357  1357 I Unique  : 2026-09-06 17:01:18.865 I HOOK IDENTITY_HOOK_INSTALLED service=vibrator_manager package=com.a0soft.gphone.acc.free matched=callerPackage=performHapticFeedback+setAlwaysOnEffect+vibrate
1788688878.869 10311  1357  1357 I Unique  : 2026-09-06 17:01:18.868 I HOOK SERVICE_HOOKED service=usagestats cache=true singletons=0 managers=0 bound=callerPackage matched=callerPackage=clearBroadcastEvents+clearBroadcastResponseStats+getAppMinStandbyBucket+getAppStandbyBucket+getAppStandbyBuckets+getAppStandbyConstant+getLastTimeAnyComponentUsed+isAppInactive+isPackageExemptedFromBroadcastResponseStats+queryBroadcastResponseStats+queryConfigurationStats+queryEventStats+queryEvents+queryEventsForPackage+queryEventsForPackageForUser+queryEventsForUser+queryEventsWith
1788688878.870 10311  1357  1357 I Unique  : 2026-09-06 17:01:18.870 I HOOK IDENTITY_HOOK_INSTALLED service=usagestats package=com.a0soft.gphone.acc.free matched=callerPackage=clearBroadcastEvents+clearBroadcastResponseStats+getAppMinStandbyBucket+getAppStandbyBucket+getAppStandbyBuckets+getAppStandbyConstant+getLastTimeAnyComponentUsed+isAppInactive+isPackageExemptedFromBroadcastResponseStats+queryBroadcastResponseStats+queryConfigurationStats+queryEventSta
1788688878.874 10311  1357  1357 I Unique  : 2026-09-06 17:01:18.873 I HOOK SERVICE_HOOKED service=netstats cache=true singletons=0 managers=0 bound=callerPackage matched=callerPackage=getIfaceStats+notifyNetworkStatus+openSessionForUsageStats+registerNetworkStatsProvider+registerUsageCallback+setStatsProviderWarningAndLimitAsync
1788688878.875 10311  1357  1357 I Unique  : 2026-09-06 17:01:18.874 I HOOK IDENTITY_HOOK_INSTALLED service=netstats package=com.a0soft.gphone.acc.free matched=callerPackage=getIfaceStats+notifyNetworkStatus+openSessionForUsageStats+registerNetworkStatsProvider+registerUsageCallback+setStatsProviderWarningAndLimitAsync
1788688878.878 10311  1357  1357 I Unique  : 2026-09-06 17:01:18.877 I HOOK SERVICE_HOOKED service=content cache=true singletons=0 managers=0 bound=callerPackage matched=callerPackage=addPeriodicSync+cancelSync+cancelSyncAsUser+getCache+getIsSyncable+getIsSyncableAsUser+getPeriodicSyncs+getSyncAdapterPackageAsUser+getSyncAdapterPackagesForAuthorityAsUser+getSyncAutomatically+getSyncAutomaticallyAsUser+getSyncStatus+getSyncStatusAsUser+isSyncActive+isSyncPending+isSyncPendingAsUser+notifyChange+onDbCorruption+putCache+removePeriodicSync+requestSync+setIsSyncable+se
1788688878.879 10311  1357  1357 I Unique  : 2026-09-06 17:01:18.878 I HOOK IDENTITY_HOOK_INSTALLED service=content package=com.a0soft.gphone.acc.free matched=callerPackage=addPeriodicSync+cancelSync+cancelSyncAsUser+getCache+getIsSyncable+getIsSyncableAsUser+getPeriodicSyncs+getSyncAdapterPackageAsUser+getSyncAdapterPackagesForAuthorityAsUser+getSyncAutomatically+getSyncAutomaticallyAsUser+getSyncStatus+getSyncStatusAsUser+isSyncActive+isSyncPending+isSy
1788688878.882 10311  1357  1357 I Unique  : 2026-09-06 17:01:18.880 I HOOK SERVICE_HOOKED service=shortcut cache=true singletons=0 managers=0 bound=shortcutPublish,callerPackage matched=shortcutPublish=addDynamicShortcuts+createShortcutResultIntent+pushDynamicShortcut+requestPinShortcut+setDynamicShortcuts+updateShortcuts,callerPackage=disableShortcuts+enableShortcuts+getIconMaxDimensions+getMaxShortcutCountPerActivity+getRateLimitResetTime+getRemainingCallCount+getShareTargets+getShortcuts+hasShareTargets+onApplicationActive+removeAllDynamicShortcuts+removeDynamicShortcuts+remov
1788688878.882 10311  1357  1357 I Unique  : 2026-09-06 17:01:18.882 I HOOK IDENTITY_HOOK_INSTALLED service=shortcut package=com.a0soft.gphone.acc.free matched=shortcutPublish=addDynamicShortcuts+createShortcutResultIntent+pushDynamicShortcut+requestPinShortcut+setDynamicShortcuts+updateShortcuts,callerPackage=disableShortcuts+enableShortcuts+getIconMaxDimensions+getMaxShortcutCountPerActivity+getRateLimitResetTime+getRemainingCallCount+getShareTargets+get
1788688878.887 10311  1357  1357 I Unique  : 2026-09-06 17:01:18.886 I HOOK SERVICE_HOOKED service=mount cache=true singletons=0 managers=0 bound=callerPackage,volumeList matched=callerPackage=abortChanges+allocateBytes+benchmark+destroyUserStorage+disableAppDataIsolation+fixupAppDir+fixupAppDirRecursive+fixupSysfsFile+forgetVolume+format+getAllocatableBytes+getCacheQuotaBytes+getCacheSizeBytes+getExternalStorageMountMode+getManageSpaceActivityIntent+getMountedObbPath+isAppIoBlocked+isObbMounted+mkdirs+mount+mountObb+moveStorageQuickly+notifyAppIoBlocked+notifyAppIoResumed
1788688878.888 10311  1357  1357 I Unique  : 2026-09-06 17:01:18.887 I HOOK IDENTITY_HOOK_INSTALLED service=mount package=com.a0soft.gphone.acc.free matched=callerPackage=abortChanges+allocateBytes+benchmark+destroyUserStorage+disableAppDataIsolation+fixupAppDir+fixupAppDirRecursive+fixupSysfsFile+forgetVolume+format+getAllocatableBytes+getCacheQuotaBytes+getCacheSizeBytes+getExternalStorageMountMode+getManageSpaceActivityIntent+getMountedObbPath+isAppI
1788688878.891 10311  1357  1357 I Unique  : 2026-09-06 17:01:18.890 I HOOK SERVICE_HOOKED service=account cache=true singletons=0 managers=0 bound=callerPackage matched=callerPackage=addAccount+addAccountAsUser+addAccountExplicitly+addAccountExplicitlyWithVisibility+addSharedAccountsFromParentUser+createRequestAccountAccessIntentSenderAsUser+editProperties+getAccountByTypeAndFeatures+getAccountVisibility+getAccountsAndVisibilityForPackage+getAccountsAsUser+getAccountsByFeatures+getAccountsByTypeForPackage+getAccountsForPackage+getAuthToken+getAuthTokenLabel+getUs
1788688878.892 10311  1357  1357 I Unique  : 2026-09-06 17:01:18.891 I HOOK IDENTITY_HOOK_INSTALLED service=account package=com.a0soft.gphone.acc.free matched=callerPackage=addAccount+addAccountAsUser+addAccountExplicitly+addAccountExplicitlyWithVisibility+addSharedAccountsFromParentUser+createRequestAccountAccessIntentSenderAsUser+editProperties+getAccountByTypeAndFeatures+getAccountVisibility+getAccountsAndVisibilityForPackage+getAccountsAsUser+getAccou
1788688878.905 10311  1357  1357 I Unique  : 2026-09-06 17:01:18.904 I HOOK SERVICE_HOOKED service=phone cache=true singletons=0 managers=0 bound=callerPackage matched=callerPackage=call+canChangeDtmfToneLength+changeIccLockPassword+checkCarrierPrivilegesForPackage+checkCarrierPrivilegesForPackageAnyPhone+clearSignalStrengthUpdateRequest+deprovisionSatelliteService+dial+disableDataConnectivity+disableVisualVoicemailSmsFilter+doesSwitchMultiSimConfigTriggerReboot+enableDataConnectivity+enableVisualVoicemailSmsFilter+enqueueSmsPickResult+factoryReset+getAllCellInf
1788688878.908 10311  1357  1357 I Unique  : 2026-09-06 17:01:18.907 I HOOK IDENTITY_HOOK_INSTALLED service=phone package=com.a0soft.gphone.acc.free matched=callerPackage=call+canChangeDtmfToneLength+changeIccLockPassword+checkCarrierPrivilegesForPackage+checkCarrierPrivilegesForPackageAnyPhone+clearSignalStrengthUpdateRequest+deprovisionSatelliteService+dial+disableDataConnectivity+disableVisualVoicemailSmsFilter+doesSwitchMultiSimConfigTriggerReboot+e
1788688878.920 10311  1357  1357 I Unique  : 2026-09-06 17:01:18.918 I HOOK SERVICE_HOOKED service=device_policy cache=true singletons=0 managers=0 bound=callerPackage matched=callerPackage=addCrossProfileIntentFilter+addCrossProfileWidgetProvider+addPersistentPreferredActivity+approveCaCert+checkDeviceIdentifierAccess+checkProvisioningPrecondition+choosePrivateKeyAlias+clearApplicationUserData+clearCrossProfileIntentFilters+clearDeviceOwner+clearPackagePersistentPreferredActivities+clearResetPasswordToken+createAdminSupportIntent+createAndManageUser+createAndProvisionM
1788688878.921 10311  1357  1357 I Unique  : 2026-09-06 17:01:18.920 I HOOK IDENTITY_HOOK_INSTALLED service=device_policy package=com.a0soft.gphone.acc.free matched=callerPackage=addCrossProfileIntentFilter+addCrossProfileWidgetProvider+addPersistentPreferredActivity+approveCaCert+checkDeviceIdentifierAccess+checkProvisioningPrecondition+choosePrivateKeyAlias+clearApplicationUserData+clearCrossProfileIntentFilters+clearDeviceOwner+clearPackagePersistentPreferre
1788688878.926 10311  1357  1357 I Unique  : 2026-09-06 17:01:18.924 I HOOK SERVICE_HOOKED service=media.camera cache=true singletons=0 managers=0 bound=callerPackage matched=callerPackage=connect+connectDevice+createDefaultRequest+getCameraCharacteristics+getSessionCharacteristics+getTorchStrengthLevel+injectCamera+injectSessionParams+isHiddenPhysicalCamera+isSessionConfigurationWithParametersSupported+setTorchMode+supportsCameraApi+turnOnTorchWithStrengthLevel
1788688878.926 10311  1357  1357 I Unique  : 2026-09-06 17:01:18.926 I HOOK IDENTITY_HOOK_INSTALLED service=media.camera package=com.a0soft.gphone.acc.free matched=callerPackage=connect+connectDevice+createDefaultRequest+getCameraCharacteristics+getSessionCharacteristics+getTorchStrengthLevel+injectCamera+injectSessionParams+isHiddenPhysicalCamera+isSessionConfigurationWithParametersSupported+setTorchMode+supportsCameraApi+turnOnTorchWithStrengthLevel
1788688878.933 10311  1357  1357 I Unique  : 2026-09-06 17:01:18.932 I HOOK SERVICE_HOOKED service=telecom cache=true singletons=0 managers=0 bound=callerPackage matched=callerPackage=acceptHandover+acceptRingingCall+acceptRingingCallWithVideoState+addCall+addNewIncomingCall+addNewIncomingConference+addOrRemoveTestCallCompanionApp+cancelMissedCallsNotification+clearAccounts+createLaunchEmergencyDialerIntent+createManageBlockedNumbersIntent+endCall+getAdnUriForPhoneAccount+getCallCapablePhoneAccounts+getCallStateUsingPackage+getCurrentTtyMode+getDefaultDialerPackag
1788688878.934 10311  1357  1357 I Unique  : 2026-09-06 17:01:18.933 I HOOK IDENTITY_HOOK_INSTALLED service=telecom package=com.a0soft.gphone.acc.free matched=callerPackage=acceptHandover+acceptRingingCall+acceptRingingCallWithVideoState+addCall+addNewIncomingCall+addNewIncomingConference+addOrRemoveTestCallCompanionApp+cancelMissedCallsNotification+clearAccounts+createLaunchEmergencyDialerIntent+createManageBlockedNumbersIntent+endCall+getAdnUriForPhoneA
1788688878.938 10311  1357  1357 I Unique  : 2026-09-06 17:01:18.936 I HOOK SERVICE_HOOKED service=media_router cache=true singletons=0 managers=0 bound=callerPackage matched=callerPackage=deselectRouteWithManager+deselectRouteWithRouter2+getSystemRoutes+getSystemSessionInfoForPackage+registerClientAsUser+registerClientGroupId+registerManager+registerProxyRouter+registerRouter2+releaseSessionWithManager+releaseSessionWithRouter2+requestCreateSessionWithManager+requestSetVolume+requestUpdateVolume+selectRouteWithManager+selectRouteWithRouter2+setSelectedRoute+setSession
1788688878.940 10311  1357  1357 I Unique  : 2026-09-06 17:01:18.938 I HOOK IDENTITY_HOOK_INSTALLED service=media_router package=com.a0soft.gphone.acc.free matched=callerPackage=deselectRouteWithManager+deselectRouteWithRouter2+getSystemRoutes+getSystemSessionInfoForPackage+registerClientAsUser+registerClientGroupId+registerManager+registerProxyRouter+registerRouter2+releaseSessionWithManager+releaseSessionWithRouter2+requestCreateSessionWithManager+requestSet
1788688878.943 10311  1357  1357 I Unique  : 2026-09-06 17:01:18.942 I HOOK SERVICE_HOOKED service=media_session cache=true singletons=0 managers=0 bound=callerPackage matched=callerPackage=addOnMediaKeyEventSessionChangedListener+createSession+dispatchAdjustVolume+dispatchMediaKeyEvent+dispatchMediaKeyEventToSessionAsSystemService+dispatchVolumeKeyEvent+dispatchVolumeKeyEventToSessionAsSystemService+getMediaKeyEventSession+getMediaKeyEventSessionPackageName+hasCustomMediaKeyDispatcher+hasCustomMediaSessionPolicyProvider+isTrusted+setCustomMediaKeyDispatcher+setCustomMe
1788688878.945 10311  1357  1357 I Unique  : 2026-09-06 17:01:18.943 I HOOK IDENTITY_HOOK_INSTALLED service=media_session package=com.a0soft.gphone.acc.free matched=callerPackage=addOnMediaKeyEventSessionChangedListener+createSession+dispatchAdjustVolume+dispatchMediaKeyEvent+dispatchMediaKeyEventToSessionAsSystemService+dispatchVolumeKeyEvent+dispatchVolumeKeyEventToSessionAsSystemService+getMediaKeyEventSession+getMediaKeyEventSessionPackageName+hasCustomMedi
1788688878.949 10311  1357  1357 I Unique  : 2026-09-06 17:01:18.948 I HOOK SERVICE_HOOKED service=appwidget cache=true singletons=0 managers=0 bound=callerPackage,appWidgetIdentity matched=callerPackage=allocateAppWidgetId+bindRemoteViewsService+createAppWidgetConfigIntentSender+deleteAppWidgetId+deleteHost+getAppWidgetIdsForHost+getAppWidgetInfo+getAppWidgetOfHost+getAppWidgetOptions+getAppWidgetViews+getInstalledProvidersForProfile+hasBindAppWidgetPermission+isBoundWidgetPackage+noteAppWidgetTapped+notifyAppWidgetViewDataChanged+partiallyUpdateAppWidgetIds+setAppWidgetHidden+setBi
1788688878.951 10311  1357  1357 I Unique  : 2026-09-06 17:01:18.949 I HOOK IDENTITY_HOOK_INSTALLED service=appwidget package=com.a0soft.gphone.acc.free matched=callerPackage=allocateAppWidgetId+bindRemoteViewsService+createAppWidgetConfigIntentSender+deleteAppWidgetId+deleteHost+getAppWidgetIdsForHost+getAppWidgetInfo+getAppWidgetOfHost+getAppWidgetOptions+getAppWidgetViews+getInstalledProvidersForProfile+hasBindAppWidgetPermission+isBoundWidgetPackage+not
1788688878.955 10311  1357  1357 I Unique  : 2026-09-06 17:01:18.954 I HOOK SERVICE_HOOKED service=input_method cache=true singletons=1 managers=0 bound=callerPackage,editorIdentity matched=callerPackage=acceptStylusHandwritingDelegation+acceptStylusHandwritingDelegationAsync+getEnabledInputMethodSubtypeList+prepareStylusHandwritingDelegation+setAdditionalInputMethodSubtypes+setExplicitlyEnabledInputMethodSubtypes+startConnectionlessStylusHandwriting+startProtoDump,editorIdentity=startInputOrWindowGainedFocus+startInputOrWindowGainedFocusAsync
1788688878.956 10311  1357  1357 I Unique  : 2026-09-06 17:01:18.955 I HOOK IDENTITY_HOOK_INSTALLED service=input_method package=com.a0soft.gphone.acc.free matched=callerPackage=acceptStylusHandwritingDelegation+acceptStylusHandwritingDelegationAsync+getEnabledInputMethodSubtypeList+prepareStylusHandwritingDelegation+setAdditionalInputMethodSubtypes+setExplicitlyEnabledInputMethodSubtypes+startConnectionlessStylusHandwriting+startProtoDump,editorIdentity=start
1788688878.957 10311  1357  1357 I Unique  : 2026-09-06 17:01:18.956 I HOOK IDENTITY_HOOKS_INSTALLED package=com.a0soft.gphone.acc.free installed=alarm,clipboard,restrictions,locale,connectivity,power,wifi,location,audio,vibrator_manager,usagestats,netstats,content,shortcut,mount,account,phone,device_policy,media.camera,telecom,media_router,media_session,appwidget,input_method skipped=
1788688878.958 10311  1357  1357 W Unique  : 2026-09-06 17:01:18.957 W PROCESS ALARM_EXACT_UNAVAILABLE detail=UNIQUE does not hold SCHEDULE_EXACT_ALARM; a guest asking for an exact alarm will get the platform's SecurityException
1788688878.963 10311  1357  1357 I Unique  : 2026-09-06 17:01:18.960 I HOOK SERVICE_HOOKED service=jobscheduler cache=true singletons=0 managers=0 bound=jobById,scheduleJob,pendingJobs matched=jobById=cancel+getPendingJob+getPendingJobReason,scheduleJob=enqueue+schedule+scheduleAsPackage,pendingJobs=getAllPendingJobs+getAllPendingJobsInNamespace
1788688878.964 10311  1357  1357 I Unique  : 2026-09-06 17:01:18.963 I HOOK JOB_HOOKED package=com.a0soft.gphone.acc.free slot=0 matched=jobById=cancel+getPendingJob+getPendingJobReason,scheduleJob=enqueue+schedule+scheduleAsPackage,pendingJobs=getAllPendingJobs+getAllPendingJobsInNamespace
1788688878.968 10311  1357  1434 I Unique  : 2026-09-06 17:01:18.968 I LAUNCH SIGNATURES_LOADED package=com.a0soft.gphone.acc.free signers=1 hasSigningInfo=true
1788688878.970 10311  1357  1357 I Unique  : 2026-09-06 17:01:18.969 I HOOK SERVICE_HOOKED service=notification cache=true singletons=1 managers=0 bound=notificationIdentity,enqueue,channels matched=notificationIdentity=addAutomaticZenRule+areBubblesAllowed+areNotificationsEnabled+areNotificationsEnabledForPackage+buzzBeepBlinkForNotification+canNotifyAsPackage+canShowBadge+cancelAllNotifications+cancelNotificationFromListener+cancelToast+clearData+deleteNotificationHistoryItem+enqueueTextToast+enqueueToast+finishToken+getActiveNotifications+getActiveNotificationsWithAttribution+getAllowedAss
1788688878.971 10311  1357  1357 I Unique  : 2026-09-06 17:01:18.970 I HOOK NOTIFICATION_HOOKED package=com.a0soft.gphone.acc.free vuid=0 matched=notificationIdentity=addAutomaticZenRule+areBubblesAllowed+areNotificationsEnabled+areNotificationsEnabledForPackage+buzzBeepBlinkForNotification+canNotifyAsPackage+canShowBadge+cancelAllNotifications+cancelNotificationFromListener+cancelToast+clearData+deleteNotificationHistoryItem+enqueueTextToast+enqueueToast+finishToken+getActiveNotifications+getActiveNotificationsWithAttribution+getAllowedAss
1788688878.993 10311  1357  1357 I Unique  : 2026-09-06 17:01:18.992 I PROCESS RECEIVERS_REGISTERED package=com.a0soft.gphone.acc.free declared=12 registered=18 actions=com.a0soft.gphone.base.content.blSelfPkgRecvV12#android.intent.action.MY_PACKAGE_REPLACED;com.a0soft.gphone.acc.main.SysRecv#android.intent.action.BOOT_COMPLETED,android.intent.action.DEVICE_STORAGE_LOW;com.a0soft.gphone.acc.widget.WidgetProvider#android.appwidget.action.APPWIDGET_UPDATE,com.a0soft.gphone.acc.widget.AppMgrSrvc.ActionStatusUpdated,com.a0soft.gphone.acc.widget.ActionRefresh,com.a0so exported=2
1788688878.993 10311  1357  1357 I Unique  : 2026-09-06 17:01:18.993 I LAUNCH ACTIVITY_LIFECYCLE_INSTALLED package=com.a0soft.gphone.acc.free
1788688878.998 10311  1357  1357 I Unique  : 2026-09-06 17:01:18.997 I STORAGE EXTERNAL_VOLUME_REPOINTED path=/data/user/0/com.unique/files/virtual/users/0/sdcard fields=mPath,mInternalPath
1788688879.037 10311  1357  1357 I UniqueNative: io_redirect installed: 0 slot(s) in 2/391 libraries (0 excluded, 10 total), 8 rule(s), page size 4096
1788688879.038 10311  1357  1451 I Unique  : 2026-09-06 17:01:19.037 I LAUNCH GOOGLE_STACK_HIDDEN package=com.google.android.gms detail=Play services refuses a virtual app's identity and kills it from a Handler; reported absent so the SDK takes its own unavailable path
1788688879.070 10311  1357  1357 I Unique  : 2026-09-06 17:01:19.069 I PROCESS PROVIDERS_PUBLISHED package=com.a0soft.gphone.acc.free process=com.a0soft.gphone.acc.free declared=6 authorities=[redacted]
1788688879.082 10311  1357  1357 D Unique  : 2026-09-06 17:01:19.081 D PROCESS u0 com.a0soft.gphone.acc.free PERMISSION_CHECK permission=com.google.android.finsky.permission.BIND_GET_INSTALL_REFERRER_SERVICE result=GRANTED
1788688879.086 10311  1357  1357 D Unique  : 2026-09-06 17:01:19.085 D PROCESS u0 com.a0soft.gphone.acc.free PERMISSION_CHECK permission=android.permission.INTERNET result=GRANTED
1788688879.092 10311  1357  1357 I UniqueNative: redirect table set: 8 rule(s)
1788688879.092 10311  1357  1357 I UniqueNative: io_redirect: 2 exclusion(s) set
1788688879.093 10311  1357  1357 I UniqueNative: io_redirect installed: 0 slot(s) in 2/391 libraries (0 excluded, 10 total), 8 rule(s), page size 4096
1788688879.094 10311  1357  1357 I Unique  : 2026-09-06 17:01:19.093 I NATIVE u0 com.a0soft.gphone.acc.free IO_REDIRECT_INSTALLED status=NOTHING_TO_HOOK watch=OK rules=8 slots=10 scope=/data/user/0/com.unique/files/virtual/apk/com.a0soft.gphone.acc.free/240005239/lib/arm64-v8a,/data/data/com.unique/files/virtual/apk/com.a0soft.gphone.acc.free/240005239/lib/arm64-v8a,/data/user/0/com excluded=libgrave.so,libunique_native.so
1788688879.097 10311  1357  1357 I Unique  : 2026-09-06 17:01:19.095 I LAUNCH u0 com.a0soft.gphone.acc.free BOOTSTRAP_OK package=com.a0soft.gphone.acc.free vuid=0 slot=0 applicationClass=com.pairip.application.Application dataDir=/data/user/0/com.unique/files/virtual/users/0/data/com.a0soft.gphone.acc.free sourceDir=/data/user/0/com.unique/files/virtual/apk/com.a0soft.gphone.acc.free/240005239/base.apk nativeLibraryDir=/data/user/0/com.unique/files/virtual/apk/com.a0soft.gphone.acc.free/240005239/lib/arm64-v8a targetSdk=36 observedPackageName=com.a0soft.gphone.acc.free observedFilesDir=/data/user/0/com.unique/files/virtual/users/0/data/com.a0soft.gphone.acc.free/files millis=487
1788688879.098 10311  1357  1496 W EpFrameworkFactory: activated: false jar exist: false
1788688879.098 10311  1357  1357 I Unique  : 2026-09-06 17:01:19.097 I LAUNCH u0 com.a0soft.gphone.acc.free TRANSACTION_REWRITTEN package=com.a0soft.gphone.acc.free activity=com.a0soft.gphone.acc.free.MainWnd vuid=0 item=LaunchActivityItem theme=2131952551
1788688879.102 10311   569   700 I Unique  : 2026-09-06 17:01:19.102 I PROCESS PROVIDER_SLOT_READY slot=0 vuid=0 pid=1357
1788688879.102 10311  1357  1357 I ActivityThread: HardwareRenderer preload  done
1788688879.121 10311  1357  1496 D Unique  : 2026-09-06 17:01:19.118 D PROCESS u0 com.a0soft.gphone.acc.free NOTIFICATION_ADAPTED package=com.a0soft.gphone.acc.free vuid=0 channel=vu0:com.a0soft.gphone.acc.free:com.google.android.gms.availability icon=1
1788688879.129 10311  1357  1526 D Unique  : 2026-09-06 17:01:19.127 D PROCESS u0 com.a0soft.gphone.acc.free PERMISSION_CHECK permission=android.permission.INTERNET result=GRANTED
1788688879.132 10311  1357  1526 D Unique  : 2026-09-06 17:01:19.131 D PROCESS u0 com.a0soft.gphone.acc.free PERMISSION_CHECK permission=android.permission.ACCESS_NETWORK_STATE result=GRANTED
1788688879.141 10311  1357  1591 E om.unique:vapp0: setpriority success to 100 : mali-cmar-backend
1788688879.144 10311  1357  1357 I Unique  : 2026-09-06 17:01:19.144 I LAUNCH u0 com.a0soft.gphone.acc.free ACTIVITY_HARDWARE_ACCELERATED activity=com.a0soft.gphone.acc.free.MainWnd fromActivityInfo=false applied=true
1788688879.148 10311  1357  1450 I Unique  : 2026-09-06 17:01:19.144 I PROCESS u0 com.a0soft.gphone.acc.free JOB_SCHEDULED service=androidx.work.impl.background.systemjob.SystemJobService virtualJobId=1 hostJobId=1 stub=com.unique.stub.JobStub_p0
1788688879.153 10311  1357  1526 I Unique  : 2026-09-06 17:01:19.150 I PROCESS u0 com.a0soft.gphone.acc.free SERVICE_STUB_RESERVED slot=0 stub=0 service=com.google.android.gms.measurement.AppMeasurementService vuid=0
1788688879.155 10311  1357  1357 W libc    : Access denied finding property "persist.vendor.camera.IsVariableApertureSupported"
1788688879.155 10311  1357  1357 W libc    : Access denied finding property "persist.vendor.camera.IsStreetModeSupported"
1788688879.157 10311  1357  1526 D Unique  : 2026-09-06 17:01:19.153 D PROCESS u0 com.a0soft.gphone.acc.free SERVICE_INTENT_ROUTED service=com.google.android.gms.measurement.AppMeasurementService stub=com.unique.stub.ServiceStub_p0_s0 action=com.google.android.gms.measurement.START
1788688879.158 10311  1357  1526 D Unique  : 2026-09-06 17:01:19.157 D PROCESS u0 com.a0soft.gphone.acc.free SERVICE_CONNECTION_WRAPPED connection=qa1
1788688879.195 10311  1357  1357 W libc    : Access denied finding property "ro.vendor.df.effect.conflict"
1788688879.202 10311  1357  1357 W WindowOnBackDispatcher: OnBackInvokedCallback is not enabled for the application.
1788688879.202 10311  1357  1357 W WindowOnBackDispatcher: Set 'android:enableOnBackInvokedCallback="true"' in the application manifest.
1788688879.217 10311  1357  1501 I Unique  : 2026-09-06 17:01:19.216 I PROCESS u0 com.a0soft.gphone.acc.free JOB_SCHEDULED service=com.google.android.datatransport.runtime.scheduling.jobscheduling.JobInfoSchedulerService virtualJobId=641086048 hostJobId=406112 stub=com.unique.stub.JobStub_p0
1788688879.222 10311  1357  1357 W libc    : Access denied finding property "ro.vendor.perf.scroll_opt"
1788688879.224 10311  1357  1357 D Unique  : 2026-09-06 17:01:19.224 D LAUNCH u0 com.a0soft.gphone.acc.free CALLBACK_ALIVE what=159 obj=android.app.servertransaction.ClientTransaction
1788688879.225 10311  1357  1357 D Unique  : 2026-09-06 17:01:19.225 D LAUNCH u0 com.a0soft.gphone.acc.free NO_LAUNCH_ITEM transaction=android.app.servertransaction.ClientTransaction shape=CREATOR: mActivityCallbacks:[TopResumedActivityChangeItem] mActivityToken:BinderProxy mClient:null mLifecycleStateRequest:null mTransactionItems:[TopResumedActivityChangeItem] seen=2
1788688879.233 10311  1357  1357 D Unique  : 2026-09-06 17:01:19.232 D LAUNCH u0 com.a0soft.gphone.acc.free CALLBACK_ALIVE what=114 obj=android.app.ActivityThread$CreateServiceData
1788688879.234 10311  1357  1357 I Unique  : 2026-09-06 17:01:19.233 I PROCESS u0 com.a0soft.gphone.acc.free CREATE_SERVICE_REWRITTEN stub=com.unique.stub.ServiceStub_p0_s0 service=com.google.android.gms.measurement.AppMeasurementService
1788688879.235 10311  1357  1445 D Unique  : 2026-09-06 17:01:19.234 D PROCESS u0 com.a0soft.gphone.acc.free SERVICE_CONNECTION_WRAPPED connection=fq0
1788688879.240 10311  1357  1357 D Unique  : 2026-09-06 17:01:19.238 D PROCESS u0 com.a0soft.gphone.acc.free SERVICE_INTENT_ROUTED service=com.google.android.gms.measurement.AppMeasurementService stub=com.unique.stub.ServiceStub_p0_s0 action=com.google.android.gms.measurement.START
1788688879.246 10311  1357  1526 I Unique  : 2026-09-06 17:01:19.245 I LAUNCH u0 com.a0soft.gphone.acc.free PENDING_INTENT_RECEIVER_ROUTED receiver=com.google.android.gms.measurement.AppMeasurementReceiver package=com.a0soft.gphone.acc.free vuid=0 stub=com.unique.app.runtime.BroadcastStub
1788688879.246 10311  1357  1357 D Unique  : 2026-09-06 17:01:19.246 D PROCESS u0 com.a0soft.gphone.acc.free CREATE_SERVICE_UNMAPPED stub=com.unique.stub.JobStub_p0
1788688879.265 10311  1357  1526 I Unique  : 2026-09-06 17:01:19.265 I LAUNCH u0 com.a0soft.gphone.acc.free PENDING_INTENT_RECEIVER_ROUTED receiver=com.google.android.gms.measurement.AppMeasurementReceiver package=com.a0soft.gphone.acc.free vuid=0 stub=com.unique.app.runtime.BroadcastStub
1788688879.274 10311  1357  1357 W libc    : Access denied finding property "ro.vendor.mi_sf.new_dynamic_refresh_rate"
1788688879.287 10311   569   635 W libc    : Access denied finding property "ro.vendor.display.iris_x7.support"
1788688879.315 10311  1357  1568 W libc    : Access denied finding property "ro.vendor.display.iris_x7.support"
1788688879.328 10311  1357  1357 D Unique  : 2026-09-06 17:01:19.326 D LAUNCH u0 com.a0soft.gphone.acc.free NO_LAUNCH_ITEM transaction=android.app.servertransaction.ClientTransaction shape=CREATOR: mActivityCallbacks:[TopResumedActivityChangeItem] mActivityToken:BinderProxy mClient:null mLifecycleStateRequest:PauseActivityItem mTransactionItems:[TopResumedActivityChangeItem|PauseActivityItem] seen=3
1788688879.348 10311  1357  1357 D Unique  : 2026-09-06 17:01:19.347 D PROCESS u0 com.a0soft.gphone.acc.free SERVICE_INTENT_CROSS_APP action=com.android.vending.licensing.ILicensingService target=com.android.vending
1788688879.348 10311  1357  1357 D Unique  : 2026-09-06 17:01:19.348 D PROCESS u0 com.a0soft.gphone.acc.free SERVICE_CONNECTION_WRAPPED connection=com.pairip.licensecheck.LicenseClient
1788688879.360 10311  1357  1357 D Unique  : 2026-09-06 17:01:19.358 D PROCESS u0 com.a0soft.gphone.acc.free SERVICE_CONNECTION_WRAPPED connection=gdv
1788688879.371 10311   569   667 E com.unique: checkIfsupportxIntfps do not binder to joyose
1788688879.379 10311  1357  1357 D Unique  : 2026-09-06 17:01:19.378 D PROCESS u0 com.a0soft.gphone.acc.free SERVICE_CONNECTION_RENAMED stub=com.unique.stub.ServiceStub_p0_s0 service=com.google.android.gms.measurement.AppMeasurementService
1788688879.388 10311  1357  1357 I Unique  : 2026-09-06 17:01:19.386 I PROCESS u0 com.a0soft.gphone.acc.free JOB_STARTED service=androidx.work.impl.background.systemjob.SystemJobService virtualJobId=1 hostJobId=1 stillRunning=false
1788688879.390 10311   569   635 E com.unique: FrameInsert open fail: No such file or directory
1788688879.494 10311  1357  1357 W libc    : Access denied finding property "ro.vendor.display.iris_x7.support"
1788688879.510 10311  1357  1568 W libc    : Access denied finding property "ro.vendor.display.iris_x7.support"
1788688879.553 10311  1357  1568 E LB      : fail to open file: No such file or directory
1788688879.553 10311  1357  1568 E LB      : fail to open node: No such file or directory
1788688879.553 10311  1357  1568 E LB      : fail to open node: No such file or directory
1788688879.554 10311  1357  1568 W libc    : Access denied finding property "ro.vendor.display.iris_x7.support"
1788688879.734 10311  1357  1655 E emoji2.text.DefaultEmojiConfig: com.google.android.gms
1788688879.734 10311  1357  1655 E emoji2.text.DefaultEmojiConfig: android.content.pm.PackageManager$NameNotFoundException: com.google.android.gms
1788688879.734 10311  1357  1655 E emoji2.text.DefaultEmojiConfig: 	at android.app.ApplicationPackageManager.getPackageInfoAsUser(ApplicationPackageManager.java:276)
1788688879.734 10311  1357  1655 E emoji2.text.DefaultEmojiConfig: 	at android.app.ApplicationPackageManager.getPackageInfo(ApplicationPackageManager.java:236)
1788688879.734 10311  1357  1655 E emoji2.text.DefaultEmojiConfig: 	at android.app.ApplicationPackageManager.getPackageInfo(ApplicationPackageManager.java:230)
1788688879.734 10311  1357  1655 E emoji2.text.DefaultEmojiConfig: 	at bpb.灗(SAM:3)
1788688879.734 10311  1357  1655 E emoji2.text.DefaultEmojiConfig: 	at anx.躣(dex-id-b9da204002bfd4299192d95858da458f23bf30aa:82)
1788688879.734 10311  1357  1655 E emoji2.text.DefaultEmojiConfig: 	at csy.run(SAM:430)
1788688879.734 10311  1357  1655 E emoji2.text.DefaultEmojiConfig: 	at java.util.concurrent.ThreadPoolExecutor.runWorker(ThreadPoolExecutor.java:1100)
1788688879.734 10311  1357  1655 E emoji2.text.DefaultEmojiConfig: 	at java.util.concurrent.ThreadPoolExecutor$Worker.run(ThreadPoolExecutor.java:624)
1788688879.734 10311  1357  1655 E emoji2.text.DefaultEmojiConfig: 	at java.lang.Thread.run(Thread.java:1572)
1788688880.286 10311  1357  1357 D Unique  : 2026-09-06 17:01:20.285 D LAUNCH u0 com.a0soft.gphone.acc.free NO_LAUNCH_ITEM transaction=android.app.servertransaction.ClientTransaction shape=CREATOR: mActivityCallbacks:null mActivityToken:BinderProxy mClient:null mLifecycleStateRequest:DestroyActivityItem mTransactionItems:[DestroyActivityItem] seen=4
1788688880.308 10311  1357  1357 D Unique  : 2026-09-06 17:01:20.306 D PROCESS u0 com.a0soft.gphone.acc.free PERMISSION_CHECK permission=android.permission.INTERNET result=GRANTED
1788688880.316 10311  1357  1357 W WindowOnBackDispatcher: sendCancelIfRunning: isInProgress=false callback=android.view.ViewRootImpl$$ExternalSyntheticLambda12@ebfa0c5
1788688881.078 10311  1357  1501 I Unique  : 2026-09-06 17:01:21.076 I PROCESS u0 com.a0soft.gphone.acc.free JOB_SCHEDULED service=com.google.android.datatransport.runtime.scheduling.jobscheduling.JobInfoSchedulerService virtualJobId=267790068 hostJobId=403188 stub=com.unique.stub.JobStub_p0
1788688881.827 10311   569   569 W WindowOnBackDispatcher: sendCancelIfRunning: isInProgress=false callback=io.flutter.embedding.android.FlutterActivity$1@db90b4b
1788688883.184 10311   569   622 I Unique  : 2026-09-06 17:01:23.183 I PROCESS SLOT_PROCESS_STOPPED slot=:vapp0 pids=1357 reason=removed
1788688883.184 10311   569   622 I Unique  : 2026-09-06 17:01:23.184 I PROCESS PROCESS_RELEASED slot=:vapp0 reason=removed
1788688883.192 10311   569   569 W WindowOnBackDispatcher: sendCancelIfRunning: isInProgress=false callback=io.flutter.embedding.android.FlutterActivity$1@db90b4b
1788688883.209 10311   569   726 I Unique  : 2026-09-06 17:01:23.209 I PROCESS BROADCAST_ROUTER_READY instances=0 actions=26 authorities=[redacted]
1788688883.441 10311   569   579 W com.unique: ApkAssets: Deleting an ApkAssets object '<empty> and /data/user/0/com.unique/files/virtual/apk/com.a0soft.gphone.acc.free/240005239/base.apk' with 1 weak references
1788688883.442 10311   569   579 W com.unique: ApkAssets: Deleting an ApkAssets object '<empty> and /data/user/0/com.unique/files/virtual/apk/com.a0soft.gphone.acc.free/240005239/split_config.arm64_v8a.apk' with 1 weak references
1788688883.442 10311   569   579 W com.unique: ApkAssets: Deleting an ApkAssets object '<empty> and /data/user/0/com.unique/files/virtual/apk/com.a0soft.gphone.acc.free/240005239/split_config.xxhdpi.apk' with 1 weak references
1788688883.442 10311   569   579 W com.unique: ApkAssets: Deleting an ApkAssets object '<empty> and /data/user/0/com.unique/files/virtual/apk/com.axlebolt.standoff2/203908/base.apk' with 1 weak references
1788688883.991 10311   569   575 W com.unique: Cleared Reference was only reachable from finalizer (only reported once)
1788688884.004 10311   569   579 W com.unique: ApkAssets: Deleting an ApkAssets object '<empty> and /data/app/~~fbMIfb5bQRSeDV4qN5JbrQ==/com.openai.chatgpt-yAR_zbiyMnEL0nkU87BC5A==/base.apk' with 1 weak references
1788688884.004 10311   569   579 W com.unique: ApkAssets: Deleting an ApkAssets object '<empty> and /data/app/~~fbMIfb5bQRSeDV4qN5JbrQ==/com.openai.chatgpt-yAR_zbiyMnEL0nkU87BC5A==/split_config.arm64_v8a.apk' with 1 weak references
1788688884.004 10311   569   579 W com.unique: ApkAssets: Deleting an ApkAssets object '<empty> and /data/app/~~fbMIfb5bQRSeDV4qN5JbrQ==/com.openai.chatgpt-yAR_zbiyMnEL0nkU87BC5A==/split_config.ru.apk' with 1 weak references
1788688884.005 10311   569   579 W com.unique: ApkAssets: Deleting an ApkAssets object '<empty> and /data/app/~~fbMIfb5bQRSeDV4qN5JbrQ==/com.openai.chatgpt-yAR_zbiyMnEL0nkU87BC5A==/split_config.xxhdpi.apk' with 1 weak references
1788688884.005 10311   569   579 W com.unique: ApkAssets: Deleting an ApkAssets object '<empty> and /data/app/~~dIzM8R2VKNcseUPYkR7YfA==/com.google.android.marvin.talkback-RoQSRwhE9YHg1ajuoB0gqg==/base.apk' with 1 weak references
1788688884.005 10311   569   579 W com.unique: ApkAssets: Deleting an ApkAssets object '<empty> and /data/app/~~dIzM8R2VKNcseUPYkR7YfA==/com.google.android.marvin.talkback-RoQSRwhE9YHg1ajuoB0gqg==/split_config.arm64_v8a.apk' with 1 weak references
1788688884.006 10311   569   579 W com.unique: ApkAssets: Deleting an ApkAssets object '<empty> and /data/app/~~ItA4ATnc7x5tZxxil8RoQQ==/com.google.android.googlequicksearchbox-B34OqsIBVDUACIIcm8JfnA==/base.apk' with 1 weak references
1788688884.007 10311   569   579 W com.unique: ApkAssets: Deleting an ApkAssets object '<empty> and /data/app/~~XQmPOPV_XxINA_jPcGmsIQ==/com.miui.screenrecorder-G-XBxKJvovi92jNh9l3JIQ==/base.apk' with 1 weak references
1788688884.008 10311   569   579 W com.unique: ApkAssets: Deleting an ApkAssets object '<empty> and /data/app/~~ItA4ATnc7x5tZxxil8RoQQ==/com.google.android.googlequicksearchbox-B34OqsIBVDUACIIcm8JfnA==/split_config.xxhdpi.apk' with 1 weak references
1788688884.008 10311   569   579 W com.unique: ApkAssets: Deleting an ApkAssets object '<empty> and /data/app/~~ItA4ATnc7x5tZxxil8RoQQ==/com.google.android.googlequicksearchbox-B34OqsIBVDUACIIcm8JfnA==/split_lens_ondevice_engine_feature_module.apk' with 1 weak references
1788688884.008 10311   569   579 W com.unique: ApkAssets: Deleting an ApkAssets object '<empty> and /data/app/~~ItA4ATnc7x5tZxxil8RoQQ==/com.google.android.googlequicksearchbox-B34OqsIBVDUACIIcm8JfnA==/split_lens_ondevice_engine_play_ml_module.apk' with 1 weak references
1788688884.008 10311   569   579 W com.unique: ApkAssets: Deleting an ApkAssets object '<empty> and /system_ext/priv-app/RtMiCloudSDK/RtMiCloudSDK.apk' with 4 weak references
1788688884.008 10311   569   579 W com.unique: ApkAssets: Deleting an ApkAssets object '<empty> and /system_ext/app/miuisystem/miuisystem.apk' with 6 weak references
1788688884.008 10311   569   579 W com.unique: ApkAssets: Deleting an ApkAssets object '<empty> and /data/app/~~-USux0I649yeK8kjLtUs6w==/io.hitray.android-yz9_YgFveD2eh2-uVfEvTQ==/base.apk' with 1 weak references
1788688884.009 10311   569   579 W com.unique: ApkAssets: Deleting an ApkAssets object '<empty> and /data/app/~~-USux0I649yeK8kjLtUs6w==/io.hitray.android-yz9_YgFveD2eh2-uVfEvTQ==/split_config.arm64_v8a.apk' with 1 weak references
1788688884.009 10311   569   579 W com.unique: ApkAssets: Deleting an ApkAssets object '<empty> and /data/app/~~-USux0I649yeK8kjLtUs6w==/io.hitray.android-yz9_YgFveD2eh2-uVfEvTQ==/split_config.ru.apk' with 1 weak references
1788688884.009 10311   569   579 W com.unique: ApkAssets: Deleting an ApkAssets object '<empty> and /data/app/~~-USux0I649yeK8kjLtUs6w==/io.hitray.android-yz9_YgFveD2eh2-uVfEvTQ==/split_config.xxhdpi.apk' with 1 weak references
1788688884.009 10311   569   579 W com.unique: ApkAssets: Deleting an ApkAssets object '<empty> and /data/app/GlobalWPSLITE/base.apk' with 1 weak references
1788688884.009 10311   569   579 W com.unique: ApkAssets: Deleting an ApkAssets object '<empty> and /data/app/~~rg2DbhTU1ND5cF8h23oQew==/org.telegram.messenger-ssp6zHI1umWAqjB0ibq88A==/base.apk' with 1 weak references
1788688884.009 10311   569   579 W com.unique: ApkAssets: Deleting an ApkAssets object '<empty> and /data/app/~~rg2DbhTU1ND5cF8h23oQew==/org.telegram.messenger-ssp6zHI1umWAqjB0ibq88A==/split_config.arm64_v8a.apk' with 1 weak references
1788688884.009 10311   569   579 W com.unique: ApkAssets: Deleting an ApkAssets object '<empty> and /data/app/~~rg2DbhTU1ND5cF8h23oQew==/org.telegram.messenger-ssp6zHI1umWAqjB0ibq88A==/split_config.ru.apk' with 1 weak references
1788688884.009 10311   569   579 W com.unique: ApkAssets: Deleting an ApkAssets object '<empty> and /data/app/~~rg2DbhTU1ND5cF8h23oQew==/org.telegram.messenger-ssp6zHI1umWAqjB0ibq88A==/split_config.xxhdpi.apk' with 1 weak references
1788688884.010 10311   569   579 W com.unique: ApkAssets: Deleting an ApkAssets object '<empty> and /data/app/~~KJXAelHloRLMhXRuCgXfsA==/com.termux.x11-osj7xncZ_M4TKFTgtNfUvQ==/base.apk' with 1 weak references
1788688884.010 10311   569   579 W com.unique: ApkAssets: Deleting an ApkAssets object '<empty> and /data/app/~~QQHHYxwNPykiSC3FoxXBWw==/com.gordey.standarling-qi6-h5086vrmRTcPTW755g==/base.apk' with 1 weak references
1788688884.010 10311   569   579 W com.unique: ApkAssets: Deleting an ApkAssets object '<empty> and /data/app/~~hmK1R5MXm77mIxebqB1UWg==/de.szalkowski.activitylauncher-U8OB-FYSopjrnRHsZdEEww==/base.apk' with 1 weak references
1788688884.010 10311   569   579 W com.unique: ApkAssets: Deleting an ApkAssets object '<empty> and /data/app/~~hmK1R5MXm77mIxebqB1UWg==/de.szalkowski.activitylauncher-U8OB-FYSopjrnRHsZdEEww==/split_config.arm64_v8a.apk' with 1 weak references
1788688884.010 10311   569   579 W com.unique: ApkAssets: Deleting an ApkAssets object '<empty> and /data/app/~~hmK1R5MXm77mIxebqB1UWg==/de.szalkowski.activitylauncher-U8OB-FYSopjrnRHsZdEEww==/split_config.xxhdpi.apk' with 1 weak references
1788688884.010 10311   569   579 W com.unique: ApkAssets: Deleting an ApkAssets object '<empty> and /data/app/~~LvuV9aG6AJttZ9KZG9DfUQ==/nu.gpu.nagram-piHbsnG6qKY0S-0pb2n_mg==/base.apk' with 1 weak references
1788688884.011 10311   569   579 W com.unique: ApkAssets: Deleting an ApkAssets object '<empty> and /data/app/~~FbOmbJprFej1zimcVmUamg==/com.google.android.apps.authenticator2-spHVZ5FEndpJKCz3wWEkSA==/base.apk' with 1 weak references
1788688884.011 10311   569   579 W com.unique: ApkAssets: Deleting an ApkAssets object '<empty> and /data/app/~~FbOmbJprFej1zimcVmUamg==/com.google.android.apps.authenticator2-spHVZ5FEndpJKCz3wWEkSA==/split_config.ru.apk' with 1 weak references
1788688884.011 10311   569   579 W com.unique: ApkAssets: Deleting an ApkAssets object '<empty> and /data/app/~~FbOmbJprFej1zimcVmUamg==/com.google.android.apps.authenticator2-spHVZ5FEndpJKCz3wWEkSA==/split_config.xxhdpi.apk' with 1 weak references
1788688884.011 10311   569   579 W com.unique: ApkAssets: Deleting an ApkAssets object '<empty> and /data/app/~~ZqdvqHIQdj2aYGnH1VRJ2g==/clear.una-9D8IYmbsSYbrHCFNhktz7g==/base.apk' with 1 weak references
1788688884.012 10311   569   579 W com.unique: ApkAssets: Deleting an ApkAssets object '<empty> and /data/app/MIUISoundRecorderTargetSdk30Global/base.apk' with 1 weak references
1788688884.012 10311   569   579 W com.unique: ApkAssets: Deleting an ApkAssets object '<empty> and /data/app/~~jD-_UzuxAsOgbh6KR6hmBQ==/moe.shizuku.privileged.api-cQKJ66hF6rbFA6IGkaIRVQ==/base.apk' with 1 weak references
1788688884.012 10311   569   579 W com.unique: ApkAssets: Deleting an ApkAssets object '<empty> and /data/app/~~ybthXu1lfLhXH0A_ezjXOQ==/com.Chillow.CustomRise-jbRzsHDPDsDqtF4ya8mKFQ==/base.apk' with 1 weak references
1788688884.013 10311   569   579 W com.unique: ApkAssets: Deleting an ApkAssets object '<empty> and /data/app/~~5UvyUty5uHV3AXEdZmqD2w==/com.pinterest-lPffnbjAGLKDxKewLDe9fA==/base.apk' with 1 weak references
1788688884.013 10311   569   579 W com.unique: ApkAssets: Deleting an ApkAssets object '<empty> and /data/app/~~5UvyUty5uHV3AXEdZmqD2w==/com.pinterest-lPffnbjAGLKDxKewLDe9fA==/split_config.arm64_v8a.apk' with 1 weak references
1788688884.013 10311   569   579 W com.unique: ApkAssets: Deleting an ApkAssets object '<empty> and /data/app/~~5UvyUty5uHV3AXEdZmqD2w==/com.pinterest-lPffnbjAGLKDxKewLDe9fA==/split_config.ru.apk' with 1 weak references
1788688884.013 10311   569   579 W com.unique: ApkAssets: Deleting an ApkAssets object '<empty> and /data/app/~~5UvyUty5uHV3AXEdZmqD2w==/com.pinterest-lPffnbjAGLKDxKewLDe9fA==/split_config.xxhdpi.apk' with 1 weak references
1788688884.013 10311   569   579 W com.unique: ApkAssets: Deleting an ApkAssets object '<empty> and /data/app/~~dLYsOqWzTnFcjo2aHD3xSQ==/bin.mt.plus-R6p8RfoCeLQWL_mDoMlBsw==/base.apk' with 1 weak references
1788688884.013 10311   569   579 W com.unique: ApkAssets: Deleting an ApkAssets object '<empty> and /data/app/MIUICompassGlobal/base.apk' with 1 weak references
1788688884.014 10311   569   579 W com.unique: ApkAssets: Deleting an ApkAssets object '<empty> and /data/app/~~FbRqAr85vnOKgdJeIwPSHg==/com.f0x1d.logfox-3E_m6EooCJ8N7AUdxRJEng==/base.apk' with 1 weak references
1788688884.014 10311   569   579 W com.unique: ApkAssets: Deleting an ApkAssets object '<empty> and /data/app/~~J39jRrIsqrfa_ve43AGRfA==/com.google.android.apps.bard-tjj9Z_NgMfNFo9NyS1eyrw==/base.apk' with 1 weak references
1788688884.014 10311   569   579 W com.unique: ApkAssets: Deleting an ApkAssets object '<empty> and /data/app/~~J39jRrIsqrfa_ve43AGRfA==/com.google.android.apps.bard-tjj9Z_NgMfNFo9NyS1eyrw==/split_config.arm64_v8a.apk' with 1 weak references
1788688884.014 10311   569   579 W com.unique: ApkAssets: Deleting an ApkAssets object '<empty> and /data/app/~~J39jRrIsqrfa_ve43AGRfA==/com.google.android.apps.bard-tjj9Z_NgMfNFo9NyS1eyrw==/split_config.bn.apk' with 1 weak references
1788688884.015 10311   569   579 W com.unique: ApkAssets: Deleting an ApkAssets object '<empty> and /data/app/~~J39jRrIsqrfa_ve43AGRfA==/com.google.android.apps.bard-tjj9Z_NgMfNFo9NyS1eyrw==/split_config.en.apk' with 1 weak references
1788688884.015 10311   569   579 W com.unique: ApkAssets: Deleting an ApkAssets object '<empty> and /data/app/~~J39jRrIsqrfa_ve43AGRfA==/com.google.android.apps.bard-tjj9Z_NgMfNFo9NyS1eyrw==/split_config.gu.apk' with 1 weak references
1788688884.015 10311   569   579 W com.unique: ApkAssets: Deleting an ApkAssets object '<empty> and /data/app/~~J39jRrIsqrfa_ve43AGRfA==/com.google.android.apps.bard-tjj9Z_NgMfNFo9NyS1eyrw==/split_config.hi.apk' with 1 weak references
1788688884.015 10311   569   579 W com.unique: ApkAssets: Deleting an ApkAssets object '<empty> and /data/app/~~J39jRrIsqrfa_ve43AGRfA==/com.google.android.apps.bard-tjj9Z_NgMfNFo9NyS1eyrw==/split_config.kn.apk' with 1 weak references
1788688884.015 10311   569   579 W com.unique: ApkAssets: Deleting an ApkAssets object '<empty> and /data/app/~~J39jRrIsqrfa_ve43AGRfA==/com.google.android.apps.bard-tjj9Z_NgMfNFo9NyS1eyrw==/split_config.mr.apk' with 1 weak references
1788688884.015 10311   569   579 W com.unique: ApkAssets: Deleting an ApkAssets object '<empty> and /data/app/~~J39jRrIsqrfa_ve43AGRfA==/com.google.android.apps.bard-tjj9Z_NgMfNFo9NyS1eyrw==/split_config.ru.apk' with 1 weak references
1788688884.015 10311   569   579 W com.unique: ApkAssets: Deleting an ApkAssets object '<empty> and /data/app/~~J39jRrIsqrfa_ve43AGRfA==/com.google.android.apps.bard-tjj9Z_NgMfNFo9NyS1eyrw==/split_config.ta.apk' with 1 weak references
1788688884.015 10311   569   579 W com.unique: ApkAssets: Deleting an ApkAssets object '<empty> and /data/app/~~J39jRrIsqrfa_ve43AGRfA==/com.google.android.apps.bard-tjj9Z_NgMfNFo9NyS1eyrw==/split_config.te.apk' with 1 weak references
1788688884.015 10311   569   579 W com.unique: ApkAssets: Deleting an ApkAssets object '<empty> and /data/app/~~J39jRrIsqrfa_ve43AGRfA==/com.google.android.apps.bard-tjj9Z_NgMfNFo9NyS1eyrw==/split_config.xxhdpi.apk' with 1 weak references
1788688884.015 10311   569   579 W com.unique: ApkAssets: Deleting an ApkAssets object '<empty> and /data/app/~~fDqH7SpA32dU_mxStcmXBQ==/com.emanuelef.remote_capture-5WExiOcv_yR73wMh7w64Zg==/base.apk' with 1 weak references
1788688884.015 10311   569   579 W com.unique: ApkAssets: Deleting an ApkAssets object '<empty> and /data/app/~~fDqH7SpA32dU_mxStcmXBQ==/com.emanuelef.remote_capture-5WExiOcv_yR73wMh7w64Zg==/split_config.arm64_v8a.apk' with 1 weak references
1788688884.015 10311   569   579 W com.unique: ApkAssets: Deleting an ApkAssets object '<empty> and /data/app/~~fDqH7SpA32dU_mxStcmXBQ==/com.emanuelef.remote_capture-5WExiOcv_yR73wMh7w64Zg==/split_config.ru.apk' with 1 weak references
1788688884.015 10311   569   579 W com.unique: ApkAssets: Deleting an ApkAssets object '<empty> and /data/app/~~fDqH7SpA32dU_mxStcmXBQ==/com.emanuelef.remote_capture-5WExiOcv_yR73wMh7w64Zg==/split_config.xxhdpi.apk' with 1 weak references
1788688884.016 10311   569   579 W com.unique: ApkAssets: Deleting an ApkAssets object '<empty> and /data/app/MIUINotes/base.apk' with 1 weak references
1788688884.017 10311   569   579 W com.unique: ApkAssets: Deleting an ApkAssets object '<empty> and /data/app/~~ToEzooAkrU67onkDMsOz-A==/com.xiaomi.midrop-QRwPNiaj1B-KMGM4I2vZlg==/base.apk' with 1 weak references
1788688884.017 10311   569   579 W com.unique: ApkAssets: Deleting an ApkAssets object '<empty> and /data/app/~~znQWjrS88Ohx8dtGgw8_cg==/com.avo.vpn-Qnj7RP4c8L4ASKYHsR0wRg==/base.apk' with 1 weak references
1788688884.017 10311   569   579 W com.unique: ApkAssets: Deleting an ApkAssets object '<empty> and /data/app/~~znQWjrS88Ohx8dtGgw8_cg==/com.avo.vpn-Qnj7RP4c8L4ASKYHsR0wRg==/split_config.arm64_v8a.apk' with 1 weak references
1788688884.017 10311   569   579 W com.unique: ApkAssets: Deleting an ApkAssets object '<empty> and /data/app/~~znQWjrS88Ohx8dtGgw8_cg==/com.avo.vpn-Qnj7RP4c8L4ASKYHsR0wRg==/split_config.ru.apk' with 1 weak references
1788688884.018 10311   569   579 W com.unique: ApkAssets: Deleting an ApkAssets object '<empty> and /data/app/~~znQWjrS88Ohx8dtGgw8_cg==/com.avo.vpn-Qnj7RP4c8L4ASKYHsR0wRg==/split_config.xxhdpi.apk' with 1 weak references
1788688884.018 10311   569   579 W com.unique: ApkAssets: Deleting an ApkAssets object '<empty> and /data/app/~~HlE7G1zZsYmJdyiSJ5bWPg==/com.xiaomi.wearable-mw4unPETK0LMg7u69qppjA==/base.apk' with 1 weak references
1788688884.018 10311   569   579 W com.unique: ApkAssets: Deleting an ApkAssets object '<empty> and /data/app/~~HlE7G1zZsYmJdyiSJ5bWPg==/com.xiaomi.wearable-mw4unPETK0LMg7u69qppjA==/split_config.arm64_v8a.apk' with 1 weak references
1788688884.018 10311   569   579 W com.unique: ApkAssets: Deleting an ApkAssets object '<empty> and /data/app/~~HlE7G1zZsYmJdyiSJ5bWPg==/com.xiaomi.wearable-mw4unPETK0LMg7u69qppjA==/split_config.ru.apk' with 1 weak references
1788688884.018 10311   569   579 W com.unique: ApkAssets: Deleting an ApkAssets object '<empty> and /data/app/~~HlE7G1zZsYmJdyiSJ5bWPg==/com.xiaomi.wearable-mw4unPETK0LMg7u69qppjA==/split_config.xxhdpi.apk' with 1 weak references
1788688884.018 10311   569   579 W com.unique: ApkAssets: Deleting an ApkAssets object '<empty> and /data/app/MIUICalculatorGlobal/base.apk' with 1 weak references
1788688884.019 10311   569   579 W com.unique: ApkAssets: Deleting an ApkAssets object '<empty> and /data/app/~~0uKMRni55eIeGuBA-UdIqg==/llc.itdev.incy-mpenI8rpAkCFByZR5jO9gg==/base.apk' with 1 weak references
1788688884.019 10311   569   579 W com.unique: ApkAssets: Deleting an ApkAssets object '<empty> and /data/app/MIUIWeatherGlobal/base.apk' with 1 weak references
1788688884.019 10311   569   579 W com.unique: ApkAssets: Deleting an ApkAssets object '<empty> and /data/app/~~aWOPbtkIcfivimg0lCNOxw==/com.termux-PK0SDb6b5-Yp-w60yEc5cg==/base.apk' with 1 weak references
1788688884.020 10311   569   579 W com.unique: ApkAssets: Deleting an ApkAssets object '<empty> and /data/app/MiuiScanner/base.apk' with 1 weak references
1788688884.020 10311   569   579 W com.unique: ApkAssets: Deleting an ApkAssets object '<empty> and /data/app/~~czZ5M9QoNKe1-aNwTzx9sA==/com.exteragram.messenger-NDtal6OMkucurs3uXfhA7A==/base.apk' with 1 weak references
1788688884.020 10311   569   579 W com.unique: ApkAssets: Deleting an ApkAssets object '<empty> and /data/app/~~Cw5RUU5MGia-dEV1d9CLeg==/net.typeblog.shelter-UAvs0yASnxf_3imb0u9Fdg==/base.apk' with 1 weak references
1788688884.021 10311   569   579 W com.unique: ApkAssets: Deleting an ApkAssets object '<empty> and /data/app/~~wmE2oqYZyY7aIsry4NiImg==/com.miui.mediaeditor-LsfNStuNXHsHhzEvN6SaPg==/base.apk' with 1 weak references
1788688884.021 10311   569   579 W com.unique: ApkAssets: Deleting an ApkAssets object '<empty> and /data/app/~~b9TjLo4gS3fKmrh4CgsMJQ==/com.google.android.apps.work.clouddpc-ax2up3DCBKFKlcjxKXhiAA==/base.apk' with 1 weak references
1788688884.022 10311   569   579 W com.unique: ApkAssets: Deleting an ApkAssets object '<empty> and /data/app/~~b9TjLo4gS3fKmrh4CgsMJQ==/com.google.android.apps.work.clouddpc-ax2up3DCBKFKlcjxKXhiAA==/split_config.arm64_v8a.apk' with 1 weak references
1788688884.022 10311   569   579 W com.unique: ApkAssets: Deleting an ApkAssets object '<empty> and /data/app/~~b9TjLo4gS3fKmrh4CgsMJQ==/com.google.android.apps.work.clouddpc-ax2up3DCBKFKlcjxKXhiAA==/split_config.ru.apk' with 1 weak references
1788688884.022 10311   569   579 W com.unique: ApkAssets: Deleting an ApkAssets object '<empty> and /data/app/~~b9TjLo4gS3fKmrh4CgsMJQ==/com.google.android.apps.work.clouddpc-ax2up3DCBKFKlcjxKXhiAA==/split_config.xxhdpi.apk' with 1 weak references
1788688884.022 10311   569   579 W com.unique: ApkAssets: Deleting an ApkAssets object '<empty> and /data/app/~~jeF1Np_NXFV0Nk3IsGvrCw==/com.google.android.apps.adm-fbP92EYBU7Wwf2yJcdIUfg==/base.apk' with 1 weak references
1788688884.022 10311   569   579 W com.unique: ApkAssets: Deleting an ApkAssets object '<empty> and /data/app/~~jeF1Np_NXFV0Nk3IsGvrCw==/com.google.android.apps.adm-fbP92EYBU7Wwf2yJcdIUfg==/split_config.arm64_v8a.apk' with 1 weak references
1788688884.022 10311   569   579 W com.unique: ApkAssets: Deleting an ApkAssets object '<empty> and /data/app/~~jeF1Np_NXFV0Nk3IsGvrCw==/com.google.android.apps.adm-fbP92EYBU7Wwf2yJcdIUfg==/split_config.ru.apk' with 1 weak references
1788688884.022 10311   569   579 W com.unique: ApkAssets: Deleting an ApkAssets object '<empty> and /data/app/~~jeF1Np_NXFV0Nk3IsGvrCw==/com.google.android.apps.adm-fbP92EYBU7Wwf2yJcdIUfg==/split_config.xxhdpi.apk' with 1 weak references
1788688888.234 10311   569   727 I Unique  : 2026-09-06 17:01:28.233 I STORAGE IMPORT_STARTED package=com.openai.chatgpt files=4
1788688888.261 10311   569   579 W com.unique: ApkAssets: Deleting an ApkAssets object '<empty> and /data/app/~~e73com6-x5yH2jsqLP0xmw==/com.preff.kb.xm-KpegMO3lV97rVDDSSmsbFg==/base.apk' with 1 weak references
1788688888.262 10311   569   579 W com.unique: ApkAssets: Deleting an ApkAssets object '<empty> and /data/app/~~0P94X6q7hQFnvISy4kIBtA==/org.mozilla.firefox-V-RMBJjuN885jasHsv697A==/base.apk' with 1 weak references
1788688888.262 10311   569   579 W com.unique: ApkAssets: Deleting an ApkAssets object '<empty> and /data/app/~~0P94X6q7hQFnvISy4kIBtA==/org.mozilla.firefox-V-RMBJjuN885jasHsv697A==/split_config.arm64_v8a.apk' with 1 weak references
1788688888.262 10311   569   579 W com.unique: ApkAssets: Deleting an ApkAssets object '<empty> and /data/app/~~0P94X6q7hQFnvISy4kIBtA==/org.mozilla.firefox-V-RMBJjuN885jasHsv697A==/split_config.xxhdpi.apk' with 1 weak references
1788688888.262 10311   569   579 W com.unique: ApkAssets: Deleting an ApkAssets object '<empty> and /data/app/~~gbzOkz0950YJbmD2YoC-nA==/org.amnezia.vpn-a_IfmAdWiKwATCLqlAGr1A==/base.apk' with 1 weak references
1788688888.262 10311   569   579 W com.unique: ApkAssets: Deleting an ApkAssets object '<empty> and /data/app/~~gbzOkz0950YJbmD2YoC-nA==/org.amnezia.vpn-a_IfmAdWiKwATCLqlAGr1A==/split_config.arm64_v8a.apk' with 1 weak references
1788688888.262 10311   569   579 W com.unique: ApkAssets: Deleting an ApkAssets object '<empty> and /data/app/~~gbzOkz0950YJbmD2YoC-nA==/org.amnezia.vpn-a_IfmAdWiKwATCLqlAGr1A==/split_config.ru.apk' with 1 weak references
1788688888.263 10311   569   579 W com.unique: ApkAssets: Deleting an ApkAssets object '<empty> and /data/app/~~gbzOkz0950YJbmD2YoC-nA==/org.amnezia.vpn-a_IfmAdWiKwATCLqlAGr1A==/split_config.xxhdpi.apk' with 1 weak references
1788688888.263 10311   569   579 W com.unique: ApkAssets: Deleting an ApkAssets object '<empty> and /data/app/~~0uKMRni55eIeGuBA-UdIqg==/llc.itdev.incy-mpenI8rpAkCFByZR5jO9gg==/base.apk' with 1 weak references
1788688888.264 10311   569   579 W com.unique: ApkAssets: Deleting an ApkAssets object '<empty> and /data/app/~~FbRqAr85vnOKgdJeIwPSHg==/com.f0x1d.logfox-3E_m6EooCJ8N7AUdxRJEng==/base.apk' with 1 weak references
1788688888.837 10311   569   727 I Unique  : 2026-09-06 17:01:28.836 I STORAGE PACKAGE_IMPORTED package=com.openai.chatgpt versionCode=2623716 splits=4 libs=11 abi=arm64-v8a bytes=87916736 readOnlyApks=4
1788688888.866 10311   569   727 I Unique  : 2026-09-06 17:01:28.865 I STORAGE INSTANCE_PREPARED vuid=0 package=com.openai.chatgpt created=12
1788688888.869 10311   569   727 I Unique  : 2026-09-06 17:01:28.868 I STORAGE INSTANCE_CREATED package=com.openai.chatgpt vuid=0 name=Profile 1 androidId=6fb258c176457eea
1788688888.872 10311   569   727 I Unique  : 2026-09-06 17:01:28.871 I STORAGE GUEST_OBB_IMPORT outcome=SOURCE_UNREADABLE files=0 bytes=0 source=/storage/emulated/0/Android/obb/com.openai.chatgpt detail=/storage/emulated/0/Android/obb is not readable by UNIQUE; grant all-files access, or add the files by hand package=com.openai.chatgpt vuid=0
1788688888.895 10311   569  2145 I Unique  : 2026-09-06 17:01:28.893 I PROCESS BROADCAST_ROUTES_REGISTERED package=com.openai.chatgpt vuid=0 routes=9 actions=androidx.work.impl.background.systemalarm.UpdateProxies,android.intent.action.MEDIA_MOUNTED,androidx.profileinstaller.action.SKIP_FILE,com.facebook.sdk.ACTION_CURRENT_ACCESS_TOKEN_CHANGED,com.a0soft.gphone.acc.ActionClearAppCachesFinished,android.intent.action.MY_PACKAGE_SUSPENDED,androidx.profilein
1788688888.896 10311   569  2145 I Unique  : 2026-09-06 17:01:28.895 I PROCESS PROVIDER_ROUTES_REGISTERED package=com.openai.chatgpt vuid=0 authorities=[redacted]
1788688888.896 10311   569  2145 I Unique  : 2026-09-06 17:01:28.896 I PROCESS BROADCAST_ROUTER_READY instances=1 actions=27 authorities=[redacted]
1788688888.934 10311   569   726 I Unique  : 2026-09-06 17:01:28.933 I STORAGE GUEST_INFO_RESOLVED package=com.openai.chatgpt label=ChatGPT icon=true
1788688888.958 10311   569   569 W WindowOnBackDispatcher: sendCancelIfRunning: isInProgress=false callback=io.flutter.embedding.android.FlutterActivity$1@db90b4b
1788688890.391 10311   569   569 W InteractionJankMonitor: Initializing without READ_DEVICE_CONFIG permission. enabled=false, interval=1, missedFrameThreshold=3, frameTimeThreshold=64, package=com.unique
1788688892.111 10311   569   622 I Unique  : 2026-09-06 17:01:32.111 I STORAGE IMPORT_STARTED package=com.gordey.standarling files=1
1788688892.136 10311   569   579 W com.unique: ApkAssets: Deleting an ApkAssets object '<empty> and /data/user/0/com.unique/files/virtual/apk/com.openai.chatgpt/2623716/base.apk' with 1 weak references
1788688892.137 10311   569   579 W com.unique: ApkAssets: Deleting an ApkAssets object '<empty> and /data/user/0/com.unique/files/virtual/apk/com.openai.chatgpt/2623716/split_config.arm64_v8a.apk' with 1 weak references
1788688892.137 10311   569   579 W com.unique: ApkAssets: Deleting an ApkAssets object '<empty> and /data/user/0/com.unique/files/virtual/apk/com.openai.chatgpt/2623716/split_config.ru.apk' with 1 weak references
1788688892.137 10311   569   579 W com.unique: ApkAssets: Deleting an ApkAssets object '<empty> and /data/user/0/com.unique/files/virtual/apk/com.openai.chatgpt/2623716/split_config.xxhdpi.apk' with 1 weak references
1788688892.137 10311   569   579 W com.unique: ApkAssets: Deleting an ApkAssets object '<empty> and /data/app/~~fbMIfb5bQRSeDV4qN5JbrQ==/com.openai.chatgpt-yAR_zbiyMnEL0nkU87BC5A==/base.apk' with 1 weak references
1788688892.138 10311   569   579 W com.unique: ApkAssets: Deleting an ApkAssets object '<empty> and /data/app/~~fbMIfb5bQRSeDV4qN5JbrQ==/com.openai.chatgpt-yAR_zbiyMnEL0nkU87BC5A==/split_config.arm64_v8a.apk' with 1 weak references
1788688892.138 10311   569   579 W com.unique: ApkAssets: Deleting an ApkAssets object '<empty> and /data/app/~~fbMIfb5bQRSeDV4qN5JbrQ==/com.openai.chatgpt-yAR_zbiyMnEL0nkU87BC5A==/split_config.ru.apk' with 1 weak references
1788688892.138 10311   569   579 W com.unique: ApkAssets: Deleting an ApkAssets object '<empty> and /data/app/~~fbMIfb5bQRSeDV4qN5JbrQ==/com.openai.chatgpt-yAR_zbiyMnEL0nkU87BC5A==/split_config.xxhdpi.apk' with 1 weak references
1788688892.138 10311   569   579 W com.unique: ApkAssets: Deleting an ApkAssets object '<empty> and /data/app/~~dIzM8R2VKNcseUPYkR7YfA==/com.google.android.marvin.talkback-RoQSRwhE9YHg1ajuoB0gqg==/base.apk' with 1 weak references
1788688892.139 10311   569   579 W com.unique: ApkAssets: Deleting an ApkAssets object '<empty> and /data/app/~~XQmPOPV_XxINA_jPcGmsIQ==/com.miui.screenrecorder-G-XBxKJvovi92jNh9l3JIQ==/base.apk' with 1 weak references
1788688892.140 10311   569   579 W com.unique: ApkAssets: Deleting an ApkAssets object '<empty> and /data/app/~~dIzM8R2VKNcseUPYkR7YfA==/com.google.android.marvin.talkback-RoQSRwhE9YHg1ajuoB0gqg==/split_config.arm64_v8a.apk' with 1 weak references
1788688892.140 10311   569   579 W com.unique: ApkAssets: Deleting an ApkAssets object '<empty> and /system_ext/priv-app/RtMiCloudSDK/RtMiCloudSDK.apk' with 4 weak references
1788688892.140 10311   569   579 W com.unique: ApkAssets: Deleting an ApkAssets object '<empty> and /system_ext/app/miuisystem/miuisystem.apk' with 6 weak references
1788688892.140 10311   569   579 W com.unique: ApkAssets: Deleting an ApkAssets object '<empty> and /data/app/~~ItA4ATnc7x5tZxxil8RoQQ==/com.google.android.googlequicksearchbox-B34OqsIBVDUACIIcm8JfnA==/base.apk' with 1 weak references
1788688892.140 10311   569   579 W com.unique: ApkAssets: Deleting an ApkAssets object '<empty> and /data/app/~~-USux0I649yeK8kjLtUs6w==/io.hitray.android-yz9_YgFveD2eh2-uVfEvTQ==/base.apk' with 1 weak references
1788688892.141 10311   569   579 W com.unique: ApkAssets: Deleting an ApkAssets object '<empty> and /data/app/~~-USux0I649yeK8kjLtUs6w==/io.hitray.android-yz9_YgFveD2eh2-uVfEvTQ==/split_config.arm64_v8a.apk' with 1 weak references
1788688892.141 10311   569   579 W com.unique: ApkAssets: Deleting an ApkAssets object '<empty> and /data/app/~~ItA4ATnc7x5tZxxil8RoQQ==/com.google.android.googlequicksearchbox-B34OqsIBVDUACIIcm8JfnA==/split_config.xxhdpi.apk' with 1 weak references
1788688892.141 10311   569   579 W com.unique: ApkAssets: Deleting an ApkAssets object '<empty> and /data/app/~~ItA4ATnc7x5tZxxil8RoQQ==/com.google.android.googlequicksearchbox-B34OqsIBVDUACIIcm8JfnA==/split_lens_ondevice_engine_feature_module.apk' with 1 weak references
1788688892.141 10311   569   579 W com.unique: ApkAssets: Deleting an ApkAssets object '<empty> and /data/app/~~ItA4ATnc7x5tZxxil8RoQQ==/com.google.android.googlequicksearchbox-B34OqsIBVDUACIIcm8JfnA==/split_lens_ondevice_engine_play_ml_module.apk' with 1 weak references
1788688892.141 10311   569   579 W com.unique: ApkAssets: Deleting an ApkAssets object '<empty> and /data/app/~~-USux0I649yeK8kjLtUs6w==/io.hitray.android-yz9_YgFveD2eh2-uVfEvTQ==/split_config.ru.apk' with 1 weak references
1788688892.141 10311   569   579 W com.unique: ApkAssets: Deleting an ApkAssets object '<empty> and /data/app/~~-USux0I649yeK8kjLtUs6w==/io.hitray.android-yz9_YgFveD2eh2-uVfEvTQ==/split_config.xxhdpi.apk' with 1 weak references
1788688892.141 10311   569   579 W com.unique: ApkAssets: Deleting an ApkAssets object '<empty> and /data/app/GlobalWPSLITE/base.apk' with 1 weak references
1788688892.141 10311   569   579 W com.unique: ApkAssets: Deleting an ApkAssets object '<empty> and /data/app/~~rg2DbhTU1ND5cF8h23oQew==/org.telegram.messenger-ssp6zHI1umWAqjB0ibq88A==/base.apk' with 1 weak references
1788688892.142 10311   569   579 W com.unique: ApkAssets: Deleting an ApkAssets object '<empty> and /data/app/~~rg2DbhTU1ND5cF8h23oQew==/org.telegram.messenger-ssp6zHI1umWAqjB0ibq88A==/split_config.arm64_v8a.apk' with 1 weak references
1788688892.142 10311   569   579 W com.unique: ApkAssets: Deleting an ApkAssets object '<empty> and /data/app/~~rg2DbhTU1ND5cF8h23oQew==/org.telegram.messenger-ssp6zHI1umWAqjB0ibq88A==/split_config.ru.apk' with 1 weak references
1788688892.142 10311   569   579 W com.unique: ApkAssets: Deleting an ApkAssets object '<empty> and /data/app/~~rg2DbhTU1ND5cF8h23oQew==/org.telegram.messenger-ssp6zHI1umWAqjB0ibq88A==/split_config.xxhdpi.apk' with 1 weak references
1788688892.142 10311   569   579 W com.unique: ApkAssets: Deleting an ApkAssets object '<empty> and /data/app/~~KJXAelHloRLMhXRuCgXfsA==/com.termux.x11-osj7xncZ_M4TKFTgtNfUvQ==/base.apk' with 1 weak references
1788688892.142 10311   569   579 W com.unique: ApkAssets: Deleting an ApkAssets object '<empty> and /data/app/~~QQHHYxwNPykiSC3FoxXBWw==/com.gordey.standarling-qi6-h5086vrmRTcPTW755g==/base.apk' with 1 weak references
1788688892.143 10311   569   579 W com.unique: ApkAssets: Deleting an ApkAssets object '<empty> and /data/app/~~hmK1R5MXm77mIxebqB1UWg==/de.szalkowski.activitylauncher-U8OB-FYSopjrnRHsZdEEww==/base.apk' with 1 weak references
1788688892.143 10311   569   579 W com.unique: ApkAssets: Deleting an ApkAssets object '<empty> and /data/app/~~hmK1R5MXm77mIxebqB1UWg==/de.szalkowski.activitylauncher-U8OB-FYSopjrnRHsZdEEww==/split_config.arm64_v8a.apk' with 1 weak references
1788688892.143 10311   569   579 W com.unique: ApkAssets: Deleting an ApkAssets object '<empty> and /data/app/~~hmK1R5MXm77mIxebqB1UWg==/de.szalkowski.activitylauncher-U8OB-FYSopjrnRHsZdEEww==/split_config.xxhdpi.apk' with 1 weak references
1788688892.143 10311   569   579 W com.unique: ApkAssets: Deleting an ApkAssets object '<empty> and /data/app/~~LvuV9aG6AJttZ9KZG9DfUQ==/nu.gpu.nagram-piHbsnG6qKY0S-0pb2n_mg==/base.apk' with 1 weak references
1788688892.144 10311   569   579 W com.unique: ApkAssets: Deleting an ApkAssets object '<empty> and /data/app/~~FbOmbJprFej1zimcVmUamg==/com.google.android.apps.authenticator2-spHVZ5FEndpJKCz3wWEkSA==/base.apk' with 1 weak references
1788688892.145 10311   569   579 W com.unique: ApkAssets: Deleting an ApkAssets object '<empty> and /data/app/~~FbOmbJprFej1zimcVmUamg==/com.google.android.apps.authenticator2-spHVZ5FEndpJKCz3wWEkSA==/split_config.ru.apk' with 1 weak references
1788688892.145 10311   569   579 W com.unique: ApkAssets: Deleting an ApkAssets object '<empty> and /data/app/~~FbOmbJprFej1zimcVmUamg==/com.google.android.apps.authenticator2-spHVZ5FEndpJKCz3wWEkSA==/split_config.xxhdpi.apk' with 1 weak references
1788688892.145 10311   569   579 W com.unique: ApkAssets: Deleting an ApkAssets object '<empty> and /data/app/~~ZqdvqHIQdj2aYGnH1VRJ2g==/clear.una-9D8IYmbsSYbrHCFNhktz7g==/base.apk' with 1 weak references
1788688892.146 10311   569   579 W com.unique: ApkAssets: Deleting an ApkAssets object '<empty> and /data/app/MIUISoundRecorderTargetSdk30Global/base.apk' with 1 weak references
1788688892.147 10311   569   579 W com.unique: ApkAssets: Deleting an ApkAssets object '<empty> and /data/app/~~jD-_UzuxAsOgbh6KR6hmBQ==/moe.shizuku.privileged.api-cQKJ66hF6rbFA6IGkaIRVQ==/base.apk' with 1 weak references
1788688892.147 10311   569   579 W com.unique: ApkAssets: Deleting an ApkAssets object '<empty> and /data/app/~~e73com6-x5yH2jsqLP0xmw==/com.preff.kb.xm-KpegMO3lV97rVDDSSmsbFg==/base.apk' with 1 weak references
1788688892.147 10311   569   579 W com.unique: ApkAssets: Deleting an ApkAssets object '<empty> and /data/app/~~ybthXu1lfLhXH0A_ezjXOQ==/com.Chillow.CustomRise-jbRzsHDPDsDqtF4ya8mKFQ==/base.apk' with 1 weak references
1788688892.148 10311   569   579 W com.unique: ApkAssets: Deleting an ApkAssets object '<empty> and /data/app/~~5UvyUty5uHV3AXEdZmqD2w==/com.pinterest-lPffnbjAGLKDxKewLDe9fA==/base.apk' with 1 weak references
1788688892.148 10311   569   579 W com.unique: ApkAssets: Deleting an ApkAssets object '<empty> and /data/app/~~5UvyUty5uHV3AXEdZmqD2w==/com.pinterest-lPffnbjAGLKDxKewLDe9fA==/split_config.arm64_v8a.apk' with 1 weak references
1788688892.149 10311   569   579 W com.unique: ApkAssets: Deleting an ApkAssets object '<empty> and /data/app/~~5UvyUty5uHV3AXEdZmqD2w==/com.pinterest-lPffnbjAGLKDxKewLDe9fA==/split_config.ru.apk' with 1 weak references
1788688892.149 10311   569   579 W com.unique: ApkAssets: Deleting an ApkAssets object '<empty> and /data/app/~~5UvyUty5uHV3AXEdZmqD2w==/com.pinterest-lPffnbjAGLKDxKewLDe9fA==/split_config.xxhdpi.apk' with 1 weak references
1788688892.149 10311   569   579 W com.unique: ApkAssets: Deleting an ApkAssets object '<empty> and /data/app/~~dLYsOqWzTnFcjo2aHD3xSQ==/bin.mt.plus-R6p8RfoCeLQWL_mDoMlBsw==/base.apk' with 1 weak references
1788688892.149 10311   569   579 W com.unique: ApkAssets: Deleting an ApkAssets object '<empty> and /data/app/MIUICompassGlobal/base.apk' with 1 weak references
1788688892.150 10311   569   579 W com.unique: ApkAssets: Deleting an ApkAssets object '<empty> and /data/app/~~FbRqAr85vnOKgdJeIwPSHg==/com.f0x1d.logfox-3E_m6EooCJ8N7AUdxRJEng==/base.apk' with 1 weak references
1788688892.150 10311   569   579 W com.unique: ApkAssets: Deleting an ApkAssets object '<empty> and /data/app/~~J39jRrIsqrfa_ve43AGRfA==/com.google.android.apps.bard-tjj9Z_NgMfNFo9NyS1eyrw==/base.apk' with 1 weak references
1788688892.150 10311   569   579 W com.unique: ApkAssets: Deleting an ApkAssets object '<empty> and /data/app/~~J39jRrIsqrfa_ve43AGRfA==/com.google.android.apps.bard-tjj9Z_NgMfNFo9NyS1eyrw==/split_config.arm64_v8a.apk' with 1 weak references
1788688892.151 10311   569   579 W com.unique: ApkAssets: Deleting an ApkAssets object '<empty> and /data/app/~~fDqH7SpA32dU_mxStcmXBQ==/com.emanuelef.remote_capture-5WExiOcv_yR73wMh7w64Zg==/base.apk' with 1 weak references
1788688892.152 10311   569   579 W com.unique: ApkAssets: Deleting an ApkAssets object '<empty> and /data/app/~~fDqH7SpA32dU_mxStcmXBQ==/com.emanuelef.remote_capture-5WExiOcv_yR73wMh7w64Zg==/split_config.arm64_v8a.apk' with 1 weak references
1788688892.152 10311   569   579 W com.unique: ApkAssets: Deleting an ApkAssets object '<empty> and /data/app/~~fDqH7SpA32dU_mxStcmXBQ==/com.emanuelef.remote_capture-5WExiOcv_yR73wMh7w64Zg==/split_config.ru.apk' with 1 weak references
1788688892.152 10311   569   579 W com.unique: ApkAssets: Deleting an ApkAssets object '<empty> and /data/app/~~fDqH7SpA32dU_mxStcmXBQ==/com.emanuelef.remote_capture-5WExiOcv_yR73wMh7w64Zg==/split_config.xxhdpi.apk' with 1 weak references
1788688892.152 10311   569   579 W com.unique: ApkAssets: Deleting an ApkAssets object '<empty> and /data/app/MIUINotes/base.apk' with 1 weak references
1788688892.152 10311   569   579 W com.unique: ApkAssets: Deleting an ApkAssets object '<empty> and /data/app/~~ToEzooAkrU67onkDMsOz-A==/com.xiaomi.midrop-QRwPNiaj1B-KMGM4I2vZlg==/base.apk' with 1 weak references
1788688892.153 10311   569   579 W com.unique: ApkAssets: Deleting an ApkAssets object '<empty> and /data/app/~~znQWjrS88Ohx8dtGgw8_cg==/com.avo.vpn-Qnj7RP4c8L4ASKYHsR0wRg==/base.apk' with 1 weak references
1788688892.153 10311   569   579 W com.unique: ApkAssets: Deleting an ApkAssets object '<empty> and /data/app/~~znQWjrS88Ohx8dtGgw8_cg==/com.avo.vpn-Qnj7RP4c8L4ASKYHsR0wRg==/split_config.arm64_v8a.apk' with 1 weak references
1788688892.153 10311   569   579 W com.unique: ApkAssets: Deleting an ApkAssets object '<empty> and /data/app/~~znQWjrS88Ohx8dtGgw8_cg==/com.avo.vpn-Qnj7RP4c8L4ASKYHsR0wRg==/split_config.ru.apk' with 1 weak references
1788688892.153 10311   569   579 W com.unique: ApkAssets: Deleting an ApkAssets object '<empty> and /data/app/~~znQWjrS88Ohx8dtGgw8_cg==/com.avo.vpn-Qnj7RP4c8L4ASKYHsR0wRg==/split_config.xxhdpi.apk' with 1 weak references
1788688892.153 10311   569   579 W com.unique: ApkAssets: Deleting an ApkAssets object '<empty> and /data/app/~~HlE7G1zZsYmJdyiSJ5bWPg==/com.xiaomi.wearable-mw4unPETK0LMg7u69qppjA==/base.apk' with 1 weak references
1788688892.154 10311   569   579 W com.unique: ApkAssets: Deleting an ApkAssets object '<empty> and /data/app/~~HlE7G1zZsYmJdyiSJ5bWPg==/com.xiaomi.wearable-mw4unPETK0LMg7u69qppjA==/split_config.arm64_v8a.apk' with 1 weak references
1788688892.154 10311   569   579 W com.unique: ApkAssets: Deleting an ApkAssets object '<empty> and /data/app/~~HlE7G1zZsYmJdyiSJ5bWPg==/com.xiaomi.wearable-mw4unPETK0LMg7u69qppjA==/split_config.ru.apk' with 1 weak references
1788688892.154 10311   569   579 W com.unique: ApkAssets: Deleting an ApkAssets object '<empty> and /data/app/~~HlE7G1zZsYmJdyiSJ5bWPg==/com.xiaomi.wearable-mw4unPETK0LMg7u69qppjA==/split_config.xxhdpi.apk' with 1 weak references
1788688892.154 10311   569   579 W com.unique: ApkAssets: Deleting an ApkAssets object '<empty> and /data/app/MIUICalculatorGlobal/base.apk' with 1 weak references
1788688892.155 10311   569   579 W com.unique: ApkAssets: Deleting an ApkAssets object '<empty> and /data/app/~~0P94X6q7hQFnvISy4kIBtA==/org.mozilla.firefox-V-RMBJjuN885jasHsv697A==/base.apk' with 1 weak references
1788688892.158 10311   569   579 W com.unique: ApkAssets: Deleting an ApkAssets object '<empty> and /data/app/~~0P94X6q7hQFnvISy4kIBtA==/org.mozilla.firefox-V-RMBJjuN885jasHsv697A==/split_config.arm64_v8a.apk' with 1 weak references
1788688892.158 10311   569   579 W com.unique: ApkAssets: Deleting an ApkAssets object '<empty> and /data/app/~~0P94X6q7hQFnvISy4kIBtA==/org.mozilla.firefox-V-RMBJjuN885jasHsv697A==/split_config.xxhdpi.apk' with 1 weak references
1788688892.159 10311   569   579 W com.unique: ApkAssets: Deleting an ApkAssets object '<empty> and /data/app/~~0uKMRni55eIeGuBA-UdIqg==/llc.itdev.incy-mpenI8rpAkCFByZR5jO9gg==/base.apk' with 1 weak references
1788688892.159 10311   569   579 W com.unique: ApkAssets: Deleting an ApkAssets object '<empty> and /data/app/MIUIWeatherGlobal/base.apk' with 1 weak references
1788688892.160 10311   569   579 W com.unique: ApkAssets: Deleting an ApkAssets object '<empty> and /data/app/~~aWOPbtkIcfivimg0lCNOxw==/com.termux-PK0SDb6b5-Yp-w60yEc5cg==/base.apk' with 1 weak references
1788688892.160 10311   569   579 W com.unique: ApkAssets: Deleting an ApkAssets object '<empty> and /data/app/MiuiScanner/base.apk' with 1 weak references
1788688892.160 10311   569   579 W com.unique: ApkAssets: Deleting an ApkAssets object '<empty> and /data/app/~~czZ5M9QoNKe1-aNwTzx9sA==/com.exteragram.messenger-NDtal6OMkucurs3uXfhA7A==/base.apk' with 1 weak references
1788688892.161 10311   569   579 W com.unique: ApkAssets: Deleting an ApkAssets object '<empty> and /data/app/~~Cw5RUU5MGia-dEV1d9CLeg==/net.typeblog.shelter-UAvs0yASnxf_3imb0u9Fdg==/base.apk' with 1 weak references
1788688892.161 10311   569   579 W com.unique: ApkAssets: Deleting an ApkAssets object '<empty> and /data/app/~~wmE2oqYZyY7aIsry4NiImg==/com.miui.mediaeditor-LsfNStuNXHsHhzEvN6SaPg==/base.apk' with 1 weak references
1788688892.162 10311   569   579 W com.unique: ApkAssets: Deleting an ApkAssets object '<empty> and /data/app/~~b9TjLo4gS3fKmrh4CgsMJQ==/com.google.android.apps.work.clouddpc-ax2up3DCBKFKlcjxKXhiAA==/base.apk' with 1 weak references
1788688892.162 10311   569   579 W com.unique: ApkAssets: Deleting an ApkAssets object '<empty> and /data/app/~~b9TjLo4gS3fKmrh4CgsMJQ==/com.google.android.apps.work.clouddpc-ax2up3DCBKFKlcjxKXhiAA==/split_config.arm64_v8a.apk' with 1 weak references
1788688892.162 10311   569   579 W com.unique: ApkAssets: Deleting an ApkAssets object '<empty> and /data/app/~~b9TjLo4gS3fKmrh4CgsMJQ==/com.google.android.apps.work.clouddpc-ax2up3DCBKFKlcjxKXhiAA==/split_config.ru.apk' with 1 weak references
1788688892.163 10311   569   579 W com.unique: ApkAssets: Deleting an ApkAssets object '<empty> and /data/app/~~b9TjLo4gS3fKmrh4CgsMJQ==/com.google.android.apps.work.clouddpc-ax2up3DCBKFKlcjxKXhiAA==/split_config.xxhdpi.apk' with 1 weak references
1788688892.163 10311   569   579 W com.unique: ApkAssets: Deleting an ApkAssets object '<empty> and /data/app/~~jeF1Np_NXFV0Nk3IsGvrCw==/com.google.android.apps.adm-fbP92EYBU7Wwf2yJcdIUfg==/base.apk' with 1 weak references
1788688892.163 10311   569   579 W com.unique: ApkAssets: Deleting an ApkAssets object '<empty> and /data/app/~~jeF1Np_NXFV0Nk3IsGvrCw==/com.google.android.apps.adm-fbP92EYBU7Wwf2yJcdIUfg==/split_config.arm64_v8a.apk' with 1 weak references
1788688892.163 10311   569   579 W com.unique: ApkAssets: Deleting an ApkAssets object '<empty> and /data/app/~~jeF1Np_NXFV0Nk3IsGvrCw==/com.google.android.apps.adm-fbP92EYBU7Wwf2yJcdIUfg==/split_config.ru.apk' with 1 weak references
1788688892.163 10311   569   579 W com.unique: ApkAssets: Deleting an ApkAssets object '<empty> and /data/app/~~jeF1Np_NXFV0Nk3IsGvrCw==/com.google.android.apps.adm-fbP92EYBU7Wwf2yJcdIUfg==/split_config.xxhdpi.apk' with 1 weak references
1788688893.162 10311   569  2150 I Unique  : 2026-09-06 17:01:33.162 I STORAGE IMPORT_STARTED package=com.axlebolt.standoff2 files=1
1788688893.946 10311   569   569 W WindowOnBackDispatcher: sendCancelIfRunning: isInProgress=false callback=ImeCallback=ImeOnBackInvokedCallback@173820566 Callback=android.window.IOnBackInvokedCallback$Stub$Proxy@b98cdca
1788688894.334 10311   569   569 W WindowOnBackDispatcher: sendCancelIfRunning: isInProgress=false callback=io.flutter.embedding.android.FlutterActivity$1@db90b4b
1788688894.996 10311   569   723 I Unique  : 2026-09-06 17:01:34.993 I GOOGLE GOOGLE_ENVIRONMENT gmsPresent=true gmsEnabled=true gmsVersionCode=263234035 gmsVersionName=26.32.34 (260400-968093310) vendingPresent=true gsfPresent=true customTabs=com.android.chrome hostGmsAvailable=true virtualGmsInstalled=false customTabsAvailable=true
1788688895.045 10311   569   726 I Unique  : 2026-09-06 17:01:35.041 I GOOGLE GOOGLE_ENVIRONMENT gmsPresent=true gmsEnabled=true gmsVersionCode=263234035 gmsVersionName=26.32.34 (260400-968093310) vendingPresent=true gsfPresent=true customTabs=com.android.chrome hostGmsAvailable=true virtualGmsInstalled=false customTabsAvailable=true
1788688895.047 10311   569   726 I Unique  : 2026-09-06 17:01:35.045 I GOOGLE GOOGLE_ROUTE package=com.openai.chatgpt flow=SIGN_IN mode=UNSUPPORTED why=Legacy Google Sign-In requires in-space Google Play services. Enable them for this space, or use an app that supports Sign in with Google.
1788688895.048 10311   569   726 I Unique  : 2026-09-06 17:01:35.047 I GOOGLE GOOGLE_ROUTE package=com.openai.chatgpt flow=CREDENTIAL_MANAGER mode=HOST_BRIDGE why=Unverified: Sign in with Google issues a token for the app's server client, so the device's own Google Play services should be able to answer. Not yet confirmed against a real sample.
1788688895.049 10311   569   726 I Unique  : 2026-09-06 17:01:35.048 I GOOGLE GOOGLE_ROUTE package=com.openai.chatgpt flow=ACCOUNT_MANAGER mode=HOST_BRIDGE why=Account access is bridged to the device's accounts; consent is shown as UNIQUE.
1788688895.049 10311   569   726 I Unique  : 2026-09-06 17:01:35.049 I GOOGLE GOOGLE_ROUTE package=com.openai.chatgpt flow=FIREBASE_AUTH mode=HOST_BRIDGE why=Firebase Auth consumes a token from Sign in with Google, which the host bridge can provide.
1788688895.050 10311   569   726 I Unique  : 2026-09-06 17:01:35.050 I GOOGLE GOOGLE_ROUTE package=com.openai.chatgpt flow=OAUTH_WEB mode=UNSUPPORTED why=The browser can be opened, but the redirect back to com.openai.chat:// cannot arrive: that scheme is declared by a package the device has not installed, so nothing resolves it. Use in-space Google Play services, or a sign-in the app can complete without leaving itself.
1788688895.052 10311   569   726 I Unique  : 2026-09-06 17:01:35.051 I GOOGLE GOOGLE_ROUTE package=com.openai.chatgpt flow=FCM mode=HOST_BRIDGE why=Experimental: push registration is bridged through the host. Whether Google Play services accepts it varies by version; the result is recorded per device.
1788688895.054 10311   569   726 I Unique  : 2026-09-06 17:01:35.052 I GOOGLE GOOGLE_ROUTE package=com.openai.chatgpt flow=PLAY_GAMES mode=UNSUPPORTED why=Not supported yet: Play Games checks an attested app identity, and UNIQUE has not been tested against it.
1788688895.464 10311   569   726 I Unique  : 2026-09-06 17:01:35.462 I PROCESS PROCESS_ASSIGNED slot=:vapp0 vuid=0 process=com.openai.chatgpt
1788688895.499 10311   569   726 I Unique  : 2026-09-06 17:01:35.497 I LAUNCH LAUNCH_REQUESTED package=com.openai.chatgpt vuid=0 activity=com.openai.chatgpt.MainActivity slot=:vapp0 launchMode=1
1788688895.692 10311  2305  2305 D ActivityThread: setEmbeddedParam packageName=com.unique processName=com.unique:vapp0 isEmbedded=false isIsolated=false
1788688895.716 10311  2305  2305 I ActivityThread: TrafficStats init done
1788688895.720 10311  2305  2305 D ActivityThread: useGrowthLimitOutExpendMethod invoke error.
1788688895.733 10311  2305  2305 I ActivityThread: Miui Feature Init done
1788688895.752 10311  2305  2305 I Unique  : 2026-09-06 17:01:35.744 I PROCESS PROCESS_START process=com.unique:vapp0 kind=VAPP sdk=35 abi=arm64-v8a,armeabi-v7a,armeabi
1788688895.753 10311  2305  2305 W om.unique:vapp0: Unsupported class loader: java.lang.Class<org.lsposed.hiddenapibypass.CoreOjClassLoader>
1788688895.841 10311  2305  2305 W om.unique:vapp0: Unsupported class loader: java.lang.Class<org.lsposed.hiddenapibypass.CoreOjClassLoader>
1788688895.841 10311  2305  2305 W om.unique:vapp0: Unsupported class loader: java.lang.Class<org.lsposed.hiddenapibypass.CoreOjClassLoader>
1788688895.844 10311  2305  2305 I Unique  : 2026-09-06 17:01:35.843 I HOOK HIDDEN_API_GRANTED via=HiddenApiBypass
1788688895.848 10311  2305  2305 I UniqueNative: libunique_native loaded (page size 4096)
1788688895.850 10311  2305  2305 I Unique  : 2026-09-06 17:01:35.849 I LAUNCH INTERCEPTOR_INSTALLED executeTransaction=159
1788688895.850 10311  2305  2305 I Unique  : 2026-09-06 17:01:35.850 I PROCESS VAPP_READY slot=0
1788688895.854 10311  2305  2305 I Unique  : 2026-09-06 17:01:35.853 I PROCESS STUB_PROVIDER_CREATED slot=0
1788688895.868 10311  2305  2305 D Unique  : 2026-09-06 17:01:35.866 D LAUNCH CALLBACK_ALIVE what=164 obj=java.lang.String
1788688895.870 10311  2305  2305 D Unique  : 2026-09-06 17:01:35.869 D LAUNCH CALLBACK_ALIVE what=159 obj=android.app.servertransaction.ClientTransaction
1788688895.908 10311  2305  2305 I Unique  : 2026-09-06 17:01:35.907 I PROCESS PROCESS_RENAMED argv0=com.openai.chatgpt
1788688896.378 10311  2305  2305 W om.unique:vapp0: Failed to find entry 'classes.dex': Entry not found
1788688896.384 10311  2305  2305 W om.unique:vapp0: Failed to find entry 'classes.dex': Entry not found
1788688896.389 10311  2305  2305 W om.unique:vapp0: Failed to find entry 'classes.dex': Entry not found
1788688896.395 10311  2305  2305 W Unique  : 2026-09-06 17:01:36.394 W PROCESS META_DATA_NOT_RESOLVED name=com.google.android.gms.version id=0x7f0c000b reason=the guest's resources were not available yet
1788688896.402 10311  2305  2305 I Unique  : 2026-09-06 17:01:36.400 I PROCESS PROFILE_BOUND profile=a99125be-b24f-4957-97d6-713dabb76b2f androidId=6fb258c176457eea generation=1
1788688896.404 10311  2305  2305 I Unique  : 2026-09-06 17:01:36.403 I PROCESS BUILD_OVERRIDES_APPLIED applied=1 requested=1
1788688896.404 10311  2305  2305 I Unique  : 2026-09-06 17:01:36.404 I LAUNCH PROFILE_BOUND profileId=a99125be-b24f-4957-97d6-713dabb76b2f generation=1
1788688896.410 10311  2305  2305 I Unique  : 2026-09-06 17:01:36.409 I PROCESS PERMISSION_CACHE_DISABLED disabled=disablePackageNamePermissionCache,disablePermissionCache,disableApplicationInfoCache,disablePackageInfoCache,disableGetPackagesForUidCache failed=android.app.ActivityManager: no disable*Cache()
1788688896.419 10311  2305  2305 I Unique  : 2026-09-06 17:01:36.418 I PROCESS PERMISSIONS_BOUND package=com.openai.chatgpt vuid=0 declared=31 restored=0 runtime=7 installTime=24 selfDefined=1
1788688896.431 10311  2305  2305 I Unique  : 2026-09-06 17:01:36.429 I HOOK SERVICE_HOOKED service=package cache=true singletons=1 managers=1 bound=permissionCheck,getActivityInfo,applicationEnabledSetting,getApplicationInfo,componentEnabledSetting,installedPackages,getInstallerPackageName,getNameForUid,getPackageUid,getPackageInfo,getPackagesForUid,getProviderInfo,getReceiverInfo,getServiceInfo,queryIntent,resolveContentProvider,resolveIntent matched=permissionCheck=checkPermission+checkUidPermission,getActivityInfo,applicationEnabledSetting=getApplicationEnabledSetting+setApplicationEnabledSetting,getApplicationInfo,componentEnabledSetting=getComponentEnabledSetting+setComponentEnabledSetting,installedPackages=getInstalledApplications+getInstalledPackages,getInstallerPackageName,getNameForUid,getPackageUid=getPackageGids+getPackageUid,getPack
1788688896.431 10311  2305  2305 I Unique  : 2026-09-06 17:01:36.431 I LAUNCH VPM_HOOK_INSTALLED package=com.openai.chatgpt bound=permissionCheck,getActivityInfo,applicationEnabledSetting,getApplicationInfo,componentEnabledSetting,installedPackages,getInstallerPackageName,getNameForUid,getPackageUid,getPackageInfo,getPackagesForUid,getProviderInfo,getReceiverInfo,getServiceInfo,queryIntent,resolveContentProvider,resolveIntent
1788688896.446 10311  2305  2305 I Unique  : 2026-09-06 17:01:36.444 I HOOK SERVICE_HOOKED service=activity cache=true singletons=1 managers=0 bound=serviceDispatch,callerIdentity,permissionCheck,getContentProvider,intentSender,runningProcesses,registerReceiver,foregroundService matched=serviceDispatch=bindService+bindServiceInstance+peekService+publishService+startService+stopService+unbindFinished,callerIdentity=broadcastIntent+broadcastIntentWithFeature+getBindingUidProcessState+getContentProviderExternal+getHistoricalProcessExitReasons+getHistoricalProcessStartReasons+getPackageProcessState+getTagForIntentSender+getUidLastIdleElapsedTime+getUidProcessCapabilities+getUidProces
1788688896.447 10311  2305  2305 I Unique  : 2026-09-06 17:01:36.446 I LAUNCH VAM_HOOK_INSTALLED package=com.openai.chatgpt host=com.unique methods=8 matched=serviceDispatch=bindService+bindServiceInstance+peekService+publishService+startService+stopService+unbindFinished,callerIdentity=broadcastIntent+broadcastIntentWithFeature+getBindingUidProcessState+getContentProviderExternal+getHistoricalProcessExitReasons+getHistoricalProcessStartReasons+getPackageProcessState+getTagForIntentSender+getUidLastIdleElapsedTime+getUidProcessCapabilities+getUidProcessState+grantUriPermission+isBackgroundRestricted+isUidActive+moveTaskToFront+revokeUriPermission+sendIntentSender+startActivity+startActivityAsUser+startActivityAsUserWithFeature+startActivityWithFeature,permissionCheck=checkPermission+checkPermissionForDevice,getContentProvider,intentSender=getIntentSender+getIntentSenderWithFeature,runningProcesses=getRunningAppProcesses+getServices,registerReceiver=registerReceiver+registerReceiverWithFeature,foregroundService=setServiceForeground
1788688896.452 10311  2305  2305 I Unique  : 2026-09-06 17:01:36.451 I HOOK SERVICE_HOOKED service=activity_task cache=true singletons=1 managers=0 bound=activityStart matched=activityStart=startActivities+startActivity+startActivityAndWait+startActivityAsCaller+startActivityAsUser+startActivityFromGameSession+startActivityIntentSender+startActivityWithConfig
1788688896.453 10311  2305  2305 I Unique  : 2026-09-06 17:01:36.452 I LAUNCH ATM_HOOK_INSTALLED package=com.openai.chatgpt host=com.unique matched=activityStart=startActivities+startActivity+startActivityAndWait+startActivityAsCaller+startActivityAsUser+startActivityFromGameSession+startActivityIntentSender+startActivityWithConfig
1788688896.461 10311  2305  2305 I Unique  : 2026-09-06 17:01:36.460 I HOOK SERVICE_HOOKED service=permissionmgr cache=true singletons=1 managers=1 bound=shouldShowRequestPermissionRationale matched=shouldShowRequestPermissionRationale
1788688896.462 10311  2305  2305 I Unique  : 2026-09-06 17:01:36.461 I HOOK PERMISSION_MANAGER_HOOKED matched=shouldShowRequestPermissionRationale
1788688896.466 10311  2305  2305 I Unique  : 2026-09-06 17:01:36.465 I HOOK SERVICE_HOOKED service=appops cache=true singletons=0 managers=2 bound=appOpIdentity matched=appOpIdentity=checkAudioOperation+checkOperation+checkOperationForDevice+checkOperationRaw+checkOperationRawForDevice+checkPackage+collectNoteOpCallsForValidation+extractAsyncOps+finishOperation+finishOperationForDevice+getHistoricalOps+getHistoricalOpsFromDiskRaw+getOpsForPackage+getPackagesForOpsForDevice+isOperationActive+isProxying+noteOperation+noteOperationForDevice+noteProxyOperation+notePr
1788688896.467 10311  2305  2305 I Unique  : 2026-09-06 17:01:36.466 I HOOK APPOPS_HOOKED package=com.openai.chatgpt host=com.unique matched=appOpIdentity=checkAudioOperation+checkOperation+checkOperationForDevice+checkOperationRaw+checkOperationRawForDevice+checkPackage+collectNoteOpCallsForValidation+extractAsyncOps+finishOperation+finishOperationForDevice+getHistoricalOps+getHistoricalOpsFromDiskRaw+getOpsForPackage+getPackagesForOpsForDevice+isOperationActive+isProxying+noteOperation+noteOperationForDevice+noteProxyOperation+notePr
1788688896.476 10311  2305  2305 I Unique  : 2026-09-06 17:01:36.475 I PROCESS SETTINGS_CACHES_PRIMED wrappedByHand=0 alreadyWrapped=3 empty=1
1788688896.478 10311  2305  2305 I Unique  : 2026-09-06 17:01:36.476 I PROCESS PROVIDER_CACHES_EVICTED activityThreadProviders=2 providerRefCounts=1 settingsCaches=4 settingsWrapped=3 hostSource=com.unique hostSourceUid=10311
1788688896.637 10311  2305  2305 I Unique  : 2026-09-06 17:01:36.637 I PROCESS NETWORK_SECURITY_INSTALLED package=com.openai.chatgpt configRes=0 targetSdk=37
1788688896.638 10311  2305  2305 I UniqueNative: redirect table set: 8 rule(s)
1788688896.639 10311  2305  2305 I UniqueNative: io_redirect: 2 exclusion(s) set
1788688896.640 10311  2305  2305 I UniqueNative: io_redirect installed: 0 slot(s) in 0/389 libraries (0 excluded, 0 total), 8 rule(s), page size 4096
1788688896.640 10311  2305  2305 W UniqueNative: io_redirect: filter did not match: /data/user/0/com.unique/files/virtual/apk/com.openai.chatgpt/2623716/lib/arm64-v8a
1788688896.640 10311  2305  2305 W UniqueNative: io_redirect: filter did not match: /data/data/com.unique/files/virtual/apk/com.openai.chatgpt/2623716/lib/arm64-v8a
1788688896.640 10311  2305  2305 W UniqueNative: io_redirect: filter did not match: /data/user/0/com.unique/files/virtual/apk/com.openai.chatgpt/2623716
1788688896.640 10311  2305  2305 W UniqueNative: io_redirect: filter did not match: /data/data/com.unique/files/virtual/apk/com.openai.chatgpt/2623716
1788688896.640 10311  2305  2305 W UniqueNative: io_redirect: app-private library seen: /data/misc/apexdata/com.android.art/dalvik-cache/arm64/boot.oat
1788688896.640 10311  2305  2305 W UniqueNative: io_redirect: app-private library seen: /data/misc/apexdata/com.android.art/dalvik-cache/arm64/boot-framework-adservices.oat
1788688896.640 10311  2305  2305 W UniqueNative: io_redirect: app-private library seen: /data/app/~~y7ep4-P9YmXC_LQqOSb8ew==/com.unique-pXyfQ7uAIx9pkrh4UOgyMw==/oat/arm64/base.odex
1788688896.640 10311  2305  2305 W UniqueNative: io_redirect: app-private library seen: /data/app/~~y7ep4-P9YmXC_LQqOSb8ew==/com.unique-pXyfQ7uAIx9pkrh4UOgyMw==/base.apk!/lib/arm64-v8a/libunique_native.so
1788688896.640 10311  2305  2305 I UniqueNative: io_redirect: library-load watch installed (3 slot(s) in 2 libraries)
1788688896.640 10311  2305  2305 W UniqueNative: io_redirect: watch saw but did not match: /data/misc/apexdata/com.android.art/dalvik-cache/arm64/boot.oat
1788688896.641 10311  2305  2305 W UniqueNative: io_redirect: watch saw but did not match: /data/misc/apexdata/com.android.art/dalvik-cache/arm64/boot-framework-adservices.oat
1788688896.641 10311  2305  2305 W UniqueNative: io_redirect: watch saw but did not match: /data/app/~~y7ep4-P9YmXC_LQqOSb8ew==/com.unique-pXyfQ7uAIx9pkrh4UOgyMw==/oat/arm64/base.odex
1788688896.641 10311  2305  2305 W UniqueNative: io_redirect: watch saw but did not match: /data/app/~~y7ep4-P9YmXC_LQqOSb8ew==/com.unique-pXyfQ7uAIx9pkrh4UOgyMw==/base.apk!/lib/arm64-v8a/libunique_native.so
1788688896.642 10311  2305  2305 I Unique  : 2026-09-06 17:01:36.641 I NATIVE IO_REDIRECT_INSTALLED status=NOTHING_TO_HOOK watch=OK rules=8 slots=0 scope=/data/user/0/com.unique/files/virtual/apk/com.openai.chatgpt/2623716/lib/arm64-v8a,/data/data/com.unique/files/virtual/apk/com.openai.chatgpt/2623716/lib/arm64-v8a,/data/user/0/com.unique/files/virtua excluded=libgrave.so,libunique_native.so
1788688896.643 10311  2305  2305 I Unique  : 2026-09-06 17:01:36.642 I WEBVIEW WEBVIEW_DATA_DIR_SUFFIX suffix=vapp0 slot=0
1788688896.644 10311  2305  2305 I UniqueNative: crash: recording 6 signal(s) to /data/user/0/com.unique/files/virtual/runtime/diagnostics/0/com.openai.chatgpt/native-crash-2305.properties
1788688896.645 10311  2305  2305 I Unique  : 2026-09-06 17:01:36.644 I NATIVE NATIVE_CRASH_HANDLER status=OK file=/data/user/0/com.unique/files/virtual/runtime/diagnostics/0/com.openai.chatgpt/native-crash-2305.properties
1788688896.648 10311  2305  2305 I Unique  : 2026-09-06 17:01:36.647 I STORAGE EXTERNAL_STORAGE_REDIRECTED package=com.openai.chatgpt vuid=0 root=/data/user/0/com.unique/files/virtual/users/0/sdcard
1788688896.652 10311  2305  2305 I Unique  : 2026-09-06 17:01:36.650 I HOOK SERVICE_HOOKED service=alarm cache=true singletons=0 managers=0 bound=callerPackage matched=callerPackage=canScheduleExactAlarms+cancelPoweroffAlarm+hasScheduleExactAlarm+removeAll+set+setTimeZone
1788688896.653 10311  2305  2305 I Unique  : 2026-09-06 17:01:36.652 I HOOK IDENTITY_HOOK_INSTALLED service=alarm package=com.openai.chatgpt matched=callerPackage=canScheduleExactAlarms+cancelPoweroffAlarm+hasScheduleExactAlarm+removeAll+set+setTimeZone
1788688896.658 10311  2305  2305 I Unique  : 2026-09-06 17:01:36.655 I HOOK SERVICE_HOOKED service=clipboard cache=true singletons=0 managers=0 bound=callerPackage matched=callerPackage=addPrimaryClipChangedListener+clearPrimaryClip+getPrimaryClip+getPrimaryClipDescription+getPrimaryClipSource+getUserPrimaryClip+hasClipboardText+hasPrimaryClip+removePrimaryClipChangedListener+setPrimaryClip+setPrimaryClipAsPackage
1788688896.660 10311  2305  2305 I Unique  : 2026-09-06 17:01:36.658 I HOOK IDENTITY_HOOK_INSTALLED service=clipboard package=com.openai.chatgpt matched=callerPackage=addPrimaryClipChangedListener+clearPrimaryClip+getPrimaryClip+getPrimaryClipDescription+getPrimaryClipSource+getUserPrimaryClip+hasClipboardText+hasPrimaryClip+removePrimaryClipChangedListener+setPrimaryClip+setPrimaryClipAsPackage
1788688896.664 10311  2305  2305 I Unique  : 2026-09-06 17:01:36.662 I HOOK SERVICE_HOOKED service=restrictions cache=true singletons=0 managers=0 bound=callerPackage matched=callerPackage=getApplicationRestrictions+getApplicationRestrictionsPerAdminForUser+notifyPermissionResponse+requestPermission
1788688896.665 10311  2305  2305 I Unique  : 2026-09-06 17:01:36.664 I HOOK IDENTITY_HOOK_INSTALLED service=restrictions package=com.openai.chatgpt matched=callerPackage=getApplicationRestrictions+getApplicationRestrictionsPerAdminForUser+notifyPermissionResponse+requestPermission
1788688896.669 10311  2305  2305 I Unique  : 2026-09-06 17:01:36.667 I HOOK SERVICE_HOOKED service=locale cache=true singletons=0 managers=0 bound=callerPackage,setApplicationLocales matched=callerPackage=getApplicationLocales+getOverrideLocaleConfig+setOverrideLocaleConfig,setApplicationLocales
1788688896.670 10311  2305  2305 I Unique  : 2026-09-06 17:01:36.669 I HOOK IDENTITY_HOOK_INSTALLED service=locale package=com.openai.chatgpt matched=callerPackage=getApplicationLocales+getOverrideLocaleConfig+setOverrideLocaleConfig,setApplicationLocales
1788688896.676 10311  2305  2305 I Unique  : 2026-09-06 17:01:36.673 I HOOK SERVICE_HOOKED service=connectivity cache=true singletons=0 managers=0 bound=callerPackage matched=callerPackage=getDefaultNetworkCapabilitiesForUser+getLastTetherError+getNetworkCapabilities+getRedactedLinkPropertiesForPackage+getRedactedNetworkCapabilitiesForPackage+isConnectivityServiceFeatureEnabledForTesting+listenForNetwork+pendingListenForNetwork+pendingRequestForNetwork+registerConnectivityDiagnosticsCallback+registerNetworkProvider+requestNetwork+requestRouteToHostAddress+setProvisioni
1788688896.677 10311  2305  2305 I Unique  : 2026-09-06 17:01:36.676 I HOOK IDENTITY_HOOK_INSTALLED service=connectivity package=com.openai.chatgpt matched=callerPackage=getDefaultNetworkCapabilitiesForUser+getLastTetherError+getNetworkCapabilities+getRedactedLinkPropertiesForPackage+getRedactedNetworkCapabilitiesForPackage+isConnectivityServiceFeatureEnabledForTesting+listenForNetwork+pendingListenForNetwork+pendingRequestForNetwork+registerConnectivi
1788688896.680 10311  2305  2305 I Unique  : 2026-09-06 17:01:36.679 I HOOK SERVICE_HOOKED service=power cache=true singletons=0 managers=0 bound=callerPackage matched=callerPackage=acquireWakeLock+acquireWakeLockAsync+acquireWakeLockWithUid+crash+isAmbientDisplaySuppressedForToken+isAmbientDisplaySuppressedForTokenByApp+isFeatureAllowedInLowPowerStandby+reboot+shutdown+suppressAmbientDisplay+updateWakeLockWorkSource+wakeUp
1788688896.681 10311  2305  2305 I Unique  : 2026-09-06 17:01:36.680 I HOOK IDENTITY_HOOK_INSTALLED service=power package=com.openai.chatgpt matched=callerPackage=acquireWakeLock+acquireWakeLockAsync+acquireWakeLockWithUid+crash+isAmbientDisplaySuppressedForToken+isAmbientDisplaySuppressedForTokenByApp+isFeatureAllowedInLowPowerStandby+reboot+shutdown+suppressAmbientDisplay+updateWakeLockWorkSource+wakeUp
1788688896.703 10311  2305  2305 I Unique  : 2026-09-06 17:01:36.702 I HOOK SERVICE_HOOKED service=wifi cache=true singletons=0 managers=0 bound=callerPackage matched=callerPackage=acquireMulticastLock+acquireWifiLock+addLocalOnlyConnectionStatusListener+addNetworkSuggestions+addOrUpdateNetwork+addOrUpdateNetworkPrivileged+addOrUpdatePasspointConfiguration+addQosPolicies+addSuggestionUserApprovalStatusListener+allowAutojoinGlobal+allowAutojoinPasspoint+connect+disableEphemeralNetwork+disableNetwork+disconnect+enableNetwork+enableTdls+enableTdlsWithMacAddress+en
1788688896.704 10311  2305  2305 I Unique  : 2026-09-06 17:01:36.704 I HOOK IDENTITY_HOOK_INSTALLED service=wifi package=com.openai.chatgpt matched=callerPackage=acquireMulticastLock+acquireWifiLock+addLocalOnlyConnectionStatusListener+addNetworkSuggestions+addOrUpdateNetwork+addOrUpdateNetworkPrivileged+addOrUpdatePasspointConfiguration+addQosPolicies+addSuggestionUserApprovalStatusListener+allowAutojoinGlobal+allowAutojoinPasspoint+connect+di
1788688896.709 10311  2305  2305 I Unique  : 2026-09-06 17:01:36.708 I HOOK SERVICE_HOOKED service=location cache=true singletons=0 managers=0 bound=callerPackage matched=callerPackage=addGnssAntennaInfoListener+addGnssMeasurementsListener+addGnssNavigationMessageListener+addTestProvider+getCurrentLocation+getLastLocation+getProviderPackages+getProviderProperties+hasProvider+isProviderEnabledForUser+isProviderPackage+registerGnssNmeaCallback+registerGnssStatusCallback+registerLocationListener+registerLocationPendingIntent+removeTestProvider+requestGeofence+requestL
1788688896.713 10311  2305  2305 I Unique  : 2026-09-06 17:01:36.712 I HOOK IDENTITY_HOOK_INSTALLED service=location package=com.openai.chatgpt matched=callerPackage=addGnssAntennaInfoListener+addGnssMeasurementsListener+addGnssNavigationMessageListener+addTestProvider+getCurrentLocation+getLastLocation+getProviderPackages+getProviderProperties+hasProvider+isProviderEnabledForUser+isProviderPackage+registerGnssNmeaCallback+registerGnssStatusCallbac
1788688896.721 10311  2305  2305 I Unique  : 2026-09-06 17:01:36.720 I HOOK SERVICE_HOOKED service=audio cache=true singletons=0 managers=0 bound=callerPackage matched=callerPackage=abandonAudioFocus+abandonAudioFocusForTest+adjustStreamVolume+adjustStreamVolumeForUid+adjustStreamVolumeWithAttribution+adjustSuggestedStreamVolumeForUid+adjustVolumeGroupVolume+cacheParameters+disableSafeMediaVolume+getBluetoothAudioDeviceCategory+getBluetoothAudioDeviceCategory_legacy+getCacheParameters+getDeviceVolume+getNotificationUri+getPlayerVolume+handleVolumeKey+isBluetooth
1788688896.722 10311  2305  2305 I Unique  : 2026-09-06 17:01:36.721 I HOOK IDENTITY_HOOK_INSTALLED service=audio package=com.openai.chatgpt matched=callerPackage=abandonAudioFocus+abandonAudioFocusForTest+adjustStreamVolume+adjustStreamVolumeForUid+adjustStreamVolumeWithAttribution+adjustSuggestedStreamVolumeForUid+adjustVolumeGroupVolume+cacheParameters+disableSafeMediaVolume+getBluetoothAudioDeviceCategory+getBluetoothAudioDeviceCategory_lega
1788688896.724 10311  2305  2305 I Unique  : 2026-09-06 17:01:36.723 I HOOK SERVICE_HOOKED service=vibrator_manager cache=true singletons=0 managers=0 bound=callerPackage matched=callerPackage=performHapticFeedback+setAlwaysOnEffect+vibrate
1788688896.725 10311  2305  2305 I Unique  : 2026-09-06 17:01:36.725 I HOOK IDENTITY_HOOK_INSTALLED service=vibrator_manager package=com.openai.chatgpt matched=callerPackage=performHapticFeedback+setAlwaysOnEffect+vibrate
1788688896.729 10311  2305  2305 I Unique  : 2026-09-06 17:01:36.728 I HOOK SERVICE_HOOKED service=usagestats cache=true singletons=0 managers=0 bound=callerPackage matched=callerPackage=clearBroadcastEvents+clearBroadcastResponseStats+getAppMinStandbyBucket+getAppStandbyBucket+getAppStandbyBuckets+getAppStandbyConstant+getLastTimeAnyComponentUsed+isAppInactive+isPackageExemptedFromBroadcastResponseStats+queryBroadcastResponseStats+queryConfigurationStats+queryEventStats+queryEvents+queryEventsForPackage+queryEventsForPackageForUser+queryEventsForUser+queryEventsWith
1788688896.730 10311  2305  2305 I Unique  : 2026-09-06 17:01:36.729 I HOOK IDENTITY_HOOK_INSTALLED service=usagestats package=com.openai.chatgpt matched=callerPackage=clearBroadcastEvents+clearBroadcastResponseStats+getAppMinStandbyBucket+getAppStandbyBucket+getAppStandbyBuckets+getAppStandbyConstant+getLastTimeAnyComponentUsed+isAppInactive+isPackageExemptedFromBroadcastResponseStats+queryBroadcastResponseStats+queryConfigurationStats+queryEventSta
1788688896.733 10311  2305  2305 I Unique  : 2026-09-06 17:01:36.732 I HOOK SERVICE_HOOKED service=netstats cache=true singletons=0 managers=0 bound=callerPackage matched=callerPackage=getIfaceStats+notifyNetworkStatus+openSessionForUsageStats+registerNetworkStatsProvider+registerUsageCallback+setStatsProviderWarningAndLimitAsync
1788688896.735 10311  2305  2305 I Unique  : 2026-09-06 17:01:36.734 I HOOK IDENTITY_HOOK_INSTALLED service=netstats package=com.openai.chatgpt matched=callerPackage=getIfaceStats+notifyNetworkStatus+openSessionForUsageStats+registerNetworkStatsProvider+registerUsageCallback+setStatsProviderWarningAndLimitAsync
1788688896.738 10311  2305  2305 I Unique  : 2026-09-06 17:01:36.736 I HOOK SERVICE_HOOKED service=content cache=true singletons=0 managers=0 bound=callerPackage matched=callerPackage=addPeriodicSync+cancelSync+cancelSyncAsUser+getCache+getIsSyncable+getIsSyncableAsUser+getPeriodicSyncs+getSyncAdapterPackageAsUser+getSyncAdapterPackagesForAuthorityAsUser+getSyncAutomatically+getSyncAutomaticallyAsUser+getSyncStatus+getSyncStatusAsUser+isSyncActive+isSyncPending+isSyncPendingAsUser+notifyChange+onDbCorruption+putCache+removePeriodicSync+requestSync+setIsSyncable+se
1788688896.739 10311  2305  2305 I Unique  : 2026-09-06 17:01:36.738 I HOOK IDENTITY_HOOK_INSTALLED service=content package=com.openai.chatgpt matched=callerPackage=addPeriodicSync+cancelSync+cancelSyncAsUser+getCache+getIsSyncable+getIsSyncableAsUser+getPeriodicSyncs+getSyncAdapterPackageAsUser+getSyncAdapterPackagesForAuthorityAsUser+getSyncAutomatically+getSyncAutomaticallyAsUser+getSyncStatus+getSyncStatusAsUser+isSyncActive+isSyncPending+isSy
1788688896.743 10311  2305  2305 I Unique  : 2026-09-06 17:01:36.742 I HOOK SERVICE_HOOKED service=shortcut cache=true singletons=0 managers=0 bound=shortcutPublish,callerPackage matched=shortcutPublish=addDynamicShortcuts+createShortcutResultIntent+pushDynamicShortcut+requestPinShortcut+setDynamicShortcuts+updateShortcuts,callerPackage=disableShortcuts+enableShortcuts+getIconMaxDimensions+getMaxShortcutCountPerActivity+getRateLimitResetTime+getRemainingCallCount+getShareTargets+getShortcuts+hasShareTargets+onApplicationActive+removeAllDynamicShortcuts+removeDynamicShortcuts+remov
1788688896.744 10311  2305  2305 I Unique  : 2026-09-06 17:01:36.743 I HOOK IDENTITY_HOOK_INSTALLED service=shortcut package=com.openai.chatgpt matched=shortcutPublish=addDynamicShortcuts+createShortcutResultIntent+pushDynamicShortcut+requestPinShortcut+setDynamicShortcuts+updateShortcuts,callerPackage=disableShortcuts+enableShortcuts+getIconMaxDimensions+getMaxShortcutCountPerActivity+getRateLimitResetTime+getRemainingCallCount+getShareTargets+get
1788688896.747 10311  2305  2305 I Unique  : 2026-09-06 17:01:36.746 I HOOK SERVICE_HOOKED service=mount cache=true singletons=0 managers=0 bound=callerPackage,volumeList matched=callerPackage=abortChanges+allocateBytes+benchmark+destroyUserStorage+disableAppDataIsolation+fixupAppDir+fixupAppDirRecursive+fixupSysfsFile+forgetVolume+format+getAllocatableBytes+getCacheQuotaBytes+getCacheSizeBytes+getExternalStorageMountMode+getManageSpaceActivityIntent+getMountedObbPath+isAppIoBlocked+isObbMounted+mkdirs+mount+mountObb+moveStorageQuickly+notifyAppIoBlocked+notifyAppIoResumed
1788688896.750 10311  2305  2305 I Unique  : 2026-09-06 17:01:36.748 I HOOK IDENTITY_HOOK_INSTALLED service=mount package=com.openai.chatgpt matched=callerPackage=abortChanges+allocateBytes+benchmark+destroyUserStorage+disableAppDataIsolation+fixupAppDir+fixupAppDirRecursive+fixupSysfsFile+forgetVolume+format+getAllocatableBytes+getCacheQuotaBytes+getCacheSizeBytes+getExternalStorageMountMode+getManageSpaceActivityIntent+getMountedObbPath+isAppI
1788688896.757 10311  2305  2305 I Unique  : 2026-09-06 17:01:36.756 I HOOK SERVICE_HOOKED service=account cache=true singletons=0 managers=0 bound=callerPackage matched=callerPackage=addAccount+addAccountAsUser+addAccountExplicitly+addAccountExplicitlyWithVisibility+addSharedAccountsFromParentUser+createRequestAccountAccessIntentSenderAsUser+editProperties+getAccountByTypeAndFeatures+getAccountVisibility+getAccountsAndVisibilityForPackage+getAccountsAsUser+getAccountsByFeatures+getAccountsByTypeForPackage+getAccountsForPackage+getAuthToken+getAuthTokenLabel+getUs
1788688896.758 10311  2305  2305 I Unique  : 2026-09-06 17:01:36.757 I HOOK IDENTITY_HOOK_INSTALLED service=account package=com.openai.chatgpt matched=callerPackage=addAccount+addAccountAsUser+addAccountExplicitly+addAccountExplicitlyWithVisibility+addSharedAccountsFromParentUser+createRequestAccountAccessIntentSenderAsUser+editProperties+getAccountByTypeAndFeatures+getAccountVisibility+getAccountsAndVisibilityForPackage+getAccountsAsUser+getAccou
1788688896.767 10311  2305  2305 I Unique  : 2026-09-06 17:01:36.765 I HOOK SERVICE_HOOKED service=phone cache=true singletons=0 managers=0 bound=callerPackage matched=callerPackage=call+canChangeDtmfToneLength+changeIccLockPassword+checkCarrierPrivilegesForPackage+checkCarrierPrivilegesForPackageAnyPhone+clearSignalStrengthUpdateRequest+deprovisionSatelliteService+dial+disableDataConnectivity+disableVisualVoicemailSmsFilter+doesSwitchMultiSimConfigTriggerReboot+enableDataConnectivity+enableVisualVoicemailSmsFilter+enqueueSmsPickResult+factoryReset+getAllCellInf
1788688896.768 10311  2305  2305 I Unique  : 2026-09-06 17:01:36.767 I HOOK IDENTITY_HOOK_INSTALLED service=phone package=com.openai.chatgpt matched=callerPackage=call+canChangeDtmfToneLength+changeIccLockPassword+checkCarrierPrivilegesForPackage+checkCarrierPrivilegesForPackageAnyPhone+clearSignalStrengthUpdateRequest+deprovisionSatelliteService+dial+disableDataConnectivity+disableVisualVoicemailSmsFilter+doesSwitchMultiSimConfigTriggerReboot+e
1788688896.780 10311  2305  2305 I Unique  : 2026-09-06 17:01:36.777 I HOOK SERVICE_HOOKED service=device_policy cache=true singletons=0 managers=0 bound=callerPackage matched=callerPackage=addCrossProfileIntentFilter+addCrossProfileWidgetProvider+addPersistentPreferredActivity+approveCaCert+checkDeviceIdentifierAccess+checkProvisioningPrecondition+choosePrivateKeyAlias+clearApplicationUserData+clearCrossProfileIntentFilters+clearDeviceOwner+clearPackagePersistentPreferredActivities+clearResetPasswordToken+createAdminSupportIntent+createAndManageUser+createAndProvisionM
1788688896.781 10311  2305  2305 I Unique  : 2026-09-06 17:01:36.780 I HOOK IDENTITY_HOOK_INSTALLED service=device_policy package=com.openai.chatgpt matched=callerPackage=addCrossProfileIntentFilter+addCrossProfileWidgetProvider+addPersistentPreferredActivity+approveCaCert+checkDeviceIdentifierAccess+checkProvisioningPrecondition+choosePrivateKeyAlias+clearApplicationUserData+clearCrossProfileIntentFilters+clearDeviceOwner+clearPackagePersistentPreferre
1788688896.785 10311  2305  2506 W om.unique:vapp0: Verification of com.squareup.wire.a ykj.P(com.squareup.wire.AnyMessage) took 103.317ms (86625.89 bytecodes/s) (0B arena alloc)
1788688896.786 10311  2305  2305 I Unique  : 2026-09-06 17:01:36.785 I HOOK SERVICE_HOOKED service=media.camera cache=true singletons=0 managers=0 bound=callerPackage matched=callerPackage=connect+connectDevice+createDefaultRequest+getCameraCharacteristics+getSessionCharacteristics+getTorchStrengthLevel+injectCamera+injectSessionParams+isHiddenPhysicalCamera+isSessionConfigurationWithParametersSupported+setTorchMode+supportsCameraApi+turnOnTorchWithStrengthLevel
1788688896.787 10311  2305  2305 I Unique  : 2026-09-06 17:01:36.786 I HOOK IDENTITY_HOOK_INSTALLED service=media.camera package=com.openai.chatgpt matched=callerPackage=connect+connectDevice+createDefaultRequest+getCameraCharacteristics+getSessionCharacteristics+getTorchStrengthLevel+injectCamera+injectSessionParams+isHiddenPhysicalCamera+isSessionConfigurationWithParametersSupported+setTorchMode+supportsCameraApi+turnOnTorchWithStrengthLevel
1788688896.792 10311  2305  2305 I Unique  : 2026-09-06 17:01:36.790 I HOOK SERVICE_HOOKED service=telecom cache=true singletons=0 managers=0 bound=callerPackage matched=callerPackage=acceptHandover+acceptRingingCall+acceptRingingCallWithVideoState+addCall+addNewIncomingCall+addNewIncomingConference+addOrRemoveTestCallCompanionApp+cancelMissedCallsNotification+clearAccounts+createLaunchEmergencyDialerIntent+createManageBlockedNumbersIntent+endCall+getAdnUriForPhoneAccount+getCallCapablePhoneAccounts+getCallStateUsingPackage+getCurrentTtyMode+getDefaultDialerPackag
1788688896.793 10311  2305  2305 I Unique  : 2026-09-06 17:01:36.792 I HOOK IDENTITY_HOOK_INSTALLED service=telecom package=com.openai.chatgpt matched=callerPackage=acceptHandover+acceptRingingCall+acceptRingingCallWithVideoState+addCall+addNewIncomingCall+addNewIncomingConference+addOrRemoveTestCallCompanionApp+cancelMissedCallsNotification+clearAccounts+createLaunchEmergencyDialerIntent+createManageBlockedNumbersIntent+endCall+getAdnUriForPhoneA
1788688896.797 10311  2305  2305 I Unique  : 2026-09-06 17:01:36.795 I HOOK SERVICE_HOOKED service=media_router cache=true singletons=0 managers=0 bound=callerPackage matched=callerPackage=deselectRouteWithManager+deselectRouteWithRouter2+getSystemRoutes+getSystemSessionInfoForPackage+registerClientAsUser+registerClientGroupId+registerManager+registerProxyRouter+registerRouter2+releaseSessionWithManager+releaseSessionWithRouter2+requestCreateSessionWithManager+requestSetVolume+requestUpdateVolume+selectRouteWithManager+selectRouteWithRouter2+setSelectedRoute+setSession
1788688896.797 10311  2305  2305 I Unique  : 2026-09-06 17:01:36.797 I HOOK IDENTITY_HOOK_INSTALLED service=media_router package=com.openai.chatgpt matched=callerPackage=deselectRouteWithManager+deselectRouteWithRouter2+getSystemRoutes+getSystemSessionInfoForPackage+registerClientAsUser+registerClientGroupId+registerManager+registerProxyRouter+registerRouter2+releaseSessionWithManager+releaseSessionWithRouter2+requestCreateSessionWithManager+requestSet
1788688896.804 10311  2305  2305 I Unique  : 2026-09-06 17:01:36.799 I HOOK SERVICE_HOOKED service=media_session cache=true singletons=0 managers=0 bound=callerPackage matched=callerPackage=addOnMediaKeyEventSessionChangedListener+createSession+dispatchAdjustVolume+dispatchMediaKeyEvent+dispatchMediaKeyEventToSessionAsSystemService+dispatchVolumeKeyEvent+dispatchVolumeKeyEventToSessionAsSystemService+getMediaKeyEventSession+getMediaKeyEventSessionPackageName+hasCustomMediaKeyDispatcher+hasCustomMediaSessionPolicyProvider+isTrusted+setCustomMediaKeyDispatcher+setCustomMe
1788688896.805 10311  2305  2305 I Unique  : 2026-09-06 17:01:36.804 I HOOK IDENTITY_HOOK_INSTALLED service=media_session package=com.openai.chatgpt matched=callerPackage=addOnMediaKeyEventSessionChangedListener+createSession+dispatchAdjustVolume+dispatchMediaKeyEvent+dispatchMediaKeyEventToSessionAsSystemService+dispatchVolumeKeyEvent+dispatchVolumeKeyEventToSessionAsSystemService+getMediaKeyEventSession+getMediaKeyEventSessionPackageName+hasCustomMedi
1788688896.810 10311  2305  2305 I Unique  : 2026-09-06 17:01:36.809 I HOOK SERVICE_HOOKED service=appwidget cache=true singletons=0 managers=0 bound=callerPackage,appWidgetIdentity matched=callerPackage=allocateAppWidgetId+bindRemoteViewsService+createAppWidgetConfigIntentSender+deleteAppWidgetId+deleteHost+getAppWidgetIdsForHost+getAppWidgetInfo+getAppWidgetOfHost+getAppWidgetOptions+getAppWidgetViews+getInstalledProvidersForProfile+hasBindAppWidgetPermission+isBoundWidgetPackage+noteAppWidgetTapped+notifyAppWidgetViewDataChanged+partiallyUpdateAppWidgetIds+setAppWidgetHidden+setBi
1788688896.815 10311  2305  2305 I Unique  : 2026-09-06 17:01:36.813 I HOOK IDENTITY_HOOK_INSTALLED service=appwidget package=com.openai.chatgpt matched=callerPackage=allocateAppWidgetId+bindRemoteViewsService+createAppWidgetConfigIntentSender+deleteAppWidgetId+deleteHost+getAppWidgetIdsForHost+getAppWidgetInfo+getAppWidgetOfHost+getAppWidgetOptions+getAppWidgetViews+getInstalledProvidersForProfile+hasBindAppWidgetPermission+isBoundWidgetPackage+not
1788688896.821 10311  2305  2305 I Unique  : 2026-09-06 17:01:36.820 I HOOK SERVICE_HOOKED service=input_method cache=true singletons=1 managers=0 bound=callerPackage,editorIdentity matched=callerPackage=acceptStylusHandwritingDelegation+acceptStylusHandwritingDelegationAsync+getEnabledInputMethodSubtypeList+prepareStylusHandwritingDelegation+setAdditionalInputMethodSubtypes+setExplicitlyEnabledInputMethodSubtypes+startConnectionlessStylusHandwriting+startProtoDump,editorIdentity=startInputOrWindowGainedFocus+startInputOrWindowGainedFocusAsync
1788688896.822 10311  2305  2305 I Unique  : 2026-09-06 17:01:36.821 I HOOK IDENTITY_HOOK_INSTALLED service=input_method package=com.openai.chatgpt matched=callerPackage=acceptStylusHandwritingDelegation+acceptStylusHandwritingDelegationAsync+getEnabledInputMethodSubtypeList+prepareStylusHandwritingDelegation+setAdditionalInputMethodSubtypes+setExplicitlyEnabledInputMethodSubtypes+startConnectionlessStylusHandwriting+startProtoDump,editorIdentity=start
1788688896.823 10311  2305  2305 I Unique  : 2026-09-06 17:01:36.822 I HOOK IDENTITY_HOOKS_INSTALLED package=com.openai.chatgpt installed=alarm,clipboard,restrictions,locale,connectivity,power,wifi,location,audio,vibrator_manager,usagestats,netstats,content,shortcut,mount,account,phone,device_policy,media.camera,telecom,media_router,media_session,appwidget,input_method skipped=
1788688896.824 10311  2305  2305 W Unique  : 2026-09-06 17:01:36.824 W PROCESS ALARM_EXACT_UNAVAILABLE detail=UNIQUE does not hold SCHEDULE_EXACT_ALARM; a guest asking for an exact alarm will get the platform's SecurityException
1788688896.827 10311  2305  2305 I Unique  : 2026-09-06 17:01:36.826 I HOOK SERVICE_HOOKED service=jobscheduler cache=true singletons=0 managers=0 bound=jobById,scheduleJob,pendingJobs matched=jobById=cancel+getPendingJob+getPendingJobReason,scheduleJob=enqueue+schedule+scheduleAsPackage,pendingJobs=getAllPendingJobs+getAllPendingJobsInNamespace
1788688896.828 10311  2305  2305 I Unique  : 2026-09-06 17:01:36.827 I HOOK JOB_HOOKED package=com.openai.chatgpt slot=0 matched=jobById=cancel+getPendingJob+getPendingJobReason,scheduleJob=enqueue+schedule+scheduleAsPackage,pendingJobs=getAllPendingJobs+getAllPendingJobsInNamespace
1788688896.838 10311  2305  2305 I Unique  : 2026-09-06 17:01:36.836 I HOOK SERVICE_HOOKED service=notification cache=true singletons=1 managers=0 bound=notificationIdentity,enqueue,channels matched=notificationIdentity=addAutomaticZenRule+areBubblesAllowed+areNotificationsEnabled+areNotificationsEnabledForPackage+buzzBeepBlinkForNotification+canNotifyAsPackage+canShowBadge+cancelAllNotifications+cancelNotificationFromListener+cancelToast+clearData+deleteNotificationHistoryItem+enqueueTextToast+enqueueToast+finishToken+getActiveNotifications+getActiveNotificationsWithAttribution+getAllowedAss
1788688896.839 10311  2305  2305 I Unique  : 2026-09-06 17:01:36.838 I HOOK NOTIFICATION_HOOKED package=com.openai.chatgpt vuid=0 matched=notificationIdentity=addAutomaticZenRule+areBubblesAllowed+areNotificationsEnabled+areNotificationsEnabledForPackage+buzzBeepBlinkForNotification+canNotifyAsPackage+canShowBadge+cancelAllNotifications+cancelNotificationFromListener+cancelToast+clearData+deleteNotificationHistoryItem+enqueueTextToast+enqueueToast+finishToken+getActiveNotifications+getActiveNotificationsWithAttribution+getAllowedAss
1788688896.853 10311  2305  2305 I Unique  : 2026-09-06 17:01:36.852 I PROCESS RECEIVERS_REGISTERED package=com.openai.chatgpt declared=6 registered=9 actions=com.openai.apps.appbase.app.managedconfig.ManagedConfigurationsChangedReceiver#android.intent.action.APPLICATION_RESTRICTIONS_CHANGED;com.openai.feature.widget.WidgetReceiver#android.appwidget.action.APPWIDGET_UPDATE;com.google.firebase.iid.FirebaseInstanceIdReceiver#com.google.android.c2dm.intent.RECEIVE;androidx.glance.appwidget.MyPackageReplacedReceiver#android.intent.action.MY_PACKAGE_REPLACED exported=4
1788688896.855 10311  2305  2305 I Unique  : 2026-09-06 17:01:36.854 I LAUNCH ACTIVITY_LIFECYCLE_INSTALLED package=com.openai.chatgpt
1788688897.030 10311  2305  2512 D Unique  : 2026-09-06 17:01:37.029 D PROCESS PERMISSION_CHECK permission=android.permission.WAKE_LOCK result=GRANTED
1788688897.034 10311  2305  2509 I Unique  : 2026-09-06 17:01:37.033 I LAUNCH GOOGLE_STACK_HIDDEN package=com.google.android.gms detail=Play services refuses a virtual app's identity and kills it from a Handler; reported absent so the SDK takes its own unavailable path
1788688897.070 10311  2305  2509 W Metadata: Failed to find package android.content.pm.PackageManager$NameNotFoundException: com.google.android.gms
1788688897.070 10311  2305  2512 W FirebaseMessaging: Failed to resolve IID implementation package, falling back
1788688897.074 10311  2305  2512 D Unique  : 2026-09-06 17:01:37.071 D PROCESS PERMISSION_CHECK permission=android.permission.ACCESS_NETWORK_STATE result=GRANTED
1788688897.077 10311  2305  2512 W FirebaseMessaging: Failed to find package android.content.pm.PackageManager$NameNotFoundException: com.google.android.gms
1788688897.113 10311  2305  2507 I Unique  : 2026-09-06 17:01:37.113 I LAUNCH SIGNATURES_LOADED package=com.openai.chatgpt signers=1 hasSigningInfo=true
1788688897.163 10311  2305  2305 I Unique  : 2026-09-06 17:01:37.162 I PROCESS COMPONENT_STATE_SET package=com.openai.chatgpt vuid=0 component=androidx.work.impl.background.systemjob.SystemJobService state=1
1788688897.222 10311  2305  2305 I UniqueNative: io_redirect installed: 1 slot(s) in 1/390 libraries (0 excluded, 1 total), 8 rule(s), page size 4096
1788688897.222 10311  2305  2305 I UniqueNative: io_redirect: hooked 1 new slot(s) after loading /data/user/0/com.unique/files/virtual/apk/com.openai.chatgpt/2623716/lib/arm64-v8a/libconscrypt_jni.so (1 total)
1788688897.264 10311  2305  2305 W DdRumContentProvider: processImportance:100
1788688897.267 10311  2305  2305 I Unique  : 2026-09-06 17:01:37.266 I PROCESS PROVIDERS_PUBLISHED package=com.openai.chatgpt process=com.openai.chatgpt declared=13 authorities=[redacted]
1788688897.688 10311  2305  2524 E FeatureFlagsImplExport: android.os.flagging.AconfigStorageReadException: ERROR_PACKAGE_NOT_FOUND: package com.android.libcore cannot be found on the device
1788688897.748 10311  2305  2659 W System.err: SLF4J(W): No SLF4J providers were found.
1788688897.748 10311  2305  2659 W System.err: SLF4J(W): Defaulting to no-operation (NOP) logger implementation
1788688897.748 10311  2305  2659 W System.err: SLF4J(W): See https://www.slf4j.org/codes.html#noProviders for further details.
1788688897.846 10311  2305  2668 I UniqueNative: io_redirect installed: 0 slot(s) in 1/390 libraries (0 excluded, 1 total), 8 rule(s), page size 4096
1788688897.853 10311  2305  2543 D Unique  : 2026-09-06 17:01:37.851 D PROCESS u0 com.openai.chatgpt SERVICE_CONNECTION_WRAPPED connection=nws
1788688897.856 10311  2305  2668 I UniqueNative: io_redirect installed: 8 slot(s) in 2/391 libraries (0 excluded, 9 total), 8 rule(s), page size 4096
1788688897.856 10311  2305  2668 I UniqueNative: io_redirect: hooked 8 new slot(s) after loading /data/user/0/com.unique/files/virtual/apk/com.openai.chatgpt/2623716/lib/arm64-v8a/libsentry.so (9 total)
1788688897.868 10311  2305  2668 I UniqueNative: io_redirect installed: 1 slot(s) in 3/392 libraries (0 excluded, 10 total), 8 rule(s), page size 4096
1788688897.868 10311  2305  2668 I UniqueNative: io_redirect: hooked 1 new slot(s) after loading /data/user/0/com.unique/files/virtual/apk/com.openai.chatgpt/2623716/lib/arm64-v8a/libsentry-android.so (10 total)
1788688897.871 10311  2305  2669 D Unique  : 2026-09-06 17:01:37.869 D PROCESS u0 com.openai.chatgpt PERMISSION_CHECK permission=android.permission.ACCESS_NETWORK_STATE result=GRANTED
1788688897.916 10311  2305  2305 D Unique  : 2026-09-06 17:01:37.916 D PROCESS u0 com.openai.chatgpt PERMISSION_CHECK permission=android.permission.ACCESS_NETWORK_STATE result=GRANTED
1788688897.922 10311  2305  2305 I UniqueNative: redirect table set: 8 rule(s)
1788688897.923 10311  2305  2305 I UniqueNative: io_redirect: 2 exclusion(s) set
1788688897.924 10311  2305  2305 I UniqueNative: io_redirect installed: 0 slot(s) in 3/392 libraries (0 excluded, 10 total), 8 rule(s), page size 4096
1788688897.925 10311  2305  2305 I Unique  : 2026-09-06 17:01:37.924 I NATIVE u0 com.openai.chatgpt IO_REDIRECT_INSTALLED status=NOTHING_TO_HOOK watch=OK rules=8 slots=10 scope=/data/user/0/com.unique/files/virtual/apk/com.openai.chatgpt/2623716/lib/arm64-v8a,/data/data/com.unique/files/virtual/apk/com.openai.chatgpt/2623716/lib/arm64-v8a,/data/user/0/com.unique/files/virtua excluded=libgrave.so,libunique_native.so
1788688897.927 10311  2305  2305 I Unique  : 2026-09-06 17:01:37.925 I LAUNCH u0 com.openai.chatgpt BOOTSTRAP_OK package=com.openai.chatgpt vuid=0 slot=0 applicationClass=com.openai.chatgpt.app.MainApplication dataDir=/data/user/0/com.unique/files/virtual/users/0/data/com.openai.chatgpt sourceDir=/data/user/0/com.unique/files/virtual/apk/com.openai.chatgpt/2623716/base.apk nativeLibraryDir=/data/user/0/com.unique/files/virtual/apk/com.openai.chatgpt/2623716/lib/arm64-v8a targetSdk=37 observedPackageName=com.openai.chatgpt observedFilesDir=/data/user/0/com.unique/files/virtual/users/0/data/com.openai.chatgpt/files millis=2054
1788688897.929 10311  2305  2305 I Unique  : 2026-09-06 17:01:37.927 I LAUNCH u0 com.openai.chatgpt TRANSACTION_REWRITTEN package=com.openai.chatgpt activity=com.openai.chatgpt.MainActivity vuid=0 item=LaunchActivityItem theme=2132083481
1788688897.932 10311  2305  2305 I ActivityThread: HardwareRenderer preload  done
1788688897.933 10311   569   700 I Unique  : 2026-09-06 17:01:37.931 I PROCESS PROVIDER_SLOT_READY slot=0 vuid=0 pid=2305
1788688897.948 10311  2305  2763 E om.unique:vapp0: setpriority success to 100 : mali-cmar-backend
1788688897.957 10311  2305  2305 I Unique  : 2026-09-06 17:01:37.956 I LAUNCH u0 com.openai.chatgpt ACTIVITY_HARDWARE_ACCELERATED activity=com.openai.chatgpt.MainActivity fromActivityInfo=false applied=true
1788688897.968 10311  2305  2305 W libc    : Access denied finding property "persist.vendor.camera.IsVariableApertureSupported"
1788688897.969 10311  2305  2305 W libc    : Access denied finding property "persist.vendor.camera.IsStreetModeSupported"
1788688897.991 10311  2305  2737 W Unique  : 2026-09-06 17:01:37.990 W HOOK u0 com.openai.chatgpt APP_LOCALE_SET_UNSUPPORTED detail=a guest asked to set its own app locale; UNIQUE cannot store one for a package the platform has not installed, and applying it would change UNIQUE's own
1788688897.999 10311  2305  2737 I Unique  : 2026-09-06 17:01:37.997 I PROCESS u0 com.openai.chatgpt COMPONENT_STATE_SET package=com.openai.chatgpt vuid=0 component=androidx.appcompat.app.AppLocalesMetadataHolderService state=1
1788688898.080 10311  2305  2305 W libc    : Access denied finding property "ro.vendor.df.effect.conflict"
1788688898.113 10311  2305  2764 D Unique  : 2026-09-06 17:01:38.111 D PROCESS u0 com.openai.chatgpt SERVICE_INTENT_CROSS_APP action=com.google.android.play.core.install.BIND_UPDATE_SERVICE target=com.android.vending
1788688898.114 10311  2305  2764 D Unique  : 2026-09-06 17:01:38.113 D PROCESS u0 com.openai.chatgpt SERVICE_CONNECTION_WRAPPED connection=zvx
1788688898.145 10311  2305  2305 W libc    : Access denied finding property "ro.vendor.perf.scroll_opt"
1788688898.149 10311  2305  2715 W libc    : Access denied finding property "ro.vendor.display.iris_x7.support"
1788688898.166 10311  2305  2305 D Unique  : 2026-09-06 17:01:38.165 D LAUNCH u0 com.openai.chatgpt CALLBACK_ALIVE what=159 obj=android.app.servertransaction.ClientTransaction
1788688898.168 10311  2305  2305 D Unique  : 2026-09-06 17:01:38.167 D LAUNCH u0 com.openai.chatgpt NO_LAUNCH_ITEM transaction=android.app.servertransaction.ClientTransaction shape=CREATOR: mActivityCallbacks:[TopResumedActivityChangeItem] mActivityToken:BinderProxy mClient:null mLifecycleStateRequest:null mTransactionItems:[TopResumedActivityChangeItem] seen=2
1788688898.169 10311  2305  2305 D Unique  : 2026-09-06 17:01:38.169 D LAUNCH u0 com.openai.chatgpt CALLBACK_ALIVE what=149 obj=android.os.BinderProxy
1788688898.208 10311   569  2150 I Unique  : 2026-09-06 17:01:38.206 I STORAGE PACKAGE_IMPORTED package=com.axlebolt.standoff2 versionCode=203908 splits=1 libs=21 abi=arm64-v8a bytes=110086616 readOnlyApks=1
1788688898.234 10311   569  2150 I Unique  : 2026-09-06 17:01:38.233 I STORAGE INSTANCE_PREPARED vuid=1 package=com.axlebolt.standoff2 created=12
1788688898.239 10311   569  2150 I Unique  : 2026-09-06 17:01:38.237 I STORAGE INSTANCE_CREATED package=com.axlebolt.standoff2 vuid=1 name=Profile 1 androidId=f0e3da880d16b626
1788688898.248 10311   569  2150 I Unique  : 2026-09-06 17:01:38.245 I STORAGE GUEST_OBB_IMPORT outcome=SOURCE_UNREADABLE files=0 bytes=0 source=/storage/emulated/0/Android/obb/com.axlebolt.standoff2 detail=/storage/emulated/0/Android/obb is not readable by UNIQUE; grant all-files access, or add the files by hand package=com.axlebolt.standoff2 vuid=1
1788688898.287 10311   569  2150 I Unique  : 2026-09-06 17:01:38.286 I PROCESS BROADCAST_ROUTES_REGISTERED package=com.openai.chatgpt vuid=0 routes=9 actions=androidx.work.impl.background.systemalarm.UpdateProxies,android.intent.action.MEDIA_MOUNTED,androidx.profileinstaller.action.SKIP_FILE,com.facebook.sdk.ACTION_CURRENT_ACCESS_TOKEN_CHANGED,com.a0soft.gphone.acc.ActionClearAppCachesFinished,android.intent.action.MY_PACKAGE_SUSPENDED,androidx.profilein
1788688898.289 10311   569  2150 I Unique  : 2026-09-06 17:01:38.288 I PROCESS PROVIDER_ROUTES_REGISTERED package=com.openai.chatgpt vuid=0 authorities=[redacted]
1788688898.306 10311   569  2150 I Unique  : 2026-09-06 17:01:38.305 I PROCESS BROADCAST_ROUTES_REGISTERED package=com.axlebolt.standoff2 vuid=1 routes=12 actions=androidx.work.impl.background.systemalarm.UpdateProxies,android.intent.action.MEDIA_MOUNTED,androidx.profileinstaller.action.SKIP_FILE,com.facebook.sdk.ACTION_CURRENT_ACCESS_TOKEN_CHANGED,com.a0soft.gphone.acc.ActionClearAppCachesFinished,android.intent.action.MY_PACKAGE_SUSPENDED,androidx.profilein
1788688898.307 10311   569  2150 I Unique  : 2026-09-06 17:01:38.306 I PROCESS PROVIDER_ROUTES_REGISTERED package=com.axlebolt.standoff2 vuid=1 authorities=[redacted]
1788688898.307 10311   569  2150 I Unique  : 2026-09-06 17:01:38.307 I PROCESS BROADCAST_ROUTER_READY instances=2 actions=27 authorities=[redacted]
1788688898.607 10311  2305  2512 W Metadata: Failed to find package android.content.pm.PackageManager$NameNotFoundException: com.google.android.gms
1788688898.612 10311  2305  2512 W Metadata: Failed to resolve IID implementation package, falling back
1788688898.633 10311  2305  2715 W libc    : Access denied finding property "ro.vendor.display.iris_x7.support"
1788688898.711 10311  2305  2715 E LB      : fail to open file: No such file or directory
1788688898.711 10311  2305  2715 E LB      : fail to open node: No such file or directory
1788688898.711 10311  2305  2715 E LB      : fail to open node: No such file or directory
1788688898.711 10311  2305  2715 W libc    : Access denied finding property "ro.vendor.display.iris_x7.support"
1788688898.845 10311  2305  2305 D Unique  : 2026-09-06 17:01:38.844 D LAUNCH u0 com.openai.chatgpt NO_LAUNCH_ITEM transaction=android.app.servertransaction.ClientTransaction shape=CREATOR: mActivityCallbacks:[WindowStateInsetsControlChangeItem] mActivityToken:null mClient:null mLifecycleStateRequest:null mTransactionItems:[WindowStateInsetsControlChangeItem] seen=3
1788688898.887 10311  2305  2715 W libc    : Access denied finding property "ro.vendor.display.iris_x7.support"
1788688898.908 10311  2305  2305 D Unique  : 2026-09-06 17:01:38.907 D LAUNCH u0 com.openai.chatgpt NO_LAUNCH_ITEM transaction=android.app.servertransaction.ClientTransaction shape=CREATOR: mActivityCallbacks:[WindowStateInsetsControlChangeItem] mActivityToken:null mClient:null mLifecycleStateRequest:null mTransactionItems:[WindowStateInsetsControlChangeItem] seen=4
1788688898.975 10311  2305  2305 W GooglePlayServicesUtil: com.openai.chatgpt requires Google Play services, but they are missing.
1788688899.012 10311  2305  2808 W GooglePlayServicesUtil: com.openai.chatgpt requires Google Play services, but they are missing.
1788688899.060 10311  2305  2808 D Unique  : 2026-09-06 17:01:39.051 D PROCESS u0 com.openai.chatgpt SETTING_ANSWERED setting=ANDROID_ID value=6fb258c176457eea
1788688899.110 10311  2305  2803 W GooglePlayServicesUtil: com.openai.chatgpt requires Google Play services, but they are missing.
1788688899.111 10311  2305  2543 W GooglePlayServicesUtil: com.openai.chatgpt requires Google Play services, but they are missing.
1788688899.116 10311  2305  2540 W GooglePlayServicesUtil: com.openai.chatgpt requires Google Play services, but they are missing.
1788688899.153 10311  2305  2832 W GooglePlayServicesUtil: com.openai.chatgpt requires Google Play services, but they are missing.
1788688899.156 10311  2305  2832 W GoogleApiManager: The service for jbg0 is not available: hof{statusCode=SERVICE_MISSING, resolution=null, message=null, clientMethodKey=null}
1788688899.159 10311  2305  2832 W GooglePlayServicesUtil: com.openai.chatgpt requires Google Play services, but they are missing.
1788688899.161 10311  2305  2832 W GoogleApiManager: The service for b0i0 is not available: hof{statusCode=SERVICE_MISSING, resolution=null, message=null, clientMethodKey=null}
1788688899.166 10311  2305  2832 W GooglePlayServicesUtil: com.openai.chatgpt requires Google Play services, but they are missing.
1788688899.171 10311  2305  2832 W GoogleApiManager: The service for jbg0 is not available: hof{statusCode=SERVICE_MISSING, resolution=null, message=null, clientMethodKey=null}
1788688899.189 10311  2305  2506 W om.unique:vapp0: Method void dkd.a(java.lang.String, bkd, isb) failed lock verification and will run slower.
1788688899.189 10311  2305  2506 W om.unique:vapp0: Common causes for lock verification issues are non-optimized dex code
1788688899.189 10311  2305  2506 W om.unique:vapp0: and incorrect proguard optimizations.
1788688899.200 10311  2305  2506 W om.unique:vapp0: Method java.lang.Object k8e.q(java.lang.String, rqc, rsg) failed lock verification and will run slower.
1788688899.276 10311  2305  2801 W statsig::Http: java.io.InterruptedIOException: timeout
1788688899.431 10311  2305  2892 D Unique  : 2026-09-06 17:01:39.429 D PROCESS u0 com.openai.chatgpt SERVICE_INTENT_CROSS_APP action=com.google.android.play.core.expressintegrityservice.BIND_EXPRESS_INTEGRITY_SERVICE target=com.android.vending
1788688899.433 10311  2305  2892 D Unique  : 2026-09-06 17:01:39.432 D PROCESS u0 com.openai.chatgpt SERVICE_CONNECTION_WRAPPED connection=zvx
1788688899.624 10311  2305  2828 W statsig::Http: java.io.InterruptedIOException: timeout
1788688899.918 10311  2305  2817 W System  : A resource failed to call response.body().close().
1788688899.970 10311  2305  2636 D Unique  : 2026-09-06 17:01:39.969 D PROCESS u0 com.openai.chatgpt PERMISSION_CHECK permission=android.permission.ACCESS_NETWORK_STATE result=GRANTED
1788688899.970 10311  2305  2640 D Unique  : 2026-09-06 17:01:39.969 D PROCESS u0 com.openai.chatgpt PERMISSION_CHECK permission=android.permission.ACCESS_NETWORK_STATE result=GRANTED
1788688899.973 10311  2305  2635 D Unique  : 2026-09-06 17:01:39.970 D PROCESS u0 com.openai.chatgpt PERMISSION_CHECK permission=android.permission.ACCESS_NETWORK_STATE result=GRANTED
1788688899.981 10311  2305  2593 D Unique  : 2026-09-06 17:01:39.974 D PROCESS u0 com.openai.chatgpt PERMISSION_CHECK permission=android.permission.ACCESS_NETWORK_STATE result=GRANTED
1788688899.983 10311  2305  2631 D Unique  : 2026-09-06 17:01:39.981 D PROCESS u0 com.openai.chatgpt PERMISSION_CHECK permission=android.permission.ACCESS_NETWORK_STATE result=GRANTED
1788688899.983 10311  2305  2913 D Unique  : 2026-09-06 17:01:39.982 D PROCESS u0 com.openai.chatgpt PERMISSION_CHECK permission=android.permission.ACCESS_NETWORK_STATE result=GRANTED
1788688899.986 10311  2305  2640 D Unique  : 2026-09-06 17:01:39.984 D PROCESS u0 com.openai.chatgpt PERMISSION_CHECK permission=android.permission.ACCESS_NETWORK_STATE result=GRANTED
1788688900.058 10311  2305  2593 D Unique  : 2026-09-06 17:01:40.052 D PROCESS u0 com.openai.chatgpt PERMISSION_CHECK permission=android.permission.ACCESS_NETWORK_STATE result=GRANTED
1788688900.059 10311  2305  2640 D Unique  : 2026-09-06 17:01:40.059 D PROCESS u0 com.openai.chatgpt PERMISSION_CHECK permission=android.permission.ACCESS_NETWORK_STATE result=GRANTED
1788688900.419 10311  2305  2764 D Unique  : 2026-09-06 17:01:40.417 D PROCESS u0 com.openai.chatgpt SERVICE_INTENT_CROSS_APP action=com.google.android.play.core.install.BIND_UPDATE_SERVICE target=com.android.vending
1788688900.421 10311  2305  2764 D Unique  : 2026-09-06 17:01:40.420 D PROCESS u0 com.openai.chatgpt SERVICE_CONNECTION_WRAPPED connection=zvx
1788688900.425 10311  2305  2823 W GooglePlayServicesUtil: com.openai.chatgpt requires Google Play services, but they are missing.
1788688900.425 10311  2305  2543 I Unique  : 2026-09-06 17:01:40.423 I PROCESS u0 com.openai.chatgpt COMPONENT_STATE_SET package=com.openai.chatgpt vuid=0 component=com.openai.feature.notification.impl.AppUpdateReceiver state=1
1788688900.434 10311  2305  2832 W GooglePlayServicesUtil: com.openai.chatgpt requires Google Play services, but they are missing.
1788688900.436 10311  2305  2832 W GoogleApiManager: The service for jbg0 is not available: hof{statusCode=SERVICE_MISSING, resolution=null, message=null, clientMethodKey=null}
1788688900.447 10311  2305  2936 W GooglePlayServicesUtil: com.openai.chatgpt requires Google Play services, but they are missing.
1788688900.450 10311  2305  2936 E GooglePlayServicesUtil: GooglePlayServices not available due to error 1
1788688900.456 10311  2305  2640 D Unique  : 2026-09-06 17:01:40.454 D PROCESS u0 com.openai.chatgpt PERMISSION_CHECK permission=android.permission.ACCESS_NETWORK_STATE result=GRANTED
1788688900.458 10311  2305  2832 W GooglePlayServicesUtil: com.openai.chatgpt requires Google Play services, but they are missing.
1788688900.459 10311  2305  2832 W GoogleApiManager: The service for jbg0 is not available: hof{statusCode=SERVICE_MISSING, resolution=null, message=null, clientMethodKey=null}
1788688900.467 10311  2305  2832 W GoogleApiManager: The service for jbg0 is not available: hof{statusCode=SERVICE_MISSING, resolution=null, message=null, clientMethodKey=null}
1788688900.532 10311  2305  2941 E om.unique:vapp0: Failed to open APK '/data/resource-cache/com.android.systemui-neutral-vSDz.frro': Invalid file
1788688900.536 10311  2305  2941 W AssetManager: Failed to load asset, key = ApkKey[lib: /data/resource-cache/com.android.systemui-neutral-vSDz.frro]
1788688900.536 10311  2305  2941 W AssetManager: java.io.IOException: Failed to load asset path /data/resource-cache/com.android.systemui-neutral-vSDz.frro
1788688900.536 10311  2305  2941 W AssetManager: 	at android.content.res.ApkAssets.nativeLoad(Native Method)
1788688900.536 10311  2305  2941 W AssetManager: 	at android.content.res.ApkAssets.<init>(ApkAssets.java:303)
1788688900.536 10311  2305  2941 W AssetManager: 	at android.content.res.ApkAssets.loadFromPath(ApkAssets.java:152)
1788688900.536 10311  2305  2941 W AssetManager: 	at android.app.ResourcesManager.loadApkAssets(ResourcesManager.java:607)
1788688900.536 10311  2305  2941 W AssetManager: 	at android.content.res.AssetManager.loadAssets(AssetManager.java:596)
1788688900.536 10311  2305  2941 W AssetManager: 	at android.content.res.AssetManager.addAssetPathInternal(AssetManager.java:542)
1788688900.536 10311  2305  2941 W AssetManager: 	at android.content.res.AssetManager.addAssetPathAsSharedLibrary(AssetManager.java:488)
1788688900.536 10311  2305  2941 W AssetManager: 	at android.webkit.WebViewFactory.getProviderClass(WebViewFactory.java:558)
1788688900.536 10311  2305  2941 W AssetManager: 	at android.webkit.WebViewFactory.getProvider(WebViewFactory.java:362)
1788688900.536 10311  2305  2941 W AssetManager: 	at android.webkit.WebView.getFactory(WebView.java:2621)
1788688900.536 10311  2305  2941 W AssetManager: 	at android.webkit.WebView.getWebViewClassLoader(WebView.java:2406)
1788688900.536 10311  2305  2941 W AssetManager: 	at cx0.k(r8-map-id-b66f4a19bf5703a6754d09897c3fb096aa12c72988c76210c12309a8ee4b2cc5:1)
1788688900.536 10311  2305  2941 W AssetManager: 	at co60.g(dex-id-1ef026ccdf1c8a6b9733ced714c53421e7bae790:7)
1788688900.536 10311  2305  2941 W AssetManager: 	at ol3.run(r8-map-id-b66f4a19bf5703a6754d09897c3fb096aa12c72988c76210c12309a8ee4b2cc5:43)
1788688900.536 10311  2305  2941 W AssetManager: 	at ol3.run(r8-map-id-b66f4a19bf5703a6754d09897c3fb096aa12c72988c76210c12309a8ee4b2cc5:20)
1788688900.536 10311  2305  2941 W AssetManager: 	at java.util.concurrent.ThreadPoolExecutor.runWorker(ThreadPoolExecutor.java:1100)
1788688900.536 10311  2305  2941 W AssetManager: 	at java.util.concurrent.ThreadPoolExecutor$Worker.run(ThreadPoolExecutor.java:624)
1788688900.536 10311  2305  2941 W AssetManager: 	at java.lang.Thread.run(Thread.java:1572)
1788688900.537 10311  2305  2941 E om.unique:vapp0: Failed to open APK '/data/resource-cache/com.android.systemui-accent-m9sI.frro': Invalid file
1788688900.537 10311  2305  2941 W AssetManager: Failed to load asset, key = ApkKey[lib: /data/resource-cache/com.android.systemui-accent-m9sI.frro]
1788688900.537 10311  2305  2941 W AssetManager: java.io.IOException: Failed to load asset path /data/resource-cache/com.android.systemui-accent-m9sI.frro
1788688900.537 10311  2305  2941 W AssetManager: 	at android.content.res.ApkAssets.nativeLoad(Native Method)
1788688900.537 10311  2305  2941 W AssetManager: 	at android.content.res.ApkAssets.<init>(ApkAssets.java:303)
1788688900.537 10311  2305  2941 W AssetManager: 	at android.content.res.ApkAssets.loadFromPath(ApkAssets.java:152)
1788688900.537 10311  2305  2941 W AssetManager: 	at android.app.ResourcesManager.loadApkAssets(ResourcesManager.java:607)
1788688900.537 10311  2305  2941 W AssetManager: 	at android.content.res.AssetManager.loadAssets(AssetManager.java:596)
1788688900.537 10311  2305  2941 W AssetManager: 	at android.content.res.AssetManager.addAssetPathInternal(AssetManager.java:542)
1788688900.537 10311  2305  2941 W AssetManager: 	at android.content.res.AssetManager.addAssetPathAsSharedLibrary(AssetManager.java:488)
1788688900.537 10311  2305  2941 W AssetManager: 	at android.webkit.WebViewFactory.getProviderClass(WebViewFactory.java:558)
1788688900.537 10311  2305  2941 W AssetManager: 	at android.webkit.WebViewFactory.getProvider(WebViewFactory.java:362)
1788688900.537 10311  2305  2941 W AssetManager: 	at android.webkit.WebView.getFactory(WebView.java:2621)
1788688900.537 10311  2305  2941 W AssetManager: 	at android.webkit.WebView.getWebViewClassLoader(WebView.java:2406)
1788688900.537 10311  2305  2941 W AssetManager: 	at cx0.k(r8-map-id-b66f4a19bf5703a6754d09897c3fb096aa12c72988c76210c12309a8ee4b2cc5:1)
1788688900.537 10311  2305  2941 W AssetManager: 	at co60.g(dex-id-1ef026ccdf1c8a6b9733ced714c53421e7bae790:7)
1788688900.537 10311  2305  2941 W AssetManager: 	at ol3.run(r8-map-id-b66f4a19bf5703a6754d09897c3fb096aa12c72988c76210c12309a8ee4b2cc5:43)
1788688900.537 10311  2305  2941 W AssetManager: 	at ol3.run(r8-map-id-b66f4a19bf5703a6754d09897c3fb096aa12c72988c76210c12309a8ee4b2cc5:20)
1788688900.537 10311  2305  2941 W AssetManager: 	at java.util.concurrent.ThreadPoolExecutor.runWorker(ThreadPoolExecutor.java:1100)
1788688900.537 10311  2305  2941 W AssetManager: 	at java.util.concurrent.ThreadPoolExecutor$Worker.run(ThreadPoolExecutor.java:624)
1788688900.537 10311  2305  2941 W AssetManager: 	at java.lang.Thread.run(Thread.java:1572)
1788688900.538 10311  2305  2941 E om.unique:vapp0: Failed to open APK '/data/resource-cache/com.android.systemui-dynamic-gTnv.frro': Invalid file
1788688900.539 10311  2305  2941 W AssetManager: Failed to load asset, key = ApkKey[lib: /data/resource-cache/com.android.systemui-dynamic-gTnv.frro]
1788688900.539 10311  2305  2941 W AssetManager: java.io.IOException: Failed to load asset path /data/resource-cache/com.android.systemui-dynamic-gTnv.frro
1788688900.539 10311  2305  2941 W AssetManager: 	at android.content.res.ApkAssets.nativeLoad(Native Method)
1788688900.539 10311  2305  2941 W AssetManager: 	at android.content.res.ApkAssets.<init>(ApkAssets.java:303)
1788688900.539 10311  2305  2941 W AssetManager: 	at android.content.res.ApkAssets.loadFromPath(ApkAssets.java:152)
1788688900.539 10311  2305  2941 W AssetManager: 	at android.app.ResourcesManager.loadApkAssets(ResourcesManager.java:607)
1788688900.539 10311  2305  2941 W AssetManager: 	at android.content.res.AssetManager.loadAssets(AssetManager.java:596)
1788688900.539 10311  2305  2941 W AssetManager: 	at android.content.res.AssetManager.addAssetPathInternal(AssetManager.java:542)
1788688900.539 10311  2305  2941 W AssetManager: 	at android.content.res.AssetManager.addAssetPathAsSharedLibrary(AssetManager.java:488)
1788688900.539 10311  2305  2941 W AssetManager: 	at android.webkit.WebViewFactory.getProviderClass(WebViewFactory.java:558)
1788688900.539 10311  2305  2941 W AssetManager: 	at android.webkit.WebViewFactory.getProvider(WebViewFactory.java:362)
1788688900.539 10311  2305  2941 W AssetManager: 	at android.webkit.WebView.getFactory(WebView.java:2621)
1788688900.539 10311  2305  2941 W AssetManager: 	at android.webkit.WebView.getWebViewClassLoader(WebView.java:2406)
1788688900.539 10311  2305  2941 W AssetManager: 	at cx0.k(r8-map-id-b66f4a19bf5703a6754d09897c3fb096aa12c72988c76210c12309a8ee4b2cc5:1)
1788688900.539 10311  2305  2941 W AssetManager: 	at co60.g(dex-id-1ef026ccdf1c8a6b9733ced714c53421e7bae790:7)
1788688900.539 10311  2305  2941 W AssetManager: 	at ol3.run(r8-map-id-b66f4a19bf5703a6754d09897c3fb096aa12c72988c76210c12309a8ee4b2cc5:43)
1788688900.539 10311  2305  2941 W AssetManager: 	at ol3.run(r8-map-id-b66f4a19bf5703a6754d09897c3fb096aa12c72988c76210c12309a8ee4b2cc5:20)
1788688900.539 10311  2305  2941 W AssetManager: 	at java.util.concurrent.ThreadPoolExecutor.runWorker(ThreadPoolExecutor.java:1100)
1788688900.539 10311  2305  2941 W AssetManager: 	at java.util.concurrent.ThreadPoolExecutor$Worker.run(ThreadPoolExecutor.java:624)
1788688900.539 10311  2305  2941 W AssetManager: 	at java.lang.Thread.run(Thread.java:1572)
1788688900.551 10311  2305  2941 I UniqueNative: io_redirect installed: 0 slot(s) in 3/410 libraries (0 excluded, 10 total), 8 rule(s), page size 4096
1788688900.624 10311  2305  2942 I Unique  : 2026-09-06 17:01:40.622 I PROCESS u0 com.openai.chatgpt SERVICE_INTENT_RESOLVED_IN_GUEST action=com.google.firebase.MESSAGING_EVENT service=com.openai.feature.notification.impl.NotificationService matches=2
1788688900.627 10311  2305  2942 I Unique  : 2026-09-06 17:01:40.625 I PROCESS u0 com.openai.chatgpt SERVICE_STUB_RESERVED slot=0 stub=0 service=com.openai.feature.notification.impl.NotificationService vuid=0
1788688900.629 10311  2305  2942 D Unique  : 2026-09-06 17:01:40.627 D PROCESS u0 com.openai.chatgpt SERVICE_INTENT_ROUTED service=com.openai.feature.notification.impl.NotificationService stub=com.unique.stub.ServiceStub_p0_s0 action=com.google.firebase.MESSAGING_EVENT
1788688900.630 10311  2305  2942 D Unique  : 2026-09-06 17:01:40.629 D PROCESS u0 com.openai.chatgpt SERVICE_CONNECTION_WRAPPED connection=okf0
1788688900.639 10311  2305  2305 I Unique  : 2026-09-06 17:01:40.637 I PROCESS u0 com.openai.chatgpt CREATE_SERVICE_REWRITTEN stub=com.unique.stub.ServiceStub_p0_s0 service=com.openai.feature.notification.impl.NotificationService
1788688900.652 10311  2305  2305 D Unique  : 2026-09-06 17:01:40.650 D PROCESS u0 com.openai.chatgpt SERVICE_INTENT_ROUTED service=com.openai.feature.notification.impl.NotificationService stub=com.unique.stub.ServiceStub_p0_s0 action=com.google.firebase.MESSAGING_EVENT
1788688900.718 10311  2305  2941 I UniqueNative: io_redirect installed: 0 slot(s) in 3/411 libraries (0 excluded, 10 total), 8 rule(s), page size 4096
1788688900.735 10311  2305  2941 I UniqueNative: io_redirect installed: 0 slot(s) in 3/411 libraries (0 excluded, 10 total), 8 rule(s), page size 4096
1788688900.879 10311  2305  2966 D Unique  : 2026-09-06 17:01:40.878 D PROCESS u0 com.openai.chatgpt SERVICE_CONNECTION_WRAPPED connection=WV.nv
1788688900.900 10311  2305  2966 D Unique  : 2026-09-06 17:01:40.898 D PROCESS u0 com.openai.chatgpt SERVICE_CONNECTION_WRAPPED connection=WV.nv
1788688901.172 10311  2305  2305 W cr_PlatformSer-Internal: Unable to find GMS package on device
1788688901.230 10311  2305  2305 D Unique  : 2026-09-06 17:01:41.228 D PROCESS u0 com.openai.chatgpt PERMISSION_CHECK permission=android.permission.INTERNET result=GRANTED
1788688901.267 10311   569   603 W Unique  : 2026-09-06 17:01:41.265 W PROCESS PROVIDER_ROUTE_UNKNOWN vuid=0 authority=[redacted]
1788688901.445 10311  2305  2305 D Unique  : 2026-09-06 17:01:41.444 D LAUNCH u0 com.openai.chatgpt NO_LAUNCH_ITEM transaction=android.app.servertransaction.ClientTransaction shape=CREATOR: mActivityCallbacks:[TopResumedActivityChangeItem] mActivityToken:BinderProxy mClient:null mLifecycleStateRequest:null mTransactionItems:[TopResumedActivityChangeItem] seen=5
1788688901.569 10311  2305  2305 D Unique  : 2026-09-06 17:01:41.568 D LAUNCH u0 com.openai.chatgpt NO_LAUNCH_ITEM transaction=android.app.servertransaction.ClientTransaction shape=CREATOR: mActivityCallbacks:[WindowStateInsetsControlChangeItem] mActivityToken:null mClient:null mLifecycleStateRequest:null mTransactionItems:[WindowStateInsetsControlChangeItem] seen=6
1788688901.615 10311  2305  3015 W libc    : Access denied finding property "vendor.camera.aux.packagelist"
1788688901.616 10311  2305  3015 W libc    : Access denied finding property "vendor.camera.aux.packagelistext"
1788688901.616 10311  2305  3015 W CameraExtImplXiaoMi: ignore the status update of camera: 2
1788688901.616 10311  2305  3015 W libc    : Access denied finding property "vendor.camera.aux.packagelist"
1788688901.616 10311  2305  3015 W libc    : Access denied finding property "vendor.camera.aux.packagelistext"
1788688901.616 10311  2305  3015 W CameraExtImplXiaoMi: ignore the status update of camera: 3
1788688901.616 10311  2305  3015 W libc    : Access denied finding property "vendor.camera.aux.packagelist"
1788688901.616 10311  2305  3015 W libc    : Access denied finding property "vendor.camera.aux.packagelistext"
1788688901.617 10311  2305  3015 W CameraExtImplXiaoMi: ignore the status update of camera: 4
1788688901.617 10311  2305  2405 W om.unique:vapp0: PerfMonitor async binderTransact :  time=358ms interface=android.hardware.ICameraServiceListener code=3
1788688901.618 10311  2305  2829 W libc    : Access denied finding property "vendor.camera.aux.packagelist"
1788688901.618 10311  2305  2829 W libc    : Access denied finding property "vendor.camera.aux.packagelistext"
1788688901.618 10311  2305  2829 W CameraManagerGlobal: ignore the torch status update of camera: 2
1788688901.618 10311  2305  2829 W libc    : Access denied finding property "vendor.camera.aux.packagelist"
1788688901.618 10311  2305  2829 W libc    : Access denied finding property "vendor.camera.aux.packagelistext"
1788688901.618 10311  2305  2829 W CameraManagerGlobal: ignore the torch status update of camera: 3
1788688901.618 10311  2305  2829 W libc    : Access denied finding property "vendor.camera.aux.packagelist"
1788688901.618 10311  2305  2829 W libc    : Access denied finding property "vendor.camera.aux.packagelistext"
1788688901.620 10311  2305  2829 W CameraManagerGlobal: ignore the torch status update of camera: 4
1788688901.883 10311  2305  3017 E CameraInjector: getResultFromProvider: Attempt to invoke virtual method 'java.io.File android.content.Context.getCacheDir()' on a null object reference
1788688901.884 10311  2305  3017 E CameraInjector: updateCloudCameraControllerInfoAsync: latch count down error
1788688902.484 10311  2305  2305 D Unique  : 2026-09-06 17:01:42.482 D LAUNCH u0 com.openai.chatgpt NO_LAUNCH_ITEM transaction=android.app.servertransaction.ClientTransaction shape=CREATOR: mActivityCallbacks:null mActivityToken:BinderProxy mClient:null mLifecycleStateRequest:StopActivityItem mTransactionItems:[StopActivityItem] seen=7
1788688902.569 10311  2305  2305 D Unique  : 2026-09-06 17:01:42.568 D LAUNCH u0 com.openai.chatgpt NO_LAUNCH_ITEM transaction=android.app.servertransaction.ClientTransaction shape=CREATOR: mActivityCallbacks:[WindowStateInsetsControlChangeItem] mActivityToken:null mClient:null mLifecycleStateRequest:null mTransactionItems:[WindowStateInsetsControlChangeItem] seen=8
1788688903.451 10311  2305  2998 D Unique  : 2026-09-06 17:01:43.450 D PROCESS u0 com.openai.chatgpt SERVICE_CONNECTION_WRAPPED connection=WV.xx2
1788688903.468 10311  2305  2998 D Unique  : 2026-09-06 17:01:43.466 D PROCESS u0 com.openai.chatgpt SERVICE_CONNECTION_WRAPPED connection=WV.ne
1788688903.596 10311  2305  2903 W BpBinder: Slow Binder: BpBinder transact took 3668 ms, interface=android.os.IBatteryPropertiesRegistrar, code=1 oneway=false
1788688905.622 10311  2305  2506 W om.unique:vapp0: Verification of java.lang.Object a22.deserialize(kotlinx.serialization.encoding.Decoder) took 162.604ms (23295.77 bytecodes/s) (0B arena alloc)
1788688907.202 10311   569   622 I Unique  : 2026-09-06 17:01:47.191 I STORAGE PACKAGE_IMPORTED package=com.gordey.standarling versionCode=1090 splits=1 libs=16 abi=arm64-v8a bytes=1671480385 readOnlyApks=1
1788688907.299 10311   569   622 I Unique  : 2026-09-06 17:01:47.296 I STORAGE INSTANCE_PREPARED vuid=2 package=com.gordey.standarling created=13
1788688907.309 10311   569   622 I Unique  : 2026-09-06 17:01:47.305 I STORAGE INSTANCE_CREATED package=com.gordey.standarling vuid=2 name=Profile 1 androidId=7f3148a5b05e62c4
1788688907.325 10311   569   622 I Unique  : 2026-09-06 17:01:47.318 I STORAGE GUEST_OBB_IMPORT outcome=SOURCE_UNREADABLE files=0 bytes=0 source=/storage/emulated/0/Android/obb/com.gordey.standarling detail=/storage/emulated/0/Android/obb is not readable by UNIQUE; grant all-files access, or add the files by hand package=com.gordey.standarling vuid=2
1788688907.417 10311   569  2150 I Unique  : 2026-09-06 17:01:47.413 I PROCESS BROADCAST_ROUTES_REGISTERED package=com.openai.chatgpt vuid=0 routes=9 actions=androidx.work.impl.background.systemalarm.UpdateProxies,android.intent.action.MEDIA_MOUNTED,androidx.profileinstaller.action.SKIP_FILE,com.facebook.sdk.ACTION_CURRENT_ACCESS_TOKEN_CHANGED,com.a0soft.gphone.acc.ActionClearAppCachesFinished,android.intent.action.MY_PACKAGE_SUSPENDED,androidx.profilein
1788688907.422 10311   569  2150 I Unique  : 2026-09-06 17:01:47.418 I PROCESS PROVIDER_ROUTES_REGISTERED package=com.openai.chatgpt vuid=0 authorities=[redacted]
1788688907.468 10311   569  2150 I Unique  : 2026-09-06 17:01:47.464 I PROCESS BROADCAST_ROUTES_REGISTERED package=com.axlebolt.standoff2 vuid=1 routes=12 actions=androidx.work.impl.background.systemalarm.UpdateProxies,android.intent.action.MEDIA_MOUNTED,androidx.profileinstaller.action.SKIP_FILE,com.facebook.sdk.ACTION_CURRENT_ACCESS_TOKEN_CHANGED,com.a0soft.gphone.acc.ActionClearAppCachesFinished,android.intent.action.MY_PACKAGE_SUSPENDED,androidx.profilein
1788688907.471 10311   569  2150 I Unique  : 2026-09-06 17:01:47.469 I PROCESS PROVIDER_ROUTES_REGISTERED package=com.axlebolt.standoff2 vuid=1 authorities=[redacted]
1788688907.494 10311   569  2150 I Unique  : 2026-09-06 17:01:47.489 I PROCESS BROADCAST_ROUTES_REGISTERED package=com.gordey.standarling vuid=2 routes=3 actions=androidx.work.impl.background.systemalarm.UpdateProxies,android.intent.action.MEDIA_MOUNTED,androidx.profileinstaller.action.SKIP_FILE,com.facebook.sdk.ACTION_CURRENT_ACCESS_TOKEN_CHANGED,com.a0soft.gphone.acc.ActionClearAppCachesFinished,android.intent.action.MY_PACKAGE_SUSPENDED,androidx.profilein
1788688907.498 10311   569  2150 I Unique  : 2026-09-06 17:01:47.495 I PROCESS PROVIDER_ROUTES_REGISTERED package=com.gordey.standarling vuid=2 authorities=[redacted]
1788688907.501 10311   569  2150 I Unique  : 2026-09-06 17:01:47.498 I PROCESS BROADCAST_ROUTER_READY instances=3 actions=27 authorities=[redacted]
1788688907.681 10311   569   648 I Unique  : 2026-09-06 17:01:47.679 I STORAGE GUEST_INFO_RESOLVED package=com.gordey.standarling label=Standarling icon=true
1788688909.684 10311  2305  2506 W om.unique:vapp0: Verification of java.lang.Object spw.deserialize(kotlinx.serialization.encoding.Decoder) took 203.989ms (15834.14 bytecodes/s) (0B arena alloc)
1788688909.939 10311  2305  2305 D Unique  : 2026-09-06 17:01:49.938 D PROCESS u0 com.openai.chatgpt CREATE_SERVICE_UNMAPPED stub=com.unique.stub.JobStub_p0
1788688909.997 10311  2305  2305 I Unique  : 2026-09-06 17:01:49.991 I PROCESS u0 com.openai.chatgpt JOB_STARTED service=com.google.android.datatransport.runtime.scheduling.jobscheduling.JobInfoSchedulerService virtualJobId=641086048 hostJobId=406112 stillRunning=true
1788688910.032 10311  2305  2305 W JobService: onNetworkChanged() not implemented in com.unique.stub.JobStub_p0. Must override in a subclass.
1788688910.355 10311   569   569 I Unique  : 2026-09-06 17:01:50.353 I PROCESS PROCESS_ASSIGNED slot=:vapp1 vuid=1 process=com.axlebolt.standoff2
1788688910.390 10311   569   569 E Unique  : 2026-09-06 17:01:50.379 E PROCESS BROADCAST_STUB_START_FAILED package=com.axlebolt.standoff2 error=java.lang.SecurityException: Unable to start service Intent { cmp=com.unique/.stub.ServiceStub_p1_s6 (has extras) }: Unable to launch app com.unique/10311 for service Intent { cmp=com.unique/.stub.ServiceStub_p1_s6 }: process is bad
1788688910.401 10311   569   569 I Unique  : 2026-09-06 17:01:50.391 I PROCESS BROADCAST_ROUTED_COLD action=android.net.conn.CONNECTIVITY_CHANGE package=com.axlebolt.standoff2 vuid=1 receiver=com.mbridge.msdk.foundation.same.broadcast.NetWorkChangeReceiver started=false
1788688911.053 10311  2305  2305 D Unique  : 2026-09-06 17:01:51.050 D LAUNCH u0 com.openai.chatgpt NO_LAUNCH_ITEM transaction=android.app.servertransaction.ClientTransaction shape=CREATOR: mActivityCallbacks:[TopResumedActivityChangeItem] mActivityToken:BinderProxy mClient:null mLifecycleStateRequest:ResumeActivityItem mTransactionItems:[TopResumedActivityChangeItem|ResumeActivityItem] seen=9
1788688911.086 10311  2305  2764 D Unique  : 2026-09-06 17:01:51.084 D PROCESS u0 com.openai.chatgpt SERVICE_INTENT_CROSS_APP action=com.google.android.play.core.install.BIND_UPDATE_SERVICE target=com.android.vending
1788688911.087 10311  2305  2764 D Unique  : 2026-09-06 17:01:51.086 D PROCESS u0 com.openai.chatgpt SERVICE_CONNECTION_WRAPPED connection=zvx
1788688911.169 10311  2305  2715 E om.unique:vapp0: DynamicFPS DF open fail: No such file or directory
1788688911.169 10311  2305  2715 E om.unique:vapp0: FrameInsert open fail: No such file or directory
1788688911.223 10311  2305  2305 D Unique  : 2026-09-06 17:01:51.223 D LAUNCH u0 com.openai.chatgpt NO_LAUNCH_ITEM transaction=android.app.servertransaction.ClientTransaction shape=CREATOR: mActivityCallbacks:[WindowStateInsetsControlChangeItem] mActivityToken:null mClient:null mLifecycleStateRequest:null mTransactionItems:[WindowStateInsetsControlChangeItem] seen=10
1788688911.310 10311  2305  2892 D Unique  : 2026-09-06 17:01:51.300 D PROCESS u0 com.openai.chatgpt SERVICE_INTENT_CROSS_APP action=com.google.android.play.core.expressintegrityservice.BIND_EXPRESS_INTEGRITY_SERVICE target=com.android.vending
1788688911.321 10311  2305  2892 D Unique  : 2026-09-06 17:01:51.312 D PROCESS u0 com.openai.chatgpt SERVICE_CONNECTION_WRAPPED connection=zvx
1788688911.417 10311  2305  2305 D Unique  : 2026-09-06 17:01:51.411 D LAUNCH u0 com.openai.chatgpt NO_LAUNCH_ITEM transaction=android.app.servertransaction.ClientTransaction shape=CREATOR: mActivityCallbacks:[WindowStateInsetsControlChangeItem] mActivityToken:null mClient:null mLifecycleStateRequest:null mTransactionItems:[WindowStateInsetsControlChangeItem] seen=11
1788688911.432 10311  2305  2305 D Unique  : 2026-09-06 17:01:51.431 D LAUNCH u0 com.openai.chatgpt NO_LAUNCH_ITEM transaction=android.app.servertransaction.ClientTransaction shape=CREATOR: mActivityCallbacks:[WindowStateResizeItem] mActivityToken:null mClient:null mLifecycleStateRequest:null mTransactionItems:[WindowStateResizeItem] seen=12
1788688911.618 10311  2305  2305 W MirrorManager: this model don't Support
1788688911.757 10311  2305  2892 D Unique  : 2026-09-06 17:01:51.755 D PROCESS u0 com.openai.chatgpt SERVICE_INTENT_CROSS_APP action=com.google.android.play.core.expressintegrityservice.BIND_EXPRESS_INTEGRITY_SERVICE target=com.android.vending
1788688911.758 10311  2305  2892 D Unique  : 2026-09-06 17:01:51.757 D PROCESS u0 com.openai.chatgpt SERVICE_CONNECTION_WRAPPED connection=zvx
1788688912.122 10311  2305  2831 W statsig::Http: java.io.InterruptedIOException: timeout
1788688912.123 10311  2305  2801 W statsig::Http: java.io.InterruptedIOException: timeout
1788688913.162 10311  2305  2892 D Unique  : 2026-09-06 17:01:53.160 D PROCESS u0 com.openai.chatgpt SERVICE_INTENT_CROSS_APP action=com.google.android.play.core.expressintegrityservice.BIND_EXPRESS_INTEGRITY_SERVICE target=com.android.vending
1788688913.162 10311  2305  2892 D Unique  : 2026-09-06 17:01:53.162 D PROCESS u0 com.openai.chatgpt SERVICE_CONNECTION_WRAPPED connection=zvx
1788688913.683 10311  2305  2305 D Unique  : 2026-09-06 17:01:53.682 D PROCESS u0 com.openai.chatgpt PERMISSION_CHECK permission=android.permission.POST_NOTIFICATIONS result=DENIED
1788688913.694 10311  2305  2892 D Unique  : 2026-09-06 17:01:53.693 D PROCESS u0 com.openai.chatgpt SERVICE_INTENT_CROSS_APP action=com.google.android.play.core.expressintegrityservice.BIND_EXPRESS_INTEGRITY_SERVICE target=com.android.vending
1788688913.694 10311  2305  2892 D Unique  : 2026-09-06 17:01:53.694 D PROCESS u0 com.openai.chatgpt SERVICE_CONNECTION_WRAPPED connection=zvx
1788688913.728 10311  2305  2305 D Unique  : 2026-09-06 17:01:53.727 D PROCESS u0 com.openai.chatgpt PERMISSION_CHECK permission=android.permission.POST_NOTIFICATIONS result=DENIED
1788688913.791 10311  2305  2305 D Unique  : 2026-09-06 17:01:53.790 D PROCESS u0 com.openai.chatgpt PERMISSION_CHECK permission=android.permission.POST_NOTIFICATIONS result=DENIED
1788688913.810 10311  2305  2305 D Unique  : 2026-09-06 17:01:53.808 D PROCESS u0 com.openai.chatgpt PERMISSION_CHECK permission=android.permission.POST_NOTIFICATIONS result=DENIED
1788688913.820 10311  2305  2305 D Unique  : 2026-09-06 17:01:53.819 D PROCESS u0 com.openai.chatgpt PERMISSION_CHECK permission=android.permission.POST_NOTIFICATIONS result=DENIED
1788688913.887 10311  2305  2305 D Unique  : 2026-09-06 17:01:53.885 D PROCESS u0 com.openai.chatgpt PERMISSION_CHECK permission=android.permission.POST_NOTIFICATIONS result=DENIED
1788688913.894 10311  2305  2305 D Unique  : 2026-09-06 17:01:53.893 D PROCESS u0 com.openai.chatgpt PERMISSION_CHECK permission=android.permission.POST_NOTIFICATIONS result=DENIED
1788688913.969 10311  2305  2305 D Unique  : 2026-09-06 17:01:53.968 D PROCESS u0 com.openai.chatgpt PERMISSION_CHECK permission=android.permission.POST_NOTIFICATIONS result=DENIED
1788688913.970 10311  2305  2305 D Unique  : 2026-09-06 17:01:53.970 D PROCESS u0 com.openai.chatgpt PERMISSION_CHECK permission=android.permission.POST_NOTIFICATIONS result=DENIED
1788688914.048 10311  2305  2305 D Unique  : 2026-09-06 17:01:54.048 D PROCESS u0 com.openai.chatgpt PERMISSION_CHECK permission=android.permission.POST_NOTIFICATIONS result=DENIED
1788688914.082 10311  2305  2801 W statsig::Http: java.io.InterruptedIOException: timeout
1788688914.138 10311  2305  2892 D Unique  : 2026-09-06 17:01:54.137 D PROCESS u0 com.openai.chatgpt SERVICE_INTENT_CROSS_APP action=com.google.android.play.core.expressintegrityservice.BIND_EXPRESS_INTEGRITY_SERVICE target=com.android.vending
1788688914.139 10311  2305  2892 D Unique  : 2026-09-06 17:01:54.138 D PROCESS u0 com.openai.chatgpt SERVICE_CONNECTION_WRAPPED connection=zvx
1788688914.259 10311  2305  2309 W om.unique:vapp0: Missing inline cache for java.lang.Object hv50.invoke(java.lang.Object)
1788688914.309 10311  2305  2305 D Unique  : 2026-09-06 17:01:54.308 D LAUNCH u0 com.openai.chatgpt NO_LAUNCH_ITEM transaction=android.app.servertransaction.ClientTransaction shape=CREATOR: mActivityCallbacks:[WindowStateResizeItem] mActivityToken:null mClient:null mLifecycleStateRequest:null mTransactionItems:[WindowStateResizeItem] seen=13
1788688914.355 10311  2305  2305 W InteractionJankMonitor: Initializing without READ_DEVICE_CONFIG permission. enabled=false, interval=1, missedFrameThreshold=3, frameTimeThreshold=64, package=com.openai.chatgpt
1788688915.012 10311  2305  3582 D Unique  : 2026-09-06 17:01:55.010 D PROCESS u0 com.openai.chatgpt PERMISSION_CHECK permission=android.permission.ACCESS_FINE_LOCATION result=DENIED
1788688915.018 10311  2305  3582 D Unique  : 2026-09-06 17:01:55.013 D PROCESS u0 com.openai.chatgpt PERMISSION_CHECK permission=android.permission.ACCESS_COARSE_LOCATION result=DENIED
1788688915.035 10311  2305  2892 D Unique  : 2026-09-06 17:01:55.034 D PROCESS u0 com.openai.chatgpt SERVICE_INTENT_CROSS_APP action=com.google.android.play.core.expressintegrityservice.BIND_EXPRESS_INTEGRITY_SERVICE target=com.android.vending
1788688915.036 10311  2305  2892 D Unique  : 2026-09-06 17:01:55.035 D PROCESS u0 com.openai.chatgpt SERVICE_CONNECTION_WRAPPED connection=zvx
1788688915.138 10311  2305  2305 W WindowOnBackDispatcher: OnBackInvokedCallback is not enabled for the application.
1788688915.138 10311  2305  2305 W WindowOnBackDispatcher: Set 'android:enableOnBackInvokedCallback="true"' in the application manifest.
1788688915.207 10311  2305  2305 W RemoteInputConnectionImpl: requestCursorUpdates on inactive InputConnection
1788688917.364 10311  2305  2892 D Unique  : 2026-09-06 17:01:57.363 D PROCESS u0 com.openai.chatgpt SERVICE_INTENT_CROSS_APP action=com.google.android.play.core.expressintegrityservice.BIND_EXPRESS_INTEGRITY_SERVICE target=com.android.vending
1788688917.368 10311  2305  2892 D Unique  : 2026-09-06 17:01:57.365 D PROCESS u0 com.openai.chatgpt SERVICE_CONNECTION_WRAPPED connection=zvx
1788688917.728 10311  2305  2305 W WindowOnBackDispatcher: OnBackInvokedCallback is not enabled for the application.
1788688917.728 10311  2305  2305 W WindowOnBackDispatcher: Set 'android:enableOnBackInvokedCallback="true"' in the application manifest.
1788688917.734 10311  2305  2715 W libc    : Access denied finding property "ro.vendor.display.iris_x7.support"
1788688917.984 10311  2305  2715 W libc    : Access denied finding property "ro.vendor.display.iris_x7.support"
1788688918.112 10311   569   667 E com.unique: checkIfsupportxIntfps do not binder to joyose
1788688918.278 10311  2305  2305 D Unique  : 2026-09-06 17:01:58.277 D PROCESS u0 com.openai.chatgpt PERMISSION_CHECK permission=android.permission.POST_NOTIFICATIONS result=DENIED
1788688918.287 10311  2305  2764 D Unique  : 2026-09-06 17:01:58.285 D PROCESS u0 com.openai.chatgpt SERVICE_INTENT_CROSS_APP action=com.google.android.play.core.install.BIND_UPDATE_SERVICE target=com.android.vending
1788688918.289 10311  2305  2764 D Unique  : 2026-09-06 17:01:58.288 D PROCESS u0 com.openai.chatgpt SERVICE_CONNECTION_WRAPPED connection=zvx
1788688918.642 10311   569   569 W WindowOnBackDispatcher: sendCancelIfRunning: isInProgress=false callback=io.flutter.embedding.android.FlutterActivity$1@db90b4b
1788688920.485 10311  2305  2305 D Unique  : 2026-09-06 17:02:00.484 D PROCESS u0 com.openai.chatgpt PERMISSION_CHECK permission=android.permission.POST_NOTIFICATIONS result=DENIED
1788688920.530 10311  2305  2764 D Unique  : 2026-09-06 17:02:00.497 D PROCESS u0 com.openai.chatgpt SERVICE_INTENT_CROSS_APP action=com.google.android.play.core.install.BIND_UPDATE_SERVICE target=com.android.vending
1788688920.614 10311  2305  2943 W FirebaseMessaging: Service took too long to process intent: com.google.firebase.messaging.NEW_TOKEN finishing.
1788688920.711 10311  2305  2892 D Unique  : 2026-09-06 17:02:00.711 D PROCESS u0 com.openai.chatgpt SERVICE_INTENT_CROSS_APP action=com.google.android.play.core.expressintegrityservice.BIND_EXPRESS_INTEGRITY_SERVICE target=com.android.vending
1788688921.810 10311  2305  2892 D Unique  : 2026-09-06 17:02:01.809 D PROCESS u0 com.openai.chatgpt SERVICE_INTENT_CROSS_APP action=com.google.android.play.core.expressintegrityservice.BIND_EXPRESS_INTEGRITY_SERVICE target=com.android.vending
1788688921.844 10311  2305  2305 D Unique  : 2026-09-06 17:02:01.843 D LAUNCH u0 com.openai.chatgpt ACTIVITY_INTENT_ROUTED activity=com.openai.feature.auth.impl.web.WebAuthenticationActivity stub=com.unique.stub.ActivityStub_p0_m2_a0 launchMode=2
1788688921.939 10311  2305  2305 I Unique  : 2026-09-06 17:02:01.938 I LAUNCH u0 com.openai.chatgpt TRANSACTION_REWRITTEN package=com.openai.chatgpt activity=com.openai.feature.auth.impl.web.WebAuthenticationActivity vuid=0 item=LaunchActivityItem theme=16973840
1788688921.939 10311  2305  2305 I ActivityThread: HardwareRenderer preload  done
1788688921.942 10311  2305  2305 I Unique  : 2026-09-06 17:02:01.942 I LAUNCH u0 com.openai.chatgpt ACTIVITY_HARDWARE_ACCELERATED activity=com.openai.feature.auth.impl.web.WebAuthenticationActivity fromActivityInfo=false applied=true
1788688921.952 10311  2305  2305 D Unique  : 2026-09-06 17:02:01.951 D PROCESS u0 com.openai.chatgpt SERVICE_INTENT_CROSS_APP action=android.support.customtabs.action.CustomTabsService target=com.android.chrome
1788688921.952 10311  2305  2305 D Unique  : 2026-09-06 17:02:01.952 D PROCESS u0 com.openai.chatgpt SERVICE_CONNECTION_WRAPPED connection=w6f0
1788688921.963 10311  2305  2715 W libc    : Access denied finding property "ro.vendor.display.iris_x7.support"
1788688922.111 10311  2305  2537 I Unique  : 2026-09-06 17:02:02.110 I PROCESS u0 com.openai.chatgpt JOB_SCHEDULED service=androidx.work.impl.background.systemjob.SystemJobService virtualJobId=0 hostJobId=0 stub=com.unique.stub.JobStub_p0
1788688922.120 10311  2305  2537 I Unique  : 2026-09-06 17:02:02.119 I PROCESS u0 com.openai.chatgpt COMPONENT_STATE_SET package=com.openai.chatgpt vuid=0 component=androidx.work.impl.background.systemalarm.RescheduleReceiver state=1
1788688922.246 10311  2305  2305 I Unique  : 2026-09-06 17:02:02.245 I LAUNCH u0 com.openai.chatgpt ACTIVITY_IMPLICIT_LEFT_GUEST action=android.intent.action.VIEW data=https package=com.openai.chatgpt handledByHost=com.android.chrome detail=no activity of the guest matches; the host's own apps answer this intent, with the host's data
1788688925.064 10311  2305  2764 D Unique  : 2026-09-06 17:02:05.063 D PROCESS u0 com.openai.chatgpt SERVICE_INTENT_CROSS_APP action=com.google.android.play.core.install.BIND_UPDATE_SERVICE target=com.android.vending
1788688927.159 10311  2305  2536 I Unique  : 2026-09-06 17:02:07.157 I PROCESS u0 com.openai.chatgpt COMPONENT_STATE_SET package=com.openai.chatgpt vuid=0 component=androidx.work.impl.background.systemalarm.RescheduleReceiver state=2
1788688927.165 10311  2305  2305 D Unique  : 2026-09-06 17:02:07.163 D PROCESS u0 com.openai.chatgpt CREATE_SERVICE_UNMAPPED stub=com.unique.stub.JobStub_p0
1788688927.174 10311  2305  2305 I Unique  : 2026-09-06 17:02:07.172 I PROCESS u0 com.openai.chatgpt JOB_STARTED service=com.google.android.datatransport.runtime.scheduling.jobscheduling.JobInfoSchedulerService virtualJobId=267790068 hostJobId=403188 stillRunning=true
1788688930.483 10311  2305  2892 D Unique  : 2026-09-06 17:02:10.481 D PROCESS u0 com.openai.chatgpt SERVICE_INTENT_CROSS_APP action=com.google.android.play.core.expressintegrityservice.BIND_EXPRESS_INTEGRITY_SERVICE target=com.android.vending
1788688943.931 10311   569  2152 W com.unique: Monitor::Inflate: Install failed 0x20531b0
1788688943.932 10311   569   728 W com.unique: Monitor::Inflate: Install failed 0x20531b0
1788688957.675 10311  2305  2810 W statsig::Http: android.system.GaiException: android_getaddrinfo failed: EAI_NODATA (No address associated with hostname)
1788688957.680 10311  2305  2591 E statsig::StatsigNetwork: Error posting logs, saving for retry...
1788688959.646 10311  2305  2764 D Unique  : 2026-09-06 17:02:39.644 D PROCESS u0 com.openai.chatgpt SERVICE_INTENT_CROSS_APP action=com.google.android.play.core.install.BIND_UPDATE_SERVICE target=com.android.vending
1788688959.930 10311  2305  2892 D Unique  : 2026-09-06 17:02:39.930 D PROCESS u0 com.openai.chatgpt SERVICE_INTENT_CROSS_APP action=com.google.android.play.core.expressintegrityservice.BIND_EXPRESS_INTEGRITY_SERVICE target=com.android.vending
1788688959.932 10311  2305  2305 W WindowOnBackDispatcher: sendCancelIfRunning: isInProgress=false callback=android.view.ViewRootImpl$$ExternalSyntheticLambda12@d1fe963
1788688959.944 10311  2305  2522 I Unique  : 2026-09-06 17:02:39.943 I PROCESS u0 com.openai.chatgpt JOB_SCHEDULED service=androidx.work.impl.background.systemjob.SystemJobService virtualJobId=1 hostJobId=1 stub=com.unique.stub.JobStub_p0
1788688959.973 10311  2305  2522 I Unique  : 2026-09-06 17:02:39.972 I PROCESS u0 com.openai.chatgpt COMPONENT_STATE_SET package=com.openai.chatgpt vuid=0 component=androidx.work.impl.background.systemalarm.RescheduleReceiver state=1
1788688960.060 10311  2305  2810 W statsig::Http: java.io.InterruptedIOException: timeout
1788688960.086 10311  2305  2801 W statsig::Http: java.io.InterruptedIOException: timeout
1788688960.569 10311  2305  5008 W statsig::Http: java.io.InterruptedIOException: timeout
1788688960.594 10311  2305  5011 W statsig::Http: java.io.InterruptedIOException: timeout
1788688960.661 10311  2305  5017 W statsig::Http: java.io.InterruptedIOException: timeout
1788688961.396 10311  2305  2305 W WindowOnBackDispatcher: sendCancelIfRunning: isInProgress=false callback=android.view.ViewRootImpl$$ExternalSyntheticLambda12@a5d0c5f
1788688961.431 10311   569   667 E com.unique: checkIfsupportxIntfps do not binder to joyose
1788688961.585 10311  2305  2903 W BpBinder: Slow Binder: BpBinder transact took 1532 ms, interface=android.os.IBatteryPropertiesRegistrar, code=1 oneway=false
1788688961.650 10311  2305  2305 W WindowOnBackDispatcher: sendCancelIfRunning: isInProgress=false callback=android.view.ViewRootImpl$$ExternalSyntheticLambda12@ebde8cc
1788688961.824 10311  2305  2764 D Unique  : 2026-09-06 17:02:41.819 D PROCESS u0 com.openai.chatgpt SERVICE_INTENT_CROSS_APP action=com.google.android.play.core.install.BIND_UPDATE_SERVICE target=com.android.vending
1788688962.760 10311   569   648 I Unique  : 2026-09-06 17:02:42.759 I PROCESS SLOT_PROCESS_STOPPED slot=:vapp0 pids=2305 reason=removed
1788688962.761 10311   569   648 I Unique  : 2026-09-06 17:02:42.760 I PROCESS PROCESS_RELEASED slot=:vapp0 reason=removed
1788688962.768 10311   569   569 W WindowOnBackDispatcher: sendCancelIfRunning: isInProgress=false callback=io.flutter.embedding.android.FlutterActivity$1@db90b4b
1788688962.806 10311   569   648 I Unique  : 2026-09-06 17:02:42.805 I PROCESS BROADCAST_ROUTES_REGISTERED package=com.axlebolt.standoff2 vuid=1 routes=12 actions=androidx.work.impl.background.systemalarm.UpdateProxies,android.intent.action.MEDIA_MOUNTED,androidx.profileinstaller.action.SKIP_FILE,com.facebook.sdk.ACTION_CURRENT_ACCESS_TOKEN_CHANGED,com.a0soft.gphone.acc.ActionClearAppCachesFinished,android.intent.action.MY_PACKAGE_SUSPENDED,androidx.profilein
1788688962.807 10311   569   648 I Unique  : 2026-09-06 17:02:42.806 I PROCESS PROVIDER_ROUTES_REGISTERED package=com.axlebolt.standoff2 vuid=1 authorities=[redacted]
1788688962.813 10311   569   648 I Unique  : 2026-09-06 17:02:42.812 I PROCESS BROADCAST_ROUTES_REGISTERED package=com.gordey.standarling vuid=2 routes=3 actions=androidx.work.impl.background.systemalarm.UpdateProxies,android.intent.action.MEDIA_MOUNTED,androidx.profileinstaller.action.SKIP_FILE,com.facebook.sdk.ACTION_CURRENT_ACCESS_TOKEN_CHANGED,com.a0soft.gphone.acc.ActionClearAppCachesFinished,android.intent.action.MY_PACKAGE_SUSPENDED,androidx.profilein
1788688962.814 10311   569   648 I Unique  : 2026-09-06 17:02:42.813 I PROCESS PROVIDER_ROUTES_REGISTERED package=com.gordey.standarling vuid=2 authorities=[redacted]
1788688962.814 10311   569   648 I Unique  : 2026-09-06 17:02:42.814 I PROCESS BROADCAST_ROUTER_READY instances=2 actions=27 authorities=[redacted]
1788688963.462 10311   569   622 I Unique  : 2026-09-06 17:02:43.461 I GOOGLE GOOGLE_ENVIRONMENT gmsPresent=true gmsEnabled=true gmsVersionCode=263234035 gmsVersionName=26.32.34 (260400-968093310) vendingPresent=true gsfPresent=true customTabs=com.android.chrome hostGmsAvailable=true virtualGmsInstalled=false customTabsAvailable=true
1788688963.478 10311   569   622 I Unique  : 2026-09-06 17:02:43.476 I GOOGLE GOOGLE_ENVIRONMENT gmsPresent=true gmsEnabled=true gmsVersionCode=263234035 gmsVersionName=26.32.34 (260400-968093310) vendingPresent=true gsfPresent=true customTabs=com.android.chrome hostGmsAvailable=true virtualGmsInstalled=false customTabsAvailable=true
1788688963.479 10311   569   622 I Unique  : 2026-09-06 17:02:43.478 I GOOGLE GOOGLE_ROUTE package=com.gordey.standarling flow=SIGN_IN mode=UNSUPPORTED why=Legacy Google Sign-In requires in-space Google Play services. Enable them for this space, or use an app that supports Sign in with Google.
1788688963.480 10311   569   622 I Unique  : 2026-09-06 17:02:43.479 I GOOGLE GOOGLE_ROUTE package=com.gordey.standarling flow=CREDENTIAL_MANAGER mode=HOST_BRIDGE why=Unverified: Sign in with Google issues a token for the app's server client, so the device's own Google Play services should be able to answer. Not yet confirmed against a real sample.
1788688963.481 10311   569   622 I Unique  : 2026-09-06 17:02:43.480 I GOOGLE GOOGLE_ROUTE package=com.gordey.standarling flow=ACCOUNT_MANAGER mode=HOST_BRIDGE why=Account access is bridged to the device's accounts; consent is shown as UNIQUE.
1788688963.482 10311   569   622 I Unique  : 2026-09-06 17:02:43.481 I GOOGLE GOOGLE_ROUTE package=com.gordey.standarling flow=FIREBASE_AUTH mode=HOST_BRIDGE why=Firebase Auth consumes a token from Sign in with Google, which the host bridge can provide.
1788688963.483 10311   569   622 I Unique  : 2026-09-06 17:02:43.482 I GOOGLE GOOGLE_ROUTE package=com.gordey.standarling flow=OAUTH_WEB mode=UNSUPPORTED why=The browser can be opened, but the redirect back to axlebolt:// cannot arrive: that scheme is declared by a package the device has not installed, so nothing resolves it. Use in-space Google Play services, or a sign-in the app can complete without leaving itself.
1788688963.484 10311   569   622 I Unique  : 2026-09-06 17:02:43.483 I GOOGLE GOOGLE_ROUTE package=com.gordey.standarling flow=FCM mode=HOST_BRIDGE why=Experimental: push registration is bridged through the host. Whether Google Play services accepts it varies by version; the result is recorded per device.
1788688963.485 10311   569   622 I Unique  : 2026-09-06 17:02:43.484 I GOOGLE GOOGLE_ROUTE package=com.gordey.standarling flow=PLAY_GAMES mode=UNSUPPORTED why=Not supported yet: Play Games checks an attested app identity, and UNIQUE has not been tested against it.
1788688964.840 10311   569   622 I Unique  : 2026-09-06 17:02:44.839 I PROCESS PERMISSION_SET_BY_USER vuid=2 group=FILES state=GRANTED liveSlot=-
1788688966.895 10311   569   622 I Unique  : 2026-09-06 17:02:46.895 I PROCESS PROCESS_RELEASED slot=:vapp1 reason=process gone
1788688966.896 10311   569   622 I Unique  : 2026-09-06 17:02:46.896 I PROCESS PROCESS_ASSIGNED slot=:vapp0 vuid=2 process=com.gordey.standarling
1788688966.918 10311   569   622 I Unique  : 2026-09-06 17:02:46.917 I LAUNCH LAUNCH_REQUESTED package=com.gordey.standarling vuid=2 activity=com.google.firebase.MessagingUnityPlayerActivity slot=:vapp0 launchMode=2
1788688967.016 10311  5163  5163 D ActivityThread: setEmbeddedParam packageName=com.unique processName=com.unique:vapp0 isEmbedded=false isIsolated=false
1788688967.036 10311  5163  5163 I ActivityThread: TrafficStats init done
1788688967.040 10311  5163  5163 D ActivityThread: useGrowthLimitOutExpendMethod invoke error.
1788688967.053 10311  5163  5163 I ActivityThread: Miui Feature Init done
1788688967.064 10311  5163  5163 I Unique  : 2026-09-06 17:02:47.061 I PROCESS PROCESS_START process=com.unique:vapp0 kind=VAPP sdk=35 abi=arm64-v8a,armeabi-v7a,armeabi
1788688967.066 10311  5163  5163 W om.unique:vapp0: Unsupported class loader: java.lang.Class<org.lsposed.hiddenapibypass.CoreOjClassLoader>
1788688967.133 10311  5163  5163 W om.unique:vapp0: Unsupported class loader: java.lang.Class<org.lsposed.hiddenapibypass.CoreOjClassLoader>
1788688967.133 10311  5163  5163 W om.unique:vapp0: Unsupported class loader: java.lang.Class<org.lsposed.hiddenapibypass.CoreOjClassLoader>
1788688967.137 10311  5163  5163 I Unique  : 2026-09-06 17:02:47.137 I HOOK HIDDEN_API_GRANTED via=HiddenApiBypass
1788688967.141 10311  5163  5163 I UniqueNative: libunique_native loaded (page size 4096)
1788688967.143 10311  5163  5163 I Unique  : 2026-09-06 17:02:47.142 I LAUNCH INTERCEPTOR_INSTALLED executeTransaction=159
1788688967.143 10311  5163  5163 I Unique  : 2026-09-06 17:02:47.143 I PROCESS VAPP_READY slot=0
1788688967.146 10311  5163  5163 I Unique  : 2026-09-06 17:02:47.145 I PROCESS STUB_PROVIDER_CREATED slot=0
1788688967.155 10311  5163  5163 D Unique  : 2026-09-06 17:02:47.155 D LAUNCH CALLBACK_ALIVE what=164 obj=java.lang.String
1788688967.158 10311  5163  5163 D Unique  : 2026-09-06 17:02:47.157 D LAUNCH CALLBACK_ALIVE what=159 obj=android.app.servertransaction.ClientTransaction
1788688967.184 10311  5163  5163 I Unique  : 2026-09-06 17:02:47.184 I PROCESS PROCESS_RENAMED argv0=com.gordey.standarling
1788688967.309 10311  5163  5163 I Unique  : 2026-09-06 17:02:47.308 I PROCESS PROFILE_BOUND profile=921847d7-383f-4503-9a60-5892ae41d542 androidId=7f3148a5b05e62c4 generation=1
1788688967.310 10311  5163  5163 I Unique  : 2026-09-06 17:02:47.309 I PROCESS BUILD_OVERRIDES_APPLIED applied=1 requested=1
1788688967.311 10311  5163  5163 I Unique  : 2026-09-06 17:02:47.310 I LAUNCH PROFILE_BOUND profileId=921847d7-383f-4503-9a60-5892ae41d542 generation=1
1788688967.317 10311  5163  5163 I Unique  : 2026-09-06 17:02:47.317 I PROCESS PERMISSION_CACHE_DISABLED disabled=disablePackageNamePermissionCache,disablePermissionCache,disableApplicationInfoCache,disablePackageInfoCache,disableGetPackagesForUidCache failed=android.app.ActivityManager: no disable*Cache()
1788688967.326 10311  5163  5163 I Unique  : 2026-09-06 17:02:47.324 I PROCESS PERMISSIONS_BOUND package=com.gordey.standarling vuid=2 declared=19 restored=2 runtime=3 installTime=16 selfDefined=1
1788688967.340 10311  5163  5163 I Unique  : 2026-09-06 17:02:47.339 I HOOK SERVICE_HOOKED service=package cache=true singletons=1 managers=1 bound=permissionCheck,getActivityInfo,applicationEnabledSetting,getApplicationInfo,componentEnabledSetting,installedPackages,getInstallerPackageName,getNameForUid,getPackageUid,getPackageInfo,getPackagesForUid,getProviderInfo,getReceiverInfo,getServiceInfo,queryIntent,resolveContentProvider,resolveIntent matched=permissionCheck=checkPermission+checkUidPermission,getActivityInfo,applicationEnabledSetting=getApplicationEnabledSetting+setApplicationEnabledSetting,getApplicationInfo,componentEnabledSetting=getComponentEnabledSetting+setComponentEnabledSetting,installedPackages=getInstalledApplications+getInstalledPackages,getInstallerPackageName,getNameForUid,getPackageUid=getPackageGids+getPackageUid,getPack
1788688967.340 10311  5163  5163 I Unique  : 2026-09-06 17:02:47.340 I LAUNCH VPM_HOOK_INSTALLED package=com.gordey.standarling bound=permissionCheck,getActivityInfo,applicationEnabledSetting,getApplicationInfo,componentEnabledSetting,installedPackages,getInstallerPackageName,getNameForUid,getPackageUid,getPackageInfo,getPackagesForUid,getProviderInfo,getReceiverInfo,getServiceInfo,queryIntent,resolveContentProvider,resolveIntent
1788688967.356 10311  5163  5163 I Unique  : 2026-09-06 17:02:47.355 I HOOK SERVICE_HOOKED service=activity cache=true singletons=1 managers=0 bound=serviceDispatch,callerIdentity,permissionCheck,getContentProvider,intentSender,runningProcesses,registerReceiver,foregroundService matched=serviceDispatch=bindService+bindServiceInstance+peekService+publishService+startService+stopService+unbindFinished,callerIdentity=broadcastIntent+broadcastIntentWithFeature+getBindingUidProcessState+getContentProviderExternal+getHistoricalProcessExitReasons+getHistoricalProcessStartReasons+getPackageProcessState+getTagForIntentSender+getUidLastIdleElapsedTime+getUidProcessCapabilities+getUidProces
1788688967.358 10311  5163  5163 I Unique  : 2026-09-06 17:02:47.356 I LAUNCH VAM_HOOK_INSTALLED package=com.gordey.standarling host=com.unique methods=8 matched=serviceDispatch=bindService+bindServiceInstance+peekService+publishService+startService+stopService+unbindFinished,callerIdentity=broadcastIntent+broadcastIntentWithFeature+getBindingUidProcessState+getContentProviderExternal+getHistoricalProcessExitReasons+getHistoricalProcessStartReasons+getPackageProcessState+getTagForIntentSender+getUidLastIdleElapsedTime+getUidProcessCapabilities+getUidProcessState+grantUriPermission+isBackgroundRestricted+isUidActive+moveTaskToFront+revokeUriPermission+sendIntentSender+startActivity+startActivityAsUser+startActivityAsUserWithFeature+startActivityWithFeature,permissionCheck=checkPermission+checkPermissionForDevice,getContentProvider,intentSender=getIntentSender+getIntentSenderWithFeature,runningProcesses=getRunningAppProcesses+getServices,registerReceiver=registerReceiver+registerReceiverWithFeature,foregroundService=setServiceForeground
1788688967.365 10311  5163  5163 I Unique  : 2026-09-06 17:02:47.364 I HOOK SERVICE_HOOKED service=activity_task cache=true singletons=1 managers=0 bound=activityStart matched=activityStart=startActivities+startActivity+startActivityAndWait+startActivityAsCaller+startActivityAsUser+startActivityFromGameSession+startActivityIntentSender+startActivityWithConfig
1788688967.366 10311  5163  5163 I Unique  : 2026-09-06 17:02:47.365 I LAUNCH ATM_HOOK_INSTALLED package=com.gordey.standarling host=com.unique matched=activityStart=startActivities+startActivity+startActivityAndWait+startActivityAsCaller+startActivityAsUser+startActivityFromGameSession+startActivityIntentSender+startActivityWithConfig
1788688967.369 10311  5163  5163 I Unique  : 2026-09-06 17:02:47.368 I HOOK SERVICE_HOOKED service=permissionmgr cache=true singletons=1 managers=1 bound=shouldShowRequestPermissionRationale matched=shouldShowRequestPermissionRationale
1788688967.370 10311  5163  5163 I Unique  : 2026-09-06 17:02:47.369 I HOOK PERMISSION_MANAGER_HOOKED matched=shouldShowRequestPermissionRationale
1788688967.373 10311  5163  5163 I Unique  : 2026-09-06 17:02:47.372 I HOOK SERVICE_HOOKED service=appops cache=true singletons=0 managers=2 bound=appOpIdentity matched=appOpIdentity=checkAudioOperation+checkOperation+checkOperationForDevice+checkOperationRaw+checkOperationRawForDevice+checkPackage+collectNoteOpCallsForValidation+extractAsyncOps+finishOperation+finishOperationForDevice+getHistoricalOps+getHistoricalOpsFromDiskRaw+getOpsForPackage+getPackagesForOpsForDevice+isOperationActive+isProxying+noteOperation+noteOperationForDevice+noteProxyOperation+notePr
1788688967.374 10311  5163  5163 I Unique  : 2026-09-06 17:02:47.373 I HOOK APPOPS_HOOKED package=com.gordey.standarling host=com.unique matched=appOpIdentity=checkAudioOperation+checkOperation+checkOperationForDevice+checkOperationRaw+checkOperationRawForDevice+checkPackage+collectNoteOpCallsForValidation+extractAsyncOps+finishOperation+finishOperationForDevice+getHistoricalOps+getHistoricalOpsFromDiskRaw+getOpsForPackage+getPackagesForOpsForDevice+isOperationActive+isProxying+noteOperation+noteOperationForDevice+noteProxyOperation+notePr
1788688967.381 10311  5163  5163 I Unique  : 2026-09-06 17:02:47.380 I PROCESS SETTINGS_CACHES_PRIMED wrappedByHand=0 alreadyWrapped=3 empty=1
1788688967.381 10311  5163  5163 I Unique  : 2026-09-06 17:02:47.381 I PROCESS PROVIDER_CACHES_EVICTED activityThreadProviders=2 providerRefCounts=1 settingsCaches=4 settingsWrapped=3 hostSource=com.unique hostSourceUid=10311
1788688967.391 10311  5163  5163 I Unique  : 2026-09-06 17:02:47.390 I PROCESS NETWORK_SECURITY_INSTALLED package=com.gordey.standarling configRes=0 targetSdk=30
1788688967.392 10311  5163  5163 I UniqueNative: redirect table set: 8 rule(s)
1788688967.395 10311  5163  5163 I UniqueNative: io_redirect: 2 exclusion(s) set
1788688967.396 10311  5163  5163 W UniqueNative: io_redirect: filter did not match: /data/user/0/com.unique/files/virtual/apk/com.gordey.standarling/1090/lib/arm64-v8a
1788688967.396 10311  5163  5163 W UniqueNative: io_redirect: filter did not match: /data/data/com.unique/files/virtual/apk/com.gordey.standarling/1090/lib/arm64-v8a
1788688967.396 10311  5163  5163 W UniqueNative: io_redirect: filter did not match: /data/user/0/com.unique/files/virtual/apk/com.gordey.standarling/1090
1788688967.396 10311  5163  5163 W UniqueNative: io_redirect: filter did not match: /data/data/com.unique/files/virtual/apk/com.gordey.standarling/1090
1788688967.396 10311  5163  5163 W UniqueNative: io_redirect: app-private library seen: /data/misc/apexdata/com.android.art/dalvik-cache/arm64/boot.oat
1788688967.396 10311  5163  5163 W UniqueNative: io_redirect: app-private library seen: /data/misc/apexdata/com.android.art/dalvik-cache/arm64/boot-framework-adservices.oat
1788688967.396 10311  5163  5163 W UniqueNative: io_redirect: app-private library seen: /data/app/~~y7ep4-P9YmXC_LQqOSb8ew==/com.unique-pXyfQ7uAIx9pkrh4UOgyMw==/oat/arm64/base.odex
1788688967.396 10311  5163  5163 W UniqueNative: io_redirect: app-private library seen: /data/app/~~y7ep4-P9YmXC_LQqOSb8ew==/com.unique-pXyfQ7uAIx9pkrh4UOgyMw==/base.apk!/lib/arm64-v8a/libunique_native.so
1788688967.398 10311  5163  5163 I UniqueNative: io_redirect: library-load watch installed (3 slot(s) in 2 libraries)
1788688967.398 10311  5163  5163 W UniqueNative: io_redirect: watch saw but did not match: /data/misc/apexdata/com.android.art/dalvik-cache/arm64/boot.oat
1788688967.398 10311  5163  5163 W UniqueNative: io_redirect: watch saw but did not match: /data/misc/apexdata/com.android.art/dalvik-cache/arm64/boot-framework-adservices.oat
1788688967.399 10311  5163  5163 W UniqueNative: io_redirect: watch saw but did not match: /data/app/~~y7ep4-P9YmXC_LQqOSb8ew==/com.unique-pXyfQ7uAIx9pkrh4UOgyMw==/oat/arm64/base.odex
1788688967.399 10311  5163  5163 W UniqueNative: io_redirect: watch saw but did not match: /data/app/~~y7ep4-P9YmXC_LQqOSb8ew==/com.unique-pXyfQ7uAIx9pkrh4UOgyMw==/base.apk!/lib/arm64-v8a/libunique_native.so
1788688967.402 10311  5163  5163 I Unique  : 2026-09-06 17:02:47.399 I NATIVE IO_REDIRECT_INSTALLED status=NOTHING_TO_HOOK watch=OK rules=8 slots=0 scope=/data/user/0/com.unique/files/virtual/apk/com.gordey.standarling/1090/lib/arm64-v8a,/data/data/com.unique/files/virtual/apk/com.gordey.standarling/1090/lib/arm64-v8a,/data/user/0/com.unique/files/virt excluded=libgrave.so,libunique_native.so
1788688967.403 10311  5163  5163 I Unique  : 2026-09-06 17:02:47.402 I WEBVIEW WEBVIEW_DATA_DIR_SUFFIX suffix=vapp0 slot=0
1788688967.406 10311  5163  5163 I UniqueNative: crash: recording 6 signal(s) to /data/user/0/com.unique/files/virtual/runtime/diagnostics/2/com.gordey.standarling/native-crash-5163.properties
1788688967.406 10311  5163  5163 I Unique  : 2026-09-06 17:02:47.406 I NATIVE NATIVE_CRASH_HANDLER status=OK file=/data/user/0/com.unique/files/virtual/runtime/diagnostics/2/com.gordey.standarling/native-crash-5163.properties
1788688967.411 10311  5163  5163 I Unique  : 2026-09-06 17:02:47.410 I PROCESS COMPAT_CHANGES_DISABLED targetSdk=30 changes=PENDING_INTENT_EXPLICIT_MUTABILITY_REQUIRED=160794467
1788688967.413 10311  5163  5163 I Unique  : 2026-09-06 17:02:47.412 I STORAGE EXTERNAL_STORAGE_REDIRECTED package=com.gordey.standarling vuid=2 root=/data/user/0/com.unique/files/virtual/users/2/sdcard
1788688967.415 10311  5163  5163 I Unique  : 2026-09-06 17:02:47.414 I HOOK SERVICE_HOOKED service=alarm cache=true singletons=0 managers=0 bound=callerPackage matched=callerPackage=canScheduleExactAlarms+cancelPoweroffAlarm+hasScheduleExactAlarm+removeAll+set+setTimeZone
1788688967.416 10311  5163  5163 I Unique  : 2026-09-06 17:02:47.415 I HOOK IDENTITY_HOOK_INSTALLED service=alarm package=com.gordey.standarling matched=callerPackage=canScheduleExactAlarms+cancelPoweroffAlarm+hasScheduleExactAlarm+removeAll+set+setTimeZone
1788688967.422 10311  5163  5163 I Unique  : 2026-09-06 17:02:47.419 I HOOK SERVICE_HOOKED service=clipboard cache=true singletons=0 managers=0 bound=callerPackage matched=callerPackage=addPrimaryClipChangedListener+clearPrimaryClip+getPrimaryClip+getPrimaryClipDescription+getPrimaryClipSource+getUserPrimaryClip+hasClipboardText+hasPrimaryClip+removePrimaryClipChangedListener+setPrimaryClip+setPrimaryClipAsPackage
1788688967.424 10311  5163  5163 I Unique  : 2026-09-06 17:02:47.422 I HOOK IDENTITY_HOOK_INSTALLED service=clipboard package=com.gordey.standarling matched=callerPackage=addPrimaryClipChangedListener+clearPrimaryClip+getPrimaryClip+getPrimaryClipDescription+getPrimaryClipSource+getUserPrimaryClip+hasClipboardText+hasPrimaryClip+removePrimaryClipChangedListener+setPrimaryClip+setPrimaryClipAsPackage
1788688967.427 10311  5163  5163 I Unique  : 2026-09-06 17:02:47.426 I HOOK SERVICE_HOOKED service=restrictions cache=true singletons=0 managers=0 bound=callerPackage matched=callerPackage=getApplicationRestrictions+getApplicationRestrictionsPerAdminForUser+notifyPermissionResponse+requestPermission
1788688967.428 10311  5163  5163 I Unique  : 2026-09-06 17:02:47.427 I HOOK IDENTITY_HOOK_INSTALLED service=restrictions package=com.gordey.standarling matched=callerPackage=getApplicationRestrictions+getApplicationRestrictionsPerAdminForUser+notifyPermissionResponse+requestPermission
1788688967.431 10311  5163  5163 I Unique  : 2026-09-06 17:02:47.430 I HOOK SERVICE_HOOKED service=locale cache=true singletons=0 managers=0 bound=callerPackage,setApplicationLocales matched=callerPackage=getApplicationLocales+getOverrideLocaleConfig+setOverrideLocaleConfig,setApplicationLocales
1788688967.431 10311  5163  5163 I Unique  : 2026-09-06 17:02:47.431 I HOOK IDENTITY_HOOK_INSTALLED service=locale package=com.gordey.standarling matched=callerPackage=getApplicationLocales+getOverrideLocaleConfig+setOverrideLocaleConfig,setApplicationLocales
1788688967.436 10311  5163  5163 I Unique  : 2026-09-06 17:02:47.434 I HOOK SERVICE_HOOKED service=connectivity cache=true singletons=0 managers=0 bound=callerPackage matched=callerPackage=getDefaultNetworkCapabilitiesForUser+getLastTetherError+getNetworkCapabilities+getRedactedLinkPropertiesForPackage+getRedactedNetworkCapabilitiesForPackage+isConnectivityServiceFeatureEnabledForTesting+listenForNetwork+pendingListenForNetwork+pendingRequestForNetwork+registerConnectivityDiagnosticsCallback+registerNetworkProvider+requestNetwork+requestRouteToHostAddress+setProvisioni
1788688967.437 10311  5163  5163 I Unique  : 2026-09-06 17:02:47.436 I HOOK IDENTITY_HOOK_INSTALLED service=connectivity package=com.gordey.standarling matched=callerPackage=getDefaultNetworkCapabilitiesForUser+getLastTetherError+getNetworkCapabilities+getRedactedLinkPropertiesForPackage+getRedactedNetworkCapabilitiesForPackage+isConnectivityServiceFeatureEnabledForTesting+listenForNetwork+pendingListenForNetwork+pendingRequestForNetwork+registerConnectivi
1788688967.440 10311  5163  5163 I Unique  : 2026-09-06 17:02:47.439 I HOOK SERVICE_HOOKED service=power cache=true singletons=0 managers=0 bound=callerPackage matched=callerPackage=acquireWakeLock+acquireWakeLockAsync+acquireWakeLockWithUid+crash+isAmbientDisplaySuppressedForToken+isAmbientDisplaySuppressedForTokenByApp+isFeatureAllowedInLowPowerStandby+reboot+shutdown+suppressAmbientDisplay+updateWakeLockWorkSource+wakeUp
1788688967.441 10311  5163  5163 I Unique  : 2026-09-06 17:02:47.440 I HOOK IDENTITY_HOOK_INSTALLED service=power package=com.gordey.standarling matched=callerPackage=acquireWakeLock+acquireWakeLockAsync+acquireWakeLockWithUid+crash+isAmbientDisplaySuppressedForToken+isAmbientDisplaySuppressedForTokenByApp+isFeatureAllowedInLowPowerStandby+reboot+shutdown+suppressAmbientDisplay+updateWakeLockWorkSource+wakeUp
1788688967.454 10311  5163  5163 I Unique  : 2026-09-06 17:02:47.453 I HOOK SERVICE_HOOKED service=wifi cache=true singletons=0 managers=0 bound=callerPackage matched=callerPackage=acquireMulticastLock+acquireWifiLock+addLocalOnlyConnectionStatusListener+addNetworkSuggestions+addOrUpdateNetwork+addOrUpdateNetworkPrivileged+addOrUpdatePasspointConfiguration+addQosPolicies+addSuggestionUserApprovalStatusListener+allowAutojoinGlobal+allowAutojoinPasspoint+connect+disableEphemeralNetwork+disableNetwork+disconnect+enableNetwork+enableTdls+enableTdlsWithMacAddress+en
1788688967.455 10311  5163  5163 I Unique  : 2026-09-06 17:02:47.454 I HOOK IDENTITY_HOOK_INSTALLED service=wifi package=com.gordey.standarling matched=callerPackage=acquireMulticastLock+acquireWifiLock+addLocalOnlyConnectionStatusListener+addNetworkSuggestions+addOrUpdateNetwork+addOrUpdateNetworkPrivileged+addOrUpdatePasspointConfiguration+addQosPolicies+addSuggestionUserApprovalStatusListener+allowAutojoinGlobal+allowAutojoinPasspoint+connect+di
1788688967.461 10311  5163  5163 I Unique  : 2026-09-06 17:02:47.460 I HOOK SERVICE_HOOKED service=location cache=true singletons=0 managers=0 bound=callerPackage matched=callerPackage=addGnssAntennaInfoListener+addGnssMeasurementsListener+addGnssNavigationMessageListener+addTestProvider+getCurrentLocation+getLastLocation+getProviderPackages+getProviderProperties+hasProvider+isProviderEnabledForUser+isProviderPackage+registerGnssNmeaCallback+registerGnssStatusCallback+registerLocationListener+registerLocationPendingIntent+removeTestProvider+requestGeofence+requestL
1788688967.462 10311  5163  5163 I Unique  : 2026-09-06 17:02:47.461 I HOOK IDENTITY_HOOK_INSTALLED service=location package=com.gordey.standarling matched=callerPackage=addGnssAntennaInfoListener+addGnssMeasurementsListener+addGnssNavigationMessageListener+addTestProvider+getCurrentLocation+getLastLocation+getProviderPackages+getProviderProperties+hasProvider+isProviderEnabledForUser+isProviderPackage+registerGnssNmeaCallback+registerGnssStatusCallbac
1788688967.469 10311  5163  5163 I Unique  : 2026-09-06 17:02:47.468 I HOOK SERVICE_HOOKED service=audio cache=true singletons=0 managers=0 bound=callerPackage matched=callerPackage=abandonAudioFocus+abandonAudioFocusForTest+adjustStreamVolume+adjustStreamVolumeForUid+adjustStreamVolumeWithAttribution+adjustSuggestedStreamVolumeForUid+adjustVolumeGroupVolume+cacheParameters+disableSafeMediaVolume+getBluetoothAudioDeviceCategory+getBluetoothAudioDeviceCategory_legacy+getCacheParameters+getDeviceVolume+getNotificationUri+getPlayerVolume+handleVolumeKey+isBluetooth
1788688967.470 10311  5163  5163 I Unique  : 2026-09-06 17:02:47.469 I HOOK IDENTITY_HOOK_INSTALLED service=audio package=com.gordey.standarling matched=callerPackage=abandonAudioFocus+abandonAudioFocusForTest+adjustStreamVolume+adjustStreamVolumeForUid+adjustStreamVolumeWithAttribution+adjustSuggestedStreamVolumeForUid+adjustVolumeGroupVolume+cacheParameters+disableSafeMediaVolume+getBluetoothAudioDeviceCategory+getBluetoothAudioDeviceCategory_lega
1788688967.474 10311  5163  5163 I Unique  : 2026-09-06 17:02:47.473 I HOOK SERVICE_HOOKED service=vibrator_manager cache=true singletons=0 managers=0 bound=callerPackage matched=callerPackage=performHapticFeedback+setAlwaysOnEffect+vibrate
1788688967.474 10311  5163  5163 I Unique  : 2026-09-06 17:02:47.474 I HOOK IDENTITY_HOOK_INSTALLED service=vibrator_manager package=com.gordey.standarling matched=callerPackage=performHapticFeedback+setAlwaysOnEffect+vibrate
1788688967.481 10311  5163  5163 I Unique  : 2026-09-06 17:02:47.479 I HOOK SERVICE_HOOKED service=usagestats cache=true singletons=0 managers=0 bound=callerPackage matched=callerPackage=clearBroadcastEvents+clearBroadcastResponseStats+getAppMinStandbyBucket+getAppStandbyBucket+getAppStandbyBuckets+getAppStandbyConstant+getLastTimeAnyComponentUsed+isAppInactive+isPackageExemptedFromBroadcastResponseStats+queryBroadcastResponseStats+queryConfigurationStats+queryEventStats+queryEvents+queryEventsForPackage+queryEventsForPackageForUser+queryEventsForUser+queryEventsWith
1788688967.482 10311  5163  5163 I Unique  : 2026-09-06 17:02:47.481 I HOOK IDENTITY_HOOK_INSTALLED service=usagestats package=com.gordey.standarling matched=callerPackage=clearBroadcastEvents+clearBroadcastResponseStats+getAppMinStandbyBucket+getAppStandbyBucket+getAppStandbyBuckets+getAppStandbyConstant+getLastTimeAnyComponentUsed+isAppInactive+isPackageExemptedFromBroadcastResponseStats+queryBroadcastResponseStats+queryConfigurationStats+queryEventSta
1788688967.484 10311  5163  5163 I Unique  : 2026-09-06 17:02:47.483 I HOOK SERVICE_HOOKED service=netstats cache=true singletons=0 managers=0 bound=callerPackage matched=callerPackage=getIfaceStats+notifyNetworkStatus+openSessionForUsageStats+registerNetworkStatsProvider+registerUsageCallback+setStatsProviderWarningAndLimitAsync
1788688967.485 10311  5163  5163 I Unique  : 2026-09-06 17:02:47.484 I HOOK IDENTITY_HOOK_INSTALLED service=netstats package=com.gordey.standarling matched=callerPackage=getIfaceStats+notifyNetworkStatus+openSessionForUsageStats+registerNetworkStatsProvider+registerUsageCallback+setStatsProviderWarningAndLimitAsync
1788688967.488 10311  5163  5163 I Unique  : 2026-09-06 17:02:47.486 I HOOK SERVICE_HOOKED service=content cache=true singletons=0 managers=0 bound=callerPackage matched=callerPackage=addPeriodicSync+cancelSync+cancelSyncAsUser+getCache+getIsSyncable+getIsSyncableAsUser+getPeriodicSyncs+getSyncAdapterPackageAsUser+getSyncAdapterPackagesForAuthorityAsUser+getSyncAutomatically+getSyncAutomaticallyAsUser+getSyncStatus+getSyncStatusAsUser+isSyncActive+isSyncPending+isSyncPendingAsUser+notifyChange+onDbCorruption+putCache+removePeriodicSync+requestSync+setIsSyncable+se
1788688967.489 10311  5163  5163 I Unique  : 2026-09-06 17:02:47.488 I HOOK IDENTITY_HOOK_INSTALLED service=content package=com.gordey.standarling matched=callerPackage=addPeriodicSync+cancelSync+cancelSyncAsUser+getCache+getIsSyncable+getIsSyncableAsUser+getPeriodicSyncs+getSyncAdapterPackageAsUser+getSyncAdapterPackagesForAuthorityAsUser+getSyncAutomatically+getSyncAutomaticallyAsUser+getSyncStatus+getSyncStatusAsUser+isSyncActive+isSyncPending+isSy
1788688967.493 10311  5163  5163 I Unique  : 2026-09-06 17:02:47.492 I HOOK SERVICE_HOOKED service=shortcut cache=true singletons=0 managers=0 bound=shortcutPublish,callerPackage matched=shortcutPublish=addDynamicShortcuts+createShortcutResultIntent+pushDynamicShortcut+requestPinShortcut+setDynamicShortcuts+updateShortcuts,callerPackage=disableShortcuts+enableShortcuts+getIconMaxDimensions+getMaxShortcutCountPerActivity+getRateLimitResetTime+getRemainingCallCount+getShareTargets+getShortcuts+hasShareTargets+onApplicationActive+removeAllDynamicShortcuts+removeDynamicShortcuts+remov
1788688967.494 10311  5163  5163 I Unique  : 2026-09-06 17:02:47.493 I HOOK IDENTITY_HOOK_INSTALLED service=shortcut package=com.gordey.standarling matched=shortcutPublish=addDynamicShortcuts+createShortcutResultIntent+pushDynamicShortcut+requestPinShortcut+setDynamicShortcuts+updateShortcuts,callerPackage=disableShortcuts+enableShortcuts+getIconMaxDimensions+getMaxShortcutCountPerActivity+getRateLimitResetTime+getRemainingCallCount+getShareTargets+get
1788688967.498 10311  5163  5163 I Unique  : 2026-09-06 17:02:47.496 I HOOK SERVICE_HOOKED service=mount cache=true singletons=0 managers=0 bound=callerPackage,volumeList matched=callerPackage=abortChanges+allocateBytes+benchmark+destroyUserStorage+disableAppDataIsolation+fixupAppDir+fixupAppDirRecursive+fixupSysfsFile+forgetVolume+format+getAllocatableBytes+getCacheQuotaBytes+getCacheSizeBytes+getExternalStorageMountMode+getManageSpaceActivityIntent+getMountedObbPath+isAppIoBlocked+isObbMounted+mkdirs+mount+mountObb+moveStorageQuickly+notifyAppIoBlocked+notifyAppIoResumed
1788688967.499 10311  5163  5163 I Unique  : 2026-09-06 17:02:47.498 I HOOK IDENTITY_HOOK_INSTALLED service=mount package=com.gordey.standarling matched=callerPackage=abortChanges+allocateBytes+benchmark+destroyUserStorage+disableAppDataIsolation+fixupAppDir+fixupAppDirRecursive+fixupSysfsFile+forgetVolume+format+getAllocatableBytes+getCacheQuotaBytes+getCacheSizeBytes+getExternalStorageMountMode+getManageSpaceActivityIntent+getMountedObbPath+isAppI
1788688967.503 10311  5163  5163 I Unique  : 2026-09-06 17:02:47.501 I HOOK SERVICE_HOOKED service=account cache=true singletons=0 managers=0 bound=callerPackage matched=callerPackage=addAccount+addAccountAsUser+addAccountExplicitly+addAccountExplicitlyWithVisibility+addSharedAccountsFromParentUser+createRequestAccountAccessIntentSenderAsUser+editProperties+getAccountByTypeAndFeatures+getAccountVisibility+getAccountsAndVisibilityForPackage+getAccountsAsUser+getAccountsByFeatures+getAccountsByTypeForPackage+getAccountsForPackage+getAuthToken+getAuthTokenLabel+getUs
1788688967.503 10311  5163  5163 I Unique  : 2026-09-06 17:02:47.503 I HOOK IDENTITY_HOOK_INSTALLED service=account package=com.gordey.standarling matched=callerPackage=addAccount+addAccountAsUser+addAccountExplicitly+addAccountExplicitlyWithVisibility+addSharedAccountsFromParentUser+createRequestAccountAccessIntentSenderAsUser+editProperties+getAccountByTypeAndFeatures+getAccountVisibility+getAccountsAndVisibilityForPackage+getAccountsAsUser+getAccou
1788688967.516 10311  5163  5163 I Unique  : 2026-09-06 17:02:47.515 I HOOK SERVICE_HOOKED service=phone cache=true singletons=0 managers=0 bound=callerPackage matched=callerPackage=call+canChangeDtmfToneLength+changeIccLockPassword+checkCarrierPrivilegesForPackage+checkCarrierPrivilegesForPackageAnyPhone+clearSignalStrengthUpdateRequest+deprovisionSatelliteService+dial+disableDataConnectivity+disableVisualVoicemailSmsFilter+doesSwitchMultiSimConfigTriggerReboot+enableDataConnectivity+enableVisualVoicemailSmsFilter+enqueueSmsPickResult+factoryReset+getAllCellInf
1788688967.517 10311  5163  5163 I Unique  : 2026-09-06 17:02:47.516 I HOOK IDENTITY_HOOK_INSTALLED service=phone package=com.gordey.standarling matched=callerPackage=call+canChangeDtmfToneLength+changeIccLockPassword+checkCarrierPrivilegesForPackage+checkCarrierPrivilegesForPackageAnyPhone+clearSignalStrengthUpdateRequest+deprovisionSatelliteService+dial+disableDataConnectivity+disableVisualVoicemailSmsFilter+doesSwitchMultiSimConfigTriggerReboot+e
1788688967.527 10311  5163  5163 I Unique  : 2026-09-06 17:02:47.525 I HOOK SERVICE_HOOKED service=device_policy cache=true singletons=0 managers=0 bound=callerPackage matched=callerPackage=addCrossProfileIntentFilter+addCrossProfileWidgetProvider+addPersistentPreferredActivity+approveCaCert+checkDeviceIdentifierAccess+checkProvisioningPrecondition+choosePrivateKeyAlias+clearApplicationUserData+clearCrossProfileIntentFilters+clearDeviceOwner+clearPackagePersistentPreferredActivities+clearResetPasswordToken+createAdminSupportIntent+createAndManageUser+createAndProvisionM
1788688967.528 10311  5163  5163 I Unique  : 2026-09-06 17:02:47.527 I HOOK IDENTITY_HOOK_INSTALLED service=device_policy package=com.gordey.standarling matched=callerPackage=addCrossProfileIntentFilter+addCrossProfileWidgetProvider+addPersistentPreferredActivity+approveCaCert+checkDeviceIdentifierAccess+checkProvisioningPrecondition+choosePrivateKeyAlias+clearApplicationUserData+clearCrossProfileIntentFilters+clearDeviceOwner+clearPackagePersistentPreferre
1788688967.532 10311  5163  5163 I Unique  : 2026-09-06 17:02:47.531 I HOOK SERVICE_HOOKED service=media.camera cache=true singletons=0 managers=0 bound=callerPackage matched=callerPackage=connect+connectDevice+createDefaultRequest+getCameraCharacteristics+getSessionCharacteristics+getTorchStrengthLevel+injectCamera+injectSessionParams+isHiddenPhysicalCamera+isSessionConfigurationWithParametersSupported+setTorchMode+supportsCameraApi+turnOnTorchWithStrengthLevel
1788688967.533 10311  5163  5163 I Unique  : 2026-09-06 17:02:47.532 I HOOK IDENTITY_HOOK_INSTALLED service=media.camera package=com.gordey.standarling matched=callerPackage=connect+connectDevice+createDefaultRequest+getCameraCharacteristics+getSessionCharacteristics+getTorchStrengthLevel+injectCamera+injectSessionParams+isHiddenPhysicalCamera+isSessionConfigurationWithParametersSupported+setTorchMode+supportsCameraApi+turnOnTorchWithStrengthLevel
1788688967.540 10311  5163  5163 I Unique  : 2026-09-06 17:02:47.538 I HOOK SERVICE_HOOKED service=telecom cache=true singletons=0 managers=0 bound=callerPackage matched=callerPackage=acceptHandover+acceptRingingCall+acceptRingingCallWithVideoState+addCall+addNewIncomingCall+addNewIncomingConference+addOrRemoveTestCallCompanionApp+cancelMissedCallsNotification+clearAccounts+createLaunchEmergencyDialerIntent+createManageBlockedNumbersIntent+endCall+getAdnUriForPhoneAccount+getCallCapablePhoneAccounts+getCallStateUsingPackage+getCurrentTtyMode+getDefaultDialerPackag
1788688967.541 10311  5163  5163 I Unique  : 2026-09-06 17:02:47.540 I HOOK IDENTITY_HOOK_INSTALLED service=telecom package=com.gordey.standarling matched=callerPackage=acceptHandover+acceptRingingCall+acceptRingingCallWithVideoState+addCall+addNewIncomingCall+addNewIncomingConference+addOrRemoveTestCallCompanionApp+cancelMissedCallsNotification+clearAccounts+createLaunchEmergencyDialerIntent+createManageBlockedNumbersIntent+endCall+getAdnUriForPhoneA
1788688967.545 10311  5163  5163 I Unique  : 2026-09-06 17:02:47.543 I HOOK SERVICE_HOOKED service=media_router cache=true singletons=0 managers=0 bound=callerPackage matched=callerPackage=deselectRouteWithManager+deselectRouteWithRouter2+getSystemRoutes+getSystemSessionInfoForPackage+registerClientAsUser+registerClientGroupId+registerManager+registerProxyRouter+registerRouter2+releaseSessionWithManager+releaseSessionWithRouter2+requestCreateSessionWithManager+requestSetVolume+requestUpdateVolume+selectRouteWithManager+selectRouteWithRouter2+setSelectedRoute+setSession
1788688967.547 10311  5163  5163 I Unique  : 2026-09-06 17:02:47.546 I HOOK IDENTITY_HOOK_INSTALLED service=media_router package=com.gordey.standarling matched=callerPackage=deselectRouteWithManager+deselectRouteWithRouter2+getSystemRoutes+getSystemSessionInfoForPackage+registerClientAsUser+registerClientGroupId+registerManager+registerProxyRouter+registerRouter2+releaseSessionWithManager+releaseSessionWithRouter2+requestCreateSessionWithManager+requestSet
1788688967.550 10311  5163  5163 I Unique  : 2026-09-06 17:02:47.549 I HOOK SERVICE_HOOKED service=media_session cache=true singletons=0 managers=0 bound=callerPackage matched=callerPackage=addOnMediaKeyEventSessionChangedListener+createSession+dispatchAdjustVolume+dispatchMediaKeyEvent+dispatchMediaKeyEventToSessionAsSystemService+dispatchVolumeKeyEvent+dispatchVolumeKeyEventToSessionAsSystemService+getMediaKeyEventSession+getMediaKeyEventSessionPackageName+hasCustomMediaKeyDispatcher+hasCustomMediaSessionPolicyProvider+isTrusted+setCustomMediaKeyDispatcher+setCustomMe
1788688967.551 10311  5163  5163 I Unique  : 2026-09-06 17:02:47.550 I HOOK IDENTITY_HOOK_INSTALLED service=media_session package=com.gordey.standarling matched=callerPackage=addOnMediaKeyEventSessionChangedListener+createSession+dispatchAdjustVolume+dispatchMediaKeyEvent+dispatchMediaKeyEventToSessionAsSystemService+dispatchVolumeKeyEvent+dispatchVolumeKeyEventToSessionAsSystemService+getMediaKeyEventSession+getMediaKeyEventSessionPackageName+hasCustomMedi
1788688967.555 10311  5163  5163 I Unique  : 2026-09-06 17:02:47.554 I HOOK SERVICE_HOOKED service=appwidget cache=true singletons=0 managers=0 bound=callerPackage,appWidgetIdentity matched=callerPackage=allocateAppWidgetId+bindRemoteViewsService+createAppWidgetConfigIntentSender+deleteAppWidgetId+deleteHost+getAppWidgetIdsForHost+getAppWidgetInfo+getAppWidgetOfHost+getAppWidgetOptions+getAppWidgetViews+getInstalledProvidersForProfile+hasBindAppWidgetPermission+isBoundWidgetPackage+noteAppWidgetTapped+notifyAppWidgetViewDataChanged+partiallyUpdateAppWidgetIds+setAppWidgetHidden+setBi
1788688967.557 10311  5163  5163 I Unique  : 2026-09-06 17:02:47.555 I HOOK IDENTITY_HOOK_INSTALLED service=appwidget package=com.gordey.standarling matched=callerPackage=allocateAppWidgetId+bindRemoteViewsService+createAppWidgetConfigIntentSender+deleteAppWidgetId+deleteHost+getAppWidgetIdsForHost+getAppWidgetInfo+getAppWidgetOfHost+getAppWidgetOptions+getAppWidgetViews+getInstalledProvidersForProfile+hasBindAppWidgetPermission+isBoundWidgetPackage+not
1788688967.562 10311  5163  5163 I Unique  : 2026-09-06 17:02:47.561 I HOOK SERVICE_HOOKED service=input_method cache=true singletons=1 managers=0 bound=callerPackage,editorIdentity matched=callerPackage=acceptStylusHandwritingDelegation+acceptStylusHandwritingDelegationAsync+getEnabledInputMethodSubtypeList+prepareStylusHandwritingDelegation+setAdditionalInputMethodSubtypes+setExplicitlyEnabledInputMethodSubtypes+startConnectionlessStylusHandwriting+startProtoDump,editorIdentity=startInputOrWindowGainedFocus+startInputOrWindowGainedFocusAsync
1788688967.563 10311  5163  5163 I Unique  : 2026-09-06 17:02:47.562 I HOOK IDENTITY_HOOK_INSTALLED service=input_method package=com.gordey.standarling matched=callerPackage=acceptStylusHandwritingDelegation+acceptStylusHandwritingDelegationAsync+getEnabledInputMethodSubtypeList+prepareStylusHandwritingDelegation+setAdditionalInputMethodSubtypes+setExplicitlyEnabledInputMethodSubtypes+startConnectionlessStylusHandwriting+startProtoDump,editorIdentity=start
1788688967.564 10311  5163  5163 I Unique  : 2026-09-06 17:02:47.563 I HOOK IDENTITY_HOOKS_INSTALLED package=com.gordey.standarling installed=alarm,clipboard,restrictions,locale,connectivity,power,wifi,location,audio,vibrator_manager,usagestats,netstats,content,shortcut,mount,account,phone,device_policy,media.camera,telecom,media_router,media_session,appwidget,input_method skipped=
1788688967.565 10311  5163  5163 W Unique  : 2026-09-06 17:02:47.564 W PROCESS ALARM_EXACT_UNAVAILABLE detail=UNIQUE does not hold SCHEDULE_EXACT_ALARM; a guest asking for an exact alarm will get the platform's SecurityException
1788688967.570 10311  5163  5163 I Unique  : 2026-09-06 17:02:47.569 I HOOK SERVICE_HOOKED service=jobscheduler cache=true singletons=0 managers=0 bound=jobById,scheduleJob,pendingJobs matched=jobById=cancel+getPendingJob+getPendingJobReason,scheduleJob=enqueue+schedule+scheduleAsPackage,pendingJobs=getAllPendingJobs+getAllPendingJobsInNamespace
1788688967.571 10311  5163  5163 I Unique  : 2026-09-06 17:02:47.570 I HOOK JOB_HOOKED package=com.gordey.standarling slot=0 matched=jobById=cancel+getPendingJob+getPendingJobReason,scheduleJob=enqueue+schedule+scheduleAsPackage,pendingJobs=getAllPendingJobs+getAllPendingJobsInNamespace
1788688967.580 10311  5163  5163 I Unique  : 2026-09-06 17:02:47.579 I HOOK SERVICE_HOOKED service=notification cache=true singletons=1 managers=0 bound=notificationIdentity,enqueue,channels matched=notificationIdentity=addAutomaticZenRule+areBubblesAllowed+areNotificationsEnabled+areNotificationsEnabledForPackage+buzzBeepBlinkForNotification+canNotifyAsPackage+canShowBadge+cancelAllNotifications+cancelNotificationFromListener+cancelToast+clearData+deleteNotificationHistoryItem+enqueueTextToast+enqueueToast+finishToken+getActiveNotifications+getActiveNotificationsWithAttribution+getAllowedAss
1788688967.581 10311  5163  5163 I Unique  : 2026-09-06 17:02:47.581 I HOOK NOTIFICATION_HOOKED package=com.gordey.standarling vuid=2 matched=notificationIdentity=addAutomaticZenRule+areBubblesAllowed+areNotificationsEnabled+areNotificationsEnabledForPackage+buzzBeepBlinkForNotification+canNotifyAsPackage+canShowBadge+cancelAllNotifications+cancelNotificationFromListener+cancelToast+clearData+deleteNotificationHistoryItem+enqueueTextToast+enqueueToast+finishToken+getActiveNotifications+getActiveNotificationsWithAttribution+getAllowedAss
1788688967.585 10311  5163  5163 I Unique  : 2026-09-06 17:02:47.584 I PROCESS RECEIVERS_REGISTERED package=com.gordey.standarling declared=3 registered=3 actions=com.adjust.sdk.AdjustPreinstallReferrerReceiver#com.attribution.SYSTEM_INSTALLER_REFERRER;com.facebook.CurrentAccessTokenExpirationBroadcastReceiver#com.facebook.sdk.ACTION_CURRENT_ACCESS_TOKEN_CHANGED;com.google.firebase.iid.FirebaseInstanceIdReceiver#com.google.android.c2dm.intent.RECEIVE exported=2
1788688967.585 10311  5163  5163 I Unique  : 2026-09-06 17:02:47.585 I LAUNCH ACTIVITY_LIFECYCLE_INSTALLED package=com.gordey.standarling
1788688967.598 10311  5163  5186 I Unique  : 2026-09-06 17:02:47.597 I LAUNCH GOOGLE_STACK_HIDDEN package=com.google.android.gms detail=Play services refuses a virtual app's identity and kills it from a Handler; reported absent so the SDK takes its own unavailable path
1788688967.605 10311  5163  5163 D Unique  : 2026-09-06 17:02:47.604 D PROCESS PERMISSION_CHECK permission=android.permission.INTERNET result=GRANTED
1788688967.616 10311  5163  5186 W GooglePlayServicesUtil: com.gordey.standarling requires Google Play services, but they are missing.
1788688967.620 10311  5163  5186 E AppLovinSdk: [DataCollector] Could not collect Google Advertising ID - this will negatively impact your eCPMs! Please integrate the Google Play Services SDK into your application. More info can be found online at http://developer.android.com/google/play-services/setup.html. If you're sure you've integrated the SDK and are still seeing this message, you may need to add a ProGuard exception: -keep public class com.google.android.gms.** { public protected *; }
1788688967.620 10311  5163  5186 E AppLovinSdk: java.io.IOException: Google Play services not available
1788688967.620 10311  5163  5186 E AppLovinSdk: 	at com.google.android.gms.ads.identifier.AdvertisingIdClient.zza(dex-id-ffd9dfb5f38697736427fc1a28d16d569bfb0e87:31)
1788688967.620 10311  5163  5186 E AppLovinSdk: 	at com.google.android.gms.ads.identifier.AdvertisingIdClient.zza(dex-id-ffd9dfb5f38697736427fc1a28d16d569bfb0e87:17)
1788688967.620 10311  5163  5186 E AppLovinSdk: 	at com.google.android.gms.ads.identifier.AdvertisingIdClient.getAdvertisingIdInfo(dex-id-ffd9dfb5f38697736427fc1a28d16d569bfb0e87:47)
1788688967.620 10311  5163  5186 E AppLovinSdk: 	at com.applovin.impl.sdk.p.c(dex-id-ffd9dfb5f38697736427fc1a28d16d569bfb0e87:15)
1788688967.620 10311  5163  5186 E AppLovinSdk: 	at com.applovin.impl.sdk.p.b(dex-id-ffd9dfb5f38697736427fc1a28d16d569bfb0e87:0)
1788688967.620 10311  5163  5186 E AppLovinSdk: 	at com.applovin.impl.sdk.p$a.run(dex-id-ffd9dfb5f38697736427fc1a28d16d569bfb0e87:6)
1788688967.620 10311  5163  5186 E AppLovinSdk: 	at java.lang.Thread.run(Thread.java:1572)
1788688967.627 10311  5163  5163 W com.facebook.UserSettingsManager: Please set a value for AutoLogAppEventsEnabled. Set the flag to TRUE if you want to collect app install, app launch and in-app purchase events automatically. To request user consent before collecting data, set the flag value to FALSE, then change to TRUE once user consent is received. Learn more: https://developers.facebook.com/docs/app-events/getting-started-app-events-android#disable-auto-events.
1788688967.627 10311  5163  5163 W com.facebook.UserSettingsManager: You haven't set a value for AdvertiserIDCollectionEnabled. Set the flag to TRUE if you want to collect Advertiser ID for better advertising and analytics results. To request user consent before collecting data, set the flag value to FALSE, then change to TRUE once user consent is received. Learn more: https://developers.facebook.com/docs/app-events/getting-started-app-events-android#disable-auto-events.
1788688967.642 10311  5163  5190 W GraphRequest: Starting with v13 of the SDK, a client token must be embedded in your client code before making Graph API calls. Visit https://developers.facebook.com/docs/android/getting-started#client-token to learn how to implement this change.
1788688967.642 10311  5163  5188 W GraphRequest: Starting with v13 of the SDK, a client token must be embedded in your client code before making Graph API calls. Visit https://developers.facebook.com/docs/android/getting-started#client-token to learn how to implement this change.
1788688967.649 10311  5163  5192 W GraphRequest: Starting with v13 of the SDK, a client token must be embedded in your client code before making Graph API calls. Visit https://developers.facebook.com/docs/android/getting-started#client-token to learn how to implement this change.
1788688967.649 10311  5163  5191 W GooglePlayServicesUtil: com.gordey.standarling requires Google Play services, but they are missing.
1788688967.650 10311  5163  5191 D Unique  : 2026-09-06 17:02:47.650 D PROCESS SERVICE_CONNECTION_WRAPPED connection=com.facebook.internal.AttributionIdentifiers$GoogleAdServiceConnection
1788688967.693 10311  5163  5205 D Unique  : 2026-09-06 17:02:47.692 D PROCESS PERMISSION_CHECK permission=android.permission.WAKE_LOCK result=GRANTED
1788688967.697 10311  5163  5207 I DynamiteModule: Considering local module com.google.android.gms.measurement.dynamite:17 and remote module com.google.android.gms.measurement.dynamite:0
1788688967.697 10311  5163  5207 I DynamiteModule: Selected local version of com.google.android.gms.measurement.dynamite
1788688967.697 10311  5163  5163 I Unique  : 2026-09-06 17:02:47.697 I PROCESS PROVIDERS_PUBLISHED package=com.gordey.standarling process=com.gordey.standarling declared=5 authorities=[redacted]
1788688967.703 10311  5163  5205 W FirebaseInstanceId: Failed to resolve IID implementation package, falling back
1788688967.705 10311  5163  5163 I UniqueNative: redirect table set: 8 rule(s)
1788688967.705 10311  5163  5205 D Unique  : 2026-09-06 17:02:47.704 D PROCESS u2 com.gordey.standarling PERMISSION_CHECK permission=android.permission.ACCESS_NETWORK_STATE result=GRANTED
1788688967.705 10311  5163  5163 I UniqueNative: io_redirect: 2 exclusion(s) set
1788688967.706 10311  5163  5163 W UniqueNative: io_redirect: filter did not match: /data/user/0/com.unique/files/virtual/apk/com.gordey.standarling/1090/lib/arm64-v8a
1788688967.706 10311  5163  5163 W UniqueNative: io_redirect: filter did not match: /data/data/com.unique/files/virtual/apk/com.gordey.standarling/1090/lib/arm64-v8a
1788688967.706 10311  5163  5163 W UniqueNative: io_redirect: filter did not match: /data/user/0/com.unique/files/virtual/apk/com.gordey.standarling/1090
1788688967.706 10311  5163  5163 W UniqueNative: io_redirect: filter did not match: /data/data/com.unique/files/virtual/apk/com.gordey.standarling/1090
1788688967.706 10311  5163  5163 W UniqueNative: io_redirect: app-private library seen: /data/misc/apexdata/com.android.art/dalvik-cache/arm64/boot.oat
1788688967.706 10311  5163  5163 W UniqueNative: io_redirect: app-private library seen: /data/misc/apexdata/com.android.art/dalvik-cache/arm64/boot-framework-adservices.oat
1788688967.706 10311  5163  5163 W UniqueNative: io_redirect: app-private library seen: /data/app/~~y7ep4-P9YmXC_LQqOSb8ew==/com.unique-pXyfQ7uAIx9pkrh4UOgyMw==/oat/arm64/base.odex
1788688967.706 10311  5163  5163 W UniqueNative: io_redirect: app-private library seen: /data/app/~~y7ep4-P9YmXC_LQqOSb8ew==/com.unique-pXyfQ7uAIx9pkrh4UOgyMw==/base.apk!/lib/arm64-v8a/libunique_native.so
1788688967.707 10311  5163  5163 I Unique  : 2026-09-06 17:02:47.706 I NATIVE u2 com.gordey.standarling IO_REDIRECT_INSTALLED status=NOTHING_TO_HOOK watch=OK rules=8 slots=0 scope=/data/user/0/com.unique/files/virtual/apk/com.gordey.standarling/1090/lib/arm64-v8a,/data/data/com.unique/files/virtual/apk/com.gordey.standarling/1090/lib/arm64-v8a,/data/user/0/com.unique/files/virt excluded=libgrave.so,libunique_native.so
1788688967.708 10311  5163  5163 I Unique  : 2026-09-06 17:02:47.707 I LAUNCH u2 com.gordey.standarling BOOTSTRAP_OK package=com.gordey.standarling vuid=2 slot=0 applicationClass=android.app.Application dataDir=/data/user/0/com.unique/files/virtual/users/2/data/com.gordey.standarling sourceDir=/data/user/0/com.unique/files/virtual/apk/com.gordey.standarling/1090/base.apk nativeLibraryDir=/data/user/0/com.unique/files/virtual/apk/com.gordey.standarling/1090/lib/arm64-v8a targetSdk=30 observedPackageName=com.gordey.standarling observedFilesDir=/data/user/0/com.unique/files/virtual/users/2/data/com.gordey.standarling/files millis=547
1788688967.710 10311  5163  5163 I Unique  : 2026-09-06 17:02:47.709 I LAUNCH u2 com.gordey.standarling TRANSACTION_REWRITTEN package=com.gordey.standarling activity=com.google.firebase.MessagingUnityPlayerActivity vuid=2 item=LaunchActivityItem theme=0
1788688967.718 10311   569   584 I Unique  : 2026-09-06 17:02:47.716 I PROCESS PROVIDER_SLOT_READY slot=0 vuid=2 pid=5163
1788688967.727 10311  5163  5202 W FirebaseInstanceId: Failed to find package android.content.pm.PackageManager$NameNotFoundException: com.google.android.gms
1788688967.861 10311  5163  5163 I Unique  : 2026-09-06 17:02:47.861 I LAUNCH u2 com.gordey.standarling ACTIVITY_ORIENTATION_APPLIED activity=com.google.firebase.MessagingUnityPlayerActivity orientation=6 applied=true
1788688967.872 10311  5163  5163 W libc    : Access denied finding property "persist.vendor.camera.IsVariableApertureSupported"
1788688967.872 10311  5163  5163 W libc    : Access denied finding property "persist.vendor.camera.IsStreetModeSupported"
1788688967.936 10311  5163  5207 D Unique  : 2026-09-06 17:02:47.935 D PROCESS u2 com.gordey.standarling PERMISSION_CHECK permission=com.google.android.providers.gsf.permission.READ_GSERVICES result=GRANTED
1788688967.944 10311   569   584 W Unique  : 2026-09-06 17:02:47.943 W PROCESS PROVIDER_ROUTE_UNKNOWN vuid=2 authority=[redacted]
1788688968.091 10311  5163  5163 I UniqueNative: io_redirect: excluded (not hooked, on purpose): /data/data/com.unique/files/virtual/apk/com.gordey.standarling/1090/lib/arm64-v8a/libgrave.so
1788688968.091 10311  5163  5163 I UniqueNative: io_redirect: hooked 22 new slot(s) after loading /data/user/0/com.unique/files/virtual/apk/com.gordey.standarling/1090/lib/arm64-v8a/libgrave.so (22 total)
1788688968.626 10311  5163  5188 E FeatureFlagsImplExport: android.os.flagging.AconfigStorageReadException: ERROR_PACKAGE_NOT_FOUND: package com.android.libcore cannot be found on the device
1788688968.626 10311  5163  5192 E FeatureFlagsImplExport: android.os.flagging.AconfigStorageReadException: ERROR_PACKAGE_NOT_FOUND: package com.android.libcore cannot be found on the device
1788688968.929 10311  5163  5219 I FA      : App measurement initialized, version: 31049
1788688968.929 10311  5163  5219 I FA      : To enable debug logging run: adb shell setprop log.tag.FA VERBOSE
1788688968.929 10311  5163  5219 I FA      : To enable faster debug mode event logging run:
1788688968.929 10311  5163  5219 I FA      :   adb shell setprop debug.firebase.analytics.app com.gordey.standarling
1788688968.931 10311  5163  5219 D Unique  : 2026-09-06 17:02:48.930 D PROCESS u2 com.gordey.standarling PERMISSION_CHECK permission=android.permission.INTERNET result=GRANTED
1788688968.932 10311  5163  5219 D Unique  : 2026-09-06 17:02:48.932 D PROCESS u2 com.gordey.standarling PERMISSION_CHECK permission=android.permission.ACCESS_NETWORK_STATE result=GRANTED
1788688969.657 10311  5163  5174 W MIUIScout App: Enter APP_SCOUT_WARNING State
1788688969.657 10311  5163  5174 W MIUIScout App:  (Current message: duration=2501ms seq=4 late=1ms h=android.app.ActivityThread$H w=159)
1788688969.659 10311  5163  5254 W MIUIScout App: Event:APP_SCOUT_WARNING Thread:main backtrace:
1788688969.659 10311  5163  5254 W MIUIScout App:     at java.lang.Runtime.nativeLoad(Native Method)
1788688969.659 10311  5163  5254 W MIUIScout App:     at java.lang.Runtime.loadLibrary0(Runtime.java:1109)
1788688969.659 10311  5163  5254 W MIUIScout App:     at java.lang.Runtime.loadLibrary0(Runtime.java:1033)
1788688969.659 10311  5163  5254 W MIUIScout App:     at java.lang.System.loadLibrary(System.java:1765)
1788688969.659 10311  5163  5254 W MIUIScout App:     at com.unity3d.player.UnityPlayerActivity.onCreate(UnityPlayerActivity.java:6)
1788688969.659 10311  5163  5254 W MIUIScout App:     at com.google.firebase.MessagingUnityPlayerActivity.onCreate(MessagingUnityPlayerActivity.java:4)
1788688969.659 10311  5163  5254 W MIUIScout App:     at android.app.Activity.performCreate(Activity.java:9209)
1788688969.659 10311  5163  5254 W MIUIScout App:     at android.app.Activity.performCreate(Activity.java:9165)
1788688969.659 10311  5163  5254 W MIUIScout App:     at android.app.Instrumentation.callActivityOnCreate(Instrumentation.java:1537)
1788688969.659 10311  5163  5254 W MIUIScout App:     at android.app.ActivityThread.performLaunchActivity(ActivityThread.java:4397)
1788688969.659 10311  5163  5254 W MIUIScout App:     at android.app.ActivityThread.handleLaunchActivity(ActivityThread.java:4636)
1788688969.659 10311  5163  5254 W MIUIScout App:     at android.app.servertransaction.LaunchActivityItem.execute(LaunchActivityItem.java:112)
1788688969.659 10311  5163  5254 W MIUIScout App:     at android.app.servertransaction.TransactionExecutor.executeNonLifecycleItem(TransactionExecutor.java:186)
1788688969.659 10311  5163  5254 W MIUIScout App:     at android.app.servertransaction.TransactionExecutor.executeTransactionItems(TransactionExecutor.java:112)
1788688969.659 10311  5163  5254 W MIUIScout App:     at android.app.servertransaction.TransactionExecutor.execute(TransactionExecutor.java:84)
1788688969.659 10311  5163  5254 W MIUIScout App:     at android.app.ActivityThread$H.handleMessage(ActivityThread.java:2878)
1788688969.659 10311  5163  5254 W MIUIScout App:     at android.os.Handler.dispatchMessage(Handler.java:107)
1788688969.659 10311  5163  5254 W MIUIScout App:     at android.os.Looper.loopOnce(Looper.java:249)
1788688969.659 10311  5163  5254 W MIUIScout App:     at android.os.Looper.loop(Looper.java:337)
1788688969.659 10311  5163  5254 W MIUIScout App:     at android.app.ActivityThread.main(ActivityThread.java:9469)
1788688969.659 10311  5163  5254 W MIUIScout App:     at java.lang.reflect.Method.invoke(Native Method)
1788688969.659 10311  5163  5254 W MIUIScout App:     at com.android.internal.os.RuntimeInit$MethodAndArgsCaller.run(RuntimeInit.java:636)
1788688969.659 10311  5163  5254 W MIUIScout App:     at com.android.internal.os.ZygoteInit.main(ZygoteInit.java:1005)
1788688970.086 10311  5163  5190 E com.facebook.GraphResponse: {HttpStatus: 400, errorCode: 100, subErrorCode: 33, errorType: GraphMethodException, errorMessage: Unsupported get request. Object with ID '75257380179802112312300' does not exist, cannot be loaded due to missing permissions, or does not support this operation. Please read the Graph API documentation at https://developers.facebook.com/docs/graph-api}
1788688970.107 10311  5163  5188 E com.facebook.GraphResponse: {HttpStatus: 400, errorCode: 100, subErrorCode: 33, errorType: GraphMethodException, errorMessage: Unsupported get request. Object with ID '75257380179802112312300' does not exist, cannot be loaded due to missing permissions, or does not support this operation. Please read the Graph API documentation at https://developers.facebook.com/docs/graph-api}
1788688970.134 10311  5163  5192 E com.facebook.GraphResponse: {HttpStatus: 400, errorCode: 100, subErrorCode: 33, errorType: GraphMethodException, errorMessage: Unsupported get request. Object with ID '75257380179802112312300' does not exist, cannot be loaded due to missing permissions, or does not support this operation. Please read the Graph API documentation at https://developers.facebook.com/docs/graph-api}
1788688970.136 10311  5163  5192 W GraphRequest: Starting with v13 of the SDK, a client token must be embedded in your client code before making Graph API calls. Visit https://developers.facebook.com/docs/android/getting-started#client-token to learn how to implement this change.
1788688970.280 10311  5163  5163 W Activity: PerfMonitor: Slow Operation: Activity com.gordey.standarling/com.google.firebase.MessagingUnityPlayerActivity onCreate took 2418ms
1788688970.285 10311  5163  5163 W libc    : Access denied finding property "ro.vendor.df.effect.conflict"
1788688970.333 10311  5163  5192 E com.facebook.GraphResponse: {HttpStatus: 400, errorCode: 100, subErrorCode: 33, errorType: GraphMethodException, errorMessage: Unsupported get request. Object with ID '75257380179802112312300' does not exist, cannot be loaded due to missing permissions, or does not support this operation. Please read the Graph API documentation at https://developers.facebook.com/docs/graph-api}
1788688970.336 10311  5163  5188 W GooglePlayServicesUtil: com.gordey.standarling requires Google Play services, but they are missing.
1788688970.337 10311  5163  5190 W GraphRequest: Starting with v13 of the SDK, a client token must be embedded in your client code before making Graph API calls. Visit https://developers.facebook.com/docs/android/getting-started#client-token to learn how to implement this change.
1788688970.338 10311  5163  5188 D Unique  : 2026-09-06 17:02:50.337 D PROCESS u2 com.gordey.standarling SERVICE_INTENT_CROSS_APP action=com.google.android.gms.ads.identifier.service.START target=com.google.android.gms
1788688970.340 10311  5163  5188 D Unique  : 2026-09-06 17:02:50.339 D PROCESS u2 com.gordey.standarling SERVICE_CONNECTION_WRAPPED connection=com.facebook.internal.AttributionIdentifiers$GoogleAdServiceConnection
1788688970.344 10311  5163  5163 W libc    : Access denied finding property "ro.vendor.perf.scroll_opt"
1788688970.357 10311  5163  5275 W libc    : Access denied finding property "ro.vendor.display.iris_x7.support"
1788688970.391 10311  5163  5163 D Unique  : 2026-09-06 17:02:50.390 D LAUNCH u2 com.gordey.standarling CALLBACK_ALIVE what=159 obj=android.app.servertransaction.ClientTransaction
1788688970.393 10311  5163  5163 D Unique  : 2026-09-06 17:02:50.392 D LAUNCH u2 com.gordey.standarling NO_LAUNCH_ITEM transaction=android.app.servertransaction.ClientTransaction shape=CREATOR: mActivityCallbacks:[TopResumedActivityChangeItem] mActivityToken:BinderProxy mClient:null mLifecycleStateRequest:null mTransactionItems:[TopResumedActivityChangeItem] seen=2
1788688970.396 10311  5163  5163 D Unique  : 2026-09-06 17:02:50.395 D LAUNCH u2 com.gordey.standarling CALLBACK_ALIVE what=159 obj=android.app.servertransaction.ClientTransaction
1788688970.398 10311  5163  5163 D Unique  : 2026-09-06 17:02:50.396 D LAUNCH u2 com.gordey.standarling NO_LAUNCH_ITEM transaction=android.app.servertransaction.ClientTransaction shape=CREATOR: mActivityCallbacks:[ConfigurationChangeItem] mActivityToken:null mClient:null mLifecycleStateRequest:null mTransactionItems:[ConfigurationChangeItem] seen=3
1788688970.402 10311  5163  5163 D Unique  : 2026-09-06 17:02:50.401 D LAUNCH u2 com.gordey.standarling NO_LAUNCH_ITEM transaction=android.app.servertransaction.ClientTransaction shape=CREATOR: mActivityCallbacks:[ActivityConfigurationChangeItem] mActivityToken:BinderProxy mClient:null mLifecycleStateRequest:null mTransactionItems:[ActivityConfigurationChangeItem] seen=4
1788688970.410 10311  5163  5163 D Unique  : 2026-09-06 17:02:50.408 D LAUNCH u2 com.gordey.standarling NO_LAUNCH_ITEM transaction=android.app.servertransaction.ClientTransaction shape=CREATOR: mActivityCallbacks:[TopResumedActivityChangeItem] mActivityToken:BinderProxy mClient:null mLifecycleStateRequest:null mTransactionItems:[TopResumedActivityChangeItem] seen=5
1788688970.413 10311  5163  5163 D Unique  : 2026-09-06 17:02:50.411 D PROCESS u2 com.gordey.standarling CREATE_SERVICE_UNMAPPED stub=com.unique.stub.JobStub_p0
1788688970.421 10311  5163  5191 D Unique  : 2026-09-06 17:02:50.420 D PROCESS u2 com.gordey.standarling SERVICE_CONNECTION_WRAPPED connection=com.android.installreferrer.api.InstallReferrerClientImpl$b
1788688970.462 10311  5163  5188 I Unique  : 2026-09-06 17:02:50.459 I STORAGE u2 com.gordey.standarling EXTERNAL_VOLUME_REPOINTED path=/data/user/0/com.unique/files/virtual/users/2/sdcard fields=mPath,mInternalPath
1788688970.465 10311  5163  5188 I Unique  : 2026-09-06 17:02:50.463 I STORAGE u2 com.gordey.standarling EXTERNAL_VOLUME_REPOINTED path=/data/user/0/com.unique/files/virtual/users/2/sdcard fields=mPath,mInternalPath
1788688970.469 10311  5163  5188 I Unique  : 2026-09-06 17:02:50.467 I STORAGE u2 com.gordey.standarling EXTERNAL_VOLUME_REPOINTED path=/data/user/0/com.unique/files/virtual/users/2/sdcard fields=mPath,mInternalPath
1788688970.472 10311  5163  5188 I Unique  : 2026-09-06 17:02:50.471 I STORAGE u2 com.gordey.standarling EXTERNAL_VOLUME_REPOINTED path=/data/user/0/com.unique/files/virtual/users/2/sdcard fields=mPath,mInternalPath
1788688970.473 10311  5163  5188 I Unique  : 2026-09-06 17:02:50.473 I STORAGE u2 com.gordey.standarling EXTERNAL_VOLUME_REPOINTED path=/data/user/0/com.unique/files/virtual/users/2/sdcard fields=mPath,mInternalPath
1788688970.477 10311  5163  5188 I Unique  : 2026-09-06 17:02:50.476 I STORAGE u2 com.gordey.standarling EXTERNAL_VOLUME_REPOINTED path=/data/user/0/com.unique/files/virtual/users/2/sdcard fields=mPath,mInternalPath
1788688970.487 10311  5163  5188 W GraphRequest: Starting with v13 of the SDK, a client token must be embedded in your client code before making Graph API calls. Visit https://developers.facebook.com/docs/android/getting-started#client-token to learn how to implement this change.
1788688970.500 10311  5163  5289 E om.unique:vapp0: setpriority success to 100 : mali-cmar-backend
1788688970.555 10311  5163  5190 E com.facebook.GraphResponse: {HttpStatus: 400, errorCode: 100, subErrorCode: 33, errorType: GraphMethodException, errorMessage: Unsupported get request. Object with ID '75257380179802112312300' does not exist, cannot be loaded due to missing permissions, or does not support this operation. Please read the Graph API documentation at https://developers.facebook.com/docs/graph-api}
1788688970.609 10311  5163  5275 E LB      : fail to open file: No such file or directory
1788688970.609 10311  5163  5275 E LB      : fail to open node: No such file or directory
1788688970.609 10311  5163  5275 E LB      : fail to open node: No such file or directory
1788688970.625 10311  5163  5163 E Unique  : 2026-09-06 17:02:50.624 E PROCESS u2 com.gordey.standarling JOB_SLOT_MISMATCH slotServes=2 jobWants=0
1788688970.627 10311  5163  5163 E Unique  : 2026-09-06 17:02:50.626 E PROCESS u2 com.gordey.standarling JOB_BOOTSTRAP_FAILED hostJobId=1 package=com.openai.chatgpt service=androidx.work.impl.background.systemjob.SystemJobService
1788688970.630 10311  5163  5163 E Unique  : 2026-09-06 17:02:50.628 E PROCESS u2 com.gordey.standarling STUB_JOB_NOT_ROUTED slot=0 hostJobId=1 vuid=0 reason=bootstrap failed
1788688970.637 10311  5163  5190 W GraphRequest: Starting with v13 of the SDK, a client token must be embedded in your client code before making Graph API calls. Visit https://developers.facebook.com/docs/android/getting-started#client-token to learn how to implement this change.
1788688970.729 10311  5163  5163 D Unique  : 2026-09-06 17:02:50.728 D LAUNCH u2 com.gordey.standarling NO_LAUNCH_ITEM transaction=android.app.servertransaction.ClientTransaction shape=CREATOR: mActivityCallbacks:[TopResumedActivityChangeItem] mActivityToken:BinderProxy mClient:null mLifecycleStateRequest:null mTransactionItems:[TopResumedActivityChangeItem] seen=6
1788688970.806 10311  5163  5163 D Unique  : 2026-09-06 17:02:50.805 D LAUNCH u2 com.gordey.standarling NO_LAUNCH_ITEM transaction=android.app.servertransaction.ClientTransaction shape=CREATOR: mActivityCallbacks:[WindowStateInsetsControlChangeItem] mActivityToken:null mClient:null mLifecycleStateRequest:null mTransactionItems:[WindowStateInsetsControlChangeItem] seen=7
1788688970.812 10311  5163  5163 D Unique  : 2026-09-06 17:02:50.811 D LAUNCH u2 com.gordey.standarling NO_LAUNCH_ITEM transaction=android.app.servertransaction.ClientTransaction shape=CREATOR: mActivityCallbacks:[WindowStateResizeItem] mActivityToken:null mClient:null mLifecycleStateRequest:null mTransactionItems:[WindowStateResizeItem] seen=8
1788688970.854 10311  5163  5224 I Unity   : MemoryManager: Using 'Dynamic Heap' Allocator.
1788688970.860 10311  5163  5190 E com.facebook.GraphResponse: {HttpStatus: 400, errorCode: 100, subErrorCode: 33, errorType: GraphMethodException, errorMessage: Unsupported get request. Object with ID '75257380179802112312300' does not exist, cannot be loaded due to missing permissions, or does not support this operation. Please read the Graph API documentation at https://developers.facebook.com/docs/graph-api}
1788688970.870 10311  5163  5190 W GraphRequest: Starting with v13 of the SDK, a client token must be embedded in your client code before making Graph API calls. Visit https://developers.facebook.com/docs/android/getting-started#client-token to learn how to implement this change.
1788688970.872 10311  5163  5163 D Unique  : 2026-09-06 17:02:50.872 D LAUNCH u2 com.gordey.standarling NO_LAUNCH_ITEM transaction=android.app.servertransaction.ClientTransaction shape=CREATOR: mActivityCallbacks:[WindowStateInsetsControlChangeItem] mActivityToken:null mClient:null mLifecycleStateRequest:null mTransactionItems:[WindowStateInsetsControlChangeItem] seen=9
1788688970.872 10311  5163  5224 I Unique  : 2026-09-06 17:02:50.872 I STORAGE u2 com.gordey.standarling EXTERNAL_VOLUME_REPOINTED path=/data/user/0/com.unique/files/virtual/users/2/sdcard fields=mPath,mInternalPath
1788688970.875 10311  5163  5224 I Unique  : 2026-09-06 17:02:50.874 I STORAGE u2 com.gordey.standarling EXTERNAL_VOLUME_REPOINTED path=/data/user/0/com.unique/files/virtual/users/2/sdcard fields=mPath,mInternalPath
1788688970.885 10311  5163  5224 I Unique  : 2026-09-06 17:02:50.884 I STORAGE u2 com.gordey.standarling EXTERNAL_VOLUME_REPOINTED path=/data/user/0/com.unique/files/virtual/users/2/sdcard fields=mPath,mInternalPath
1788688970.900 10311  5163  5188 E com.facebook.GraphResponse: {HttpStatus: 400, errorCode: 100, subErrorCode: 33, errorType: GraphMethodException, errorMessage: Unsupported post request. Object with ID '75257380179802112312300' does not exist, cannot be loaded due to missing permissions, or does not support this operation. Please read the Graph API documentation at https://developers.facebook.com/docs/graph-api}
1788688970.924 10311  5163  5224 I Unique  : 2026-09-06 17:02:50.924 I STORAGE u2 com.gordey.standarling EXTERNAL_VOLUME_REPOINTED path=/data/user/0/com.unique/files/virtual/users/2/sdcard fields=mPath,mInternalPath
1788688970.935 10311  5163  5224 I Unity   : SystemInfo CPU = ARM64 FP ASIMD AES, Cores = 8, Memory = 7707mb
1788688970.935 10311  5163  5224 I Unity   : SystemInfo ARM big.LITTLE configuration: 2 big (mask: 0xc0), 6 little (mask: 0x3f)
1788688970.935 10311  5163  5224 I Unity   : ApplicationInfo com.gordey.standarling version 0.19.1 build f73e0fd9-6520-4584-a63f-ad56c69eedcf
1788688970.935 10311  5163  5224 I Unity   : Built from '2019.4/staging' branch, Version '2019.4.22f1 (9fdda2fe27ad)', Build type 'Release', Scripting Backend 'il2cpp', CPU 'arm64-v8a', Stripping 'Enabled'
1788688970.958 10311  5163  5163 D Unique  : 2026-09-06 17:02:50.957 D LAUNCH u2 com.gordey.standarling NO_LAUNCH_ITEM transaction=android.app.servertransaction.ClientTransaction shape=CREATOR: mActivityCallbacks:[WindowStateResizeItem] mActivityToken:null mClient:null mLifecycleStateRequest:null mTransactionItems:[WindowStateResizeItem] seen=10
1788688970.963 10311  5163  5299 W InteractionJankMonitor: Initializing without READ_DEVICE_CONFIG permission. enabled=false, interval=1, missedFrameThreshold=3, frameTimeThreshold=64, package=com.gordey.standarling
1788688971.095 10311  5163  5190 E com.facebook.GraphResponse: {HttpStatus: 400, errorCode: 100, subErrorCode: 33, errorType: GraphMethodException, errorMessage: Unsupported get request. Object with ID '75257380179802112312300' does not exist, cannot be loaded due to missing permissions, or does not support this operation. Please read the Graph API documentation at https://developers.facebook.com/docs/graph-api}
1788688971.096 10311  5163  5190 W GraphRequest: Starting with v13 of the SDK, a client token must be embedded in your client code before making Graph API calls. Visit https://developers.facebook.com/docs/android/getting-started#client-token to learn how to implement this change.
1788688971.311 10311  5163  5190 E com.facebook.GraphResponse: {HttpStatus: 400, errorCode: 100, subErrorCode: 33, errorType: GraphMethodException, errorMessage: Unsupported get request. Object with ID '75257380179802112312300' does not exist, cannot be loaded due to missing permissions, or does not support this operation. Please read the Graph API documentation at https://developers.facebook.com/docs/graph-api}
1788688971.464 10311  5163  5224 W libc    : Access denied finding property "vendor.migl.debug"
1788688971.479 10311  5163  5224 E QT      : [QT]file does not exist
1788688971.490 10311  5163  5339 E om.unique:vapp0: setpriority success to 100 : mali-cmar-backend
1788688971.531 10311  5163  5224 E om.unique:vapp0: checkIfsupportxIntfps do not binder to joyose
1788688971.556 10311  5163  5224 D Unity   :  GL_EXT_debug_marker GL_ARM_rgba8 GL_ARM_mali_shader_binary GL_ARM_debug_assert GL_OES_depth24 GL_OES_depth_texture GL_OES_depth_texture_cube_map GL_OES_packed_depth_stencil GL_OES_rgb8_rgba8 GL_EXT_read_format_bgra GL_OES_compressed_paletted_texture GL_OES_compressed_ETC1_RGB8_texture GL_OES_standard_derivatives GL_OES_EGL_image GL_OES_EGL_image_external GL_OES_EGL_image_external_essl3 GL_OES_EGL_sync GL_OES_texture_npot GL_OES_vertex_half_float GL_OES_required_internalformat GL_OES_vertex_array_object GL_OES_mapbuffer GL_EXT_texture_format_BGRA8888 GL_EXT_texture_rg GL_EXT_texture_type_2_10_10_10_REV GL_OES_fbo_render_mipmap GL_OES_element_index_uint GL_EXT_shadow_samplers GL_OES_texture_compression_astc GL_KHR_texture_compression_astc_ldr GL_KHR_texture_compression_astc_hdr GL_KHR_texture_compression_astc_sliced_3d GL_EXT_texture_compression_astc_decode_mode GL_EXT_texture_compression_astc_decode_mode_rgb9e5 GL_KHR_debug GL_EXT_occlusion_query_boolean GL_EXT_disjoint_timer_query GL_EXT_blend_minmax GL_EXT
1788688971.556 10311  5163  5224 D Unity   : _discard_framebuffer GL_OES_get_program_binary GL_OES_texture_3D GL_EXT_texture_storage GL_EXT_multisampled_render_to_texture GL_EXT_multisampled_render_to_texture2 GL_OES_surfaceless_context GL_OES_texture_stencil8 GL_EXT_shader_pixel_local_storage GL_ARM_shader_framebuffer_fetch GL_ARM_shader_framebuffer_fetch_depth_stencil GL_ARM_mali_program_binary GL_EXT_sRGB GL_EXT_sRGB_write_control GL_EXT_texture_sRGB_decode GL_EXT_texture_sRGB_R8 GL_EXT_texture_sRGB_RG8 GL_KHR_blend_equation_advanced GL_KHR_blend_equation_advanced_coherent GL_OES_texture_storage_multisample_2d_array GL_OES_shader_image_atomic GL_EXT_robustness GL_EXT_draw_buffers_indexed GL_OES_draw_buffers_indexed GL_EXT_texture_border_clamp GL_OES_texture_border_clamp GL_EXT_texture_cube_map_array GL_OES_texture_cube_map_array GL_OES_sample_variables GL_OES_sample_shading GL_OES_shader_multisample_interpolation GL_EXT_shader_io_blocks GL_OES_shader_io_blocks GL_EXT_tessellation_shader GL_OES_tessellation_shader GL_EXT_primitive_bounding_box GL_OES
1788688971.556 10311  5163  5224 D Unity   : _primitive_bounding_box GL_EXT_geometry_shader GL_OES_geometry_shader GL_ANDROID_extension_pack_es31a GL_EXT_gpu_shader5 GL_OES_gpu_shader5 GL_EXT_texture_buffer GL_OES_texture_buffer GL_EXT_copy_image GL_OES_copy_image GL_EXT_shader_non_constant_global_initializers GL_EXT_color_buffer_half_float GL_EXT_unpack_subimage GL_EXT_color_buffer_float GL_EXT_float_blend GL_EXT_YUV_target GL_OVR_multiview GL_OVR_multiview2 GL_OVR_multiview_multisampled_render_to_texture GL_KHR_robustness GL_KHR_robust_buffer_access_behavior GL_EXT_draw_elements_base_vertex GL_OES_draw_elements_base_vertex GL_EXT_protected_textures GL_EXT_buffer_storage GL_EXT_external_buffer GL_EXT_EGL_image_array GL_EXT_clear_texture GL_ARM_shader_core_properties GL_EXT_texture_filter_anisotropic GL_OES_texture_float_linear GL_ARM_texture_unnormalized_coordinates GL_EXT_shader_framebuffer_fetch GL_EXT_clip_control GL_EXT_polygon_offset_clamp GL_EXT_EGL_image_storage
1788688971.558 10311  5163  5224 I Unique  : 2026-09-06 17:02:51.557 I STORAGE u2 com.gordey.standarling EXTERNAL_VOLUME_REPOINTED path=/data/user/0/com.unique/files/virtual/users/2/sdcard fields=mPath,mInternalPath
1788688971.562 10311  5163  5224 I Unique  : 2026-09-06 17:02:51.561 I STORAGE u2 com.gordey.standarling EXTERNAL_VOLUME_REPOINTED path=/data/user/0/com.unique/files/virtual/users/2/sdcard fields=mPath,mInternalPath
1788688972.058 10311  5163  5224 D Unique  : 2026-09-06 17:02:52.057 D PROCESS u2 com.gordey.standarling RECEIVER_EXPORT_DEFAULTED package=com.gordey.standarling targetSdk=30 flag=RECEIVER_EXPORTED
1788688972.061 10311  5163  5224 D Unique  : 2026-09-06 17:02:52.060 D PROCESS u2 com.gordey.standarling RECEIVER_EXPORT_DEFAULTED package=com.gordey.standarling targetSdk=30 flag=RECEIVER_EXPORTED
1788688972.161 10311  5163  5174 W MIUIScout App: Enter APP_SCOUT_SLOW state
1788688972.236 10311  5163  5275 W RenderInspector: DequeueBuffer time out on com.gordey.standarling/com.google.firebase.MessagingUnityPlayerActivity, count=1, avg=40 ms, max=40 ms.
1788688973.152 10311  5163  5184 I Unique  : 2026-09-06 17:02:53.151 I LAUNCH u2 com.gordey.standarling SIGNATURES_LOADED package=com.gordey.standarling signers=1 hasSigningInfo=true
1788688973.175 10311  5163  5219 W GooglePlayServicesUtil: com.gordey.standarling requires Google Play services, but they are missing.
1788688973.178 10311  5163  5219 I Unique  : 2026-09-06 17:02:53.177 I PROCESS u2 com.gordey.standarling SERVICE_STUB_RESERVED slot=0 stub=0 service=com.google.android.gms.measurement.AppMeasurementService vuid=2
1788688973.178 10311  5163  5219 D Unique  : 2026-09-06 17:02:53.178 D PROCESS u2 com.gordey.standarling SERVICE_INTENT_ROUTED service=com.google.android.gms.measurement.AppMeasurementService stub=com.unique.stub.ServiceStub_p0_s0 action=com.google.android.gms.measurement.START
1788688973.179 10311  5163  5219 D Unique  : 2026-09-06 17:02:53.178 D PROCESS u2 com.gordey.standarling SERVICE_CONNECTION_WRAPPED connection=com.google.android.gms.measurement.internal.v8
1788688973.182 10311  5163  5163 I Unique  : 2026-09-06 17:02:53.182 I PROCESS u2 com.gordey.standarling CREATE_SERVICE_REWRITTEN stub=com.unique.stub.ServiceStub_p0_s0 service=com.google.android.gms.measurement.AppMeasurementService
1788688973.184 10311  5163  5163 D Unique  : 2026-09-06 17:02:53.184 D PROCESS u2 com.gordey.standarling SERVICE_INTENT_ROUTED service=com.google.android.gms.measurement.AppMeasurementService stub=com.unique.stub.ServiceStub_p0_s0 action=com.google.android.gms.measurement.START
1788688973.186 10311  5163  5163 D Unique  : 2026-09-06 17:02:53.185 D PROCESS u2 com.gordey.standarling SERVICE_CONNECTION_RENAMED stub=com.unique.stub.ServiceStub_p0_s0 service=com.google.android.gms.measurement.AppMeasurementService
1788688973.195 10311  5163  5219 I FA      : Tag Manager is not found and thus will not be used
1788688973.196 10311  5163  5219 W GooglePlayServicesUtil: Google Play services is missing.
1788688973.229 10311  5163  5219 I Unique  : 2026-09-06 17:02:53.228 I LAUNCH u2 com.gordey.standarling PENDING_INTENT_RECEIVER_ROUTED receiver=com.google.android.gms.measurement.AppMeasurementReceiver package=com.gordey.standarling vuid=2 stub=com.unique.app.runtime.BroadcastStub
1788688973.354 10311  5163  5219 I Unique  : 2026-09-06 17:02:53.352 I LAUNCH u2 com.gordey.standarling PENDING_INTENT_RECEIVER_ROUTED receiver=com.google.android.gms.measurement.AppMeasurementReceiver package=com.gordey.standarling vuid=2 stub=com.unique.app.runtime.BroadcastStub
1788688973.365 10311  5163  5219 W GooglePlayServicesUtil: com.gordey.standarling requires Google Play services, but they are missing.
1788688973.376 10311  5163  5219 D Unique  : 2026-09-06 17:02:53.376 D PROCESS u2 com.gordey.standarling SERVICE_CONNECTION_WRAPPED connection=com.google.android.gms.measurement.internal.x4
1788688973.396 10311   569   584 W Unique  : 2026-09-06 17:02:53.394 W PROCESS PROVIDER_ROUTE_UNKNOWN vuid=2 authority=[redacted]
1788688973.448 10311  5163  5219 I Unique  : 2026-09-06 17:02:53.447 I LAUNCH u2 com.gordey.standarling PENDING_INTENT_RECEIVER_ROUTED receiver=com.google.android.gms.measurement.AppMeasurementReceiver package=com.gordey.standarling vuid=2 stub=com.unique.app.runtime.BroadcastStub
1788688973.450 10311  5163  5219 W JobInfo : Job 'com.gordey.standarling/com.google.android.gms.measurement.AppMeasurementJobService#-1081621338' has a deadline with no functional constraints. The deadline won't improve job execution latency. Consider removing the deadline.
1788688973.454 10311  5163  5219 I Unique  : 2026-09-06 17:02:53.453 I PROCESS u2 com.gordey.standarling JOB_SCHEDULED service=com.google.android.gms.measurement.AppMeasurementJobService virtualJobId=-1081621338 hostJobId=2606246 stub=com.unique.stub.JobStub_p0
1788688973.472 10311  5163  5219 I Unique  : 2026-09-06 17:02:53.472 I LAUNCH u2 com.gordey.standarling PENDING_INTENT_RECEIVER_ROUTED receiver=com.google.android.gms.measurement.AppMeasurementReceiver package=com.gordey.standarling vuid=2 stub=com.unique.app.runtime.BroadcastStub
1788688973.482 10311  5163  5219 W JobInfo : Job 'com.gordey.standarling/com.google.android.gms.measurement.AppMeasurementJobService#-1081621338' has a deadline with no functional constraints. The deadline won't improve job execution latency. Consider removing the deadline.
1788688973.484 10311  5163  5219 I Unique  : 2026-09-06 17:02:53.484 I PROCESS u2 com.gordey.standarling JOB_SCHEDULED service=com.google.android.gms.measurement.AppMeasurementJobService virtualJobId=-1081621338 hostJobId=2606246 stub=com.unique.stub.JobStub_p0
1788688973.536 10311  5163  5219 I Unique  : 2026-09-06 17:02:53.535 I LAUNCH u2 com.gordey.standarling PENDING_INTENT_RECEIVER_ROUTED receiver=com.google.android.gms.measurement.AppMeasurementReceiver package=com.gordey.standarling vuid=2 stub=com.unique.app.runtime.BroadcastStub
1788688973.547 10311  5163  5219 W JobInfo : Job 'com.gordey.standarling/com.google.android.gms.measurement.AppMeasurementJobService#-1081621338' has a deadline with no functional constraints. The deadline won't improve job execution latency. Consider removing the deadline.
1788688973.548 10311  5163  5219 I Unique  : 2026-09-06 17:02:53.548 I PROCESS u2 com.gordey.standarling JOB_SCHEDULED service=com.google.android.gms.measurement.AppMeasurementJobService virtualJobId=-1081621338 hostJobId=2606246 stub=com.unique.stub.JobStub_p0
1788688973.566 10311  5163  5219 I Unique  : 2026-09-06 17:02:53.565 I LAUNCH u2 com.gordey.standarling PENDING_INTENT_RECEIVER_ROUTED receiver=com.google.android.gms.measurement.AppMeasurementReceiver package=com.gordey.standarling vuid=2 stub=com.unique.app.runtime.BroadcastStub
1788688973.576 10311  5163  5219 W JobInfo : Job 'com.gordey.standarling/com.google.android.gms.measurement.AppMeasurementJobService#-1081621338' has a deadline with no functional constraints. The deadline won't improve job execution latency. Consider removing the deadline.
1788688973.580 10311  5163  5219 I Unique  : 2026-09-06 17:02:53.578 I PROCESS u2 com.gordey.standarling JOB_SCHEDULED service=com.google.android.gms.measurement.AppMeasurementJobService virtualJobId=-1081621338 hostJobId=2606246 stub=com.unique.stub.JobStub_p0
1788688973.594 10311  5163  5219 W FA      : Callable skipped the worker queue.
1788688973.609 10311  5163  5219 W FA      : Service response is missing Install Referrer install timestamp
1788688973.613 10311  5163  5352 E om.unique:vapp0: DynamicFPS DF open fail: No such file or directory
1788688974.123 10311  5163  5224 D Unique  : 2026-09-06 17:02:54.123 D PROCESS u2 com.gordey.standarling PERMISSION_CHECK permission=android.permission.INTERNET result=GRANTED
1788688974.125 10311  5163  5224 D Unique  : 2026-09-06 17:02:54.125 D PROCESS u2 com.gordey.standarling SETTING_ANSWERED setting=ANDROID_ID value=7f3148a5b05e62c4
1788688974.376 10311  5163  5224 D Unique  : 2026-09-06 17:02:54.375 D PROCESS u2 com.gordey.standarling PERMISSION_CHECK permission=android.permission.WRITE_EXTERNAL_STORAGE result=GRANTED
1788688975.526 10311  5163  5202 W FirebaseInstanceId: Failed to find package android.content.pm.PackageManager$NameNotFoundException: com.google.android.gms
1788688975.622 10311  5163  5352 E om.unique:vapp0: FrameInsert open fail: No such file or directory
1788688975.981 10311  5163  5163 W MirrorManager: this model don't Support
1788688976.060 10311  5163  5224 I Unity   : Loading Main.scene
1788688976.060 10311  5163  5224 I Unity   : Axlebolt.Standoff.Main.WelcomeController:AGONAJJNABO()
1788688976.060 10311  5163  5224 I Unity   : System.Action`1:Invoke(T)
1788688976.060 10311  5163  5224 I Unity   : Axlebolt.Standoff.UI.PopupController:DKFHAJKMCJK()
1788688976.060 10311  5163  5224 I Unity   : UnityEngine.Events.UnityAction:Invoke()
1788688976.060 10311  5163  5224 I Unity   : UnityEngine.Events.UnityEvent:Invoke()
1788688976.060 10311  5163  5224 I Unity   : UnityEngine.EventSystems.EventFunction`1:Invoke(T1, BaseEventData)
1788688976.060 10311  5163  5224 I Unity   : UnityEngine.EventSystems.ExecuteEvents:Execute(GameObject, BaseEventData, EventFunction`1)
1788688976.060 10311  5163  5224 I Unity   : UnityEngine.EventSystems.StandaloneInputModule:ProcessTouchPress(PointerEventData, Boolean, Boolean)
1788688976.060 10311  5163  5224 I Unity   : UnityEngine.EventSystems.StandaloneInputModule:ProcessTouchEvents()
1788688976.060 10311  5163  5224 I Unity   : UnityEngine.EventSystems.StandaloneInputModule:Process()
1788688976.060 10311  5163  5224 I Unity   : (Filename: ./Runtime/Export/Debug/Debug.bindings.h Line: 39)
1788688976.066 10311  5163  5363 W Unity   : The referenced script (Axlebolt.Standoff.Main.Account.TokenCredentialProvider) on this Behaviour is missing!
1788688976.066 10311  5163  5363 W Unity   : (Filename:  Line: 199)
1788688976.067 10311  5163  5363 W Unity   : The referenced script (Axlebolt.Standoff.Main.Account.HuaweiCredentialProvider) on this Behaviour is missing!
1788688976.067 10311  5163  5363 W Unity   : (Filename:  Line: 199)
1788688976.076 10311  5163  5363 W Unity   : The referenced script on this Behaviour (Game Object 'BoltManager') is missing!
1788688976.076 10311  5163  5363 W Unity   : (Filename:  Line: 334)
1788688976.077 10311  5163  5363 W Unity   : The referenced script on this Behaviour (Game Object 'BoltManager') is missing!
1788688976.077 10311  5163  5363 W Unity   : (Filename:  Line: 334)
1788688976.077 10311  5163  5363 W Unity   : The referenced script on this Behaviour (Game Object 'BoltManager') is missing!
1788688976.077 10311  5163  5363 W Unity   : (Filename:  Line: 334)
1788688976.179 10311  5163  5224 I UniqueNative: io_redirect: excluded (not hooked, on purpose): /data/data/com.unique/files/virtual/apk/com.gordey.standarling/1090/lib/arm64-v8a/libgrave.so
1788688976.179 10311  5163  5224 I UniqueNative: io_redirect: hooked 1 new slot(s) after loading /data/user/0/com.unique/files/virtual/apk/com.gordey.standarling/1090/lib/arm64-v8a/libfmod.so (23 total)
1788688976.190 10311  5163  5224 I UniqueNative: io_redirect: excluded (not hooked, on purpose): /data/data/com.unique/files/virtual/apk/com.gordey.standarling/1090/lib/arm64-v8a/libgrave.so
1788688976.190 10311  5163  5224 I UniqueNative: io_redirect: hooked 1 new slot(s) after loading /data/user/0/com.unique/files/virtual/apk/com.gordey.standarling/1090/lib/arm64-v8a/libfmodstudio.so (24 total)
1788688976.240 10311  5163  5224 I fmod    : FMOD::supportsLowLatency                 : Low latency = true, Pro Audio = false, Bluetooth On = false, Acceptable Block Size = true (256)
1788688977.568 10311  5163  5363 W Unity   : The referenced script on this Behaviour (Game Object 'CopyLinkButton') is missing!
1788688977.568 10311  5163  5363 W Unity   : (Filename:  Line: 334)
1788688977.568 10311  5163  5363 W Unity   : The referenced script on this Behaviour (Game Object 'PublicSearchToggle') is missing!
1788688977.568 10311  5163  5363 W Unity   : (Filename:  Line: 334)
1788688978.612 10311  5163  5163 D Unique  : 2026-09-06 17:02:58.609 D PROCESS u2 com.gordey.standarling SERVICE_INTENT_ROUTED service=com.google.android.gms.measurement.AppMeasurementService stub=com.unique.stub.ServiceStub_p0_s0 action=com.google.android.gms.measurement.START
1788688978.945 10311  5163  5219 I Unique  : 2026-09-06 17:02:58.943 I LAUNCH u2 com.gordey.standarling PENDING_INTENT_RECEIVER_ROUTED receiver=com.google.android.gms.measurement.AppMeasurementReceiver package=com.gordey.standarling vuid=2 stub=com.unique.app.runtime.BroadcastStub
1788688979.169 10311  5163  5190 W GraphRequest: Starting with v13 of the SDK, a client token must be embedded in your client code before making Graph API calls. Visit https://developers.facebook.com/docs/android/getting-started#client-token to learn how to implement this change.
1788688979.396 10311  5163  5190 E com.facebook.GraphResponse: {HttpStatus: 400, errorCode: 100, subErrorCode: 33, errorType: GraphMethodException, errorMessage: Unsupported get request. Object with ID '75257380179802112312300' does not exist, cannot be loaded due to missing permissions, or does not support this operation. Please read the Graph API documentation at https://developers.facebook.com/docs/graph-api}
1788688979.699 10311  5163  5191 E com.facebook.GraphResponse: {HttpStatus: 400, errorCode: 100, subErrorCode: 33, errorType: GraphMethodException, errorMessage: Unsupported post request. Object with ID '75257380179802112312300' does not exist, cannot be loaded due to missing permissions, or does not support this operation. Please read the Graph API documentation at https://developers.facebook.com/docs/graph-api}
1788688979.700 10311  5163  5190 W GraphRequest: Starting with v13 of the SDK, a client token must be embedded in your client code before making Graph API calls. Visit https://developers.facebook.com/docs/android/getting-started#client-token to learn how to implement this change.
1788688979.906 10311  5163  5190 E com.facebook.GraphResponse: {HttpStatus: 400, errorCode: 100, subErrorCode: 33, errorType: GraphMethodException, errorMessage: Unsupported get request. Object with ID '75257380179802112312300' does not exist, cannot be loaded due to missing permissions, or does not support this operation. Please read the Graph API documentation at https://developers.facebook.com/docs/graph-api}
1788688979.909 10311  5163  5190 W GraphRequest: Starting with v13 of the SDK, a client token must be embedded in your client code before making Graph API calls. Visit https://developers.facebook.com/docs/android/getting-started#client-token to learn how to implement this change.
1788688980.148 10311  5163  5190 E com.facebook.GraphResponse: {HttpStatus: 400, errorCode: 100, subErrorCode: 33, errorType: GraphMethodException, errorMessage: Unsupported get request. Object with ID '75257380179802112312300' does not exist, cannot be loaded due to missing permissions, or does not support this operation. Please read the Graph API documentation at https://developers.facebook.com/docs/graph-api}
1788688980.376 10311  5163  5163 D Unique  : 2026-09-06 17:03:00.375 D LAUNCH u2 com.gordey.standarling NO_LAUNCH_ITEM transaction=android.app.servertransaction.ClientTransaction shape=CREATOR: mActivityCallbacks:[TopResumedActivityChangeItem] mActivityToken:BinderProxy mClient:null mLifecycleStateRequest:null mTransactionItems:[TopResumedActivityChangeItem] seen=11
1788688980.386 10311  5163  5163 D Unique  : 2026-09-06 17:03:00.385 D LAUNCH u2 com.gordey.standarling NO_LAUNCH_ITEM transaction=android.app.servertransaction.ClientTransaction shape=CREATOR: mActivityCallbacks:null mActivityToken:BinderProxy mClient:null mLifecycleStateRequest:PauseActivityItem mTransactionItems:[PauseActivityItem] seen=12
1788688980.437 10311  5163  5219 D Unique  : 2026-09-06 17:03:00.436 D PROCESS u2 com.gordey.standarling SERVICE_INTENT_ROUTED service=com.google.android.gms.measurement.AppMeasurementService stub=com.unique.stub.ServiceStub_p0_s0 action=com.google.android.gms.measurement.START
1788688980.440 10311  5163  5219 D Unique  : 2026-09-06 17:03:00.437 D PROCESS u2 com.gordey.standarling SERVICE_CONNECTION_WRAPPED connection=com.google.android.gms.measurement.internal.v8
1788688980.612 10311  5163  5163 W Activity: PerfMonitor: Slow Operation: Activity com.gordey.standarling/com.google.firebase.MessagingUnityPlayerActivity onPause took 225ms
1788688980.634 10311  5163  5163 I Unique  : 2026-09-06 17:03:00.632 I PROCESS u2 com.gordey.standarling CREATE_SERVICE_REWRITTEN stub=com.unique.stub.ServiceStub_p0_s0 service=com.google.android.gms.measurement.AppMeasurementService
1788688980.644 10311  5163  5163 D Unique  : 2026-09-06 17:03:00.640 D PROCESS u2 com.gordey.standarling SERVICE_INTENT_ROUTED service=com.google.android.gms.measurement.AppMeasurementService stub=com.unique.stub.ServiceStub_p0_s0 action=com.google.android.gms.measurement.START
1788688980.657 10311  5163  5163 D Unique  : 2026-09-06 17:03:00.655 D LAUNCH u2 com.gordey.standarling NO_LAUNCH_ITEM transaction=android.app.servertransaction.ClientTransaction shape=CREATOR: mActivityCallbacks:null mActivityToken:BinderProxy mClient:null mLifecycleStateRequest:StopActivityItem mTransactionItems:[StopActivityItem] seen=13
1788688980.702 10311  5163  5163 D Unique  : 2026-09-06 17:03:00.701 D PROCESS u2 com.gordey.standarling SERVICE_CONNECTION_RENAMED stub=com.unique.stub.ServiceStub_p0_s0 service=com.google.android.gms.measurement.AppMeasurementService
1788688980.781 10311  5163  5219 I Unique  : 2026-09-06 17:03:00.779 I LAUNCH u2 com.gordey.standarling PENDING_INTENT_RECEIVER_ROUTED receiver=com.google.android.gms.measurement.AppMeasurementReceiver package=com.gordey.standarling vuid=2 stub=com.unique.app.runtime.BroadcastStub
1788688980.784 10311  5163  5219 W JobInfo : Job 'com.gordey.standarling/com.google.android.gms.measurement.AppMeasurementJobService#-1081621338' has a deadline with no functional constraints. The deadline won't improve job execution latency. Consider removing the deadline.
1788688980.787 10311  5163  5219 I Unique  : 2026-09-06 17:03:00.786 I PROCESS u2 com.gordey.standarling JOB_SCHEDULED service=com.google.android.gms.measurement.AppMeasurementJobService virtualJobId=-1081621338 hostJobId=2606246 stub=com.unique.stub.JobStub_p0
1788688981.423 10311  5163  5219 I Unique  : 2026-09-06 17:03:01.421 I LAUNCH u2 com.gordey.standarling PENDING_INTENT_RECEIVER_ROUTED receiver=com.google.android.gms.measurement.AppMeasurementReceiver package=com.gordey.standarling vuid=2 stub=com.unique.app.runtime.BroadcastStub
1788688981.770 10311  5163  5219 I Unique  : 2026-09-06 17:03:01.757 I LAUNCH u2 com.gordey.standarling PENDING_INTENT_RECEIVER_ROUTED receiver=com.google.android.gms.measurement.AppMeasurementReceiver package=com.gordey.standarling vuid=2 stub=com.unique.app.runtime.BroadcastStub
1788688981.777 10311  5163  5219 W JobInfo : Job 'com.gordey.standarling/com.google.android.gms.measurement.AppMeasurementJobService#-1081621338' has a deadline with no functional constraints. The deadline won't improve job execution latency. Consider removing the deadline.
1788688981.782 10311  5163  5219 I Unique  : 2026-09-06 17:03:01.780 I PROCESS u2 com.gordey.standarling JOB_SCHEDULED service=com.google.android.gms.measurement.AppMeasurementJobService virtualJobId=-1081621338 hostJobId=2606246 stub=com.unique.stub.JobStub_p0
1788688981.801 10311  5163  5219 I Unique  : 2026-09-06 17:03:01.797 I LAUNCH u2 com.gordey.standarling PENDING_INTENT_RECEIVER_ROUTED receiver=com.google.android.gms.measurement.AppMeasurementReceiver package=com.gordey.standarling vuid=2 stub=com.unique.app.runtime.BroadcastStub
1788688982.577 10311  5163  5219 I Unique  : 2026-09-06 17:03:02.575 I LAUNCH u2 com.gordey.standarling PENDING_INTENT_RECEIVER_ROUTED receiver=com.google.android.gms.measurement.AppMeasurementReceiver package=com.gordey.standarling vuid=2 stub=com.unique.app.runtime.BroadcastStub
1788688982.582 10311  5163  5219 W JobInfo : Job 'com.gordey.standarling/com.google.android.gms.measurement.AppMeasurementJobService#-1081621338' has a deadline with no functional constraints. The deadline won't improve job execution latency. Consider removing the deadline.
1788688982.587 10311  5163  5219 I Unique  : 2026-09-06 17:03:02.585 I PROCESS u2 com.gordey.standarling JOB_SCHEDULED service=com.google.android.gms.measurement.AppMeasurementJobService virtualJobId=-1081621338 hostJobId=2606246 stub=com.unique.stub.JobStub_p0
1788688985.423 10311  5163  5191 W GooglePlayServicesUtil: com.gordey.standarling requires Google Play services, but they are missing.
1788688985.425 10311  5163  5191 D Unique  : 2026-09-06 17:03:05.424 D PROCESS u2 com.gordey.standarling SERVICE_INTENT_CROSS_APP action=com.google.android.gms.ads.identifier.service.START target=com.google.android.gms
1788688985.426 10311  5163  5191 D Unique  : 2026-09-06 17:03:05.426 D PROCESS u2 com.gordey.standarling SERVICE_CONNECTION_WRAPPED connection=com.facebook.internal.AttributionIdentifiers$GoogleAdServiceConnection
1788688987.603 10311  5163  5163 D Unique  : 2026-09-06 17:03:07.600 D PROCESS u2 com.gordey.standarling SERVICE_INTENT_ROUTED service=com.google.android.gms.measurement.AppMeasurementService stub=com.unique.stub.ServiceStub_p0_s0 action=com.google.android.gms.measurement.START
1788689003.368 10311  5163  5219 D Unique  : 2026-09-06 17:03:23.361 D PROCESS u2 com.gordey.standarling SERVICE_INTENT_ROUTED service=com.google.android.gms.measurement.AppMeasurementService stub=com.unique.stub.ServiceStub_p0_s0 action=com.google.android.gms.measurement.START
1788689003.370 10311  5163  5219 D Unique  : 2026-09-06 17:03:23.369 D PROCESS u2 com.gordey.standarling SERVICE_CONNECTION_WRAPPED connection=com.google.android.gms.measurement.internal.v8
1788689003.437 10311  5163  5163 I Unique  : 2026-09-06 17:03:23.436 I PROCESS u2 com.gordey.standarling CREATE_SERVICE_REWRITTEN stub=com.unique.stub.ServiceStub_p0_s0 service=com.google.android.gms.measurement.AppMeasurementService
1788689003.443 10311  5163  5163 D Unique  : 2026-09-06 17:03:23.441 D PROCESS u2 com.gordey.standarling SERVICE_INTENT_ROUTED service=com.google.android.gms.measurement.AppMeasurementService stub=com.unique.stub.ServiceStub_p0_s0 action=com.google.android.gms.measurement.START
1788689003.458 10311  5163  5163 D Unique  : 2026-09-06 17:03:23.455 D PROCESS u2 com.gordey.standarling SERVICE_CONNECTION_RENAMED stub=com.unique.stub.ServiceStub_p0_s0 service=com.google.android.gms.measurement.AppMeasurementService
1788689004.190 10311  5163  5224 E om.unique:vapp0: checkIfsupportxIntfps do not binder to joyose
1788689005.388 10311  5163  5224 W GooglePlayServicesUtil: com.gordey.standarling requires Google Play services, but they are missing.
1788689008.338 10311  5163  5219 W GooglePlayServicesUtil: com.gordey.standarling requires Google Play services, but they are missing.
1788689008.375 10311  5163  5219 W JobInfo : Job 'com.gordey.standarling/com.google.android.gms.measurement.AppMeasurementJobService#-1081621338' has a deadline with no functional constraints. The deadline won't improve job execution latency. Consider removing the deadline.
1788689008.378 10311  5163  5219 I Unique  : 2026-09-06 17:03:28.376 I PROCESS u2 com.gordey.standarling JOB_SCHEDULED service=com.google.android.gms.measurement.AppMeasurementJobService virtualJobId=-1081621338 hostJobId=2606246 stub=com.unique.stub.JobStub_p0
1788689010.327 10311  5163  5219 W JobInfo : Job 'com.gordey.standarling/com.google.android.gms.measurement.AppMeasurementJobService#-1081621338' has a deadline with no functional constraints. The deadline won't improve job execution latency. Consider removing the deadline.
1788689010.332 10311  5163  5219 I Unique  : 2026-09-06 17:03:30.330 I PROCESS u2 com.gordey.standarling JOB_SCHEDULED service=com.google.android.gms.measurement.AppMeasurementJobService virtualJobId=-1081621338 hostJobId=2606246 stub=com.unique.stub.JobStub_p0
1788689015.351 10311  5163  5163 D Unique  : 2026-09-06 17:03:35.348 D PROCESS u2 com.gordey.standarling SERVICE_INTENT_ROUTED service=com.google.android.gms.measurement.AppMeasurementService stub=com.unique.stub.ServiceStub_p0_s0 action=com.google.android.gms.measurement.START
1788689015.696 10311  5163  5290 E CRASH   : *** *** *** *** *** *** *** *** *** *** *** *** *** *** *** ***
1788689015.697 10311  5163  5290 E CRASH   : Version '2019.4.22f1 (9fdda2fe27ad)', Build type 'Release', Scripting Backend 'il2cpp', CPU 'arm64-v8a'
1788689015.697 10311  5163  5290 E CRASH   : Build fingerprint: 'Redmi/sea_ru/sea:15/AP3A.240905.015.A2/OS2.0.209.0.VHZRUXM:user/release-keys'
1788689015.697 10311  5163  5290 E CRASH   : Revision: '0'
1788689015.697 10311  5163  5290 E CRASH   : ABI: 'arm64'
1788689015.697 10311  5163  5290 E CRASH   : Timestamp: 2026-09-06 17:03:35+0700
1788689015.697 10311  5163  5290 E CRASH   : pid: 5163, tid: 5290, name: dey.standarling  >>> com.gordey.standarling <<<
1788689015.697 10311  5163  5290 E CRASH   : uid: 10311
1788689015.697 10311  5163  5290 E CRASH   : signal 7 (SIGBUS), code 1 (BUS_ADRALN), fault addr 0x7dd33229f7
1788689015.697 10311  5163  5290 E CRASH   :     x0  0000007a4789f938  x1  0000000000001000  x2  0000000000000001  x3  0000000000000022
1788689015.697 10311  5163  5290 E CRASH   :     x4  ffffffffffffffff  x5  0000000000000000  x6  0000007a478544f4  x7  0000000043b4e2c1
1788689015.697 10311  5163  5290 E CRASH   :     x8  0000007991def6b7  x9  0000007991def640  x10 00000000000000b7  x11 0000007dd3322000
1788689015.697 10311  5163  5290 E CRASH   :     x12 0000000000000000  x13 0000000000000002  x14 0000000000000005  x15 0000000000000001
1788689015.697 10311  5163  5290 E CRASH   :     x16 00000000000000ea  x17 0000000030bf13af  x18 0000007991c5c000  x19 b400007bdb148a50
1788689015.697 10311  5163  5290 E CRASH   :     x20 00000000a6842c4b  x21 0000007991def6f0  x22 0000000000001498  x23 000000000000142b
1788689015.697 10311  5163  5290 E CRASH   :     x24 0000007991def6f0  x25 0000007991def6f0  x26 0000007991defa30  x27 b400007bdb148a50
1788689015.697 10311  5163  5290 E CRASH   :     x28 0000000000104000  x29 0000007991def6b7
1788689015.697 10311  5163  5290 E CRASH   :     sp  0000007991def630  lr  0000007dd33229f7  pc  0000007dd33229f7
1788689015.698 10311  5163  5290 E CRASH   : backtrace:
1788689015.698 10311  5163  5290 E CRASH   :       #00 pc 00000000000019f7  /memfd:gralloc_shared_memory (deleted)
1788689016.315 10311  5163  5276 E CRASH   : *** *** *** *** *** *** *** *** *** *** *** *** *** *** *** ***
1788689016.316 10311  5163  5276 E CRASH   : Version '2019.4.22f1 (9fdda2fe27ad)', Build type 'Release', Scripting Backend 'il2cpp', CPU 'arm64-v8a'
1788689016.316 10311  5163  5276 E CRASH   : Build fingerprint: 'Redmi/sea_ru/sea:15/AP3A.240905.015.A2/OS2.0.209.0.VHZRUXM:user/release-keys'
1788689016.316 10311  5163  5276 E CRASH   : Revision: '0'
1788689016.316 10311  5163  5276 E CRASH   : ABI: 'arm64'
1788689016.316 10311  5163  5276 E CRASH   : Timestamp: 2026-09-06 17:03:36+0700
1788689016.316 10311  5163  5276 E CRASH   : pid: 5163, tid: 5276, name: dey.standarling  >>> com.gordey.standarling <<<
1788689016.316 10311  5163  5276 E CRASH   : uid: 10311
1788689016.316 10311  5163  5276 E CRASH   : signal 7 (SIGBUS), code 1 (BUS_ADRALN), fault addr 0x7dd33219f7
1788689016.316 10311  5163  5276 E CRASH   :     x0  0000007a4789f938  x1  0000000000001000  x2  0000000000000001  x3  0000000000000022
1788689016.316 10311  5163  5276 E CRASH   :     x4  ffffffffffffffff  x5  0000000000000000  x6  0000007a478544f4  x7  00000000b8b13c67
1788689016.316 10311  5163  5276 E CRASH   :     x8  0000007a40c4c6b7  x9  0000007a40c4c640  x10 00000000000000b7  x11 0000007dd3321000
1788689016.316 10311  5163  5276 E CRASH   :     x12 0000000000000000  x13 0000000000000002  x14 0000000000000005  x15 0000000000000001
1788689016.316 10311  5163  5276 E CRASH   :     x16 00000000000000ea  x17 0000000030bf13af  x18 000000799d564000  x19 b400007bdb144910
1788689016.316 10311  5163  5276 E CRASH   :     x20 00000000a6842c4b  x21 0000007a40c4c6f0  x22 0000000000001498  x23 000000000000142b
1788689016.316 10311  5163  5276 E CRASH   :     x24 0000007a40c4c6f0  x25 0000007a40c4c6f0  x26 0000007a40c4ca30  x27 b400007bdb144910
1788689016.317 10311  5163  5276 E CRASH   :     x28 0000000000104000  x29 0000007a40c4c6b7
1788689016.317 10311  5163  5276 E CRASH   :     sp  0000007a40c4c630  lr  0000007dd33219f7  pc  0000007dd33219f7
1788689016.317 10311  5163  5276 E CRASH   : backtrace:
1788689016.317 10311  5163  5276 E CRASH   :       #00 pc 00000000000009f7  /memfd:gralloc_shared_memory (deleted)
1788689026.967 10311  5163  5296 E CRASH   : *** *** *** *** *** *** *** *** *** *** *** *** *** *** *** ***
1788689026.968 10311  5163  5296 E CRASH   : Version '2019.4.22f1 (9fdda2fe27ad)', Build type 'Release', Scripting Backend 'il2cpp', CPU 'arm64-v8a'
1788689026.968 10311  5163  5296 E CRASH   : Build fingerprint: 'Redmi/sea_ru/sea:15/AP3A.240905.015.A2/OS2.0.209.0.VHZRUXM:user/release-keys'
1788689026.968 10311  5163  5296 E CRASH   : Revision: '0'
1788689026.968 10311  5163  5296 E CRASH   : ABI: 'arm64'
1788689026.968 10311  5163  5296 E CRASH   : Timestamp: 2026-09-06 17:03:46+0700
1788689026.968 10311  5163  5296 E CRASH   : pid: 5163, tid: 5296, name: dey.standarling  >>> com.gordey.standarling <<<
1788689026.968 10311  5163  5296 E CRASH   : uid: 10311
1788689026.968 10311  5163  5296 E CRASH   : signal 7 (SIGBUS), code 1 (BUS_ADRALN), fault addr 0x7dd32b29f7
1788689026.968 10311  5163  5296 E CRASH   :     x0  0000007a4789f938  x1  0000000000001000  x2  0000000000000001  x3  0000000000000022
1788689026.968 10311  5163  5296 E CRASH   :     x4  ffffffffffffffff  x5  0000000000000000  x6  0000007a478544f4  x7  00000000c424738b
1788689026.968 10311  5163  5296 E CRASH   :     x8  0000007a64aa86b7  x9  0000007a64aa8640  x10 00000000000000b7  x11 0000007dd32b2000
1788689026.968 10311  5163  5296 E CRASH   :     x12 0000000000000000  x13 0000000000000002  x14 0000000000000005  x15 0000000000000001
1788689026.968 10311  5163  5296 E CRASH   :     x16 00000000000000ea  x17 0000000030bf13af  x18 0000007a55cb0000  x19 b400007bdb149550
1788689026.968 10311  5163  5296 E CRASH   :     x20 00000000a6842c4b  x21 0000007a64aa86f0  x22 0000000000001498  x23 000000000000142b
1788689026.968 10311  5163  5296 E CRASH   :     x24 0000007a64aa86f0  x25 0000007a64aa86f0  x26 0000007a64aa8a30  x27 b400007bdb149550
1788689026.969 10311  5163  5296 E CRASH   :     x28 0000000000104000  x29 0000007a64aa86b7
1788689026.969 10311  5163  5296 E CRASH   :     sp  0000007a64aa8630  lr  0000007dd32b29f7  pc  0000007dd32b29f7
1788689026.969 10311  5163  5296 E CRASH   : backtrace:
1788689026.969 10311  5163  5296 E CRASH   :       #00 pc 00000000000009f7  <anonymous:0000007dd32b2000>
1788689057.173 10311  5163  5163 E CRASH   : other thread is trapped; signum = 7
1788689057.173 10311  5163  5163 D AndroidRuntime: Shutting down VM
1788689057.174 10311  5163  5163 E AndroidRuntime: FATAL EXCEPTION: main
1788689057.174 10311  5163  5163 E AndroidRuntime: Process: com.gordey.standarling, PID: 5163
1788689057.174 10311  5163  5163 E AndroidRuntime: java.lang.Error: *** *** *** *** *** *** *** *** *** *** *** *** *** *** *** ***
1788689057.174 10311  5163  5163 E AndroidRuntime: Version '2019.4.22f1 (9fdda2fe27ad)', Build type 'Release', Scripting Backend 'il2cpp', CPU 'arm64-v8a'
1788689057.174 10311  5163  5163 E AndroidRuntime: Build fingerprint: 'Redmi/sea_ru/sea:15/AP3A.240905.015.A2/OS2.0.209.0.VHZRUXM:user/release-keys'
1788689057.174 10311  5163  5163 E AndroidRuntime: Revision: '0'
1788689057.174 10311  5163  5163 E AndroidRuntime: ABI: 'arm64'
1788689057.174 10311  5163  5163 E AndroidRuntime: Timestamp: 2026-09-06 17:03:46+0700
1788689057.174 10311  5163  5163 E AndroidRuntime: pid: 5163, tid: 5296, name: dey.standarling  >>> com.gordey.standarling <<<
1788689057.174 10311  5163  5163 E AndroidRuntime: uid: 10311
1788689057.174 10311  5163  5163 E AndroidRuntime: signal 7 (SIGBUS), code 1 (BUS_ADRALN), fault addr 0x7dd32b29f7
1788689057.174 10311  5163  5163 E AndroidRuntime:     x0  0000007a4789f938  x1  0000000000001000  x2  0000000000000001  x3  0000000000000022
1788689057.174 10311  5163  5163 E AndroidRuntime:     x4  ffffffffffffffff  x5  0000000000000000  x6  0000007a478544f4  x7  00000000c424738b
1788689057.174 10311  5163  5163 E AndroidRuntime:     x8  0000007a64aa86b7  x9  0000007a64aa8640  x10 00000000000000b7  x11 0000007dd32b2000
1788689057.174 10311  5163  5163 E AndroidRuntime:     x12 0000000000000000  x13 0000000000000002  x14 0000000000000005  x15 0000000000000001
1788689057.174 10311  5163  5163 E AndroidRuntime:     x16 00000000000000ea  x17 0000000030bf13af  x18 0000007a55cb0000  x19 b400007bdb149550
1788689057.174 10311  5163  5163 E AndroidRuntime:     x20 00000000a6842c4b  x21 0000007a64aa86f0  x22 0000000000001498  x23 000000000000142b
1788689057.174 10311  5163  5163 E AndroidRuntime:     x24 0000007a64aa86f0  x25 0000007a64aa86f0  x26 0000007a64aa8a30  x27 b400007bdb149550
1788689057.174 10311  5163  5163 E AndroidRuntime:     x28 0000000000104000  x29 0000007a64aa86b7
1788689057.174 10311  5163  5163 E AndroidRuntime:     sp  0000007a64aa8630  lr  0000007dd32b29f7  pc  0000007dd32b29f7
1788689057.174 10311  5163  5163 E AndroidRuntime: backtrace:
1788689057.174 10311  5163  5163 E AndroidRuntime:       #00 pc 00000000000009f7  <anonymous:0000007dd32b2000>
1788689057.174 10311  5163  5163 E AndroidRuntime: 	at Unknown.0x7dd32b29f7(Unknown Source:0)
1788689057.183 10311  5163  5163 E Unique  : 2026-09-06 17:04:17.174 E CRASH u2 com.gordey.standarling UNCAUGHT_EXCEPTION thread=main component=com.unique:vapp0 reason=Error: *** *** *** *** *** *** *** *** *** *** *** *** *** *** *** ***
1788689057.183 10311  5163  5163 E Unique  : java.lang.Error: FATAL EXCEPTION [main]
1788689057.183 10311  5163  5163 E Unique  : Unity version     : 2019.4.22f1
1788689057.183 10311  5163  5163 E Unique  : Device model      : Xiaomi 23030RAC7Y
1788689057.183 10311  5163  5163 E Unique  : Device fingerprint: Redmi/sea_ru/sea:15/AP3A.240905.015.A2/OS2.0.209.0.VHZRUXM:user/release-keys
1788689057.183 10311  5163  5163 E Unique  : Caused by: java.lang.Error: *** *** *** *** *** *** *** *** *** *** *** *** *** *** *** ***
1788689057.183 10311  5163  5163 E Unique  : Version '2019.4.22f1 (9fdda2fe27ad)', Build type 'Release', Scripting Backend 'il2cpp', CPU 'arm64-v8a'
1788689057.183 10311  5163  5163 E Unique  : Build fingerprint: 'Redmi/sea_ru/sea:15/AP3A.240905.015.A2/OS2.0.209.0.VHZRUXM:user/release-keys'
1788689057.183 10311  5163  5163 E Unique  : Revision: '0'
1788689057.183 10311  5163  5163 E Unique  : ABI: 'arm64'
1788689057.183 10311  5163  5163 E Unique  : Timestamp: 2026-09-06 17:03:46+0700
1788689057.183 10311  5163  5163 E Unique  : pid: 5163, tid: 5296, name: dey.standarling  >>> com.gordey.standarling <<<
1788689057.183 10311  5163  5163 E Unique  : uid: 10311
1788689057.183 10311  5163  5163 E Unique  : signal 7 (SIGBUS), code 1 (BUS_ADRALN), fault addr 0x7dd32b29f7
1788689057.183 10311  5163  5163 E Unique  :     x0  0000007a4789f938  x1  0000000000001000  x2  0000000000000001  x3  0000000000000022
1788689057.183 10311  5163  5163 E Unique  :     x4  ffffffffffffffff  x5  0000000000000000  x6  0000007a478544f4  x7  00000000c424738b
1788689057.183 10311  5163  5163 E Unique  :     x8  0000007a64aa86b7  x9  0000007a64aa8640  x10 00000000000000b7  x11 0000007dd32b2000
1788689057.183 10311  5163  5163 E Unique  :     x12 0000000000000000  x13 0000000000000002  x14 0000000000000005  x15 0000000000000001
1788689057.183 10311  5163  5163 E Unique  :     x16 00000000000000ea  x17 0000000030bf13af  x18 0000007a55cb0000  x19 b400007bdb149550
1788689057.183 10311  5163  5163 E Unique  :     x20 00000000a6842c4b  x21 0000007a64aa86f0  x22 0000000000001498  x23 000000000000142b
1788689057.183 10311  5163  5163 E Unique  :     x24 0000007a64aa86f0  x25 0000007a64aa86f0  x26 0000007a64aa8a30  x27 b400007bdb149550
1788689057.183 10311  5163  5163 E Unique  :     x28 0000000000104000  x29 0000007a64aa86b7
1788689057.183 10311  5163  5163 E Unique  :     sp  0000007a64aa8630  lr  0000007dd32b29f7  pc  0000007dd32b29f7
1788689057.183 10311  5163  5163 E Unique  : backtrace:
1788689057.183 10311  5163  5163 E Unique  :       #00 pc 00000000000009f7  <anonymous:0000007dd32b2000>
1788689057.183 10311  5163  5163 E Unique  : 	at Unknown.0x7dd32b29f7(Unknown Source:0)
1788689057.186 10311  5163  5948 D Unique  : 2026-09-06 17:04:17.183 D PROCESS u2 com.gordey.standarling SERVICE_INTENT_ROUTED service=com.google.android.gms.measurement.AppMeasurementService stub=com.unique.stub.ServiceStub_p0_s0 action=com.google.android.gms.measurement.START
1788689057.189 10311  5163  5948 D Unique  : 2026-09-06 17:04:17.187 D PROCESS u2 com.gordey.standarling SERVICE_CONNECTION_WRAPPED connection=com.google.android.gms.measurement.internal.v8
1788689057.202 10311   569   584 I Unique  : 2026-09-06 17:04:17.199 I PROCESS DIAGNOSTICS_RECEIVED process=:vapp0 lines=1
1788689057.212 10311  5163  5163 W ScoutUtils: Failed to mkdir /data/miuilog/stability/hprof/
1788689057.690 10311   569   667 E com.unique: checkIfsupportxIntfps do not binder to joyose
1788689059.901 10311   569   569 W WindowOnBackDispatcher: sendCancelIfRunning: isInProgress=false callback=io.flutter.embedding.android.FlutterActivity$1@db90b4b
1788689061.892 10311   569   569 W WindowOnBackDispatcher: sendCancelIfRunning: isInProgress=false callback=android.app.Activity$$ExternalSyntheticLambda0@cc81c7c
