1788697125.950 10311 20915 20915 I com.unique: Using generational CollectorTypeCMC GC.
1788697125.968 10311 20915 20915 I MessageMonitor: Load libmiui_runtime
1788697125.986 10311 20915 20915 D MiuiMonitorThread: Shared singleton Thread for stability monitor start
1788697125.998 10311 20915 20915 D ActivityThread: setEmbeddedParam packageName=com.unique processName=com.unique isEmbedded=false isIsolated=false
1788697126.000 10311 20915 20915 D ApplicationLoaders: Returning zygote-cached class loader: /system_ext/framework/androidx.window.extensions.jar
1788697126.000 10311 20915 20915 D ApplicationLoaders: Returning zygote-cached class loader: /system_ext/framework/androidx.window.sidecar.jar
1788697126.019 10311 20915 20915 I ActivityThread: TrafficStats init done
1788697126.022 10311 20915 20915 D ActivityThread: useGrowthLimitOutExpendMethod invoke error.
1788697126.031 10311 20915 20915 I MiuiForceDarkConfig: setConfig density:2.750000, mainRule:0, secondaryRule:0, tertiaryRule:0
1788697126.035 10311 20915 20915 I ActivityThread: Miui Feature Init done
1788697126.052 10311 20915 20915 I Unique  : 2026-09-06 19:18:46.045 I PROCESS PROCESS_START process=com.unique kind=CORE sdk=35 abi=arm64-v8a,armeabi-v7a,armeabi
1788697126.064 10311 20915 20915 I UniqueNative: libunique_native loaded (page size 4096)
1788697126.065 10311 20915 20915 I Unique  : 2026-09-06 19:18:46.064 I NATIVE NATIVE_LOADED pageSize=4096
1788697126.068 10311 20915 20932 I com.unique: MiResources: find entry failed for resource 7f080076
1788697126.068 10311 20915 20932 I asset   : MiResources: Not found for resource 7f080076
1788697126.068 10311 20915 20932 I com.unique: AssetManager2(this=0xb400007b1b106558)
1788697126.068 10311 20915 20932 I com.unique: ApkAssets: <empty> and /system/framework/framework-res.apk,/vendor/overlay/FrameworkResOverlay/FrameworkResOverlay.apk,/vendor/overlay/FrameworkResOverlayExt/FrameworkResOverlayExt.apk,/product/overlay/CaptivePortalLoginFrameworkOverlay.apk,/product/overlay/GmsConfigOverlayASI_Infrastructure.apk,/product/overlay/GmsConfigOverlayCommon.apk,/product/overlay/GmsConfigOverlayComms.apk,/product/overlay/GmsConfigOverlayGSA.apk,/product/overlay/GmsConfigOverlayGeotz.apk,/product/overlay/GmsConfigOverlayPersonalSafety.apk,/product/overlay/GmsConfigOverlayPhotos.apk,/product/overlay/GoogleExtServicesConfigOverlay.apk,/product/overlay/GoogleHealthFitnessFrameworkOverlay.apk,/product/overlay/GooglePermissionControllerFrameworkOverlay.apk,/product/overlay/MiuiServiceOverlay/MiuiServiceOverlay.apk,/product/overlay/ModuleMetadataGoogleOverlay.apk,/product/overlay/framework-res__nosdcard__auto_generated_characteristics_rro.apk,/product/overlay/MiuiHomeLauncherResOverlay.apk,/product/overlay/AospFrameworkResOverlay.apk,/product/overlay/DevicesAndroidOverlay.apk,/product/overlay/AospFrameworkTelephonyResOverlay.apk,<empty> and /system_ext/app/mediatek-res/mediatek-res.apk,<empty> and /system_ext/framework/framework-ext-res/framework-ext-res.apk,/product/overlay/MiuiFrameworkResOverlay.apk,/product/overlay/MiuiFrameworkTelephonyResOverlay.apk,<empty> and /data/app/~~CoUHsKCRsYdpp67Um5HWkw==/com.unique-fIAs6w0Pm5EDqt_WqssjCA==/base.apk,/product/overlay/GestureLineOverlay.apk,/data/resource-cache/com.android.systemui-neutral-vSDz.frro,/data/resource-cache/com.android.systemui-accent-m9sI.frro,/data/resource-cache/com.android.systemui-dynamic-gTnv.frro,
1788697126.068 10311 20915 20932 I com.unique: Package ID map: 01 -> 0, 02 -> 4, 03 -> 5, 04 -> 6, 05 -> 7, 06 -> 8, 07 -> 9, 08 -> 1, 09 -> 10, 0a -> 11, 0b -> 12, 0c -> 13, 0d -> 14, 0e -> 15, 0f -> 16, 10 -> 17, 11 -> 2, 12 -> 18, 13 -> 19, 14 -> 20, 15 -> 21, 16 -> 22, 17 -> 23, 18 -> 24, 19 -> 25, 1a -> 26, 7f -> 3,
1788697126.068 10311 20915 20932 I com.unique: PG (01): android(01), android(01), android(01), android(01), android(01), android(01),
1788697126.068 10311 20915 20932 I com.unique:     e[0x01] -> 0x01
1788697126.068 10311 20915 20932 I com.unique:     e[0x08] -> 0x08
1788697126.068 10311 20915 20932 I com.unique:     e[0x7f] -> 0x7f
1788697126.068 10311 20915 20932 I com.unique:   android -> 0
1788697126.068 10311 20915 20932 I com.unique:   android -> 0
1788697126.068 10311 20915 20932 I com.unique:   android -> 0
1788697126.068 10311 20915 20932 I com.unique:   android -> 0
1788697126.068 10311 20915 20932 I com.unique:   android -> 0
1788697126.068 10311 20915 20932 I com.unique:   android -> 0
1788697126.068 10311 20915 20932 I com.unique: PG (08): com.mediatek(08),
1788697126.068 10311 20915 20932 I com.unique:     e[0x01] -> 0x01
1788697126.068 10311 20915 20932 I com.unique:     e[0x08] -> 0x08
1788697126.068 10311 20915 20932 I com.unique:     e[0x7f] -> 0x7f
1788697126.068 10311 20915 20932 I com.unique:   com.mediatek -> 21
1788697126.068 10311 20915 20932 I com.unique: PG (11): android.miui(11),
1788697126.068 10311 20915 20932 I com.unique:     e[0x01] -> 0x01
1788697126.068 10311 20915 20932 I com.unique:     e[0x08] -> 0x08
1788697126.068 10311 20915 20932 I com.unique:     e[0x11] -> 0x11
1788697126.068 10311 20915 20932 I com.unique:     e[0x7f] -> 0x7f
1788697126.068 10311 20915 20932 I com.unique:   android.miui -> 22
1788697126.068 10311 20915 20932 I com.unique: PG (7f): com.unique(7f),
1788697126.068 10311 20915 20932 I com.unique:     e[0x01] -> 0x01
1788697126.068 10311 20915 20932 I com.unique:     e[0x08] -> 0x08
1788697126.068 10311 20915 20932 I com.unique:     e[0x7f] -> 0x7f
1788697126.068 10311 20915 20932 I com.unique:   com.unique -> 25
1788697126.068 10311 20915 20932 I com.unique: PG (02): com.mediatek.frameworkresoverlay(7f dynamic),
1788697126.068 10311 20915 20932 I com.unique:     e[0x01] -> 0x01
1788697126.068 10311 20915 20932 I com.unique:     e[0x08] -> 0x08
1788697126.068 10311 20915 20932 I com.unique:     e[0x7f] -> 0x7f
1788697126.068 10311 20915 20932 I com.unique:   com.mediatek.frameworkresoverlay -> 1
1788697126.068 10311 20915 20932 I com.unique: PG (03): com.mediatek.FrameworkResOverlayExt(7f dynamic),
1788697126.068 10311 20915 20932 I com.unique:     e[0x01] -> 0x01
1788697126.068 10311 20915 20932 I com.unique:     e[0x08] -> 0x08
1788697126.068 10311 20915 20932 I com.unique:     e[0x7f] -> 0x7f
1788697126.068 10311 20915 20932 I com.unique:   com.mediatek.FrameworkResOverlayExt -> 2
1788697126.068 10311 20915 20932 I com.unique: PG (04): com.google.android.overlay.modules.captiveportallogin.forframework(7f dynamic),
1788697126.068 10311 20915 20932 I com.unique:     e[0x01] -> 0x01
1788697126.068 10311 20915 20932 I com.unique:     e[0x08] -> 0x08
1788697126.068 10311 20915 20932 I com.unique:     e[0x7f] -> 0x7f
1788697126.068 10311 20915 20915 I ResMonitorStub: Get RMS proxy takes 0 ms
1788697126.068 10311 20915 20932 I com.unique:   com.google.android.overlay.modules.captiveportallogin.forframework -> 3
1788697126.068 10311 20915 20932 I com.unique: PG (05): com.google.android.overlay.gmsconfig.asi(7f dynamic),
1788697126.068 10311 20915 20932 I com.unique:     e[0x01] -> 0x01
1788697126.068 10311 20915 20932 I com.unique:     e[0x08] -> 0x08
1788697126.068 10311 20915 20932 I com.unique:     e[0x7f] -> 0x7f
1788697126.068 10311 20915 20932 I com.unique:   com.google.android.overlay.gmsconfig.asi -> 4
1788697126.068 10311 20915 20932 I com.unique: PG (06): com.google.android.overlay.gmsconfig.common(7f dynamic),
1788697126.068 10311 20915 20932 I com.unique:     e[0x01] -> 0x01
1788697126.068 10311 20915 20932 I com.unique:     e[0x08] -> 0x08
1788697126.068 10311 20915 20932 I com.unique:     e[0x7f] -> 0x7f
1788697126.068 10311 20915 20932 I com.unique:   com.google.android.overlay.gmsconfig.common -> 5
1788697126.068 10311 20915 20932 I com.unique: PG (07): com.google.android.overlay.gmsconfig.comms(7f dynamic),
1788697126.068 10311 20915 20932 I com.unique:     e[0x01] -> 0x01
1788697126.068 10311 20915 20932 I com.unique:     e[0x08] -> 0x08
1788697126.068 10311 20915 20932 I com.unique:     e[0x7f] -> 0x7f
1788697126.068 10311 20915 20932 I com.unique:   com.google.android.overlay.gmsconfig.comms -> 6
1788697126.068 10311 20915 20932 I com.unique: PG (09): com.google.android.overlay.gmsconfig.gsa(7f dynamic),
1788697126.068 10311 20915 20932 I com.unique:     e[0x01] -> 0x01
1788697126.068 10311 20915 20932 I com.unique:     e[0x08] -> 0x08
1788697126.068 10311 20915 20932 I com.unique:     e[0x7f] -> 0x7f
1788697126.068 10311 20915 20932 I com.unique:   com.google.android.overlay.gmsconfig.gsa -> 7
1788697126.068 10311 20915 20932 I com.unique: PG (0a): com.google.android.overlay.gmsconfig.geotz(7f dynamic),
1788697126.068 10311 20915 20932 I com.unique:     e[0x01] -> 0x01
1788697126.068 10311 20915 20932 I com.unique:     e[0x08] -> 0x08
1788697126.068 10311 20915 20932 I com.unique:     e[0x7f] -> 0x7f
1788697126.068 10311 20915 20932 I com.unique:   com.google.android.overlay.gmsconfig.geotz -> 8
1788697126.069 10311 20915 20932 I com.unique: PG (0b): com.google.android.overlay.gmsconfig.personalsafety(7f dynamic),
1788697126.069 10311 20915 20932 I com.unique:     e[0x01] -> 0x01
1788697126.069 10311 20915 20932 I com.unique:     e[0x08] -> 0x08
1788697126.069 10311 20915 20932 I com.unique:     e[0x7f] -> 0x7f
1788697126.069 10311 20915 20932 I com.unique:   com.google.android.overlay.gmsconfig.personalsafety -> 9
1788697126.069 10311 20915 20932 I com.unique: PG (0c): com.google.android.overlay.gmsconfig.photos(7f dynamic),
1788697126.069 10311 20915 20932 I com.unique:     e[0x01] -> 0x01
1788697126.069 10311 20915 20932 I com.unique:     e[0x08] -> 0x08
1788697126.069 10311 20915 20932 I com.unique:     e[0x7f] -> 0x7f
1788697126.069 10311 20915 20932 I com.unique:   com.google.android.overlay.gmsconfig.photos -> 10
1788697126.069 10311 20915 20932 I com.unique: PG (0d): com.google.android.overlay.modules.ext.services(7f dynamic),
1788697126.069 10311 20915 20932 I com.unique:     e[0x01] -> 0x01
1788697126.069 10311 20915 20932 I com.unique:     e[0x08] -> 0x08
1788697126.069 10311 20915 20932 I com.unique:     e[0x7f] -> 0x7f
1788697126.069 10311 20915 20932 I com.unique:   com.google.android.overlay.modules.ext.services -> 11
1788697126.069 10311 20915 20932 I com.unique: PG (0e): com.google.android.overlay.modules.healthfitness.forframework(7f dynamic),
1788697126.070 10311 20915 20932 I com.unique:     e[0x01] -> 0x01
1788697126.070 10311 20915 20932 I com.unique:     e[0x08] -> 0x08
1788697126.070 10311 20915 20932 I com.unique:     e[0x7f] -> 0x7f
1788697126.070 10311 20915 20932 I com.unique:   com.google.android.overlay.modules.healthfitness.forframework -> 12
1788697126.070 10311 20915 20932 I com.unique: PG (0f): com.google.android.overlay.modules.permissioncontroller.forframework(7f dynamic),
1788697126.070 10311 20915 20932 I com.unique:     e[0x01] -> 0x01
1788697126.070 10311 20915 20932 I com.unique:     e[0x08] -> 0x08
1788697126.070 10311 20915 20932 I com.unique:     e[0x7f] -> 0x7f
1788697126.070 10311 20915 20932 I com.unique:   com.google.android.overlay.modules.permissioncontroller.forframework -> 13
1788697126.070 10311 20915 20932 I com.unique: PG (10): com.miui.core.internal.services(7f dynamic),
1788697126.070 10311 20915 20932 I com.unique:     e[0x01] -> 0x01
1788697126.070 10311 20915 20932 I com.unique:     e[0x08] -> 0x08
1788697126.070 10311 20915 20932 I com.unique:     e[0x7f] -> 0x7f
1788697126.070 10311 20915 20932 I com.unique:   com.miui.core.internal.services -> 14
1788697126.070 10311 20915 20932 I com.unique: PG (12): com.google.android.overlay.modules.modulemetadata.forframework(7f dynamic),
1788697126.070 10311 20915 20932 I com.unique:     e[0x01] -> 0x01
1788697126.070 10311 20915 20932 I com.unique:     e[0x08] -> 0x08
1788697126.070 10311 20915 20932 I com.unique:     e[0x7f] -> 0x7f
1788697126.070 10311 20915 20932 I com.unique:   com.google.android.overlay.modules.modulemetadata.forframework -> 15
1788697126.070 10311 20915 20932 I com.unique: PG (13): android.auto_generated_characteristics_rro(7f dynamic),
1788697126.070 10311 20915 20932 I com.unique:     e[0x01] -> 0x01
1788697126.070 10311 20915 20932 I com.unique:     e[0x08] -> 0x08
1788697126.070 10311 20915 20932 I com.unique:     e[0x7f] -> 0x7f
1788697126.070 10311 20915 20932 I com.unique:   android.auto_generated_characteristics_rro -> 16
1788697126.070 10311 20915 20932 I com.unique: PG (14): android.miui.home.launcher.res(7f dynamic),
1788697126.070 10311 20915 20932 I com.unique:     e[0x01] -> 0x01
1788697126.070 10311 20915 20932 I com.unique:     e[0x08] -> 0x08
1788697126.070 10311 20915 20932 I com.unique:     e[0x7f] -> 0x7f
1788697126.070 10311 20915 20932 I com.unique:   android.miui.home.launcher.res -> 17
1788697126.070 10311 20915 20932 I com.unique: PG (15): android.aosp.overlay(7f dynamic),
1788697126.070 10311 20915 20932 I com.unique:     e[0x01] -> 0x01
1788697126.070 10311 20915 20932 I com.unique:     e[0x08] -> 0x08
1788697126.070 10311 20915 20932 I com.unique:     e[0x7f] -> 0x7f
1788697126.070 10311 20915 20932 I com.unique:   android.aosp.overlay -> 18
1788697126.071 10311 20915 20932 I com.unique: PG (16): com.miui.systemui.overlay.devices.android(7f dynamic),
1788697126.071 10311 20915 20932 I com.unique:     e[0x01] -> 0x01
1788697126.072 10311 20915 20932 I com.unique:     e[0x08] -> 0x08
1788697126.072 10311 20915 20932 I com.unique:     e[0x7f] -> 0x7f
1788697126.072 10311 20915 20932 I com.unique:   com.miui.systemui.overlay.devices.android -> 19
1788697126.072 10311 20915 20932 I com.unique: PG (17): android.aosp.overlay.telephony(7f dynamic),
1788697126.072 10311 20915 20932 I com.unique:     e[0x01] -> 0x01
1788697126.072 10311 20915 20932 I com.unique:     e[0x08] -> 0x08
1788697126.072 10311 20915 20932 I com.unique:     e[0x7f] -> 0x7f
1788697126.072 10311 20915 20932 I com.unique:   android.aosp.overlay.telephony -> 20
1788697126.072 10311 20915 20932 I com.unique: PG (18): android.miui.overlay(7f dynamic),
1788697126.072 10311 20915 20932 I com.unique:     e[0x01] -> 0x01
1788697126.072 10311 20915 20932 I com.unique:     e[0x08] -> 0x08
1788697126.072 10311 20915 20932 I com.unique:     e[0x7f] -> 0x7f
1788697126.072 10311 20915 20932 I com.unique:   android.miui.overlay -> 23
1788697126.072 10311 20915 20932 I com.unique: PG (19): android.miui.overlay.telephony(7f dynamic),
1788697126.072 10311 20915 20932 I com.unique:     e[0x01] -> 0x01
1788697126.072 10311 20915 20932 I com.unique:     e[0x08] -> 0x08
1788697126.072 10311 20915 20932 I com.unique:     e[0x7f] -> 0x7f
1788697126.072 10311 20915 20932 I com.unique:   android.miui.overlay.telephony -> 24
1788697126.072 10311 20915 20932 I com.unique: PG (1a): com.android.systemui.gesture.line.overlay(7f dynamic),
1788697126.072 10311 20915 20932 I com.unique:     e[0x01] -> 0x01
1788697126.072 10311 20915 20932 I com.unique:     e[0x08] -> 0x08
1788697126.072 10311 20915 20932 I com.unique:     e[0x7f] -> 0x7f
1788697126.072 10311 20915 20932 I com.unique:   com.android.systemui.gesture.line.overlay -> 26
1788697126.072 10311 20915 20932 I MiResource: invalid cookie from nativeGetResourceValue, cookie = -1, origValue = TypedValue{t=0x0/d=0x0}, value =TypedValue{t=0x0/d=0x0}
1788697126.073 10311 20915 20932 W AsyncDrawableCache: can not found res: 2131230838, maybe dynamic res id.
1788697126.073 10311 20915 20932 I com.unique: MiResources: find entry failed for resource 7f100000
1788697126.073 10311 20915 20932 I asset   : MiResources: Not found for resource 7f100000
1788697126.073 10311 20915 20932 I com.unique: AssetManager2(this=0xb400007b1b106558)
1788697126.073 10311 20915 20932 I com.unique: ApkAssets: <empty> and /system/framework/framework-res.apk,/vendor/overlay/FrameworkResOverlay/FrameworkResOverlay.apk,/vendor/overlay/FrameworkResOverlayExt/FrameworkResOverlayExt.apk,/product/overlay/CaptivePortalLoginFrameworkOverlay.apk,/product/overlay/GmsConfigOverlayASI_Infrastructure.apk,/product/overlay/GmsConfigOverlayCommon.apk,/product/overlay/GmsConfigOverlayComms.apk,/product/overlay/GmsConfigOverlayGSA.apk,/product/overlay/GmsConfigOverlayGeotz.apk,/product/overlay/GmsConfigOverlayPersonalSafety.apk,/product/overlay/GmsConfigOverlayPhotos.apk,/product/overlay/GoogleExtServicesConfigOverlay.apk,/product/overlay/GoogleHealthFitnessFrameworkOverlay.apk,/product/overlay/GooglePermissionControllerFrameworkOverlay.apk,/product/overlay/MiuiServiceOverlay/MiuiServiceOverlay.apk,/product/overlay/ModuleMetadataGoogleOverlay.apk,/product/overlay/framework-res__nosdcard__auto_generated_characteristics_rro.apk,/product/overlay/MiuiHomeLauncherResOverlay.apk,/product/overlay/AospFrameworkResOverlay.apk,/product/overlay/DevicesAndroidOverlay.apk,/product/overlay/AospFrameworkTelephonyResOverlay.apk,<empty> and /system_ext/app/mediatek-res/mediatek-res.apk,<empty> and /system_ext/framework/framework-ext-res/framework-ext-res.apk,/product/overlay/MiuiFrameworkResOverlay.apk,/product/overlay/MiuiFrameworkTelephonyResOverlay.apk,<empty> and /data/app/~~CoUHsKCRsYdpp67Um5HWkw==/com.unique-fIAs6w0Pm5EDqt_WqssjCA==/base.apk,/product/overlay/GestureLineOverlay.apk,/data/resource-cache/com.android.systemui-neutral-vSDz.frro,/data/resource-cache/com.android.systemui-accent-m9sI.frro,/data/resource-cache/com.android.systemui-dynamic-gTnv.frro,
1788697126.073 10311 20915 20932 I com.unique: Package ID map: 01 -> 0, 02 -> 4, 03 -> 5, 04 -> 6, 05 -> 7, 06 -> 8, 07 -> 9, 08 -> 1, 09 -> 10, 0a -> 11, 0b -> 12, 0c -> 13, 0d -> 14, 0e -> 15, 0f -> 16, 10 -> 17, 11 -> 2, 12 -> 18, 13 -> 19, 14 -> 20, 15 -> 21, 16 -> 22, 17 -> 23, 18 -> 24, 19 -> 25, 1a -> 26, 7f -> 3,
1788697126.073 10311 20915 20932 I com.unique: PG (01): android(01), android(01), android(01), android(01), android(01), android(01),
1788697126.073 10311 20915 20932 I com.unique:     e[0x01] -> 0x01
1788697126.073 10311 20915 20932 I com.unique:     e[0x08] -> 0x08
1788697126.073 10311 20915 20932 I com.unique:     e[0x7f] -> 0x7f
1788697126.073 10311 20915 20932 I com.unique:   android -> 0
1788697126.073 10311 20915 20932 I com.unique:   android -> 0
1788697126.073 10311 20915 20932 I com.unique:   android -> 0
1788697126.073 10311 20915 20932 I com.unique:   android -> 0
1788697126.073 10311 20915 20932 I com.unique:   android -> 0
1788697126.073 10311 20915 20932 I com.unique:   android -> 0
1788697126.073 10311 20915 20915 I Unique  : 2026-09-06 19:18:46.073 I PROCESS PROVIDER_ROUTER_CREATED
1788697126.073 10311 20915 20932 I com.unique: PG (08): com.mediatek(08),
1788697126.073 10311 20915 20932 I com.unique:     e[0x01] -> 0x01
1788697126.073 10311 20915 20932 I com.unique:     e[0x08] -> 0x08
1788697126.073 10311 20915 20932 I com.unique:     e[0x7f] -> 0x7f
1788697126.073 10311 20915 20932 I com.unique:   com.mediatek -> 21
1788697126.073 10311 20915 20932 I com.unique: PG (11): android.miui(11),
1788697126.073 10311 20915 20932 I com.unique:     e[0x01] -> 0x01
1788697126.073 10311 20915 20932 I com.unique:     e[0x08] -> 0x08
1788697126.073 10311 20915 20932 I com.unique:     e[0x11] -> 0x11
1788697126.073 10311 20915 20932 I com.unique:     e[0x7f] -> 0x7f
1788697126.073 10311 20915 20932 I com.unique:   android.miui -> 22
1788697126.073 10311 20915 20932 I com.unique: PG (7f): com.unique(7f),
1788697126.073 10311 20915 20932 I com.unique:     e[0x01] -> 0x01
1788697126.073 10311 20915 20932 I com.unique:     e[0x08] -> 0x08
1788697126.073 10311 20915 20932 I com.unique:     e[0x7f] -> 0x7f
1788697126.073 10311 20915 20932 I com.unique:   com.unique -> 25
1788697126.073 10311 20915 20932 I com.unique: PG (02): com.mediatek.frameworkresoverlay(7f dynamic),
1788697126.073 10311 20915 20932 I com.unique:     e[0x01] -> 0x01
1788697126.073 10311 20915 20932 I com.unique:     e[0x08] -> 0x08
1788697126.073 10311 20915 20932 I com.unique:     e[0x7f] -> 0x7f
1788697126.073 10311 20915 20932 I com.unique:   com.mediatek.frameworkresoverlay -> 1
1788697126.074 10311 20915 20932 I com.unique: PG (03): com.mediatek.FrameworkResOverlayExt(7f dynamic),
1788697126.074 10311 20915 20932 I com.unique:     e[0x01] -> 0x01
1788697126.074 10311 20915 20932 I com.unique:     e[0x08] -> 0x08
1788697126.074 10311 20915 20932 I com.unique:     e[0x7f] -> 0x7f
1788697126.074 10311 20915 20932 I com.unique:   com.mediatek.FrameworkResOverlayExt -> 2
1788697126.074 10311 20915 20932 I com.unique: PG (04): com.google.android.overlay.modules.captiveportallogin.forframework(7f dynamic),
1788697126.074 10311 20915 20932 I com.unique:     e[0x01] -> 0x01
1788697126.074 10311 20915 20932 I com.unique:     e[0x08] -> 0x08
1788697126.074 10311 20915 20932 I com.unique:     e[0x7f] -> 0x7f
1788697126.074 10311 20915 20932 I com.unique:   com.google.android.overlay.modules.captiveportallogin.forframework -> 3
1788697126.074 10311 20915 20932 I com.unique: PG (05): com.google.android.overlay.gmsconfig.asi(7f dynamic),
1788697126.074 10311 20915 20932 I com.unique:     e[0x01] -> 0x01
1788697126.074 10311 20915 20932 I com.unique:     e[0x08] -> 0x08
1788697126.074 10311 20915 20932 I com.unique:     e[0x7f] -> 0x7f
1788697126.074 10311 20915 20932 I com.unique:   com.google.android.overlay.gmsconfig.asi -> 4
1788697126.075 10311 20915 20932 I com.unique: PG (06): com.google.android.overlay.gmsconfig.common(7f dynamic),
1788697126.075 10311 20915 20932 I com.unique:     e[0x01] -> 0x01
1788697126.075 10311 20915 20932 I com.unique:     e[0x08] -> 0x08
1788697126.075 10311 20915 20932 I com.unique:     e[0x7f] -> 0x7f
1788697126.075 10311 20915 20932 I com.unique:   com.google.android.overlay.gmsconfig.common -> 5
1788697126.075 10311 20915 20932 I com.unique: PG (07): com.google.android.overlay.gmsconfig.comms(7f dynamic),
1788697126.075 10311 20915 20932 I com.unique:     e[0x01] -> 0x01
1788697126.075 10311 20915 20932 I com.unique:     e[0x08] -> 0x08
1788697126.075 10311 20915 20932 I com.unique:     e[0x7f] -> 0x7f
1788697126.075 10311 20915 20932 I com.unique:   com.google.android.overlay.gmsconfig.comms -> 6
1788697126.075 10311 20915 20932 I com.unique: PG (09): com.google.android.overlay.gmsconfig.gsa(7f dynamic),
1788697126.075 10311 20915 20932 I com.unique:     e[0x01] -> 0x01
1788697126.075 10311 20915 20932 I com.unique:     e[0x08] -> 0x08
1788697126.075 10311 20915 20932 I com.unique:     e[0x7f] -> 0x7f
1788697126.075 10311 20915 20932 I com.unique:   com.google.android.overlay.gmsconfig.gsa -> 7
1788697126.075 10311 20915 20932 I com.unique: PG (0a): com.google.android.overlay.gmsconfig.geotz(7f dynamic),
1788697126.075 10311 20915 20932 I com.unique:     e[0x01] -> 0x01
1788697126.075 10311 20915 20932 I com.unique:     e[0x08] -> 0x08
1788697126.075 10311 20915 20932 I com.unique:     e[0x7f] -> 0x7f
1788697126.075 10311 20915 20932 I com.unique:   com.google.android.overlay.gmsconfig.geotz -> 8
1788697126.075 10311 20915 20932 I com.unique: PG (0b): com.google.android.overlay.gmsconfig.personalsafety(7f dynamic),
1788697126.075 10311 20915 20932 I com.unique:     e[0x01] -> 0x01
1788697126.075 10311 20915 20932 I com.unique:     e[0x08] -> 0x08
1788697126.075 10311 20915 20932 I com.unique:     e[0x7f] -> 0x7f
1788697126.075 10311 20915 20932 I com.unique:   com.google.android.overlay.gmsconfig.personalsafety -> 9
1788697126.075 10311 20915 20932 I com.unique: PG (0c): com.google.android.overlay.gmsconfig.photos(7f dynamic),
1788697126.075 10311 20915 20932 I com.unique:     e[0x01] -> 0x01
1788697126.075 10311 20915 20932 I com.unique:     e[0x08] -> 0x08
1788697126.075 10311 20915 20932 I com.unique:     e[0x7f] -> 0x7f
1788697126.075 10311 20915 20932 I com.unique:   com.google.android.overlay.gmsconfig.photos -> 10
1788697126.075 10311 20915 20932 I com.unique: PG (0d): com.google.android.overlay.modules.ext.services(7f dynamic),
1788697126.075 10311 20915 20932 I com.unique:     e[0x01] -> 0x01
1788697126.075 10311 20915 20932 I com.unique:     e[0x08] -> 0x08
1788697126.075 10311 20915 20932 I com.unique:     e[0x7f] -> 0x7f
1788697126.075 10311 20915 20932 I com.unique:   com.google.android.overlay.modules.ext.services -> 11
1788697126.075 10311 20915 20932 I com.unique: PG (0e): com.google.android.overlay.modules.healthfitness.forframework(7f dynamic),
1788697126.075 10311 20915 20932 I com.unique:     e[0x01] -> 0x01
1788697126.075 10311 20915 20932 I com.unique:     e[0x08] -> 0x08
1788697126.075 10311 20915 20932 I com.unique:     e[0x7f] -> 0x7f
1788697126.075 10311 20915 20932 I com.unique:   com.google.android.overlay.modules.healthfitness.forframework -> 12
1788697126.075 10311 20915 20932 I com.unique: PG (0f): com.google.android.overlay.modules.permissioncontroller.forframework(7f dynamic),
1788697126.075 10311 20915 20932 I com.unique:     e[0x01] -> 0x01
1788697126.075 10311 20915 20932 I com.unique:     e[0x08] -> 0x08
1788697126.075 10311 20915 20932 I com.unique:     e[0x7f] -> 0x7f
1788697126.075 10311 20915 20932 I com.unique:   com.google.android.overlay.modules.permissioncontroller.forframework -> 13
1788697126.075 10311 20915 20932 I com.unique: PG (10): com.miui.core.internal.services(7f dynamic),
1788697126.075 10311 20915 20932 I com.unique:     e[0x01] -> 0x01
1788697126.075 10311 20915 20932 I com.unique:     e[0x08] -> 0x08
1788697126.075 10311 20915 20932 I com.unique:     e[0x7f] -> 0x7f
1788697126.075 10311 20915 20932 I com.unique:   com.miui.core.internal.services -> 14
1788697126.075 10311 20915 20932 I com.unique: PG (12): com.google.android.overlay.modules.modulemetadata.forframework(7f dynamic),
1788697126.075 10311 20915 20932 I com.unique:     e[0x01] -> 0x01
1788697126.075 10311 20915 20932 I com.unique:     e[0x08] -> 0x08
1788697126.075 10311 20915 20932 I com.unique:     e[0x7f] -> 0x7f
1788697126.075 10311 20915 20932 I com.unique:   com.google.android.overlay.modules.modulemetadata.forframework -> 15
1788697126.075 10311 20915 20932 I com.unique: PG (13): android.auto_generated_characteristics_rro(7f dynamic),
1788697126.075 10311 20915 20932 I com.unique:     e[0x01] -> 0x01
1788697126.075 10311 20915 20932 I com.unique:     e[0x08] -> 0x08
1788697126.075 10311 20915 20932 I com.unique:     e[0x7f] -> 0x7f
1788697126.075 10311 20915 20932 I com.unique:   android.auto_generated_characteristics_rro -> 16
1788697126.075 10311 20915 20932 I com.unique: PG (14): android.miui.home.launcher.res(7f dynamic),
1788697126.075 10311 20915 20932 I com.unique:     e[0x01] -> 0x01
1788697126.075 10311 20915 20932 I com.unique:     e[0x08] -> 0x08
1788697126.075 10311 20915 20932 I com.unique:     e[0x7f] -> 0x7f
1788697126.075 10311 20915 20932 I com.unique:   android.miui.home.launcher.res -> 17
1788697126.075 10311 20915 20932 I com.unique: PG (15): android.aosp.overlay(7f dynamic),
1788697126.075 10311 20915 20932 I com.unique:     e[0x01] -> 0x01
1788697126.075 10311 20915 20932 I com.unique:     e[0x08] -> 0x08
1788697126.075 10311 20915 20932 I com.unique:     e[0x7f] -> 0x7f
1788697126.075 10311 20915 20932 I com.unique:   android.aosp.overlay -> 18
1788697126.075 10311 20915 20932 I com.unique: PG (16): com.miui.systemui.overlay.devices.android(7f dynamic),
1788697126.075 10311 20915 20932 I com.unique:     e[0x01] -> 0x01
1788697126.075 10311 20915 20932 I com.unique:     e[0x08] -> 0x08
1788697126.075 10311 20915 20932 I com.unique:     e[0x7f] -> 0x7f
1788697126.075 10311 20915 20932 I com.unique:   com.miui.systemui.overlay.devices.android -> 19
1788697126.075 10311 20915 20932 I com.unique: PG (17): android.aosp.overlay.telephony(7f dynamic),
1788697126.075 10311 20915 20932 I com.unique:     e[0x01] -> 0x01
1788697126.075 10311 20915 20932 I com.unique:     e[0x08] -> 0x08
1788697126.075 10311 20915 20932 I com.unique:     e[0x7f] -> 0x7f
1788697126.075 10311 20915 20932 I com.unique:   android.aosp.overlay.telephony -> 20
1788697126.075 10311 20915 20932 I com.unique: PG (18): android.miui.overlay(7f dynamic),
1788697126.075 10311 20915 20932 I com.unique:     e[0x01] -> 0x01
1788697126.075 10311 20915 20932 I com.unique:     e[0x08] -> 0x08
1788697126.075 10311 20915 20932 I com.unique:     e[0x7f] -> 0x7f
1788697126.076 10311 20915 20932 I com.unique:   android.miui.overlay -> 23
1788697126.076 10311 20915 20932 I com.unique: PG (19): android.miui.overlay.telephony(7f dynamic),
1788697126.076 10311 20915 20932 I com.unique:     e[0x01] -> 0x01
1788697126.076 10311 20915 20932 I com.unique:     e[0x08] -> 0x08
1788697126.076 10311 20915 20932 I com.unique:     e[0x7f] -> 0x7f
1788697126.076 10311 20915 20932 I com.unique:   android.miui.overlay.telephony -> 24
1788697126.076 10311 20915 20932 I com.unique: PG (1a): com.android.systemui.gesture.line.overlay(7f dynamic),
1788697126.076 10311 20915 20932 I com.unique:     e[0x01] -> 0x01
1788697126.076 10311 20915 20932 I com.unique:     e[0x08] -> 0x08
1788697126.076 10311 20915 20932 I com.unique:     e[0x7f] -> 0x7f
1788697126.076 10311 20915 20932 I com.unique:   com.android.systemui.gesture.line.overlay -> 26
1788697126.076 10311 20915 20932 I MiResource: invalid cookie from nativeGetResourceValue, cookie = -1, origValue = TypedValue{t=0x0/d=0x0}, value =TypedValue{t=0x0/d=0x0}
1788697126.076 10311 20915 20932 W AsyncDrawableCache: can not found res: 2131755008, maybe dynamic res id.
1788697126.086 10311 20915 20915 I Unique  : 2026-09-06 19:18:46.086 I STORAGE SHARED_PROVIDER_CREATED
1788697126.118 10311 20915 20915 W libc    : Access denied finding property "ro.vendor.perf.scroll_opt"
1788697126.133 10311 20915 20915 I PowerHalWrapper: PowerHalWrapper.getInstance
1788697126.133 10311 20915 20915 I M-ProMotion: M-ProMotion is disabled
1788697126.143 10311 20915 20915 I ActivityThread: HardwareRenderer preload  done
1788697126.157 10311 20915 20942 D MMUD    : mtk_memory_debug_init com.unique 0xb400007ddc12a400
1788697126.161 10311 20915 20955 E com.unique: setpriority success to 100 : mali-cmar-backend
1788697126.243 10311 20915 20960 D MMUD    : mtk_memory_debug_init com.unique 0xb400007ddc036400
1788697126.245 10311 20915 20981 E com.unique: setpriority success to 100 : mali-cmar-backend
1788697126.260 10311 20915 20946 D MMUD    : get_leak_baseline 3246391296
1788697126.262 10311 20915 20960 I flutter : [IMPORTANT:flutter/shell/platform/android/android_context_vk_impeller.cc(62)] Using the Impeller rendering backend (Vulkan).
1788697126.294 10311 20915 20935 I Unique  : 2026-09-06 19:18:46.293 I PROCESS BROADCAST_ROUTES_REGISTERED package=com.android.vending vuid=0 routes=95 actions=androidx.profileinstaller.action.SKIP_FILE,android.intent.action.PACKAGE_FIRST_LAUNCH,com.android.vending.NEW_UPDATE_CLICKED,android.intent.action.PACKAGE_REMOVED,com.android.vending.SHARE_SHEET_RESULT,com.google.android.finsky.installqueue.servicev2.intent.action.NOTIFICATION_CLICKED_BACKGROUND_ACT
1788697126.295 10311 20915 20935 I Unique  : 2026-09-06 19:18:46.294 I PROCESS PROVIDER_ROUTES_REGISTERED package=com.android.vending vuid=0 authorities=[redacted]
1788697126.296 10311 20915 20935 I Unique  : 2026-09-06 19:18:46.295 I PROCESS BROADCAST_ROUTER_READY instances=1 actions=70 authorities=[redacted]
1788697126.309 10311 20915 20915 W libc    : Access denied finding property "persist.vendor.camera.IsVariableApertureSupported"
1788697126.309 10311 20915 20915 W libc    : Access denied finding property "persist.vendor.camera.IsStreetModeSupported"
1788697126.311 10311 20915 20915 I SurfaceFactory: [static] sSurfaceFactory = com.mediatek.view.impl.SurfaceFactoryImpl@100f526
1788697126.318 10311 20915 20915 D MiuiMultiWindowUtils: freeform resolution args raw data:{  "wide_default":{    "freeform_args": {        "vertical_portrait":{"aspect_ratio":0.626, "original_ratio":0.5643,"original_scale":0.74,"top_margin":0.168,"left_margin":0.484},        "horizontal_portrait":{"aspect_ratio":0.626, "original_ratio":0.5643,"original_scale":0.74,"top_margin":0.1222,"left_margin":0.59745},        "vertical_landscape":{"aspect_ratio":1.6, "original_ratio":1,"original_scale":0.604,"top_margin":0.2596,"left_margin":0.2624},        "horizontal_landscape":{"aspect_ratio":1.6, "original_ratio":1,"original_scale":0.604,"top_margin":0.213,"left_margin":0.3758}    },    "mini_freeform_args":{        "vertical_portrait":{"original_ratio":0.147},        "horizontal_portrait":{"original_ratio":0.147},        "vertical_landscape":{"original_ratio":0.165},        "horizontal_landscape":{"original_ratio":0.165}    }  },  "narrow_default": {    "freeform_args": {        "vertical_portrait":{"aspect_ratio":0.626, "original_ratio":1,"original_scale":0.74,"top_margin":0.0753,"left_margin":-1},        "horizontal_portrait":{"aspect_ratio":0.626, "original_ratio":1,"original_scale":0.5756,"top_margin":-1,"left_margin":0.0753},        "vertical_landscape":{"aspect_ratio":1.6, "original_ratio":0.6847,"original_scale":0.587,"top_margin":0.0753,"left_margin":-1},        "horizontal_landscape":{"aspect_ratio":1.6, "original_ratio":0.6847,"original_scale":0.587,"top_margin":-1,"left_margin":0.0753}    },    "mini_freeform_args":{        "vertical_portrait":{"original_ratio":0.26},        "horizontal_portrait":{"original_ratio":0.26},        "vertical_landscape":{"original_ratio":0.293},        "horizontal_landscape":{"original_ratio":0.293}    }  },  "regular_default": {    "freeform_args": {      "vertical_portrait":{"aspect_ratio":0.625, "original_ratio":1,"original_scale":0.7,"top_margin":0.109,"left_margin":-1},      "horizontal_portrait":{"aspect_ratio":0.6667, "original_ratio":1,"original_scale":0.6102,"top_margin":-1,"left_margin":0.026},      "vertical_landscape":{"aspect_ratio":1.6, "original_ratio":1,"original_scale":0.4244,"top_margin":0.109,"left_margin":-1},      "horizontal_landscape":{"aspect_ratio":1.6, "original_ratio":1,"original_scale":0.4244,"top_margin":-1,"left_margin":0.026}    },    "mini_freeform_args":{      "vertical_portrait":{"original_ratio":0.25},      "horizontal_portrait":{"original_ratio":0.25},      "vertical_landscape":{"original_ratio":0.25},      "horizontal_landscape":{"original_ratio":0.25}    }  },  "pad_default": {    "freeform_args": {      "vertical_portrait":{"aspect_ratio":0.5625, "original_ratio":0.375,"original_scale":0.835,"top_margin":0.049,"left_margin":0.2775},      "horizontal_portrait":{"aspect_ratio":0.5625, "original_ratio":0.375,"original_scale":0.835,"top_margin":-1,"left_margin":0.6525},      "vertical_landscape":{"aspect_ratio":-1, "original_ratio":1,"original_scale":0.468,"top_margin":0.049,"left_margin":-1},      "horizontal_landscape":{"aspect_ratio":-1, "original_ratio":1,"original_scale":0.468,"top_margin":-1,"left_margin":0.4976}    },    "mini_freeform_args":{      "vertical_portrait":{"original_ratio":0.144},      "horizontal_portrait":{"original_ratio":0.144},      "vertical_landscape":{"original_ratio":0.2},      "horizontal_landscape":{"original_ratio":0.2}    }  }}
1788697126.318 10311 20915 20915 D MiuiMultiWindowUtils: initFreeFormResolutionArgs failed, device is sea
1788697126.318 10311 20915 20915 D IS_CTS_MODE: false
1788697126.319 10311 20915 20915 D MULTI_WINDOW_SWITCH_ENABLED: false
1788697126.346 10311 20915 20915 W libc    : Access denied finding property "ro.vendor.df.effect.conflict"
1788697126.353 10311 20915 20940 I PowerHalWrapper: PowerHalWrapper.getInstance
1788697126.361 10311 20915 20915 D MiuiCameraCoveredManager: java.lang.NullPointerException: Attempt to invoke virtual method 'java.lang.String android.provider.MiuiSettings$SettingsCloudData$CloudData.getString(java.lang.String, java.lang.String)' on a null object reference
1788697126.364 10311 20915 20942 W libc    : Access denied finding property "ro.vendor.display.iris_x7.support"
1788697126.376 10311 20915 20915 D InputEventReceiver: Input log is disabled in InputEventReceiver.
1788697126.395 10311 20915 20915 I WindowExtensionsImpl: Initializing Window Extensions, vendor API level=6, activity embedding enabled=true
1788697126.420 10311 20915 20915 D SurfaceView: UPDATE null, mIsCastMode = false
1788697126.424 10311 20915 20960 E com.unique: checkIfsupportxIntfps do not binder to joyose
1788697126.432 10311 20915 20960 D MAGT_SYNC_FRAME: MAGT Sync: MAGT is not supported. Disabling Sync.
1788697126.516 10311 20915 20960 E LB      : fail to open file: No such file or directory
1788697126.516 10311 20915 20960 E LB      : fail to open node: No such file or directory
1788697126.516 10311 20915 20960 E LB      : fail to open node: No such file or directory
1788697126.516 10311 20915 20960 I GrallocExtra: gralloc_extra_query:is_SW3D 0
1788697126.516 10311 20915 20960 I GrallocExtra: gralloc_extra_query:is_SW3D 0
1788697126.516 10311 20915 20960 W libc    : Access denied finding property "ro.vendor.display.iris_x7.support"
1788697126.521 10311 20915 20915 D SurfaceView: UPDATE Surface(name=SurfaceView[com.unique/com.unique.app.MainActivity]#58852)/@0x2a8e10c, mIsProjectionMode = false
1788697126.522 10311 20915 20985 D LibMBrainProxy: Init Paramters
1788697126.531 10311 20915 20942 D com.unique: MiuiProcessManagerServiceStub setSchedFifo
1788697126.531 10311 20915 20942 I MiuiProcessManagerImpl: setSchedFifo pid:20915, mode:3
1788697126.534 10311 20915 20942 W libc    : Access denied finding property "ro.vendor.display.iris_x7.support"
1788697126.549 10311 20915 20936 W com.unique: Unsupported class loader: java.lang.Class<org.lsposed.hiddenapibypass.CoreOjClassLoader>
1788697126.621 10311 20915 20936 W com.unique: Unsupported class loader: java.lang.Class<org.lsposed.hiddenapibypass.CoreOjClassLoader>
1788697126.621 10311 20915 20936 W com.unique: Unsupported class loader: java.lang.Class<org.lsposed.hiddenapibypass.CoreOjClassLoader>
1788697126.624 10311 20915 20936 I Unique  : 2026-09-06 19:18:46.624 I HOOK HIDDEN_API_GRANTED via=HiddenApiBypass
1788697126.800 10311 20915 20992 I DeviceLevelUtils: platform：mt6781
1788697126.800 10311 20915 20992 I MiSpeedRecord: Connecting to PerfShielder service.
1788697126.802 10311 20915 20992 I Unique  : 2026-09-06 19:18:46.801 I STORAGE GUEST_INFO_RESOLVED package=com.android.vending label=Google Play icon=true
1788697127.558 10311 20915 20915 W MirrorManager: this model don't Support
1788697128.581 10311 20915 20915 W WindowOnBackDispatcher: sendCancelIfRunning: isInProgress=false callback=io.flutter.embedding.android.FlutterActivity$1@a3b05e9
1788697129.199 10311 20915 20999 I Unique  : 2026-09-06 19:18:49.197 I GOOGLE GOOGLE_ENVIRONMENT gmsPresent=true gmsEnabled=true gmsVersionCode=263234035 gmsVersionName=26.32.34 (260400-968093310) vendingPresent=true gsfPresent=true customTabs=com.android.chrome hostGmsAvailable=true virtualGmsInstalled=false customTabsAvailable=true
1788697129.233 10311 20915 20936 I Unique  : 2026-09-06 19:18:49.231 I GOOGLE GOOGLE_ENVIRONMENT gmsPresent=true gmsEnabled=true gmsVersionCode=263234035 gmsVersionName=26.32.34 (260400-968093310) vendingPresent=true gsfPresent=true customTabs=com.android.chrome hostGmsAvailable=true virtualGmsInstalled=false customTabsAvailable=true
1788697129.234 10311 20915 20936 I Unique  : 2026-09-06 19:18:49.233 I GOOGLE GOOGLE_ROUTE package=com.android.vending flow=SIGN_IN mode=UNSUPPORTED why=Google Play services works for this app, but sign-in does not: it identifies the app by package name and signing certificate, and inside UNIQUE the call arrives as UNIQUE. Google answers DEVELOPER_ERROR. Only in-space Google Play services can present the app's own identity.
1788697129.235 10311 20915 20936 I Unique  : 2026-09-06 19:18:49.234 I GOOGLE GOOGLE_ROUTE package=com.android.vending flow=CREDENTIAL_MANAGER mode=HOST_BRIDGE why=Unverified: Sign in with Google issues a token for the app's server client, so the device's own Google Play services should be able to answer. Not yet confirmed against a real sample.
1788697129.236 10311 20915 20936 I Unique  : 2026-09-06 19:18:49.236 I GOOGLE GOOGLE_ROUTE package=com.android.vending flow=ACCOUNT_MANAGER mode=HOST_BRIDGE why=Account access is bridged to the device's accounts; consent is shown as UNIQUE.
1788697129.237 10311 20915 20936 I Unique  : 2026-09-06 19:18:49.236 I GOOGLE GOOGLE_ROUTE package=com.android.vending flow=FIREBASE_AUTH mode=HOST_BRIDGE why=Firebase Auth consumes a token from Sign in with Google, which the host bridge can provide.
1788697129.240 10311 20915 20936 I Unique  : 2026-09-06 19:18:49.239 I GOOGLE GOOGLE_ROUTE package=com.android.vending flow=OAUTH_WEB mode=UNSUPPORTED why=The browser can be opened, but the redirect back to http:// cannot arrive: that scheme is declared by a package the device has not installed, so nothing resolves it. Use in-space Google Play services, or a sign-in the app can complete without leaving itself.
1788697129.241 10311 20915 20936 I Unique  : 2026-09-06 19:18:49.240 I GOOGLE GOOGLE_ROUTE package=com.android.vending flow=FCM mode=HOST_BRIDGE why=Experimental: push registration is bridged through the host. Whether Google Play services accepts it varies by version; the result is recorded per device.
1788697129.241 10311 20915 20936 I Unique  : 2026-09-06 19:18:49.241 I GOOGLE GOOGLE_ROUTE package=com.android.vending flow=PLAY_GAMES mode=UNSUPPORTED why=Not supported yet: Play Games checks an attested app identity, and UNIQUE has not been tested against it.
1788697129.882 10311 20915 20960 E com.unique: DynamicFPS DF open fail: No such file or directory
1788697129.890 10311 20915 20936 I Unique  : 2026-09-06 19:18:49.889 I STORAGE GUEST_OBB_IMPORT outcome=NOTHING_TO_IMPORT files=0 bytes=0 source=/storage/emulated/0/Android/obb/com.android.vending package=com.android.vending vuid=0
1788697129.892 10311 20915 20936 I Unique  : 2026-09-06 19:18:49.891 I PROCESS PROCESS_ASSIGNED slot=:vapp0 vuid=0 process=com.android.vending
1788697129.916 10311 20915 20936 I Unique  : 2026-09-06 19:18:49.915 I LAUNCH LAUNCH_REQUESTED package=com.android.vending vuid=0 activity=com.android.vending.AssetBrowserActivity slot=:vapp0 launchMode=0
1788697129.960 10311 21001 21001 I om.unique:vapp0: Using generational CollectorTypeCMC GC.
1788697129.979 10311 21001 21001 I MessageMonitor: Load libmiui_runtime
1788697129.991 10311 21001 21001 D MiuiMonitorThread: Shared singleton Thread for stability monitor start
1788697130.000 10311 21001 21001 D ActivityThread: setEmbeddedParam packageName=com.unique processName=com.unique:vapp0 isEmbedded=false isIsolated=false
1788697130.002 10311 21001 21001 D ApplicationLoaders: Returning zygote-cached class loader: /system_ext/framework/androidx.window.extensions.jar
1788697130.002 10311 21001 21001 D ApplicationLoaders: Returning zygote-cached class loader: /system_ext/framework/androidx.window.sidecar.jar
1788697130.016 10311 21001 21001 I ActivityThread: TrafficStats init done
1788697130.020 10311 21001 21001 D ActivityThread: useGrowthLimitOutExpendMethod invoke error.
1788697130.026 10311 21001 21001 I MiuiForceDarkConfig: setConfig density:2.750000, mainRule:0, secondaryRule:0, tertiaryRule:0
1788697130.031 10311 21001 21001 I ActivityThread: Miui Feature Init done
1788697130.043 10311 21001 21001 I Unique  : 2026-09-06 19:18:50.040 I PROCESS PROCESS_START process=com.unique:vapp0 kind=VAPP sdk=35 abi=arm64-v8a,armeabi-v7a,armeabi
1788697130.044 10311 21001 21001 W om.unique:vapp0: Unsupported class loader: java.lang.Class<org.lsposed.hiddenapibypass.CoreOjClassLoader>
1788697130.089 10311 21001 21001 W om.unique:vapp0: Unsupported class loader: java.lang.Class<org.lsposed.hiddenapibypass.CoreOjClassLoader>
1788697130.089 10311 21001 21001 W om.unique:vapp0: Unsupported class loader: java.lang.Class<org.lsposed.hiddenapibypass.CoreOjClassLoader>
1788697130.091 10311 21001 21001 I Unique  : 2026-09-06 19:18:50.091 I HOOK HIDDEN_API_GRANTED via=HiddenApiBypass
1788697130.095 10311 21001 21001 I UniqueNative: libunique_native loaded (page size 4096)
1788697130.096 10311 21001 21001 I Unique  : 2026-09-06 19:18:50.096 I LAUNCH INTERCEPTOR_INSTALLED executeTransaction=159
1788697130.097 10311 21001 21001 I Unique  : 2026-09-06 19:18:50.096 I PROCESS VAPP_READY slot=0
1788697130.098 10311 21001 21001 I ResMonitorStub: Get RMS proxy takes 1 ms
1788697130.099 10311 21001 21001 I Unique  : 2026-09-06 19:18:50.098 I PROCESS STUB_PROVIDER_CREATED slot=0
1788697130.111 10311 21001 21001 D Unique  : 2026-09-06 19:18:50.110 D LAUNCH CALLBACK_ALIVE what=164 obj=java.lang.String
1788697130.116 10311 21001 21001 D Unique  : 2026-09-06 19:18:50.113 D LAUNCH CALLBACK_ALIVE what=159 obj=android.app.servertransaction.ClientTransaction
1788697130.156 10311 21001 21001 I Unique  : 2026-09-06 19:18:50.155 I PROCESS PROCESS_RENAMED argv0=com.android.vending
1788697130.416 10311 21001 21001 W om.unique:vapp0: Failed to find entry 'classes.dex': Entry not found
1788697130.417 10311 21001 21001 W om.unique:vapp0: Failed to find entry 'classes.dex': Entry not found
1788697130.418 10311 21001 21001 W om.unique:vapp0: Failed to find entry 'classes.dex': Entry not found
1788697130.418 10311 21001 21001 W om.unique:vapp0: Failed to find entry 'classes.dex': Entry not found
1788697130.423 10311 21001 21001 W Unique  : 2026-09-06 19:18:50.422 W PROCESS META_DATA_NOT_RESOLVED name=com.google.android.gms.version id=0x7f0c0066 reason=the guest's resources were not available yet
1788697130.427 10311 21001 21001 I Unique  : 2026-09-06 19:18:50.425 I PROCESS PROFILE_BOUND profile=da4d4d40-2dd1-4814-9fb1-f8b8a7a2122b androidId=2b9a16faef218d8d generation=1
1788697130.428 10311 21001 21001 I Unique  : 2026-09-06 19:18:50.428 I PROCESS BUILD_OVERRIDES_APPLIED applied=1 requested=1
1788697130.429 10311 21001 21001 I Unique  : 2026-09-06 19:18:50.428 I LAUNCH PROFILE_BOUND profileId=da4d4d40-2dd1-4814-9fb1-f8b8a7a2122b generation=1
1788697130.434 10311 21001 21001 I Unique  : 2026-09-06 19:18:50.434 I PROCESS PERMISSION_CACHE_DISABLED disabled=disablePackageNamePermissionCache,disablePermissionCache,disableApplicationInfoCache,disablePackageInfoCache,disableGetPackagesForUidCache failed=android.app.ActivityManager: no disable*Cache()
1788697130.470 10311 21001 21001 I Unique  : 2026-09-06 19:18:50.468 I PROCESS PERMISSIONS_BOUND package=com.android.vending vuid=0 declared=145 restored=2 runtime=16 installTime=129 selfDefined=23
1788697130.485 10311 21001 21001 I Unique  : 2026-09-06 19:18:50.484 I HOOK SERVICE_HOOKED service=package cache=true singletons=1 managers=1 bound=permissionCheck,getActivityInfo,applicationEnabledSetting,getApplicationInfo,componentEnabledSetting,installedPackages,getInstallerPackageName,getNameForUid,getPackageUid,getPackageInfo,getPackagesForUid,getProviderInfo,getReceiverInfo,getServiceInfo,queryIntent,resolveContentProvider,resolveIntent matched=permissionCheck=checkPermission+checkUidPermission,getActivityInfo,applicationEnabledSetting=getApplicationEnabledSetting+setApplicationEnabledSetting,getApplicationInfo,componentEnabledSetting=getComponentEnabledSetting+setComponentEnabledSetting,installedPackages=getInstalledApplications+getInstalledPackages,getInstallerPackageName,getNameForUid,getPackageUid=getPackageGids+getPackageUid,getPack
1788697130.486 10311 21001 21001 I Unique  : 2026-09-06 19:18:50.485 I LAUNCH VPM_HOOK_INSTALLED package=com.android.vending bound=permissionCheck,getActivityInfo,applicationEnabledSetting,getApplicationInfo,componentEnabledSetting,installedPackages,getInstallerPackageName,getNameForUid,getPackageUid,getPackageInfo,getPackagesForUid,getProviderInfo,getReceiverInfo,getServiceInfo,queryIntent,resolveContentProvider,resolveIntent
1788697130.506 10311 21001 21001 I Unique  : 2026-09-06 19:18:50.505 I HOOK SERVICE_HOOKED service=activity cache=true singletons=1 managers=0 bound=serviceDispatch,callerIdentity,permissionCheck,getContentProvider,intentSender,runningProcesses,registerReceiver,foregroundService matched=serviceDispatch=bindService+bindServiceInstance+peekService+publishService+startService+stopService+unbindFinished,callerIdentity=broadcastIntent+broadcastIntentWithFeature+getBindingUidProcessState+getContentProviderExternal+getHistoricalProcessExitReasons+getHistoricalProcessStartReasons+getPackageProcessState+getTagForIntentSender+getUidLastIdleElapsedTime+getUidProcessCapabilities+getUidProces
1788697130.508 10311 21001 21001 I Unique  : 2026-09-06 19:18:50.507 I LAUNCH VAM_HOOK_INSTALLED package=com.android.vending host=com.unique methods=8 matched=serviceDispatch=bindService+bindServiceInstance+peekService+publishService+startService+stopService+unbindFinished,callerIdentity=broadcastIntent+broadcastIntentWithFeature+getBindingUidProcessState+getContentProviderExternal+getHistoricalProcessExitReasons+getHistoricalProcessStartReasons+getPackageProcessState+getTagForIntentSender+getUidLastIdleElapsedTime+getUidProcessCapabilities+getUidProcessState+grantUriPermission+isBackgroundRestricted+isUidActive+moveTaskToFront+revokeUriPermission+sendIntentSender+startActivity+startActivityAsUser+startActivityAsUserWithFeature+startActivityWithFeature,permissionCheck=checkPermission+checkPermissionForDevice,getContentProvider,intentSender=getIntentSender+getIntentSenderWithFeature,runningProcesses=getRunningAppProcesses+getServices,registerReceiver=registerReceiver+registerReceiverWithFeature,foregroundService=setServiceForeground
1788697130.513 10311 21001 21001 I Unique  : 2026-09-06 19:18:50.512 I HOOK SERVICE_HOOKED service=activity_task cache=true singletons=1 managers=0 bound=activityStart matched=activityStart=startActivities+startActivity+startActivityAndWait+startActivityAsCaller+startActivityAsUser+startActivityFromGameSession+startActivityIntentSender+startActivityWithConfig
1788697130.515 10311 21001 21001 I Unique  : 2026-09-06 19:18:50.513 I LAUNCH ATM_HOOK_INSTALLED package=com.android.vending host=com.unique matched=activityStart=startActivities+startActivity+startActivityAndWait+startActivityAsCaller+startActivityAsUser+startActivityFromGameSession+startActivityIntentSender+startActivityWithConfig
1788697130.518 10311 21001 21001 I Unique  : 2026-09-06 19:18:50.517 I HOOK SERVICE_HOOKED service=permissionmgr cache=true singletons=1 managers=1 bound=shouldShowRequestPermissionRationale matched=shouldShowRequestPermissionRationale
1788697130.519 10311 21001 21001 I Unique  : 2026-09-06 19:18:50.518 I HOOK PERMISSION_MANAGER_HOOKED matched=shouldShowRequestPermissionRationale
1788697130.522 10311 21001 21001 I Unique  : 2026-09-06 19:18:50.521 I HOOK SERVICE_HOOKED service=appops cache=true singletons=0 managers=2 bound=appOpIdentity matched=appOpIdentity=checkAudioOperation+checkOperation+checkOperationForDevice+checkOperationRaw+checkOperationRawForDevice+checkPackage+collectNoteOpCallsForValidation+extractAsyncOps+finishOperation+finishOperationForDevice+getHistoricalOps+getHistoricalOpsFromDiskRaw+getOpsForPackage+getPackagesForOpsForDevice+isOperationActive+isProxying+noteOperation+noteOperationForDevice+noteProxyOperation+notePr
1788697130.523 10311 21001 21001 I Unique  : 2026-09-06 19:18:50.522 I HOOK APPOPS_HOOKED package=com.android.vending host=com.unique matched=appOpIdentity=checkAudioOperation+checkOperation+checkOperationForDevice+checkOperationRaw+checkOperationRawForDevice+checkPackage+collectNoteOpCallsForValidation+extractAsyncOps+finishOperation+finishOperationForDevice+getHistoricalOps+getHistoricalOpsFromDiskRaw+getOpsForPackage+getPackagesForOpsForDevice+isOperationActive+isProxying+noteOperation+noteOperationForDevice+noteProxyOperation+notePr
1788697130.532 10311 21001 21001 I Unique  : 2026-09-06 19:18:50.531 I PROCESS SETTINGS_CACHES_PRIMED wrappedByHand=0 alreadyWrapped=3 empty=1
1788697130.533 10311 21001 21001 I Unique  : 2026-09-06 19:18:50.532 I PROCESS PROVIDER_CACHES_EVICTED activityThreadProviders=2 providerRefCounts=1 settingsCaches=4 settingsWrapped=3 hostSource=com.unique hostSourceUid=10311
1788697130.573 10311 21001 21001 I Unique  : 2026-09-06 19:18:50.571 I LAUNCH GOOGLE_STACK_VISIBLE hidden=false reason=VISIBLE_BY_DEFAULT detail=the device has Play services and this instance has not shown it cannot use it packages=com.google.android.gms,com.google.android.gsf
1788697130.574 10311 21001 21001 I Unique  : 2026-09-06 19:18:50.573 I PROCESS NETWORK_SECURITY_INSTALLED package=com.android.vending configRes=0 targetSdk=37
1788697130.575 10311 21001 21001 I UniqueNative: redirect table set: 8 rule(s)
1788697130.575 10311 21001 21001 I UniqueNative: io_redirect: 2 exclusion(s) set
1788697130.576 10311 21001 21001 I UniqueNative: io_redirect installed: 0 slot(s) in 0/389 libraries (0 excluded, 0 total), 8 rule(s), page size 4096
1788697130.576 10311 21001 21001 W UniqueNative: io_redirect: filter did not match: /data/user/0/com.unique/files/virtual/apk/com.android.vending/85292140/lib/arm64-v8a
1788697130.576 10311 21001 21001 W UniqueNative: io_redirect: filter did not match: /data/data/com.unique/files/virtual/apk/com.android.vending/85292140/lib/arm64-v8a
1788697130.576 10311 21001 21001 W UniqueNative: io_redirect: filter did not match: /data/user/0/com.unique/files/virtual/apk/com.android.vending/85292140
1788697130.576 10311 21001 21001 W UniqueNative: io_redirect: filter did not match: /data/data/com.unique/files/virtual/apk/com.android.vending/85292140
1788697130.576 10311 21001 21001 W UniqueNative: io_redirect: app-private library seen: /data/misc/apexdata/com.android.art/dalvik-cache/arm64/boot.oat
1788697130.576 10311 21001 21001 W UniqueNative: io_redirect: app-private library seen: /data/misc/apexdata/com.android.art/dalvik-cache/arm64/boot-framework-adservices.oat
1788697130.576 10311 21001 21001 W UniqueNative: io_redirect: app-private library seen: /data/app/~~CoUHsKCRsYdpp67Um5HWkw==/com.unique-fIAs6w0Pm5EDqt_WqssjCA==/oat/arm64/base.odex
1788697130.576 10311 21001 21001 W UniqueNative: io_redirect: app-private library seen: /data/app/~~CoUHsKCRsYdpp67Um5HWkw==/com.unique-fIAs6w0Pm5EDqt_WqssjCA==/base.apk!/lib/arm64-v8a/libunique_native.so
1788697130.577 10311 21001 21001 I UniqueNative: io_redirect: library-load watch installed (3 slot(s) in 2 libraries)
1788697130.577 10311 21001 21001 W UniqueNative: io_redirect: watch saw but did not match: /data/misc/apexdata/com.android.art/dalvik-cache/arm64/boot.oat
1788697130.577 10311 21001 21001 W UniqueNative: io_redirect: watch saw but did not match: /data/misc/apexdata/com.android.art/dalvik-cache/arm64/boot-framework-adservices.oat
1788697130.577 10311 21001 21001 W UniqueNative: io_redirect: watch saw but did not match: /data/app/~~CoUHsKCRsYdpp67Um5HWkw==/com.unique-fIAs6w0Pm5EDqt_WqssjCA==/oat/arm64/base.odex
1788697130.577 10311 21001 21001 W UniqueNative: io_redirect: watch saw but did not match: /data/app/~~CoUHsKCRsYdpp67Um5HWkw==/com.unique-fIAs6w0Pm5EDqt_WqssjCA==/base.apk!/lib/arm64-v8a/libunique_native.so
1788697130.579 10311 21001 21001 I Unique  : 2026-09-06 19:18:50.577 I NATIVE IO_REDIRECT_INSTALLED status=NOTHING_TO_HOOK watch=OK rules=8 slots=0 scope=/data/user/0/com.unique/files/virtual/apk/com.android.vending/85292140/lib/arm64-v8a,/data/data/com.unique/files/virtual/apk/com.android.vending/85292140/lib/arm64-v8a,/data/user/0/com.unique/files/vi excluded=libgrave.so,libunique_native.so
1788697130.580 10311 21001 21001 I Unique  : 2026-09-06 19:18:50.579 I WEBVIEW WEBVIEW_DATA_DIR_SUFFIX suffix=vapp0 slot=0
1788697130.582 10311 21001 21001 I UniqueNative: crash: recording 6 signal(s) to /data/user/0/com.unique/files/virtual/runtime/diagnostics/0/com.android.vending/native-crash-21001.properties
1788697130.583 10311 21001 21001 I Unique  : 2026-09-06 19:18:50.582 I NATIVE NATIVE_CRASH_HANDLER status=OK file=/data/user/0/com.unique/files/virtual/runtime/diagnostics/0/com.android.vending/native-crash-21001.properties
1788697130.584 10311 21001 21001 I Unique  : 2026-09-06 19:18:50.584 I PROCESS COMPONENT_STATE_RESTORED package=com.android.vending vuid=0 entries=2
1788697130.586 10311 21001 21001 I Unique  : 2026-09-06 19:18:50.585 I STORAGE EXTERNAL_STORAGE_REDIRECTED package=com.android.vending vuid=0 root=/data/user/0/com.unique/files/virtual/users/0/sdcard
1788697130.588 10311 21001 21001 I Unique  : 2026-09-06 19:18:50.587 I HOOK SERVICE_HOOKED service=alarm cache=true singletons=0 managers=0 bound=callerPackage matched=callerPackage=canScheduleExactAlarms+cancelPoweroffAlarm+hasScheduleExactAlarm+removeAll+set+setTimeZone
1788697130.589 10311 21001 21001 I Unique  : 2026-09-06 19:18:50.588 I HOOK IDENTITY_HOOK_INSTALLED service=alarm package=com.android.vending matched=callerPackage=canScheduleExactAlarms+cancelPoweroffAlarm+hasScheduleExactAlarm+removeAll+set+setTimeZone
1788697130.595 10311 21001 21001 I Unique  : 2026-09-06 19:18:50.593 I HOOK SERVICE_HOOKED service=clipboard cache=true singletons=0 managers=0 bound=callerPackage matched=callerPackage=addPrimaryClipChangedListener+clearPrimaryClip+getPrimaryClip+getPrimaryClipDescription+getPrimaryClipSource+getUserPrimaryClip+hasClipboardText+hasPrimaryClip+removePrimaryClipChangedListener+setPrimaryClip+setPrimaryClipAsPackage
1788697130.595 10311 21001 21001 I Unique  : 2026-09-06 19:18:50.595 I HOOK IDENTITY_HOOK_INSTALLED service=clipboard package=com.android.vending matched=callerPackage=addPrimaryClipChangedListener+clearPrimaryClip+getPrimaryClip+getPrimaryClipDescription+getPrimaryClipSource+getUserPrimaryClip+hasClipboardText+hasPrimaryClip+removePrimaryClipChangedListener+setPrimaryClip+setPrimaryClipAsPackage
1788697130.598 10311 21001 21001 I Unique  : 2026-09-06 19:18:50.597 I HOOK SERVICE_HOOKED service=restrictions cache=true singletons=0 managers=0 bound=callerPackage matched=callerPackage=getApplicationRestrictions+getApplicationRestrictionsPerAdminForUser+notifyPermissionResponse+requestPermission
1788697130.599 10311 21001 21001 I Unique  : 2026-09-06 19:18:50.598 I HOOK IDENTITY_HOOK_INSTALLED service=restrictions package=com.android.vending matched=callerPackage=getApplicationRestrictions+getApplicationRestrictionsPerAdminForUser+notifyPermissionResponse+requestPermission
1788697130.602 10311 21001 21001 I Unique  : 2026-09-06 19:18:50.601 I HOOK SERVICE_HOOKED service=locale cache=true singletons=0 managers=0 bound=callerPackage,setApplicationLocales matched=callerPackage=getApplicationLocales+getOverrideLocaleConfig+setOverrideLocaleConfig,setApplicationLocales
1788697130.603 10311 21001 21001 I Unique  : 2026-09-06 19:18:50.602 I HOOK IDENTITY_HOOK_INSTALLED service=locale package=com.android.vending matched=callerPackage=getApplicationLocales+getOverrideLocaleConfig+setOverrideLocaleConfig,setApplicationLocales
1788697130.607 10311 21001 21001 I Unique  : 2026-09-06 19:18:50.606 I HOOK SERVICE_HOOKED service=connectivity cache=true singletons=0 managers=0 bound=callerPackage matched=callerPackage=getDefaultNetworkCapabilitiesForUser+getLastTetherError+getNetworkCapabilities+getRedactedLinkPropertiesForPackage+getRedactedNetworkCapabilitiesForPackage+isConnectivityServiceFeatureEnabledForTesting+listenForNetwork+pendingListenForNetwork+pendingRequestForNetwork+registerConnectivityDiagnosticsCallback+registerNetworkProvider+requestNetwork+requestRouteToHostAddress+setProvisioni
1788697130.608 10311 21001 21001 I Unique  : 2026-09-06 19:18:50.607 I HOOK IDENTITY_HOOK_INSTALLED service=connectivity package=com.android.vending matched=callerPackage=getDefaultNetworkCapabilitiesForUser+getLastTetherError+getNetworkCapabilities+getRedactedLinkPropertiesForPackage+getRedactedNetworkCapabilitiesForPackage+isConnectivityServiceFeatureEnabledForTesting+listenForNetwork+pendingListenForNetwork+pendingRequestForNetwork+registerConnectivi
1788697130.611 10311 21001 21001 I Unique  : 2026-09-06 19:18:50.610 I HOOK SERVICE_HOOKED service=power cache=true singletons=0 managers=0 bound=callerPackage matched=callerPackage=acquireWakeLock+acquireWakeLockAsync+acquireWakeLockWithUid+crash+isAmbientDisplaySuppressedForToken+isAmbientDisplaySuppressedForTokenByApp+isFeatureAllowedInLowPowerStandby+reboot+shutdown+suppressAmbientDisplay+updateWakeLockWorkSource+wakeUp
1788697130.612 10311 21001 21001 I Unique  : 2026-09-06 19:18:50.611 I HOOK IDENTITY_HOOK_INSTALLED service=power package=com.android.vending matched=callerPackage=acquireWakeLock+acquireWakeLockAsync+acquireWakeLockWithUid+crash+isAmbientDisplaySuppressedForToken+isAmbientDisplaySuppressedForTokenByApp+isFeatureAllowedInLowPowerStandby+reboot+shutdown+suppressAmbientDisplay+updateWakeLockWorkSource+wakeUp
1788697130.620 10311 21001 21001 I Unique  : 2026-09-06 19:18:50.619 I HOOK SERVICE_HOOKED service=wifi cache=true singletons=0 managers=0 bound=callerPackage matched=callerPackage=acquireMulticastLock+acquireWifiLock+addLocalOnlyConnectionStatusListener+addNetworkSuggestions+addOrUpdateNetwork+addOrUpdateNetworkPrivileged+addOrUpdatePasspointConfiguration+addQosPolicies+addSuggestionUserApprovalStatusListener+allowAutojoinGlobal+allowAutojoinPasspoint+connect+disableEphemeralNetwork+disableNetwork+disconnect+enableNetwork+enableTdls+enableTdlsWithMacAddress+en
1788697130.621 10311 21001 21001 I Unique  : 2026-09-06 19:18:50.620 I HOOK IDENTITY_HOOK_INSTALLED service=wifi package=com.android.vending matched=callerPackage=acquireMulticastLock+acquireWifiLock+addLocalOnlyConnectionStatusListener+addNetworkSuggestions+addOrUpdateNetwork+addOrUpdateNetworkPrivileged+addOrUpdatePasspointConfiguration+addQosPolicies+addSuggestionUserApprovalStatusListener+allowAutojoinGlobal+allowAutojoinPasspoint+connect+di
1788697130.629 10311 21001 21001 I Unique  : 2026-09-06 19:18:50.628 I HOOK SERVICE_HOOKED service=location cache=true singletons=0 managers=0 bound=callerPackage matched=callerPackage=addGnssAntennaInfoListener+addGnssMeasurementsListener+addGnssNavigationMessageListener+addTestProvider+getCurrentLocation+getLastLocation+getProviderPackages+getProviderProperties+hasProvider+isProviderEnabledForUser+isProviderPackage+registerGnssNmeaCallback+registerGnssStatusCallback+registerLocationListener+registerLocationPendingIntent+removeTestProvider+requestGeofence+requestL
1788697130.630 10311 21001 21001 I Unique  : 2026-09-06 19:18:50.629 I HOOK IDENTITY_HOOK_INSTALLED service=location package=com.android.vending matched=callerPackage=addGnssAntennaInfoListener+addGnssMeasurementsListener+addGnssNavigationMessageListener+addTestProvider+getCurrentLocation+getLastLocation+getProviderPackages+getProviderProperties+hasProvider+isProviderEnabledForUser+isProviderPackage+registerGnssNmeaCallback+registerGnssStatusCallbac
1788697130.644 10311 21001 21001 I Unique  : 2026-09-06 19:18:50.643 I HOOK SERVICE_HOOKED service=audio cache=true singletons=0 managers=0 bound=callerPackage matched=callerPackage=abandonAudioFocus+abandonAudioFocusForTest+adjustStreamVolume+adjustStreamVolumeForUid+adjustStreamVolumeWithAttribution+adjustSuggestedStreamVolumeForUid+adjustVolumeGroupVolume+cacheParameters+disableSafeMediaVolume+getBluetoothAudioDeviceCategory+getBluetoothAudioDeviceCategory_legacy+getCacheParameters+getDeviceVolume+getNotificationUri+getPlayerVolume+handleVolumeKey+isBluetooth
1788697130.645 10311 21001 21001 I Unique  : 2026-09-06 19:18:50.644 I HOOK IDENTITY_HOOK_INSTALLED service=audio package=com.android.vending matched=callerPackage=abandonAudioFocus+abandonAudioFocusForTest+adjustStreamVolume+adjustStreamVolumeForUid+adjustStreamVolumeWithAttribution+adjustSuggestedStreamVolumeForUid+adjustVolumeGroupVolume+cacheParameters+disableSafeMediaVolume+getBluetoothAudioDeviceCategory+getBluetoothAudioDeviceCategory_lega
1788697130.648 10311 21001 21001 I Unique  : 2026-09-06 19:18:50.646 I HOOK SERVICE_HOOKED service=vibrator_manager cache=true singletons=0 managers=0 bound=callerPackage matched=callerPackage=performHapticFeedback+setAlwaysOnEffect+vibrate
1788697130.649 10311 21001 21001 I Unique  : 2026-09-06 19:18:50.648 I HOOK IDENTITY_HOOK_INSTALLED service=vibrator_manager package=com.android.vending matched=callerPackage=performHapticFeedback+setAlwaysOnEffect+vibrate
1788697130.655 10311 21001 21001 I Unique  : 2026-09-06 19:18:50.654 I HOOK SERVICE_HOOKED service=usagestats cache=true singletons=0 managers=0 bound=callerPackage matched=callerPackage=clearBroadcastEvents+clearBroadcastResponseStats+getAppMinStandbyBucket+getAppStandbyBucket+getAppStandbyBuckets+getAppStandbyConstant+getLastTimeAnyComponentUsed+isAppInactive+isPackageExemptedFromBroadcastResponseStats+queryBroadcastResponseStats+queryConfigurationStats+queryEventStats+queryEvents+queryEventsForPackage+queryEventsForPackageForUser+queryEventsForUser+queryEventsWith
1788697130.656 10311 21001 21001 I Unique  : 2026-09-06 19:18:50.655 I HOOK IDENTITY_HOOK_INSTALLED service=usagestats package=com.android.vending matched=callerPackage=clearBroadcastEvents+clearBroadcastResponseStats+getAppMinStandbyBucket+getAppStandbyBucket+getAppStandbyBuckets+getAppStandbyConstant+getLastTimeAnyComponentUsed+isAppInactive+isPackageExemptedFromBroadcastResponseStats+queryBroadcastResponseStats+queryConfigurationStats+queryEventSta
1788697130.660 10311 21001 21001 I Unique  : 2026-09-06 19:18:50.658 I HOOK SERVICE_HOOKED service=netstats cache=true singletons=0 managers=0 bound=callerPackage matched=callerPackage=getIfaceStats+notifyNetworkStatus+openSessionForUsageStats+registerNetworkStatsProvider+registerUsageCallback+setStatsProviderWarningAndLimitAsync
1788697130.661 10311 21001 21001 I Unique  : 2026-09-06 19:18:50.660 I HOOK IDENTITY_HOOK_INSTALLED service=netstats package=com.android.vending matched=callerPackage=getIfaceStats+notifyNetworkStatus+openSessionForUsageStats+registerNetworkStatsProvider+registerUsageCallback+setStatsProviderWarningAndLimitAsync
1788697130.664 10311 21001 21001 I Unique  : 2026-09-06 19:18:50.663 I HOOK SERVICE_HOOKED service=content cache=true singletons=0 managers=0 bound=callerPackage matched=callerPackage=addPeriodicSync+cancelSync+cancelSyncAsUser+getCache+getIsSyncable+getIsSyncableAsUser+getPeriodicSyncs+getSyncAdapterPackageAsUser+getSyncAdapterPackagesForAuthorityAsUser+getSyncAutomatically+getSyncAutomaticallyAsUser+getSyncStatus+getSyncStatusAsUser+isSyncActive+isSyncPending+isSyncPendingAsUser+notifyChange+onDbCorruption+putCache+removePeriodicSync+requestSync+setIsSyncable+se
1788697130.665 10311 21001 21001 I Unique  : 2026-09-06 19:18:50.664 I HOOK IDENTITY_HOOK_INSTALLED service=content package=com.android.vending matched=callerPackage=addPeriodicSync+cancelSync+cancelSyncAsUser+getCache+getIsSyncable+getIsSyncableAsUser+getPeriodicSyncs+getSyncAdapterPackageAsUser+getSyncAdapterPackagesForAuthorityAsUser+getSyncAutomatically+getSyncAutomaticallyAsUser+getSyncStatus+getSyncStatusAsUser+isSyncActive+isSyncPending+isSy
1788697130.668 10311 21001 21001 I Unique  : 2026-09-06 19:18:50.667 I HOOK SERVICE_HOOKED service=shortcut cache=true singletons=0 managers=0 bound=shortcutPublish,callerPackage matched=shortcutPublish=addDynamicShortcuts+createShortcutResultIntent+pushDynamicShortcut+requestPinShortcut+setDynamicShortcuts+updateShortcuts,callerPackage=disableShortcuts+enableShortcuts+getIconMaxDimensions+getMaxShortcutCountPerActivity+getRateLimitResetTime+getRemainingCallCount+getShareTargets+getShortcuts+hasShareTargets+onApplicationActive+removeAllDynamicShortcuts+removeDynamicShortcuts+remov
1788697130.670 10311 21001 21001 I Unique  : 2026-09-06 19:18:50.668 I HOOK IDENTITY_HOOK_INSTALLED service=shortcut package=com.android.vending matched=shortcutPublish=addDynamicShortcuts+createShortcutResultIntent+pushDynamicShortcut+requestPinShortcut+setDynamicShortcuts+updateShortcuts,callerPackage=disableShortcuts+enableShortcuts+getIconMaxDimensions+getMaxShortcutCountPerActivity+getRateLimitResetTime+getRemainingCallCount+getShareTargets+get
1788697130.674 10311 21001 21001 I Unique  : 2026-09-06 19:18:50.672 I HOOK SERVICE_HOOKED service=mount cache=true singletons=0 managers=0 bound=callerPackage,volumeList matched=callerPackage=abortChanges+allocateBytes+benchmark+destroyUserStorage+disableAppDataIsolation+fixupAppDir+fixupAppDirRecursive+fixupSysfsFile+forgetVolume+format+getAllocatableBytes+getCacheQuotaBytes+getCacheSizeBytes+getExternalStorageMountMode+getManageSpaceActivityIntent+getMountedObbPath+isAppIoBlocked+isObbMounted+mkdirs+mount+mountObb+moveStorageQuickly+notifyAppIoBlocked+notifyAppIoResumed
1788697130.675 10311 21001 21001 I Unique  : 2026-09-06 19:18:50.674 I HOOK IDENTITY_HOOK_INSTALLED service=mount package=com.android.vending matched=callerPackage=abortChanges+allocateBytes+benchmark+destroyUserStorage+disableAppDataIsolation+fixupAppDir+fixupAppDirRecursive+fixupSysfsFile+forgetVolume+format+getAllocatableBytes+getCacheQuotaBytes+getCacheSizeBytes+getExternalStorageMountMode+getManageSpaceActivityIntent+getMountedObbPath+isAppI
1788697130.678 10311 21001 21001 I Unique  : 2026-09-06 19:18:50.676 I HOOK SERVICE_HOOKED service=account cache=true singletons=0 managers=0 bound=callerPackage matched=callerPackage=addAccount+addAccountAsUser+addAccountExplicitly+addAccountExplicitlyWithVisibility+addSharedAccountsFromParentUser+createRequestAccountAccessIntentSenderAsUser+editProperties+getAccountByTypeAndFeatures+getAccountVisibility+getAccountsAndVisibilityForPackage+getAccountsAsUser+getAccountsByFeatures+getAccountsByTypeForPackage+getAccountsForPackage+getAuthToken+getAuthTokenLabel+getUs
1788697130.678 10311 21001 21001 I Unique  : 2026-09-06 19:18:50.678 I HOOK IDENTITY_HOOK_INSTALLED service=account package=com.android.vending matched=callerPackage=addAccount+addAccountAsUser+addAccountExplicitly+addAccountExplicitlyWithVisibility+addSharedAccountsFromParentUser+createRequestAccountAccessIntentSenderAsUser+editProperties+getAccountByTypeAndFeatures+getAccountVisibility+getAccountsAndVisibilityForPackage+getAccountsAsUser+getAccou
1788697130.687 10311 21001 21001 I Unique  : 2026-09-06 19:18:50.686 I HOOK SERVICE_HOOKED service=phone cache=true singletons=0 managers=0 bound=callerPackage matched=callerPackage=call+canChangeDtmfToneLength+changeIccLockPassword+checkCarrierPrivilegesForPackage+checkCarrierPrivilegesForPackageAnyPhone+clearSignalStrengthUpdateRequest+deprovisionSatelliteService+dial+disableDataConnectivity+disableVisualVoicemailSmsFilter+doesSwitchMultiSimConfigTriggerReboot+enableDataConnectivity+enableVisualVoicemailSmsFilter+enqueueSmsPickResult+factoryReset+getAllCellInf
1788697130.688 10311 21001 21001 I Unique  : 2026-09-06 19:18:50.688 I HOOK IDENTITY_HOOK_INSTALLED service=phone package=com.android.vending matched=callerPackage=call+canChangeDtmfToneLength+changeIccLockPassword+checkCarrierPrivilegesForPackage+checkCarrierPrivilegesForPackageAnyPhone+clearSignalStrengthUpdateRequest+deprovisionSatelliteService+dial+disableDataConnectivity+disableVisualVoicemailSmsFilter+doesSwitchMultiSimConfigTriggerReboot+e
1788697130.701 10311 21001 21001 I Unique  : 2026-09-06 19:18:50.698 I HOOK SERVICE_HOOKED service=device_policy cache=true singletons=0 managers=0 bound=callerPackage matched=callerPackage=addCrossProfileIntentFilter+addCrossProfileWidgetProvider+addPersistentPreferredActivity+approveCaCert+checkDeviceIdentifierAccess+checkProvisioningPrecondition+choosePrivateKeyAlias+clearApplicationUserData+clearCrossProfileIntentFilters+clearDeviceOwner+clearPackagePersistentPreferredActivities+clearResetPasswordToken+createAdminSupportIntent+createAndManageUser+createAndProvisionM
1788697130.704 10311 21001 21001 I Unique  : 2026-09-06 19:18:50.701 I HOOK IDENTITY_HOOK_INSTALLED service=device_policy package=com.android.vending matched=callerPackage=addCrossProfileIntentFilter+addCrossProfileWidgetProvider+addPersistentPreferredActivity+approveCaCert+checkDeviceIdentifierAccess+checkProvisioningPrecondition+choosePrivateKeyAlias+clearApplicationUserData+clearCrossProfileIntentFilters+clearDeviceOwner+clearPackagePersistentPreferre
1788697130.707 10311 21001 21001 I Unique  : 2026-09-06 19:18:50.707 I HOOK SERVICE_HOOKED service=media.camera cache=true singletons=0 managers=0 bound=callerPackage matched=callerPackage=connect+connectDevice+createDefaultRequest+getCameraCharacteristics+getSessionCharacteristics+getTorchStrengthLevel+injectCamera+injectSessionParams+isHiddenPhysicalCamera+isSessionConfigurationWithParametersSupported+setTorchMode+supportsCameraApi+turnOnTorchWithStrengthLevel
1788697130.708 10311 21001 21001 I Unique  : 2026-09-06 19:18:50.708 I HOOK IDENTITY_HOOK_INSTALLED service=media.camera package=com.android.vending matched=callerPackage=connect+connectDevice+createDefaultRequest+getCameraCharacteristics+getSessionCharacteristics+getTorchStrengthLevel+injectCamera+injectSessionParams+isHiddenPhysicalCamera+isSessionConfigurationWithParametersSupported+setTorchMode+supportsCameraApi+turnOnTorchWithStrengthLevel
1788697130.712 10311 21001 21001 I Unique  : 2026-09-06 19:18:50.711 I HOOK SERVICE_HOOKED service=telecom cache=true singletons=0 managers=0 bound=callerPackage matched=callerPackage=acceptHandover+acceptRingingCall+acceptRingingCallWithVideoState+addCall+addNewIncomingCall+addNewIncomingConference+addOrRemoveTestCallCompanionApp+cancelMissedCallsNotification+clearAccounts+createLaunchEmergencyDialerIntent+createManageBlockedNumbersIntent+endCall+getAdnUriForPhoneAccount+getCallCapablePhoneAccounts+getCallStateUsingPackage+getCurrentTtyMode+getDefaultDialerPackag
1788697130.713 10311 21001 21001 I Unique  : 2026-09-06 19:18:50.712 I HOOK IDENTITY_HOOK_INSTALLED service=telecom package=com.android.vending matched=callerPackage=acceptHandover+acceptRingingCall+acceptRingingCallWithVideoState+addCall+addNewIncomingCall+addNewIncomingConference+addOrRemoveTestCallCompanionApp+cancelMissedCallsNotification+clearAccounts+createLaunchEmergencyDialerIntent+createManageBlockedNumbersIntent+endCall+getAdnUriForPhoneA
1788697130.718 10311 21001 21001 I Unique  : 2026-09-06 19:18:50.717 I HOOK SERVICE_HOOKED service=media_router cache=true singletons=0 managers=0 bound=callerPackage matched=callerPackage=deselectRouteWithManager+deselectRouteWithRouter2+getSystemRoutes+getSystemSessionInfoForPackage+registerClientAsUser+registerClientGroupId+registerManager+registerProxyRouter+registerRouter2+releaseSessionWithManager+releaseSessionWithRouter2+requestCreateSessionWithManager+requestSetVolume+requestUpdateVolume+selectRouteWithManager+selectRouteWithRouter2+setSelectedRoute+setSession
1788697130.719 10311 21001 21001 I Unique  : 2026-09-06 19:18:50.718 I HOOK IDENTITY_HOOK_INSTALLED service=media_router package=com.android.vending matched=callerPackage=deselectRouteWithManager+deselectRouteWithRouter2+getSystemRoutes+getSystemSessionInfoForPackage+registerClientAsUser+registerClientGroupId+registerManager+registerProxyRouter+registerRouter2+releaseSessionWithManager+releaseSessionWithRouter2+requestCreateSessionWithManager+requestSet
1788697130.728 10311 21001 21001 I Unique  : 2026-09-06 19:18:50.727 I HOOK SERVICE_HOOKED service=media_session cache=true singletons=0 managers=0 bound=callerPackage matched=callerPackage=addOnMediaKeyEventSessionChangedListener+createSession+dispatchAdjustVolume+dispatchMediaKeyEvent+dispatchMediaKeyEventToSessionAsSystemService+dispatchVolumeKeyEvent+dispatchVolumeKeyEventToSessionAsSystemService+getMediaKeyEventSession+getMediaKeyEventSessionPackageName+hasCustomMediaKeyDispatcher+hasCustomMediaSessionPolicyProvider+isTrusted+setCustomMediaKeyDispatcher+setCustomMe
1788697130.729 10311 21001 21001 I Unique  : 2026-09-06 19:18:50.728 I HOOK IDENTITY_HOOK_INSTALLED service=media_session package=com.android.vending matched=callerPackage=addOnMediaKeyEventSessionChangedListener+createSession+dispatchAdjustVolume+dispatchMediaKeyEvent+dispatchMediaKeyEventToSessionAsSystemService+dispatchVolumeKeyEvent+dispatchVolumeKeyEventToSessionAsSystemService+getMediaKeyEventSession+getMediaKeyEventSessionPackageName+hasCustomMedi
1788697130.734 10311 21001 21001 I Unique  : 2026-09-06 19:18:50.733 I HOOK SERVICE_HOOKED service=appwidget cache=true singletons=0 managers=0 bound=callerPackage,appWidgetIdentity matched=callerPackage=allocateAppWidgetId+bindRemoteViewsService+createAppWidgetConfigIntentSender+deleteAppWidgetId+deleteHost+getAppWidgetIdsForHost+getAppWidgetInfo+getAppWidgetOfHost+getAppWidgetOptions+getAppWidgetViews+getInstalledProvidersForProfile+hasBindAppWidgetPermission+isBoundWidgetPackage+noteAppWidgetTapped+notifyAppWidgetViewDataChanged+partiallyUpdateAppWidgetIds+setAppWidgetHidden+setBi
1788697130.735 10311 21001 21001 I Unique  : 2026-09-06 19:18:50.734 I HOOK IDENTITY_HOOK_INSTALLED service=appwidget package=com.android.vending matched=callerPackage=allocateAppWidgetId+bindRemoteViewsService+createAppWidgetConfigIntentSender+deleteAppWidgetId+deleteHost+getAppWidgetIdsForHost+getAppWidgetInfo+getAppWidgetOfHost+getAppWidgetOptions+getAppWidgetViews+getInstalledProvidersForProfile+hasBindAppWidgetPermission+isBoundWidgetPackage+not
1788697130.740 10311 21001 21001 I Unique  : 2026-09-06 19:18:50.738 I HOOK SERVICE_HOOKED service=input_method cache=true singletons=1 managers=0 bound=callerPackage,editorIdentity matched=callerPackage=acceptStylusHandwritingDelegation+acceptStylusHandwritingDelegationAsync+getEnabledInputMethodSubtypeList+prepareStylusHandwritingDelegation+setAdditionalInputMethodSubtypes+setExplicitlyEnabledInputMethodSubtypes+startConnectionlessStylusHandwriting+startProtoDump,editorIdentity=startInputOrWindowGainedFocus+startInputOrWindowGainedFocusAsync
1788697130.740 10311 21001 21001 I Unique  : 2026-09-06 19:18:50.740 I HOOK IDENTITY_HOOK_INSTALLED service=input_method package=com.android.vending matched=callerPackage=acceptStylusHandwritingDelegation+acceptStylusHandwritingDelegationAsync+getEnabledInputMethodSubtypeList+prepareStylusHandwritingDelegation+setAdditionalInputMethodSubtypes+setExplicitlyEnabledInputMethodSubtypes+startConnectionlessStylusHandwriting+startProtoDump,editorIdentity=start
1788697130.741 10311 21001 21001 I Unique  : 2026-09-06 19:18:50.741 I HOOK IDENTITY_HOOKS_INSTALLED package=com.android.vending installed=alarm,clipboard,restrictions,locale,connectivity,power,wifi,location,audio,vibrator_manager,usagestats,netstats,content,shortcut,mount,account,phone,device_policy,media.camera,telecom,media_router,media_session,appwidget,input_method skipped=
1788697130.743 10311 21001 21001 W Unique  : 2026-09-06 19:18:50.742 W PROCESS ALARM_EXACT_UNAVAILABLE detail=UNIQUE does not hold SCHEDULE_EXACT_ALARM; a guest asking for an exact alarm will get the platform's SecurityException
1788697130.746 10311 21001 21001 I Unique  : 2026-09-06 19:18:50.745 I HOOK SERVICE_HOOKED service=jobscheduler cache=true singletons=0 managers=0 bound=jobById,scheduleJob,pendingJobs matched=jobById=cancel+getPendingJob+getPendingJobReason,scheduleJob=enqueue+schedule+scheduleAsPackage,pendingJobs=getAllPendingJobs+getAllPendingJobsInNamespace
1788697130.746 10311 21001 21001 I Unique  : 2026-09-06 19:18:50.746 I HOOK JOB_HOOKED package=com.android.vending slot=0 matched=jobById=cancel+getPendingJob+getPendingJobReason,scheduleJob=enqueue+schedule+scheduleAsPackage,pendingJobs=getAllPendingJobs+getAllPendingJobsInNamespace
1788697130.754 10311 21001 21001 I Unique  : 2026-09-06 19:18:50.753 I HOOK SERVICE_HOOKED service=notification cache=true singletons=1 managers=0 bound=notificationIdentity,enqueue,channels matched=notificationIdentity=addAutomaticZenRule+areBubblesAllowed+areNotificationsEnabled+areNotificationsEnabledForPackage+buzzBeepBlinkForNotification+canNotifyAsPackage+canShowBadge+cancelAllNotifications+cancelNotificationFromListener+cancelToast+clearData+deleteNotificationHistoryItem+enqueueTextToast+enqueueToast+finishToken+getActiveNotifications+getActiveNotificationsWithAttribution+getAllowedAss
1788697130.755 10311 21001 21001 I Unique  : 2026-09-06 19:18:50.754 I HOOK NOTIFICATION_HOOKED package=com.android.vending vuid=0 matched=notificationIdentity=addAutomaticZenRule+areBubblesAllowed+areNotificationsEnabled+areNotificationsEnabledForPackage+buzzBeepBlinkForNotification+canNotifyAsPackage+canShowBadge+cancelAllNotifications+cancelNotificationFromListener+cancelToast+clearData+deleteNotificationHistoryItem+enqueueTextToast+enqueueToast+finishToken+getActiveNotifications+getActiveNotificationsWithAttribution+getAllowedAss
1788697130.815 10311 21001 21001 I Unique  : 2026-09-06 19:18:50.814 I PROCESS RECEIVERS_REGISTERED package=com.android.vending declared=53 registered=72 actions=com.google.android.finsky.tos.TosAckedReceiver#com.android.vending.TOS_ACKED;com.google.android.finsky.download.impl.DownloadBroadcastReceiver#android.intent.action.DOWNLOAD_COMPLETE,android.intent.action.DOWNLOAD_NOTIFICATION_CLICKED;com.google.android.finsky.userlanguages.LocaleChangedReceiver#android.intent.action.LOCALE_CHANGED;com.google.android.finsky.userlanguages.ApplicationLocaleChangedRe exported=25
1788697130.816 10311 21001 21001 I Unique  : 2026-09-06 19:18:50.816 I LAUNCH ACTIVITY_LIFECYCLE_INSTALLED package=com.android.vending
1788697130.817 10311 21001 21001 E Unique  : 2026-09-06 19:18:50.816 E PROCESS PROVIDER_PUBLISH_FAILED provider=androidx.car.app.connection.provider error=java.lang.ClassNotFoundException: androidx.car.app.connection.provider
1788697130.836 10311 20915 20942 W libc    : Access denied finding property "ro.vendor.display.iris_x7.support"
1788697130.854 10311 21001 21001 I Unique  : 2026-09-06 19:18:50.853 I PROCESS PROVIDERS_PUBLISHED package=com.android.vending process=com.android.vending declared=7 authorities=[redacted]
1788697130.893 10311 21001 21001 I Finsky  : [2] Process created at version: 52.9.21-34 [0] [PR] 968642861
1788697131.085 10311 21001 21022 I Unique  : 2026-09-06 19:18:51.083 I LAUNCH u0 com.android.vending SIGNATURES_LOADED package=com.android.vending signers=2 hasSigningInfo=true
1788697131.419 10311 20915 21031 D ProfileInstaller: Installing profile for com.unique
1788697131.501 10311 21001 21035 I UniqueNative: io_redirect installed: 0 slot(s) in 1/390 libraries (0 excluded, 0 total), 8 rule(s), page size 4096
1788697131.544 10311 21001 21027 E Finsky  : [3391] Exception in getting task info for cold start.
1788697131.544 10311 21001 21027 E Finsky  : java.lang.SecurityException: Permission Denial: package=com.android.vending does not belong to uid=10311
1788697131.544 10311 21001 21027 E Finsky  : 	at android.os.Parcel.createExceptionOrNull(Parcel.java:3255)
1788697131.544 10311 21001 21027 E Finsky  : 	at android.os.Parcel.createException(Parcel.java:3239)
1788697131.544 10311 21001 21027 E Finsky  : 	at android.os.Parcel.readException(Parcel.java:3222)
1788697131.544 10311 21001 21027 E Finsky  : 	at android.os.Parcel.readException(Parcel.java:3164)
1788697131.544 10311 21001 21027 E Finsky  : 	at android.app.IActivityTaskManager$Stub$Proxy.getAppTasks(IActivityTaskManager.java:3520)
1788697131.544 10311 21001 21027 E Finsky  : 	at java.lang.reflect.Method.invoke(Native Method)
1788697131.544 10311 21001 21027 E Finsky  : 	at com.unique.core.common.shim.ShimRegistry.invokeTarget(MethodShim.kt:303)
1788697131.544 10311 21001 21027 E Finsky  : 	at com.unique.core.common.shim.ShimRegistry.wrap$lambda$3(MethodShim.kt:286)
1788697131.544 10311 21001 21027 E Finsky  : 	at com.unique.core.common.shim.ShimRegistry.$r8$lambda$LaP7nvmGPvW6xAPpbcA_cv-q1f0(MethodShim.kt:0)
1788697131.544 10311 21001 21027 E Finsky  : 	at com.unique.core.common.shim.ShimRegistry$$ExternalSyntheticLambda1.invoke(D8$$SyntheticClass:0)
1788697131.544 10311 21001 21027 E Finsky  : 	at java.lang.reflect.Proxy.invoke(Proxy.java:1009)
1788697131.544 10311 21001 21027 E Finsky  : 	at $Proxy7.getAppTasks(Unknown Source)
1788697131.544 10311 21001 21027 E Finsky  : 	at android.app.ActivityManager.getAppTasks(ActivityManager.java:2986)
1788697131.544 10311 21001 21027 E Finsky  : 	at auei.j(PG:15)
1788697131.544 10311 21001 21027 E Finsky  : 	at auei.h(PG:18)
1788697131.544 10311 21001 21027 E Finsky  : 	at rjv.ak(PG:9)
1788697131.544 10311 21001 21027 E Finsky  : 	at rjk.b(PG:3)
1788697131.544 10311 21001 21027 E Finsky  : 	at cemj.a(PG:6)
1788697131.544 10311 21001 21027 E Finsky  : 	at bqyj.d(PG:3)
1788697131.544 10311 21001 21027 E Finsky  : 	at bqyl.run(PG:47)
1788697131.544 10311 21001 21027 E Finsky  : 	at casa.run(PG:11)
1788697131.544 10311 21001 21027 E Finsky  : 	at java.util.concurrent.ThreadPoolExecutor.runWorker(ThreadPoolExecutor.java:1100)
1788697131.544 10311 21001 21027 E Finsky  : 	at java.util.concurrent.ThreadPoolExecutor$Worker.run(ThreadPoolExecutor.java:624)
1788697131.544 10311 21001 21027 E Finsky  : 	at unm.run(PG:360)
1788697131.544 10311 21001 21027 E Finsky  : 	at java.lang.Thread.run(Thread.java:1572)
1788697131.545 10311 21001 21027 I Finsky  : [3391] Process started for unknown session.
1788697131.556 10311 21001 21001 I Finsky  : [2] Profiling: Starting up (0)
1788697131.568 10311 21001 21026 I Finsky  : [3390] amgd - Registering in memory receiver for android.intent.action.PACKAGE_ADDED and android.intent.action.PACKAGE_REMOVED
1788697131.590 10311 21001 21026 I Finsky  : [3390] Diff system or version, clear token
1788697131.627 10311 21001 21026 I Finsky  : [3390] Diff app version, maybe clear cache
1788697131.636 10311 21001 21026 I Finsky  : [3390] Device is eligible for platform Cronet and will attempt to use it.
1788697131.656 10311 21001 21001 I Finsky  : [2] AsyncInit: Mandatory tasks are executed!
1788697131.658 10311 21001 21001 I UniqueNative: redirect table set: 8 rule(s)
1788697131.658 10311 21001 21001 I UniqueNative: io_redirect: 2 exclusion(s) set
1788697131.658 10311 21001 21001 I UniqueNative: io_redirect installed: 0 slot(s) in 1/390 libraries (0 excluded, 0 total), 8 rule(s), page size 4096
1788697131.659 10311 21001 21001 I Unique  : 2026-09-06 19:18:51.659 I NATIVE u0 com.android.vending IO_REDIRECT_INSTALLED status=NOTHING_TO_HOOK watch=OK rules=8 slots=0 scope=/data/user/0/com.unique/files/virtual/apk/com.android.vending/85292140/lib/arm64-v8a,/data/data/com.unique/files/virtual/apk/com.android.vending/85292140/lib/arm64-v8a,/data/user/0/com.unique/files/vi excluded=libgrave.so,libunique_native.so
1788697131.662 10311 21001 21001 I Unique  : 2026-09-06 19:18:51.661 I LAUNCH u0 com.android.vending BOOTSTRAP_OK package=com.android.vending vuid=0 slot=0 applicationClass=com.google.android.finsky.application.classic.ClassicApplication dataDir=/data/user/0/com.unique/files/virtual/users/0/data/com.android.vending sourceDir=/data/user/0/com.unique/files/virtual/apk/com.android.vending/85292140/base.apk nativeLibraryDir=/data/user/0/com.unique/files/virtual/apk/com.android.vending/85292140/lib/arm64-v8a targetSdk=37 observedPackageName=com.android.vending observedFilesDir=/data/user/0/com.unique/files/virtual/users/0/data/com.android.vending/files millis=1544
1788697131.665 10311 21001 21001 I Unique  : 2026-09-06 19:18:51.664 I LAUNCH u0 com.android.vending TRANSACTION_REWRITTEN package=com.android.vending activity=com.android.vending.AssetBrowserActivity vuid=0 item=LaunchActivityItem theme=0
1788697131.665 10311 21001 21043 E Finsky  : [3405] Unexpected android-id = 0
1788697131.668 10311 21001 21001 I ActivityThread: HardwareRenderer preload  done
1788697131.673 10311 20915 20925 I Unique  : 2026-09-06 19:18:51.671 I PROCESS PROVIDER_SLOT_READY slot=0 vuid=0 pid=21001
1788697131.675 10311 21001 21029 D Unique  : 2026-09-06 19:18:51.675 D PROCESS u0 com.android.vending SERVICE_INTENT_CROSS_APP action=com.google.android.gms.checkin.BIND_TO_SERVICE target=com.google.android.gms
1788697131.676 10311 21001 21029 D Unique  : 2026-09-06 19:18:51.675 D PROCESS u0 com.android.vending SERVICE_CONNECTION_WRAPPED connection=bhpf
1788697131.678 10311 21001 21028 D Unique  : 2026-09-06 19:18:51.678 D PROCESS u0 com.android.vending SETTING_ANSWERED setting=ANDROID_ID value=2b9a16faef218d8d
1788697131.682 10311 21001 21049 D HttpFlagsLoader: Not loading HTTP flags because they are disabled in the manifest
1788697131.688 10311 21001 21047 D MMUD    : mtk_memory_debug_init com.android.vending 0xb400007ddc12a400
1788697131.691 10311 21001 21049 D Unique  : 2026-09-06 19:18:51.689 D PROCESS u0 com.android.vending PERMISSION_CHECK permission=android.permission.ACCESS_NETWORK_STATE result=GRANTED
1788697131.693 10311 21001 21062 E om.unique:vapp0: setpriority success to 100 : mali-cmar-backend
1788697131.709 10311 21001 21026 I cn_CronetLibraryLoader: Cronet version: 147.0.7727.132, arch: aarch64
1788697131.716 10311 21001 21026 I Finsky  : [3390] CronetEngine is present. Using Cronet for the networking stack.
1788697131.719 10311 21001 21068 I Finsky  : [3412] CronetEngine is present. Using Cronet for the networking stack.
1788697131.719 10311 21001 21069 W Finsky  : [3413] For unauth, use getDfeApiNonAuthenticated() instead!
1788697131.726 10311 21001 21070 D Volley  : [3414] oxo.o: Cache cleared.
1788697131.735 10311 20915 20925 W Unique  : 2026-09-06 19:18:51.734 W PROCESS PROVIDER_ROUTE_UNKNOWN vuid=0 authority=[redacted]
1788697131.735 10311 21001 21025 I Unique  : 2026-09-06 19:18:51.733 I PROCESS u0 com.android.vending COMPONENT_STATE_SET package=com.android.vending vuid=0 component=com.android.vending.AssetBrowserActivity state=1
1788697131.740 10311 21001 21082 D Unique  : 2026-09-06 19:18:51.739 D PROCESS u0 com.android.vending SERVICE_CONNECTION_WRAPPED connection=bhvu
1788697131.747 10311 21001 21082 I Unique  : 2026-09-06 19:18:51.746 I LAUNCH u0 com.android.vending GMS_BROKER_WRAPPED descriptor=com.google.android.gms.common.internal.IGmsServiceBroker package=com.android.vending
1788697131.748 10311 21001 21082 E Parcel  : Attempt to read from protected data in Parcel 0xb400007b7b15b720
1788697131.748 10311 21001 21082 E Parcel  : Attempt to read from protected data in Parcel 0xb400007b7b15b720
1788697131.748 10311 21001 21082 E Parcel  : Attempt to read from protected data in Parcel 0xb400007b7b15b720
1788697131.748 10311 21001 21082 E Parcel  : Attempt to read from protected data in Parcel 0xb400007b7b15b720
1788697131.748 10311 21001 21082 E Parcel  : Attempt to read from protected data in Parcel 0xb400007b7b15b720
1788697131.748 10311 21001 21082 E Parcel  : Attempt to read from protected data in Parcel 0xb400007b7b15b720
1788697131.749 10311 21001 21082 D Unique  : 2026-09-06 19:18:51.748 D LAUNCH u0 com.android.vending GMS_CALLING_PACKAGE_REWRITTEN from=com.android.vending to=com.unique fields=1
1788697131.752 10311 21001 21082 E GoogleApiManager: Failed to get service from broker.
1788697131.752 10311 21001 21082 E GoogleApiManager: java.lang.SecurityException: PackageVerificationRslt: not allowed: pkg=com.unique, sha256=[9ba75dc6d2c8ccfafcd7e68541960510b5f57d20a08ce6ea61d6da62560a0464], atk=false, ver=263234035.true
1788697131.752 10311 21001 21082 E GoogleApiManager: 	at android.os.Parcel.createExceptionOrNull(Parcel.java:3255)
1788697131.752 10311 21001 21082 E GoogleApiManager: 	at android.os.Parcel.createException(Parcel.java:3239)
1788697131.752 10311 21001 21082 E GoogleApiManager: 	at android.os.Parcel.readException(Parcel.java:3222)
1788697131.752 10311 21001 21082 E GoogleApiManager: 	at android.os.Parcel.readException(Parcel.java:3164)
1788697131.752 10311 21001 21082 E GoogleApiManager: 	at bhuz.t(PG:207)
1788697131.752 10311 21001 21082 E GoogleApiManager: 	at rlu.run(PG:390)
1788697131.752 10311 21001 21082 E GoogleApiManager: 	at android.os.Handler.handleCallback(Handler.java:959)
1788697131.752 10311 21001 21082 E GoogleApiManager: 	at android.os.Handler.dispatchMessage(Handler.java:100)
1788697131.752 10311 21001 21082 E GoogleApiManager: 	at birj.b(PG:1)
1788697131.752 10311 21001 21082 E GoogleApiManager: 	at birj.dispatchMessage(PG:1)
1788697131.752 10311 21001 21082 E GoogleApiManager: 	at android.os.Looper.loopOnce(Looper.java:249)
1788697131.752 10311 21001 21082 E GoogleApiManager: 	at android.os.Looper.loop(Looper.java:337)
1788697131.752 10311 21001 21082 E GoogleApiManager: 	at android.os.HandlerThread.run(HandlerThread.java:85)
1788697131.766 10311 21001 21027 D Unique  : 2026-09-06 19:18:51.764 D PROCESS u0 com.android.vending PERMISSION_CHECK permission=android.permission.READ_PHONE_STATE result=DENIED
1788697131.768 10311 21001 21027 D Unique  : 2026-09-06 19:18:51.767 D PROCESS u0 com.android.vending PERMISSION_CHECK permission=android.permission.READ_PHONE_STATE result=DENIED
1788697131.769 10311 21001 21027 I Finsky  : [3391] Subscription detail: DataSubscriptionInfo{groupIdLevel1=null, serviceProviderName=[xER0A41FnkDkcUr--nv42un5g0si9ejsHdQ07LYrUS4], simCarrierId=1028}
1788697131.775 10311 21001 21028 I Finsky  : [3392] playLoggingServerUrl: https://play.googleapis.com/play/log
1788697131.775 10311 21001 21028 I Finsky  : [3392] playLoggingServerTimestampUrl: https://play.googleapis.com/play/log/timestamp
1788697131.777 10311 21001 21028 E Finsky  : [3392] Unexpected android-id = 0
1788697131.780 10311 21001 21026 I Finsky  : [3390] playLoggingServerUrl: https://play.googleapis.com/play/log
1788697131.780 10311 21001 21026 I Finsky  : [3390] playLoggingServerTimestampUrl: https://play.googleapis.com/play/log/timestamp
1788697131.788 10311 21001 21045 I Finsky  : [3407] VerifyApps: Setup app restrictions monitor
1788697131.789 10311 21001 21052 D MMUD    : get_leak_baseline 3246391296
1788697131.791 10311 21001 21045 I Finsky  : [3407] VerifyApps: Device wide unknown source restriction updated
1788697131.792 10311 21001 21026 E Finsky  : [3390] Unexpected android-id = 0
1788697131.793 10311 21001 21043 W CacheStorage: cache doesn't exist
1788697131.796 10311 21001 21082 D Unique  : 2026-09-06 19:18:51.795 D PROCESS u0 com.android.vending SERVICE_INTENT_CROSS_APP action=com.google.android.gms.phenotype.service.START target=com.google.android.gms
1788697131.797 10311 21001 21082 D Unique  : 2026-09-06 19:18:51.796 D PROCESS u0 com.android.vending SERVICE_CONNECTION_WRAPPED connection=bhvu
1788697131.805 10311 21001 21001 I Unique  : 2026-09-06 19:18:51.804 I LAUNCH u0 com.android.vending ACTIVITY_HARDWARE_ACCELERATED activity=com.android.vending.AssetBrowserActivity fromActivityInfo=false applied=true
1788697131.805 10311 21001 21082 I Unique  : 2026-09-06 19:18:51.804 I LAUNCH u0 com.android.vending GMS_BROKER_WRAPPED descriptor=com.google.android.gms.common.internal.IGmsServiceBroker package=com.android.vending
1788697131.807 10311 21001 21082 E Parcel  : Attempt to read from protected data in Parcel 0xb400007b7b157af0
1788697131.807 10311 21001 21082 E Parcel  : Attempt to read from protected data in Parcel 0xb400007b7b157af0
1788697131.807 10311 21001 21082 E Parcel  : Attempt to read from protected data in Parcel 0xb400007b7b157af0
1788697131.807 10311 21001 21082 E Parcel  : Attempt to read from protected data in Parcel 0xb400007b7b157af0
1788697131.807 10311 21001 21082 E Parcel  : Attempt to read from protected data in Parcel 0xb400007b7b157af0
1788697131.808 10311 21001 21082 E Parcel  : Attempt to read from protected data in Parcel 0xb400007b7b157af0
1788697131.810 10311 21001 21082 D Unique  : 2026-09-06 19:18:51.809 D LAUNCH u0 com.android.vending GMS_CALLING_PACKAGE_REWRITTEN from=com.android.vending to=com.unique fields=1
1788697131.819 10311 21001 21067 W CacheStorage: cache doesn't exist
1788697131.820 10311 21001 21067 D Unique  : 2026-09-06 19:18:51.820 D PROCESS u0 com.android.vending SETTING_ANSWERED setting=ANDROID_ID value=2b9a16faef218d8d
1788697131.821 10311 21001 21045 I Finsky  : [3407] VerifyApps: Updating ADI Warn Mode activity enabled state
1788697131.825 10311 21001 21038 I Finsky  : [3401] VerifyApps: Resolving target for ADI Warn Mode activity
1788697131.827 10311 21001 21038 I Finsky  : [3401] VerifyApps: Feature flag disabled, ADI Warn Mode activity target not resolved
1788697131.831 10311 21001 21038 I Unique  : 2026-09-06 19:18:51.829 I PROCESS u0 com.android.vending COMPONENT_STATE_SET package=com.android.vending vuid=0 component=com.google.android.finsky.verifier.impl.scan.adi.AdiWarnModeTrampolineActivity state=0
1788697131.832 10311 21001 21038 I Finsky  : [3401] VerifyApps: Successfully updated the ADI Warn Mode activity to disabled
1788697131.848 10311 21001 21082 D Unique  : 2026-09-06 19:18:51.846 D PROCESS u0 com.android.vending SERVICE_INTENT_CROSS_APP action=com.google.android.gms.safetynet.service.START target=com.google.android.gms
1788697131.849 10311 21001 21082 D Unique  : 2026-09-06 19:18:51.848 D PROCESS u0 com.android.vending SERVICE_CONNECTION_WRAPPED connection=bhvu
1788697131.866 10311 21001 21025 W Finsky.CrashDetector: Read crash info.
1788697131.869 10311 21001 21025 W Finsky.CrashDetector: Failed to delete file: /data/user/0/com.unique/files/virtual/users/0/data/com.android.vending/files/crash85292140.
1788697131.870 10311 21001 21025 I Finsky  : [3389] playLoggingServerUrl: https://play.googleapis.com/play/log
1788697131.871 10311 21001 21025 I Finsky  : [3389] playLoggingServerTimestampUrl: https://play.googleapis.com/play/log/timestamp
1788697131.871 10311 21001 21045 I Finsky  : [3407] Enqueuing libraries load for 0
1788697131.871 10311 21001 21025 E Finsky  : [3389] Unexpected android-id = 0
1788697131.872 10311 21001 21068 I Finsky  : [3412] Starting libraries load for 0
1788697131.873 10311 21001 21025 E bqyo    : Got more than one input Future failure. Logging failures after the first
1788697131.873 10311 21001 21025 E bqyo    : java.lang.SecurityException: You either need MANAGE_USERS or CREATE_USERS permission to: query users
1788697131.873 10311 21001 21025 E bqyo    : 	at android.os.Parcel.createExceptionOrNull(Parcel.java:3255)
1788697131.873 10311 21001 21025 E bqyo    : 	at android.os.Parcel.createException(Parcel.java:3239)
1788697131.873 10311 21001 21025 E bqyo    : 	at android.os.Parcel.readException(Parcel.java:3222)
1788697131.873 10311 21001 21025 E bqyo    : 	at android.os.Parcel.readException(Parcel.java:3164)
1788697131.873 10311 21001 21025 E bqyo    : 	at android.os.IUserManager$Stub$Proxy.getUsers(IUserManager.java:2371)
1788697131.873 10311 21001 21025 E bqyo    : 	at android.os.UserManager.getUsers(UserManager.java:4958)
1788697131.873 10311 21001 21025 E bqyo    : 	at android.os.UserManager.getUsers(UserManager.java:4899)
1788697131.873 10311 21001 21025 E bqyo    : 	at android.os.UserManager.getUserCount(UserManager.java:4872)
1788697131.873 10311 21001 21025 E bqyo    : 	at cgzx.am(PG:13)
1788697131.873 10311 21001 21025 E bqyo    : 	at uai.a(PG:104)
1788697131.873 10311 21001 21025 E bqyo    : 	at qek.<init>(PG:9)
1788697131.873 10311 21001 21025 E bqyo    : 	at qez.apply(PG:235)
1788697131.873 10311 21001 21025 E bqyo    : 	at j$.util.Map$-CC.$default$computeIfAbsent(r8-map-id-7a2499a586a538a50fabf9c1055c812b90e72cd6ca196aa294b6b66068e4dba6:10)
1788697131.873 10311 21001 21025 E bqyo    : 	at j$.util.Map$-EL.computeIfAbsent(r8-map-id-7a2499a586a538a50fabf9c1055c812b90e72cd6ca196aa294b6b66068e4dba6:23)
1788697131.873 10311 21001 21025 E bqyo    : 	at auem.k(PG:15)
1788697131.873 10311 21001 21025 E bqyo    : 	at auem.j(PG:13)
1788697131.873 10311 21001 21025 E bqyo    : 	at qeg.a(PG:3)
1788697131.873 10311 21001 21025 E bqyo    : 	at apiy.b(PG:241)
1788697131.873 10311 21001 21025 E bqyo    : 	at rjv.M(PG:118)
1788697131.873 10311 21001 21025 E bqyo    : 	at rko.b(PG:30)
1788697131.873 10311 21001 21025 E bqyo    : 	at cemj.a(PG:6)
1788697131.873 10311 21001 21025 E bqyo    : 	at bqyj.d(PG:3)
1788697131.873 10311 21001 21025 E bqyo    : 	at bqyl.run(PG:47)
1788697131.873 10311 21001 21025 E bqyo    : 	at casa.run(PG:11)
1788697131.873 10311 21001 21025 E bqyo    : 	at java.util.concurrent.ThreadPoolExecutor.runWorker(ThreadPoolExecutor.java:1100)
1788697131.873 10311 21001 21025 E bqyo    : 	at java.util.concurrent.ThreadPoolExecutor$Worker.run(ThreadPoolExecutor.java:624)
1788697131.873 10311 21001 21025 E bqyo    : 	at unm.run(PG:360)
1788697131.873 10311 21001 21025 E bqyo    : 	at java.lang.Thread.run(Thread.java:1572)
1788697131.874 10311 21001 21082 D Unique  : 2026-09-06 19:18:51.873 D PROCESS u0 com.android.vending SERVICE_INTENT_CROSS_APP action=com.google.android.gms.clearcut.service.START target=com.google.android.gms
1788697131.876 10311 21001 21082 D Unique  : 2026-09-06 19:18:51.875 D PROCESS u0 com.android.vending SERVICE_CONNECTION_WRAPPED connection=bhvu
1788697131.876 10311 21001 21025 W Settings: Setting download_manager_max_bytes_over_mobile has moved from android.provider.Settings.Secure to android.provider.Settings.Global.
1788697131.878 10311 21001 21025 I Finsky  : [3389] SettingNotFoundException for download_manager_max_bytes_over_mobile
1788697131.878 10311 21001 21025 W Settings: Setting download_manager_recommended_max_bytes_over_mobile has moved from android.provider.Settings.Secure to android.provider.Settings.Global.
1788697131.883 10311 21001 21068 I Finsky  : [3412] Finished loading 0 libraries.
1788697131.886 10311 21001 21082 I Unique  : 2026-09-06 19:18:51.885 I LAUNCH u0 com.android.vending GMS_BROKER_WRAPPED descriptor=com.google.android.gms.common.internal.IGmsServiceBroker package=com.android.vending
1788697131.887 10311 21001 21025 I Finsky  : [3389] registerListener
1788697131.890 10311 21001 21025 I Finsky  : [3389] DFS: Listener added for uny@6f9b101
1788697131.890 10311 21001 21025 I Finsky  : [3389] registerListener
1788697131.894 10311 21001 21082 I Unique  : 2026-09-06 19:18:51.893 I LAUNCH u0 com.android.vending GMS_BROKER_WRAPPED descriptor=com.google.android.gms.common.internal.IGmsServiceBroker package=com.android.vending
1788697131.915 10311 21001 21082 D Unique  : 2026-09-06 19:18:51.914 D PROCESS u0 com.android.vending SERVICE_CONNECTION_WRAPPED connection=bhvu
1788697131.921 10311 21001 21091 D Unique  : 2026-09-06 19:18:51.920 D PROCESS u0 com.android.vending SERVICE_INTENT_CROSS_APP action=com.google.android.gms.droidguard.service.START target=com.google.android.gms
1788697131.922 10311 21001 21082 E Parcel  : Attempt to read from protected data in Parcel 0xb400007b7b130100
1788697131.923 10311 21001 21091 D Unique  : 2026-09-06 19:18:51.922 D PROCESS u0 com.android.vending SERVICE_CONNECTION_WRAPPED connection=bhvu
1788697131.923 10311 21001 21082 E Parcel  : Attempt to read from protected data in Parcel 0xb400007b7b130100
1788697131.923 10311 21001 21082 E Parcel  : Attempt to read from protected data in Parcel 0xb400007b7b130100
1788697131.923 10311 21001 21082 E Parcel  : Attempt to read from protected data in Parcel 0xb400007b7b130100
1788697131.923 10311 21001 21082 E Parcel  : Attempt to read from protected data in Parcel 0xb400007b7b130100
1788697131.923 10311 21001 21082 E Parcel  : Attempt to read from protected data in Parcel 0xb400007b7b130100
1788697131.926 10311 21001 21082 D Unique  : 2026-09-06 19:18:51.924 D LAUNCH u0 com.android.vending GMS_CALLING_PACKAGE_REWRITTEN from=com.android.vending to=com.unique fields=1
1788697131.932 10311 21001 21082 I Unique  : 2026-09-06 19:18:51.930 I LAUNCH u0 com.android.vending GMS_BROKER_WRAPPED descriptor=com.google.android.gms.common.internal.IGmsServiceBroker package=com.android.vending
1788697131.958 10311 21001 21082 E Parcel  : Attempt to read from protected data in Parcel 0xb400007b7b15f980
1788697131.959 10311 21001 21082 E Parcel  : Attempt to read from protected data in Parcel 0xb400007b7b15f980
1788697131.960 10311 21001 21082 E Parcel  : Attempt to read from protected data in Parcel 0xb400007b7b15f980
1788697131.960 10311 21001 21082 E Parcel  : Attempt to read from protected data in Parcel 0xb400007b7b15f980
1788697131.960 10311 21001 21082 E Parcel  : Attempt to read from protected data in Parcel 0xb400007b7b15f980
1788697131.960 10311 21001 21082 E Parcel  : Attempt to read from protected data in Parcel 0xb400007b7b15f980
1788697131.961 10311 21001 21082 D Unique  : 2026-09-06 19:18:51.960 D LAUNCH u0 com.android.vending GMS_CALLING_PACKAGE_REWRITTEN from=com.android.vending to=com.unique fields=1
1788697132.002 10311 21001 21082 I Unique  : 2026-09-06 19:18:52.001 I LAUNCH u0 com.android.vending GMS_BROKER_WRAPPED descriptor=com.google.android.gms.common.internal.IGmsServiceBroker package=com.android.vending
1788697132.004 10311 21001 21091 E Parcel  : Attempt to read from protected data in Parcel 0xb400007b7b161480
1788697132.004 10311 21001 21091 E Parcel  : Attempt to read from protected data in Parcel 0xb400007b7b161480
1788697132.004 10311 21001 21091 E Parcel  : Attempt to read from protected data in Parcel 0xb400007b7b161480
1788697132.004 10311 21001 21091 E Parcel  : Attempt to read from protected data in Parcel 0xb400007b7b161480
1788697132.004 10311 21001 21091 E Parcel  : Attempt to read from protected data in Parcel 0xb400007b7b161480
1788697132.004 10311 21001 21091 E Parcel  : Attempt to read from protected data in Parcel 0xb400007b7b161480
1788697132.007 10311 21001 21091 D Unique  : 2026-09-06 19:18:52.006 D LAUNCH u0 com.android.vending GMS_CALLING_PACKAGE_REWRITTEN from=com.android.vending to=com.unique fields=1
1788697132.009 10311 21001 21082 E Parcel  : Attempt to read from protected data in Parcel 0xb400007b7b15f980
1788697132.009 10311 21001 21082 E Parcel  : Attempt to read from protected data in Parcel 0xb400007b7b15f980
1788697132.009 10311 21001 21082 E Parcel  : Attempt to read from protected data in Parcel 0xb400007b7b15f980
1788697132.009 10311 21001 21082 E Parcel  : Attempt to read from protected data in Parcel 0xb400007b7b15f980
1788697132.009 10311 21001 21082 E Parcel  : Attempt to read from protected data in Parcel 0xb400007b7b15f980
1788697132.009 10311 21001 21082 E Parcel  : Attempt to read from protected data in Parcel 0xb400007b7b15f980
1788697132.011 10311 21001 21091 E AndroidRuntime: FATAL EXCEPTION: DG
1788697132.011 10311 21001 21091 E AndroidRuntime: Process: com.android.vending, PID: 21001
1788697132.011 10311 21001 21091 E AndroidRuntime: java.lang.SecurityException: PackageVerificationRslt: not allowed: pkg=com.unique, sha256=[9ba75dc6d2c8ccfafcd7e68541960510b5f57d20a08ce6ea61d6da62560a0464], atk=false, ver=263234035.true
1788697132.011 10311 21001 21091 E AndroidRuntime: 	at android.os.Parcel.createExceptionOrNull(Parcel.java:3255)
1788697132.011 10311 21001 21091 E AndroidRuntime: 	at android.os.Parcel.createException(Parcel.java:3239)
1788697132.011 10311 21001 21091 E AndroidRuntime: 	at android.os.Parcel.readException(Parcel.java:3222)
1788697132.011 10311 21001 21091 E AndroidRuntime: 	at android.os.Parcel.readException(Parcel.java:3164)
1788697132.011 10311 21001 21091 E AndroidRuntime: 	at bhuz.t(PG:207)
1788697132.011 10311 21001 21091 E AndroidRuntime: 	at bhuw.a(PG:14)
1788697132.011 10311 21001 21091 E AndroidRuntime: 	at bhuy.b(PG:7)
1788697132.011 10311 21001 21091 E AndroidRuntime: 	at bhup.c(PG:9)
1788697132.011 10311 21001 21091 E AndroidRuntime: 	at bhus.handleMessage(PG:258)
1788697132.011 10311 21001 21091 E AndroidRuntime: 	at android.os.Handler.dispatchMessage(Handler.java:107)
1788697132.011 10311 21001 21091 E AndroidRuntime: 	at birj.b(PG:1)
1788697132.011 10311 21001 21091 E AndroidRuntime: 	at birj.dispatchMessage(PG:1)
1788697132.011 10311 21001 21091 E AndroidRuntime: 	at android.os.Looper.loopOnce(Looper.java:249)
1788697132.011 10311 21001 21091 E AndroidRuntime: 	at android.os.Looper.loop(Looper.java:337)
1788697132.011 10311 21001 21091 E AndroidRuntime: 	at android.os.HandlerThread.run(HandlerThread.java:85)
1788697132.012 10311 21001 21082 D Unique  : 2026-09-06 19:18:52.010 D LAUNCH u0 com.android.vending GMS_CALLING_PACKAGE_REWRITTEN from=com.android.vending to=com.unique fields=1
1788697132.028 10311 21001 21001 W Finsky  : [2] No LoggingContext in the bundle, which breaks event chain!. Creating a new logging context.
1788697132.040 10311 21001 21091 W Finsky.CrashDetector: Failed to delete file: /data/user/0/com.unique/files/virtual/users/0/data/com.android.vending/files/crash85292140.
1788697132.044 10311 21001 21091 I Finsky  : [3430] playLoggingServerUrl: https://play.googleapis.com/play/log
1788697132.045 10311 21001 21091 I Finsky  : [3430] playLoggingServerTimestampUrl: https://play.googleapis.com/play/log/timestamp
1788697132.046 10311 21001 21091 E Finsky  : [3430] Unexpected android-id = 0
1788697132.055 10311 21001 21091 I Finsky  : [3430] playLoggingServerUrl: https://play.googleapis.com/play/log
1788697132.056 10311 21001 21091 I Finsky  : [3430] playLoggingServerTimestampUrl: https://play.googleapis.com/play/log/timestamp
1788697132.057 10311 21001 21091 E Finsky  : [3430] Unexpected android-id = 0
1788697132.061 10311 21001 21001 D Unique  : 2026-09-06 19:18:52.061 D LAUNCH u0 com.android.vending ACTIVITY_INTENT_ROUTED activity=com.google.android.finsky.unauthenticated.activity.UnauthenticatedMainActivity stub=com.unique.stub.ActivityStub_p0_m3_a0 launchMode=3
1788697132.061 10311 21001 21091 E Unique  : 2026-09-06 19:18:52.059 E CRASH u0 com.android.vending UNCAUGHT_EXCEPTION thread=DG component=com.unique:vapp0 reason=SecurityException: PackageVerificationRslt: not allowed: pkg=com.unique, sha256=[9ba75dc6d2c8ccfafcd7e68541960510b5f57d20a08ce6ea61d6da62560a0464], atk=false, ver=263234035.true
1788697132.061 10311 21001 21091 E Unique  : java.lang.SecurityException: PackageVerificationRslt: not allowed: pkg=com.unique, sha256=[9ba75dc6d2c8ccfafcd7e68541960510b5f57d20a08ce6ea61d6da62560a0464], atk=false, ver=263234035.true
1788697132.061 10311 21001 21091 E Unique  : 	at android.os.Parcel.createExceptionOrNull(Parcel.java:3255)
1788697132.061 10311 21001 21091 E Unique  : 	at android.os.Parcel.createException(Parcel.java:3239)
1788697132.061 10311 21001 21091 E Unique  : 	at android.os.Parcel.readException(Parcel.java:3222)
1788697132.061 10311 21001 21091 E Unique  : 	at android.os.Parcel.readException(Parcel.java:3164)
1788697132.061 10311 21001 21091 E Unique  : 	at bhuz.t(PG:207)
1788697132.061 10311 21001 21091 E Unique  : 	at bhuw.a(PG:14)
1788697132.061 10311 21001 21091 E Unique  : 	at bhuy.b(PG:7)
1788697132.061 10311 21001 21091 E Unique  : 	at bhup.c(PG:9)
1788697132.061 10311 21001 21091 E Unique  : 	at bhus.handleMessage(PG:258)
1788697132.061 10311 21001 21091 E Unique  : 	at android.os.Handler.dispatchMessage(Handler.java:107)
1788697132.061 10311 21001 21091 E Unique  : 	at birj.b(PG:1)
1788697132.061 10311 21001 21091 E Unique  : 	at birj.dispatchMessage(PG:1)
1788697132.061 10311 21001 21091 E Unique  : 	at android.os.Looper.loopOnce(Looper.java:249)
1788697132.061 10311 21001 21091 E Unique  : 	at android.os.Looper.loop(Looper.java:337)
1788697132.061 10311 21001 21091 E Unique  : 	at android.os.HandlerThread.run(HandlerThread.java:85)
1788697132.067 10311 20915 20925 I Unique  : 2026-09-06 19:18:52.066 I PROCESS DIAGNOSTICS_RECEIVED process=:vapp0 lines=1
1788697132.071 10311 21001 21091 W ScoutUtils: Failed to mkdir /data/miuilog/stability/hprof/
1788697132.122 10311 21001 21001 W libc    : Access denied finding property "persist.vendor.camera.IsVariableApertureSupported"
1788697132.122 10311 21001 21001 W libc    : Access denied finding property "persist.vendor.camera.IsStreetModeSupported"
1788697132.126 10311 21001 21001 D Unique  : 2026-09-06 19:18:52.124 D PROCESS u0 com.android.vending PERMISSION_CHECK permission=android.permission.INTERACT_ACROSS_USERS result=DENIED
1788697132.145 10311 21001 21001 V PhoneWindowStubImpl: modifyNavigationBarColor from -16777216 to -1
1788697132.151 10311 21001 21001 W libc    : Access denied finding property "ro.vendor.df.effect.conflict"
1788697132.155 10311 21001 21001 D ScrollerOptimizationManager: registerConfigChangedListener
1788697132.157 10311 21001 21001 W libc    : Access denied finding property "ro.vendor.mi_sf.new_dynamic_refresh_rate"
1788697132.157 10311 21001 21001 D SplineOverScroller: dynamic params is false
1788697132.178 10311 21001 21001 E TransactionExecutor: Failed to execute the transaction: tId:-1828271652 ClientTransaction{
1788697132.178 10311 21001 21001 E TransactionExecutor: tId:-1828271652   transactionItems=[
1788697132.178 10311 21001 21001 E TransactionExecutor: tId:-1828271652     LaunchActivityItem{activityToken=android.os.BinderProxy@c3e1ae7,intent=Intent { flg=0x10000000 cmp=com.android.vending/.AssetBrowserActivity (has extras) },ident=31385633,info=ActivityInfo{b60b5d6 com.android.vending.AssetBrowserActivity},curConfig={1.0 250mcc20mnc [ru_RU] ldltr sw393dp w393dp h873dp 440dpi nrml long port night finger -keyb/v/h -nav/h winConfig={ mBounds=Rect(0, 0 - 1080, 2400) mAppBounds=Rect(0, 0 - 1080, 2400) mMaxBounds=Rect(0, 0 - 1080, 2400) mDisplayRotation=ROTATION_0 mWindowingMode=fullscreen mActivityType=undefined mAlwaysOnTop=undefined mRotation=ROTATION_0 mInSplitScreen=false letterBoxed=false foScaled=false isSpecificEmbedded=false screenType=0} s.8806 fontWeightAdjustment=0/d themeChanged=0 themeChangedFlags=0 extraData = Bundle[EMPTY_PARCEL] screenType=0/0},overrideConfig={1.0 250mcc20mnc [ru_RU] ldltr sw393dp w393dp h873dp 440dpi nrml long port night finger -keyb/v/h -nav/h winConfig={ mBounds=Rect(0, 0 - 1080, 2400) mAppBounds=Rect(0, 0 - 1080, 2400) mMaxBounds=Rect(0, 0 - 1080, 2400) mDisplayRotation=ROTATION_0 mWindowingMode=fullscreen mActivityType=standard mAlwaysOnTop=undefined mRotation=ROTATION_0 mInSplitScreen=false letterBoxed=false foScaled=false isSpecificEmbedded=false screenType=0} s.2 fontWeightAdjustment=0/d themeChanged=0 themeChangedFlags=0 extraData = Bundle[{}] screenType=0/0},deviceId=0,referrer=com.unique,procState=2,state=null,persistentState=null,pendingResults=null,pendingNewIntents=null,sceneTransitionInfo=null,profilerInfo=null,assistToken=android.os.BinderProxy@bc8377b,shareableActivityToken=android.os.BinderProxy@9494998,activityWindowInfo=ActivityWindowInfo{isEmbedded=false, taskBounds=Rect(0, 0 - 1080, 2400), taskFragmentBounds=Rect(0, 0 - 1080, 2400)}}
1788697132.178 10311 21001 21001 E TransactionExecutor: tId:-1828271652     ResumeActivityItem{mActivityToken=android.os.BinderProxy@c3e1ae7,procState=-1,updateProcState=false,isForward=true,shouldSendCompatFakeFocus=false}
1788697132.178 10311 21001 21001 E TransactionExecutor: tId:-1828271652     Target activity: com.android.vending.AssetBrowserActivity
1788697132.178 10311 21001 21001 E TransactionExecutor: tId:-1828271652   ]
1788697132.178 10311 21001 21001 E TransactionExecutor: tId:-1828271652 }
1788697132.178 10311 21001 21001 D AndroidRuntime: Shutting down VM
1788697132.193 10311 21001 21001 E Unique  : 2026-09-06 19:18:52.192 E CRASH u0 com.android.vending UNCAUGHT_EXCEPTION thread=main component=com.unique:vapp0 reason=IllegalStateException: You need to use a Theme.AppCompat theme (or descendant) with this activity.
1788697132.193 10311 21001 21001 E Unique  : java.lang.RuntimeException: Unable to start activity ComponentInfo{com.android.vending/com.google.android.finsky.activities.MainActivity}: java.lang.IllegalStateException: You need to use a Theme.AppCompat theme (or descendant) with this activity.
1788697132.193 10311 21001 21001 E Unique  : 	at android.app.ActivityThread.performLaunchActivity(ActivityThread.java:4415)
1788697132.193 10311 21001 21001 E Unique  : 	at android.app.ActivityThread.handleLaunchActivity(ActivityThread.java:4636)
1788697132.193 10311 21001 21001 E Unique  : 	at android.app.servertransaction.LaunchActivityItem.execute(LaunchActivityItem.java:112)
1788697132.193 10311 21001 21001 E Unique  : 	at android.app.servertransaction.TransactionExecutor.executeNonLifecycleItem(TransactionExecutor.java:186)
1788697132.193 10311 21001 21001 E Unique  : 	at android.app.servertransaction.TransactionExecutor.executeTransactionItems(TransactionExecutor.java:112)
1788697132.193 10311 21001 21001 E Unique  : 	at android.app.servertransaction.TransactionExecutor.execute(TransactionExecutor.java:84)
1788697132.193 10311 21001 21001 E Unique  : 	at android.app.ActivityThread$H.handleMessage(ActivityThread.java:2878)
1788697132.193 10311 21001 21001 E Unique  : 	at android.os.Handler.dispatchMessage(Handler.java:107)
1788697132.193 10311 21001 21001 E Unique  : 	at android.os.Looper.loopOnce(Looper.java:249)
1788697132.193 10311 21001 21001 E Unique  : 	at android.os.Looper.loop(Looper.java:337)
1788697132.193 10311 21001 21001 E Unique  : 	at android.app.ActivityThread.main(ActivityThread.java:9469)
1788697132.193 10311 21001 21001 E Unique  : 	at java.lang.reflect.Method.invoke(Native Method)
1788697132.193 10311 21001 21001 E Unique  : 	at com.android.internal.os.RuntimeInit$MethodAndArgsCaller.run(RuntimeInit.java:636)
1788697132.193 10311 21001 21001 E Unique  : 	at com.android.internal.os.ZygoteInit.main(ZygoteInit.java:1005)
1788697132.193 10311 21001 21001 E Unique  : Caused by: java.lang.IllegalStateException: You need to use a Theme.AppCompat theme (or descendant) with this activity.
1788697132.193 10311 21001 21001 E Unique  : 	at gk.J(PG:695)
1788697132.193 10311 21001 21001 E Unique  : 	at gk.n(PG:1)
1788697132.193 10311 21001 21001 E Unique  : 	at fu.setContentView(PG:8)
1788697132.193 10311 21001 21001 E Unique  : 	at ajey.aP(PG:4)
1788697132.193 10311 21001 21001 E Unique  : 	at ajey.H(PG:85)
1788697132.193 10311 21001 21001 E Unique  : 	at zzzi.onCreate(PG:581)
1788697132.193 10311 21001 21001 E Unique  : 	at ppy.onCreate(PG:1)
1788697132.193 10311 21001 21001 E Unique  : 	at android.app.Activity.performCreate(Activity.java:9209)
1788697132.193 10311 21001 21001 E Unique  : 	at android.app.Activity.performCreate(Activity.java:9165)
1788697132.193 10311 21001 21001 E Unique  : 	at android.app.Instrumentation.callActivityOnCreate(Instrumentation.java:1537)
1788697132.193 10311 21001 21001 E Unique  : 	at android.app.ActivityThread.performLaunchActivity(ActivityThread.java:4397)
1788697132.193 10311 21001 21001 E Unique  : 	... 13 more
1788697132.197 10311 20915 20925 I Unique  : 2026-09-06 19:18:52.196 I PROCESS DIAGNOSTICS_RECEIVED process=:vapp0 lines=2
1788697132.198 10311 21001 21001 W ScoutUtils: Failed to mkdir /data/miuilog/stability/hprof/
1788697132.200 10311 21001 21001 I Process : 	at android.os.Process.killProcess(Process.java:1465)
1788697132.200 10311 21001 21001 I Process : 	at com.android.internal.os.RuntimeInit$KillApplicationHandler.uncaughtException(RuntimeInit.java:236)
1788697132.200 10311 21001 21001 I Process : 	at com.unique.core.diagnostics.CrashGuard.install$lambda$0(CrashGuard.kt:75)
1788697132.200 10311 21001 21001 I Process : 	at com.unique.core.diagnostics.CrashGuard.$r8$lambda$NI_pMGpIsX0lyNyovG1fYpnCltQ(CrashGuard.kt:0)
1788697132.200 10311 21001 21001 I Process : 	at com.unique.core.diagnostics.CrashGuard$$ExternalSyntheticLambda0.uncaughtException(D8$$SyntheticClass:0)
1788697132.200 10311 21001 21001 I Process : 	at bmkh.uncaughtException(PG:215)
1788697132.200 10311 21001 21001 I Process : 	at java.lang.ThreadGroup.uncaughtException(ThreadGroup.java:1098)
1788697132.200 10311 21001 21001 I Process : 	at java.lang.ThreadGroup.uncaughtException(ThreadGroup.java:1093)
1788697132.200 10311 21001 21001 I Process : 	at java.lang.Thread.dispatchUncaughtException(Thread.java:3387)
1788697132.320 10311 21108 21108 I om.unique:vapp0: Using generational CollectorTypeCMC GC.
1788697132.334 10311 21108 21108 I MessageMonitor: Load libmiui_runtime
1788697132.343 10311 21108 21108 D MiuiMonitorThread: Shared singleton Thread for stability monitor start
1788697132.352 10311 21108 21108 D ActivityThread: setEmbeddedParam packageName=com.unique processName=com.unique:vapp0 isEmbedded=false isIsolated=false
1788697132.353 10311 21108 21108 D ApplicationLoaders: Returning zygote-cached class loader: /system_ext/framework/androidx.window.extensions.jar
1788697132.353 10311 21108 21108 D ApplicationLoaders: Returning zygote-cached class loader: /system_ext/framework/androidx.window.sidecar.jar
1788697132.364 10311 21108 21108 I ActivityThread: TrafficStats init done
1788697132.366 10311 21108 21108 D ActivityThread: useGrowthLimitOutExpendMethod invoke error.
1788697132.370 10311 21108 21108 I MiuiForceDarkConfig: setConfig density:2.750000, mainRule:0, secondaryRule:0, tertiaryRule:0
1788697132.374 10311 21108 21108 I ActivityThread: Miui Feature Init done
1788697132.383 10311 21108 21108 I Unique  : 2026-09-06 19:18:52.379 I PROCESS PROCESS_START process=com.unique:vapp0 kind=VAPP sdk=35 abi=arm64-v8a,armeabi-v7a,armeabi
1788697132.383 10311 21108 21108 W om.unique:vapp0: Unsupported class loader: java.lang.Class<org.lsposed.hiddenapibypass.CoreOjClassLoader>
1788697132.423 10311 21108 21108 W om.unique:vapp0: Unsupported class loader: java.lang.Class<org.lsposed.hiddenapibypass.CoreOjClassLoader>
1788697132.423 10311 21108 21108 W om.unique:vapp0: Unsupported class loader: java.lang.Class<org.lsposed.hiddenapibypass.CoreOjClassLoader>
1788697132.425 10311 21108 21108 I Unique  : 2026-09-06 19:18:52.424 I HOOK HIDDEN_API_GRANTED via=HiddenApiBypass
1788697132.427 10311 21108 21108 I UniqueNative: libunique_native loaded (page size 4096)
1788697132.428 10311 21108 21108 I Unique  : 2026-09-06 19:18:52.428 I LAUNCH INTERCEPTOR_INSTALLED executeTransaction=159
1788697132.429 10311 21108 21108 I Unique  : 2026-09-06 19:18:52.428 I PROCESS VAPP_READY slot=0
1788697132.430 10311 21108 21108 I ResMonitorStub: Get RMS proxy takes 1 ms
1788697132.431 10311 21108 21108 I Unique  : 2026-09-06 19:18:52.430 I PROCESS STUB_PROVIDER_CREATED slot=0
1788697132.441 10311 21108 21108 D Unique  : 2026-09-06 19:18:52.440 D LAUNCH CALLBACK_ALIVE what=164 obj=java.lang.String
1788697132.445 10311 21108 21108 D Unique  : 2026-09-06 19:18:52.443 D LAUNCH CALLBACK_ALIVE what=159 obj=android.app.servertransaction.ClientTransaction
1788697132.482 10311 21108 21108 I Unique  : 2026-09-06 19:18:52.481 I PROCESS PROCESS_RENAMED argv0=com.android.vending
1788697132.827 10311 21108 21108 W om.unique:vapp0: Failed to find entry 'classes.dex': Entry not found
1788697132.827 10311 21108 21108 W om.unique:vapp0: Failed to find entry 'classes.dex': Entry not found
1788697132.828 10311 21108 21108 W om.unique:vapp0: Failed to find entry 'classes.dex': Entry not found
1788697132.828 10311 21108 21108 W om.unique:vapp0: Failed to find entry 'classes.dex': Entry not found
1788697132.837 10311 21108 21108 W Unique  : 2026-09-06 19:18:52.836 W PROCESS META_DATA_NOT_RESOLVED name=com.google.android.gms.version id=0x7f0c0066 reason=the guest's resources were not available yet
1788697132.841 10311 21108 21108 I Unique  : 2026-09-06 19:18:52.840 I PROCESS PROFILE_BOUND profile=da4d4d40-2dd1-4814-9fb1-f8b8a7a2122b androidId=2b9a16faef218d8d generation=1
1788697132.842 10311 21108 21108 I Unique  : 2026-09-06 19:18:52.841 I PROCESS BUILD_OVERRIDES_APPLIED applied=1 requested=1
1788697132.843 10311 21108 21108 I Unique  : 2026-09-06 19:18:52.842 I LAUNCH PROFILE_BOUND profileId=da4d4d40-2dd1-4814-9fb1-f8b8a7a2122b generation=1
1788697132.852 10311 21108 21108 I Unique  : 2026-09-06 19:18:52.851 I PROCESS PERMISSION_CACHE_DISABLED disabled=disablePackageNamePermissionCache,disablePermissionCache,disableApplicationInfoCache,disablePackageInfoCache,disableGetPackagesForUidCache failed=android.app.ActivityManager: no disable*Cache()
1788697132.904 10311 21108 21108 I Unique  : 2026-09-06 19:18:52.900 I PROCESS PERMISSIONS_BOUND package=com.android.vending vuid=0 declared=145 restored=2 runtime=16 installTime=129 selfDefined=23
1788697132.919 10311 21108 21108 I Unique  : 2026-09-06 19:18:52.918 I HOOK SERVICE_HOOKED service=package cache=true singletons=1 managers=1 bound=permissionCheck,getActivityInfo,applicationEnabledSetting,getApplicationInfo,componentEnabledSetting,installedPackages,getInstallerPackageName,getNameForUid,getPackageUid,getPackageInfo,getPackagesForUid,getProviderInfo,getReceiverInfo,getServiceInfo,queryIntent,resolveContentProvider,resolveIntent matched=permissionCheck=checkPermission+checkUidPermission,getActivityInfo,applicationEnabledSetting=getApplicationEnabledSetting+setApplicationEnabledSetting,getApplicationInfo,componentEnabledSetting=getComponentEnabledSetting+setComponentEnabledSetting,installedPackages=getInstalledApplications+getInstalledPackages,getInstallerPackageName,getNameForUid,getPackageUid=getPackageGids+getPackageUid,getPack
1788697132.920 10311 21108 21108 I Unique  : 2026-09-06 19:18:52.920 I LAUNCH VPM_HOOK_INSTALLED package=com.android.vending bound=permissionCheck,getActivityInfo,applicationEnabledSetting,getApplicationInfo,componentEnabledSetting,installedPackages,getInstallerPackageName,getNameForUid,getPackageUid,getPackageInfo,getPackagesForUid,getProviderInfo,getReceiverInfo,getServiceInfo,queryIntent,resolveContentProvider,resolveIntent
1788697132.940 10311 21108 21108 I Unique  : 2026-09-06 19:18:52.939 I HOOK SERVICE_HOOKED service=activity cache=true singletons=1 managers=0 bound=serviceDispatch,callerIdentity,permissionCheck,getContentProvider,intentSender,runningProcesses,registerReceiver,foregroundService matched=serviceDispatch=bindService+bindServiceInstance+peekService+publishService+startService+stopService+unbindFinished,callerIdentity=broadcastIntent+broadcastIntentWithFeature+getBindingUidProcessState+getContentProviderExternal+getHistoricalProcessExitReasons+getHistoricalProcessStartReasons+getPackageProcessState+getTagForIntentSender+getUidLastIdleElapsedTime+getUidProcessCapabilities+getUidProces
1788697132.941 10311 21108 21108 I Unique  : 2026-09-06 19:18:52.940 I LAUNCH VAM_HOOK_INSTALLED package=com.android.vending host=com.unique methods=8 matched=serviceDispatch=bindService+bindServiceInstance+peekService+publishService+startService+stopService+unbindFinished,callerIdentity=broadcastIntent+broadcastIntentWithFeature+getBindingUidProcessState+getContentProviderExternal+getHistoricalProcessExitReasons+getHistoricalProcessStartReasons+getPackageProcessState+getTagForIntentSender+getUidLastIdleElapsedTime+getUidProcessCapabilities+getUidProcessState+grantUriPermission+isBackgroundRestricted+isUidActive+moveTaskToFront+revokeUriPermission+sendIntentSender+startActivity+startActivityAsUser+startActivityAsUserWithFeature+startActivityWithFeature,permissionCheck=checkPermission+checkPermissionForDevice,getContentProvider,intentSender=getIntentSender+getIntentSenderWithFeature,runningProcesses=getRunningAppProcesses+getServices,registerReceiver=registerReceiver+registerReceiverWithFeature,foregroundService=setServiceForeground
1788697132.950 10311 21108 21108 I Unique  : 2026-09-06 19:18:52.949 I HOOK SERVICE_HOOKED service=activity_task cache=true singletons=1 managers=0 bound=activityStart matched=activityStart=startActivities+startActivity+startActivityAndWait+startActivityAsCaller+startActivityAsUser+startActivityFromGameSession+startActivityIntentSender+startActivityWithConfig
1788697132.951 10311 21108 21108 I Unique  : 2026-09-06 19:18:52.950 I LAUNCH ATM_HOOK_INSTALLED package=com.android.vending host=com.unique matched=activityStart=startActivities+startActivity+startActivityAndWait+startActivityAsCaller+startActivityAsUser+startActivityFromGameSession+startActivityIntentSender+startActivityWithConfig
1788697132.954 10311 21108 21108 I Unique  : 2026-09-06 19:18:52.953 I HOOK SERVICE_HOOKED service=permissionmgr cache=true singletons=1 managers=1 bound=shouldShowRequestPermissionRationale matched=shouldShowRequestPermissionRationale
1788697132.954 10311 21108 21108 I Unique  : 2026-09-06 19:18:52.954 I HOOK PERMISSION_MANAGER_HOOKED matched=shouldShowRequestPermissionRationale
1788697132.961 10311 21108 21108 I Unique  : 2026-09-06 19:18:52.960 I HOOK SERVICE_HOOKED service=appops cache=true singletons=0 managers=2 bound=appOpIdentity matched=appOpIdentity=checkAudioOperation+checkOperation+checkOperationForDevice+checkOperationRaw+checkOperationRawForDevice+checkPackage+collectNoteOpCallsForValidation+extractAsyncOps+finishOperation+finishOperationForDevice+getHistoricalOps+getHistoricalOpsFromDiskRaw+getOpsForPackage+getPackagesForOpsForDevice+isOperationActive+isProxying+noteOperation+noteOperationForDevice+noteProxyOperation+notePr
1788697132.962 10311 21108 21108 I Unique  : 2026-09-06 19:18:52.962 I HOOK APPOPS_HOOKED package=com.android.vending host=com.unique matched=appOpIdentity=checkAudioOperation+checkOperation+checkOperationForDevice+checkOperationRaw+checkOperationRawForDevice+checkPackage+collectNoteOpCallsForValidation+extractAsyncOps+finishOperation+finishOperationForDevice+getHistoricalOps+getHistoricalOpsFromDiskRaw+getOpsForPackage+getPackagesForOpsForDevice+isOperationActive+isProxying+noteOperation+noteOperationForDevice+noteProxyOperation+notePr
1788697132.972 10311 21108 21108 I Unique  : 2026-09-06 19:18:52.971 I PROCESS SETTINGS_CACHES_PRIMED wrappedByHand=0 alreadyWrapped=3 empty=1
1788697132.974 10311 21108 21108 I Unique  : 2026-09-06 19:18:52.972 I PROCESS PROVIDER_CACHES_EVICTED activityThreadProviders=2 providerRefCounts=1 settingsCaches=4 settingsWrapped=3 hostSource=com.unique hostSourceUid=10311
1788697133.023 10311 21108 21108 I Unique  : 2026-09-06 19:18:53.021 I LAUNCH GOOGLE_STACK_VISIBLE hidden=false reason=VISIBLE_BY_DEFAULT detail=the device has Play services and this instance has not shown it cannot use it packages=com.google.android.gms,com.google.android.gsf
1788697133.026 10311 21108 21108 I Unique  : 2026-09-06 19:18:53.025 I PROCESS NETWORK_SECURITY_INSTALLED package=com.android.vending configRes=0 targetSdk=37
1788697133.027 10311 21108 21108 I UniqueNative: redirect table set: 8 rule(s)
1788697133.028 10311 21108 21108 I UniqueNative: io_redirect: 2 exclusion(s) set
1788697133.028 10311 21108 21108 I UniqueNative: io_redirect installed: 0 slot(s) in 0/389 libraries (0 excluded, 0 total), 8 rule(s), page size 4096
1788697133.028 10311 21108 21108 W UniqueNative: io_redirect: filter did not match: /data/user/0/com.unique/files/virtual/apk/com.android.vending/85292140/lib/arm64-v8a
1788697133.028 10311 21108 21108 W UniqueNative: io_redirect: filter did not match: /data/data/com.unique/files/virtual/apk/com.android.vending/85292140/lib/arm64-v8a
1788697133.028 10311 21108 21108 W UniqueNative: io_redirect: filter did not match: /data/user/0/com.unique/files/virtual/apk/com.android.vending/85292140
1788697133.028 10311 21108 21108 W UniqueNative: io_redirect: filter did not match: /data/data/com.unique/files/virtual/apk/com.android.vending/85292140
1788697133.028 10311 21108 21108 W UniqueNative: io_redirect: app-private library seen: /data/misc/apexdata/com.android.art/dalvik-cache/arm64/boot.oat
1788697133.028 10311 21108 21108 W UniqueNative: io_redirect: app-private library seen: /data/misc/apexdata/com.android.art/dalvik-cache/arm64/boot-framework-adservices.oat
1788697133.028 10311 21108 21108 W UniqueNative: io_redirect: app-private library seen: /data/app/~~CoUHsKCRsYdpp67Um5HWkw==/com.unique-fIAs6w0Pm5EDqt_WqssjCA==/oat/arm64/base.odex
1788697133.028 10311 21108 21108 W UniqueNative: io_redirect: app-private library seen: /data/app/~~CoUHsKCRsYdpp67Um5HWkw==/com.unique-fIAs6w0Pm5EDqt_WqssjCA==/base.apk!/lib/arm64-v8a/libunique_native.so
1788697133.029 10311 21108 21108 I UniqueNative: io_redirect: library-load watch installed (3 slot(s) in 2 libraries)
1788697133.029 10311 21108 21108 W UniqueNative: io_redirect: watch saw but did not match: /data/misc/apexdata/com.android.art/dalvik-cache/arm64/boot.oat
1788697133.029 10311 21108 21108 W UniqueNative: io_redirect: watch saw but did not match: /data/misc/apexdata/com.android.art/dalvik-cache/arm64/boot-framework-adservices.oat
1788697133.029 10311 21108 21108 W UniqueNative: io_redirect: watch saw but did not match: /data/app/~~CoUHsKCRsYdpp67Um5HWkw==/com.unique-fIAs6w0Pm5EDqt_WqssjCA==/oat/arm64/base.odex
1788697133.029 10311 21108 21108 W UniqueNative: io_redirect: watch saw but did not match: /data/app/~~CoUHsKCRsYdpp67Um5HWkw==/com.unique-fIAs6w0Pm5EDqt_WqssjCA==/base.apk!/lib/arm64-v8a/libunique_native.so
1788697133.031 10311 21108 21108 I Unique  : 2026-09-06 19:18:53.030 I NATIVE IO_REDIRECT_INSTALLED status=NOTHING_TO_HOOK watch=OK rules=8 slots=0 scope=/data/user/0/com.unique/files/virtual/apk/com.android.vending/85292140/lib/arm64-v8a,/data/data/com.unique/files/virtual/apk/com.android.vending/85292140/lib/arm64-v8a,/data/user/0/com.unique/files/vi excluded=libgrave.so,libunique_native.so
1788697133.031 10311 21108 21108 I Unique  : 2026-09-06 19:18:53.031 I WEBVIEW WEBVIEW_DATA_DIR_SUFFIX suffix=vapp0 slot=0
1788697133.032 10311 21108 21108 I UniqueNative: crash: recording 6 signal(s) to /data/user/0/com.unique/files/virtual/runtime/diagnostics/0/com.android.vending/native-crash-21108.properties
1788697133.037 10311 21108 21108 I Unique  : 2026-09-06 19:18:53.033 I NATIVE NATIVE_CRASH_HANDLER status=OK file=/data/user/0/com.unique/files/virtual/runtime/diagnostics/0/com.android.vending/native-crash-21108.properties
1788697133.040 10311 21108 21108 I Unique  : 2026-09-06 19:18:53.039 I PROCESS COMPONENT_STATE_RESTORED package=com.android.vending vuid=0 entries=2
1788697133.041 10311 21108 21108 I Unique  : 2026-09-06 19:18:53.040 I STORAGE EXTERNAL_STORAGE_REDIRECTED package=com.android.vending vuid=0 root=/data/user/0/com.unique/files/virtual/users/0/sdcard
1788697133.043 10311 21108 21108 I Unique  : 2026-09-06 19:18:53.042 I HOOK SERVICE_HOOKED service=alarm cache=true singletons=0 managers=0 bound=callerPackage matched=callerPackage=canScheduleExactAlarms+cancelPoweroffAlarm+hasScheduleExactAlarm+removeAll+set+setTimeZone
1788697133.044 10311 21108 21108 I Unique  : 2026-09-06 19:18:53.043 I HOOK IDENTITY_HOOK_INSTALLED service=alarm package=com.android.vending matched=callerPackage=canScheduleExactAlarms+cancelPoweroffAlarm+hasScheduleExactAlarm+removeAll+set+setTimeZone
1788697133.050 10311 21108 21108 I Unique  : 2026-09-06 19:18:53.047 I HOOK SERVICE_HOOKED service=clipboard cache=true singletons=0 managers=0 bound=callerPackage matched=callerPackage=addPrimaryClipChangedListener+clearPrimaryClip+getPrimaryClip+getPrimaryClipDescription+getPrimaryClipSource+getUserPrimaryClip+hasClipboardText+hasPrimaryClip+removePrimaryClipChangedListener+setPrimaryClip+setPrimaryClipAsPackage
1788697133.053 10311 21108 21108 I Unique  : 2026-09-06 19:18:53.051 I HOOK IDENTITY_HOOK_INSTALLED service=clipboard package=com.android.vending matched=callerPackage=addPrimaryClipChangedListener+clearPrimaryClip+getPrimaryClip+getPrimaryClipDescription+getPrimaryClipSource+getUserPrimaryClip+hasClipboardText+hasPrimaryClip+removePrimaryClipChangedListener+setPrimaryClip+setPrimaryClipAsPackage
1788697133.058 10311 21108 21108 I Unique  : 2026-09-06 19:18:53.056 I HOOK SERVICE_HOOKED service=restrictions cache=true singletons=0 managers=0 bound=callerPackage matched=callerPackage=getApplicationRestrictions+getApplicationRestrictionsPerAdminForUser+notifyPermissionResponse+requestPermission
1788697133.059 10311 21108 21108 I Unique  : 2026-09-06 19:18:53.059 I HOOK IDENTITY_HOOK_INSTALLED service=restrictions package=com.android.vending matched=callerPackage=getApplicationRestrictions+getApplicationRestrictionsPerAdminForUser+notifyPermissionResponse+requestPermission
1788697133.065 10311 21108 21108 I Unique  : 2026-09-06 19:18:53.063 I HOOK SERVICE_HOOKED service=locale cache=true singletons=0 managers=0 bound=callerPackage,setApplicationLocales matched=callerPackage=getApplicationLocales+getOverrideLocaleConfig+setOverrideLocaleConfig,setApplicationLocales
1788697133.067 10311 21108 21108 I Unique  : 2026-09-06 19:18:53.066 I HOOK IDENTITY_HOOK_INSTALLED service=locale package=com.android.vending matched=callerPackage=getApplicationLocales+getOverrideLocaleConfig+setOverrideLocaleConfig,setApplicationLocales
1788697133.074 10311 21108 21108 I Unique  : 2026-09-06 19:18:53.072 I HOOK SERVICE_HOOKED service=connectivity cache=true singletons=0 managers=0 bound=callerPackage matched=callerPackage=getDefaultNetworkCapabilitiesForUser+getLastTetherError+getNetworkCapabilities+getRedactedLinkPropertiesForPackage+getRedactedNetworkCapabilitiesForPackage+isConnectivityServiceFeatureEnabledForTesting+listenForNetwork+pendingListenForNetwork+pendingRequestForNetwork+registerConnectivityDiagnosticsCallback+registerNetworkProvider+requestNetwork+requestRouteToHostAddress+setProvisioni
1788697133.075 10311 21108 21108 I Unique  : 2026-09-06 19:18:53.074 I HOOK IDENTITY_HOOK_INSTALLED service=connectivity package=com.android.vending matched=callerPackage=getDefaultNetworkCapabilitiesForUser+getLastTetherError+getNetworkCapabilities+getRedactedLinkPropertiesForPackage+getRedactedNetworkCapabilitiesForPackage+isConnectivityServiceFeatureEnabledForTesting+listenForNetwork+pendingListenForNetwork+pendingRequestForNetwork+registerConnectivi
1788697133.078 10311 21108 21108 I Unique  : 2026-09-06 19:18:53.077 I HOOK SERVICE_HOOKED service=power cache=true singletons=0 managers=0 bound=callerPackage matched=callerPackage=acquireWakeLock+acquireWakeLockAsync+acquireWakeLockWithUid+crash+isAmbientDisplaySuppressedForToken+isAmbientDisplaySuppressedForTokenByApp+isFeatureAllowedInLowPowerStandby+reboot+shutdown+suppressAmbientDisplay+updateWakeLockWorkSource+wakeUp
1788697133.080 10311 21108 21108 I Unique  : 2026-09-06 19:18:53.078 I HOOK IDENTITY_HOOK_INSTALLED service=power package=com.android.vending matched=callerPackage=acquireWakeLock+acquireWakeLockAsync+acquireWakeLockWithUid+crash+isAmbientDisplaySuppressedForToken+isAmbientDisplaySuppressedForTokenByApp+isFeatureAllowedInLowPowerStandby+reboot+shutdown+suppressAmbientDisplay+updateWakeLockWorkSource+wakeUp
1788697133.095 10311 21108 21108 I Unique  : 2026-09-06 19:18:53.090 I HOOK SERVICE_HOOKED service=wifi cache=true singletons=0 managers=0 bound=callerPackage matched=callerPackage=acquireMulticastLock+acquireWifiLock+addLocalOnlyConnectionStatusListener+addNetworkSuggestions+addOrUpdateNetwork+addOrUpdateNetworkPrivileged+addOrUpdatePasspointConfiguration+addQosPolicies+addSuggestionUserApprovalStatusListener+allowAutojoinGlobal+allowAutojoinPasspoint+connect+disableEphemeralNetwork+disableNetwork+disconnect+enableNetwork+enableTdls+enableTdlsWithMacAddress+en
1788697133.097 10311 21108 21108 I Unique  : 2026-09-06 19:18:53.096 I HOOK IDENTITY_HOOK_INSTALLED service=wifi package=com.android.vending matched=callerPackage=acquireMulticastLock+acquireWifiLock+addLocalOnlyConnectionStatusListener+addNetworkSuggestions+addOrUpdateNetwork+addOrUpdateNetworkPrivileged+addOrUpdatePasspointConfiguration+addQosPolicies+addSuggestionUserApprovalStatusListener+allowAutojoinGlobal+allowAutojoinPasspoint+connect+di
1788697133.108 10311 21108 21108 I Unique  : 2026-09-06 19:18:53.105 I HOOK SERVICE_HOOKED service=location cache=true singletons=0 managers=0 bound=callerPackage matched=callerPackage=addGnssAntennaInfoListener+addGnssMeasurementsListener+addGnssNavigationMessageListener+addTestProvider+getCurrentLocation+getLastLocation+getProviderPackages+getProviderProperties+hasProvider+isProviderEnabledForUser+isProviderPackage+registerGnssNmeaCallback+registerGnssStatusCallback+registerLocationListener+registerLocationPendingIntent+removeTestProvider+requestGeofence+requestL
1788697133.109 10311 21108 21108 I Unique  : 2026-09-06 19:18:53.108 I HOOK IDENTITY_HOOK_INSTALLED service=location package=com.android.vending matched=callerPackage=addGnssAntennaInfoListener+addGnssMeasurementsListener+addGnssNavigationMessageListener+addTestProvider+getCurrentLocation+getLastLocation+getProviderPackages+getProviderProperties+hasProvider+isProviderEnabledForUser+isProviderPackage+registerGnssNmeaCallback+registerGnssStatusCallbac
1788697133.118 10311 21108 21108 I Unique  : 2026-09-06 19:18:53.117 I HOOK SERVICE_HOOKED service=audio cache=true singletons=0 managers=0 bound=callerPackage matched=callerPackage=abandonAudioFocus+abandonAudioFocusForTest+adjustStreamVolume+adjustStreamVolumeForUid+adjustStreamVolumeWithAttribution+adjustSuggestedStreamVolumeForUid+adjustVolumeGroupVolume+cacheParameters+disableSafeMediaVolume+getBluetoothAudioDeviceCategory+getBluetoothAudioDeviceCategory_legacy+getCacheParameters+getDeviceVolume+getNotificationUri+getPlayerVolume+handleVolumeKey+isBluetooth
1788697133.119 10311 21108 21108 I Unique  : 2026-09-06 19:18:53.118 I HOOK IDENTITY_HOOK_INSTALLED service=audio package=com.android.vending matched=callerPackage=abandonAudioFocus+abandonAudioFocusForTest+adjustStreamVolume+adjustStreamVolumeForUid+adjustStreamVolumeWithAttribution+adjustSuggestedStreamVolumeForUid+adjustVolumeGroupVolume+cacheParameters+disableSafeMediaVolume+getBluetoothAudioDeviceCategory+getBluetoothAudioDeviceCategory_lega
1788697133.122 10311 21108 21108 I Unique  : 2026-09-06 19:18:53.121 I HOOK SERVICE_HOOKED service=vibrator_manager cache=true singletons=0 managers=0 bound=callerPackage matched=callerPackage=performHapticFeedback+setAlwaysOnEffect+vibrate
1788697133.123 10311 21108 21108 I Unique  : 2026-09-06 19:18:53.122 I HOOK IDENTITY_HOOK_INSTALLED service=vibrator_manager package=com.android.vending matched=callerPackage=performHapticFeedback+setAlwaysOnEffect+vibrate
1788697133.128 10311 21108 21108 I Unique  : 2026-09-06 19:18:53.126 I HOOK SERVICE_HOOKED service=usagestats cache=true singletons=0 managers=0 bound=callerPackage matched=callerPackage=clearBroadcastEvents+clearBroadcastResponseStats+getAppMinStandbyBucket+getAppStandbyBucket+getAppStandbyBuckets+getAppStandbyConstant+getLastTimeAnyComponentUsed+isAppInactive+isPackageExemptedFromBroadcastResponseStats+queryBroadcastResponseStats+queryConfigurationStats+queryEventStats+queryEvents+queryEventsForPackage+queryEventsForPackageForUser+queryEventsForUser+queryEventsWith
1788697133.129 10311 21108 21108 I Unique  : 2026-09-06 19:18:53.128 I HOOK IDENTITY_HOOK_INSTALLED service=usagestats package=com.android.vending matched=callerPackage=clearBroadcastEvents+clearBroadcastResponseStats+getAppMinStandbyBucket+getAppStandbyBucket+getAppStandbyBuckets+getAppStandbyConstant+getLastTimeAnyComponentUsed+isAppInactive+isPackageExemptedFromBroadcastResponseStats+queryBroadcastResponseStats+queryConfigurationStats+queryEventSta
1788697133.137 10311 21108 21108 I Unique  : 2026-09-06 19:18:53.134 I HOOK SERVICE_HOOKED service=netstats cache=true singletons=0 managers=0 bound=callerPackage matched=callerPackage=getIfaceStats+notifyNetworkStatus+openSessionForUsageStats+registerNetworkStatsProvider+registerUsageCallback+setStatsProviderWarningAndLimitAsync
1788697133.139 10311 21108 21108 I Unique  : 2026-09-06 19:18:53.137 I HOOK IDENTITY_HOOK_INSTALLED service=netstats package=com.android.vending matched=callerPackage=getIfaceStats+notifyNetworkStatus+openSessionForUsageStats+registerNetworkStatsProvider+registerUsageCallback+setStatsProviderWarningAndLimitAsync
1788697133.144 10311 21108 21108 I Unique  : 2026-09-06 19:18:53.142 I HOOK SERVICE_HOOKED service=content cache=true singletons=0 managers=0 bound=callerPackage matched=callerPackage=addPeriodicSync+cancelSync+cancelSyncAsUser+getCache+getIsSyncable+getIsSyncableAsUser+getPeriodicSyncs+getSyncAdapterPackageAsUser+getSyncAdapterPackagesForAuthorityAsUser+getSyncAutomatically+getSyncAutomaticallyAsUser+getSyncStatus+getSyncStatusAsUser+isSyncActive+isSyncPending+isSyncPendingAsUser+notifyChange+onDbCorruption+putCache+removePeriodicSync+requestSync+setIsSyncable+se
1788697133.145 10311 21108 21108 I Unique  : 2026-09-06 19:18:53.144 I HOOK IDENTITY_HOOK_INSTALLED service=content package=com.android.vending matched=callerPackage=addPeriodicSync+cancelSync+cancelSyncAsUser+getCache+getIsSyncable+getIsSyncableAsUser+getPeriodicSyncs+getSyncAdapterPackageAsUser+getSyncAdapterPackagesForAuthorityAsUser+getSyncAutomatically+getSyncAutomaticallyAsUser+getSyncStatus+getSyncStatusAsUser+isSyncActive+isSyncPending+isSy
1788697133.153 10311 21108 21108 I Unique  : 2026-09-06 19:18:53.149 I HOOK SERVICE_HOOKED service=shortcut cache=true singletons=0 managers=0 bound=shortcutPublish,callerPackage matched=shortcutPublish=addDynamicShortcuts+createShortcutResultIntent+pushDynamicShortcut+requestPinShortcut+setDynamicShortcuts+updateShortcuts,callerPackage=disableShortcuts+enableShortcuts+getIconMaxDimensions+getMaxShortcutCountPerActivity+getRateLimitResetTime+getRemainingCallCount+getShareTargets+getShortcuts+hasShareTargets+onApplicationActive+removeAllDynamicShortcuts+removeDynamicShortcuts+remov
1788697133.154 10311 21108 21108 I Unique  : 2026-09-06 19:18:53.153 I HOOK IDENTITY_HOOK_INSTALLED service=shortcut package=com.android.vending matched=shortcutPublish=addDynamicShortcuts+createShortcutResultIntent+pushDynamicShortcut+requestPinShortcut+setDynamicShortcuts+updateShortcuts,callerPackage=disableShortcuts+enableShortcuts+getIconMaxDimensions+getMaxShortcutCountPerActivity+getRateLimitResetTime+getRemainingCallCount+getShareTargets+get
1788697133.161 10311 21108 21108 I Unique  : 2026-09-06 19:18:53.159 I HOOK SERVICE_HOOKED service=mount cache=true singletons=0 managers=0 bound=callerPackage,volumeList matched=callerPackage=abortChanges+allocateBytes+benchmark+destroyUserStorage+disableAppDataIsolation+fixupAppDir+fixupAppDirRecursive+fixupSysfsFile+forgetVolume+format+getAllocatableBytes+getCacheQuotaBytes+getCacheSizeBytes+getExternalStorageMountMode+getManageSpaceActivityIntent+getMountedObbPath+isAppIoBlocked+isObbMounted+mkdirs+mount+mountObb+moveStorageQuickly+notifyAppIoBlocked+notifyAppIoResumed
1788697133.162 10311 21108 21108 I Unique  : 2026-09-06 19:18:53.161 I HOOK IDENTITY_HOOK_INSTALLED service=mount package=com.android.vending matched=callerPackage=abortChanges+allocateBytes+benchmark+destroyUserStorage+disableAppDataIsolation+fixupAppDir+fixupAppDirRecursive+fixupSysfsFile+forgetVolume+format+getAllocatableBytes+getCacheQuotaBytes+getCacheSizeBytes+getExternalStorageMountMode+getManageSpaceActivityIntent+getMountedObbPath+isAppI
1788697133.165 10311 21108 21108 I Unique  : 2026-09-06 19:18:53.164 I HOOK SERVICE_HOOKED service=account cache=true singletons=0 managers=0 bound=callerPackage matched=callerPackage=addAccount+addAccountAsUser+addAccountExplicitly+addAccountExplicitlyWithVisibility+addSharedAccountsFromParentUser+createRequestAccountAccessIntentSenderAsUser+editProperties+getAccountByTypeAndFeatures+getAccountVisibility+getAccountsAndVisibilityForPackage+getAccountsAsUser+getAccountsByFeatures+getAccountsByTypeForPackage+getAccountsForPackage+getAuthToken+getAuthTokenLabel+getUs
1788697133.166 10311 21108 21108 I Unique  : 2026-09-06 19:18:53.165 I HOOK IDENTITY_HOOK_INSTALLED service=account package=com.android.vending matched=callerPackage=addAccount+addAccountAsUser+addAccountExplicitly+addAccountExplicitlyWithVisibility+addSharedAccountsFromParentUser+createRequestAccountAccessIntentSenderAsUser+editProperties+getAccountByTypeAndFeatures+getAccountVisibility+getAccountsAndVisibilityForPackage+getAccountsAsUser+getAccou
1788697133.183 10311 21108 21108 I Unique  : 2026-09-06 19:18:53.180 I HOOK SERVICE_HOOKED service=phone cache=true singletons=0 managers=0 bound=callerPackage matched=callerPackage=call+canChangeDtmfToneLength+changeIccLockPassword+checkCarrierPrivilegesForPackage+checkCarrierPrivilegesForPackageAnyPhone+clearSignalStrengthUpdateRequest+deprovisionSatelliteService+dial+disableDataConnectivity+disableVisualVoicemailSmsFilter+doesSwitchMultiSimConfigTriggerReboot+enableDataConnectivity+enableVisualVoicemailSmsFilter+enqueueSmsPickResult+factoryReset+getAllCellInf
1788697133.184 10311 21108 21108 I Unique  : 2026-09-06 19:18:53.183 I HOOK IDENTITY_HOOK_INSTALLED service=phone package=com.android.vending matched=callerPackage=call+canChangeDtmfToneLength+changeIccLockPassword+checkCarrierPrivilegesForPackage+checkCarrierPrivilegesForPackageAnyPhone+clearSignalStrengthUpdateRequest+deprovisionSatelliteService+dial+disableDataConnectivity+disableVisualVoicemailSmsFilter+doesSwitchMultiSimConfigTriggerReboot+e
1788697133.208 10311 21108 21108 I Unique  : 2026-09-06 19:18:53.206 I HOOK SERVICE_HOOKED service=device_policy cache=true singletons=0 managers=0 bound=callerPackage matched=callerPackage=addCrossProfileIntentFilter+addCrossProfileWidgetProvider+addPersistentPreferredActivity+approveCaCert+checkDeviceIdentifierAccess+checkProvisioningPrecondition+choosePrivateKeyAlias+clearApplicationUserData+clearCrossProfileIntentFilters+clearDeviceOwner+clearPackagePersistentPreferredActivities+clearResetPasswordToken+createAdminSupportIntent+createAndManageUser+createAndProvisionM
1788697133.209 10311 21108 21108 I Unique  : 2026-09-06 19:18:53.208 I HOOK IDENTITY_HOOK_INSTALLED service=device_policy package=com.android.vending matched=callerPackage=addCrossProfileIntentFilter+addCrossProfileWidgetProvider+addPersistentPreferredActivity+approveCaCert+checkDeviceIdentifierAccess+checkProvisioningPrecondition+choosePrivateKeyAlias+clearApplicationUserData+clearCrossProfileIntentFilters+clearDeviceOwner+clearPackagePersistentPreferre
1788697133.219 10311 21108 21108 I Unique  : 2026-09-06 19:18:53.217 I HOOK SERVICE_HOOKED service=media.camera cache=true singletons=0 managers=0 bound=callerPackage matched=callerPackage=connect+connectDevice+createDefaultRequest+getCameraCharacteristics+getSessionCharacteristics+getTorchStrengthLevel+injectCamera+injectSessionParams+isHiddenPhysicalCamera+isSessionConfigurationWithParametersSupported+setTorchMode+supportsCameraApi+turnOnTorchWithStrengthLevel
1788697133.220 10311 21108 21108 I Unique  : 2026-09-06 19:18:53.219 I HOOK IDENTITY_HOOK_INSTALLED service=media.camera package=com.android.vending matched=callerPackage=connect+connectDevice+createDefaultRequest+getCameraCharacteristics+getSessionCharacteristics+getTorchStrengthLevel+injectCamera+injectSessionParams+isHiddenPhysicalCamera+isSessionConfigurationWithParametersSupported+setTorchMode+supportsCameraApi+turnOnTorchWithStrengthLevel
1788697133.224 10311 21108 21108 I Unique  : 2026-09-06 19:18:53.222 I HOOK SERVICE_HOOKED service=telecom cache=true singletons=0 managers=0 bound=callerPackage matched=callerPackage=acceptHandover+acceptRingingCall+acceptRingingCallWithVideoState+addCall+addNewIncomingCall+addNewIncomingConference+addOrRemoveTestCallCompanionApp+cancelMissedCallsNotification+clearAccounts+createLaunchEmergencyDialerIntent+createManageBlockedNumbersIntent+endCall+getAdnUriForPhoneAccount+getCallCapablePhoneAccounts+getCallStateUsingPackage+getCurrentTtyMode+getDefaultDialerPackag
1788697133.225 10311 21108 21108 I Unique  : 2026-09-06 19:18:53.224 I HOOK IDENTITY_HOOK_INSTALLED service=telecom package=com.android.vending matched=callerPackage=acceptHandover+acceptRingingCall+acceptRingingCallWithVideoState+addCall+addNewIncomingCall+addNewIncomingConference+addOrRemoveTestCallCompanionApp+cancelMissedCallsNotification+clearAccounts+createLaunchEmergencyDialerIntent+createManageBlockedNumbersIntent+endCall+getAdnUriForPhoneA
1788697133.228 10311 21108 21108 I Unique  : 2026-09-06 19:18:53.227 I HOOK SERVICE_HOOKED service=media_router cache=true singletons=0 managers=0 bound=callerPackage matched=callerPackage=deselectRouteWithManager+deselectRouteWithRouter2+getSystemRoutes+getSystemSessionInfoForPackage+registerClientAsUser+registerClientGroupId+registerManager+registerProxyRouter+registerRouter2+releaseSessionWithManager+releaseSessionWithRouter2+requestCreateSessionWithManager+requestSetVolume+requestUpdateVolume+selectRouteWithManager+selectRouteWithRouter2+setSelectedRoute+setSession
1788697133.229 10311 21108 21108 I Unique  : 2026-09-06 19:18:53.229 I HOOK IDENTITY_HOOK_INSTALLED service=media_router package=com.android.vending matched=callerPackage=deselectRouteWithManager+deselectRouteWithRouter2+getSystemRoutes+getSystemSessionInfoForPackage+registerClientAsUser+registerClientGroupId+registerManager+registerProxyRouter+registerRouter2+releaseSessionWithManager+releaseSessionWithRouter2+requestCreateSessionWithManager+requestSet
1788697133.233 10311 21108 21108 I Unique  : 2026-09-06 19:18:53.232 I HOOK SERVICE_HOOKED service=media_session cache=true singletons=0 managers=0 bound=callerPackage matched=callerPackage=addOnMediaKeyEventSessionChangedListener+createSession+dispatchAdjustVolume+dispatchMediaKeyEvent+dispatchMediaKeyEventToSessionAsSystemService+dispatchVolumeKeyEvent+dispatchVolumeKeyEventToSessionAsSystemService+getMediaKeyEventSession+getMediaKeyEventSessionPackageName+hasCustomMediaKeyDispatcher+hasCustomMediaSessionPolicyProvider+isTrusted+setCustomMediaKeyDispatcher+setCustomMe
1788697133.235 10311 21108 21108 I Unique  : 2026-09-06 19:18:53.234 I HOOK IDENTITY_HOOK_INSTALLED service=media_session package=com.android.vending matched=callerPackage=addOnMediaKeyEventSessionChangedListener+createSession+dispatchAdjustVolume+dispatchMediaKeyEvent+dispatchMediaKeyEventToSessionAsSystemService+dispatchVolumeKeyEvent+dispatchVolumeKeyEventToSessionAsSystemService+getMediaKeyEventSession+getMediaKeyEventSessionPackageName+hasCustomMedi
1788697133.240 10311 21108 21108 I Unique  : 2026-09-06 19:18:53.239 I HOOK SERVICE_HOOKED service=appwidget cache=true singletons=0 managers=0 bound=callerPackage,appWidgetIdentity matched=callerPackage=allocateAppWidgetId+bindRemoteViewsService+createAppWidgetConfigIntentSender+deleteAppWidgetId+deleteHost+getAppWidgetIdsForHost+getAppWidgetInfo+getAppWidgetOfHost+getAppWidgetOptions+getAppWidgetViews+getInstalledProvidersForProfile+hasBindAppWidgetPermission+isBoundWidgetPackage+noteAppWidgetTapped+notifyAppWidgetViewDataChanged+partiallyUpdateAppWidgetIds+setAppWidgetHidden+setBi
1788697133.247 10311 21108 21108 I Unique  : 2026-09-06 19:18:53.241 I HOOK IDENTITY_HOOK_INSTALLED service=appwidget package=com.android.vending matched=callerPackage=allocateAppWidgetId+bindRemoteViewsService+createAppWidgetConfigIntentSender+deleteAppWidgetId+deleteHost+getAppWidgetIdsForHost+getAppWidgetInfo+getAppWidgetOfHost+getAppWidgetOptions+getAppWidgetViews+getInstalledProvidersForProfile+hasBindAppWidgetPermission+isBoundWidgetPackage+not
1788697133.251 10311 21108 21108 I Unique  : 2026-09-06 19:18:53.250 I HOOK SERVICE_HOOKED service=input_method cache=true singletons=1 managers=0 bound=callerPackage,editorIdentity matched=callerPackage=acceptStylusHandwritingDelegation+acceptStylusHandwritingDelegationAsync+getEnabledInputMethodSubtypeList+prepareStylusHandwritingDelegation+setAdditionalInputMethodSubtypes+setExplicitlyEnabledInputMethodSubtypes+startConnectionlessStylusHandwriting+startProtoDump,editorIdentity=startInputOrWindowGainedFocus+startInputOrWindowGainedFocusAsync
1788697133.252 10311 21108 21108 I Unique  : 2026-09-06 19:18:53.251 I HOOK IDENTITY_HOOK_INSTALLED service=input_method package=com.android.vending matched=callerPackage=acceptStylusHandwritingDelegation+acceptStylusHandwritingDelegationAsync+getEnabledInputMethodSubtypeList+prepareStylusHandwritingDelegation+setAdditionalInputMethodSubtypes+setExplicitlyEnabledInputMethodSubtypes+startConnectionlessStylusHandwriting+startProtoDump,editorIdentity=start
1788697133.254 10311 21108 21108 I Unique  : 2026-09-06 19:18:53.253 I HOOK IDENTITY_HOOKS_INSTALLED package=com.android.vending installed=alarm,clipboard,restrictions,locale,connectivity,power,wifi,location,audio,vibrator_manager,usagestats,netstats,content,shortcut,mount,account,phone,device_policy,media.camera,telecom,media_router,media_session,appwidget,input_method skipped=
1788697133.257 10311 21108 21108 W Unique  : 2026-09-06 19:18:53.256 W PROCESS ALARM_EXACT_UNAVAILABLE detail=UNIQUE does not hold SCHEDULE_EXACT_ALARM; a guest asking for an exact alarm will get the platform's SecurityException
1788697133.260 10311 21108 21108 I Unique  : 2026-09-06 19:18:53.259 I HOOK SERVICE_HOOKED service=jobscheduler cache=true singletons=0 managers=0 bound=jobById,scheduleJob,pendingJobs matched=jobById=cancel+getPendingJob+getPendingJobReason,scheduleJob=enqueue+schedule+scheduleAsPackage,pendingJobs=getAllPendingJobs+getAllPendingJobsInNamespace
1788697133.261 10311 21108 21108 I Unique  : 2026-09-06 19:18:53.260 I HOOK JOB_HOOKED package=com.android.vending slot=0 matched=jobById=cancel+getPendingJob+getPendingJobReason,scheduleJob=enqueue+schedule+scheduleAsPackage,pendingJobs=getAllPendingJobs+getAllPendingJobsInNamespace
1788697133.267 10311 21108 21108 I Unique  : 2026-09-06 19:18:53.266 I HOOK SERVICE_HOOKED service=notification cache=true singletons=1 managers=0 bound=notificationIdentity,enqueue,channels matched=notificationIdentity=addAutomaticZenRule+areBubblesAllowed+areNotificationsEnabled+areNotificationsEnabledForPackage+buzzBeepBlinkForNotification+canNotifyAsPackage+canShowBadge+cancelAllNotifications+cancelNotificationFromListener+cancelToast+clearData+deleteNotificationHistoryItem+enqueueTextToast+enqueueToast+finishToken+getActiveNotifications+getActiveNotificationsWithAttribution+getAllowedAss
1788697133.268 10311 21108 21108 I Unique  : 2026-09-06 19:18:53.267 I HOOK NOTIFICATION_HOOKED package=com.android.vending vuid=0 matched=notificationIdentity=addAutomaticZenRule+areBubblesAllowed+areNotificationsEnabled+areNotificationsEnabledForPackage+buzzBeepBlinkForNotification+canNotifyAsPackage+canShowBadge+cancelAllNotifications+cancelNotificationFromListener+cancelToast+clearData+deleteNotificationHistoryItem+enqueueTextToast+enqueueToast+finishToken+getActiveNotifications+getActiveNotificationsWithAttribution+getAllowedAss
1788697133.341 10311 21108 21108 I Unique  : 2026-09-06 19:18:53.340 I PROCESS RECEIVERS_REGISTERED package=com.android.vending declared=53 registered=72 actions=com.google.android.finsky.tos.TosAckedReceiver#com.android.vending.TOS_ACKED;com.google.android.finsky.download.impl.DownloadBroadcastReceiver#android.intent.action.DOWNLOAD_COMPLETE,android.intent.action.DOWNLOAD_NOTIFICATION_CLICKED;com.google.android.finsky.userlanguages.LocaleChangedReceiver#android.intent.action.LOCALE_CHANGED;com.google.android.finsky.userlanguages.ApplicationLocaleChangedRe exported=25
1788697133.341 10311 21108 21108 I Unique  : 2026-09-06 19:18:53.341 I LAUNCH ACTIVITY_LIFECYCLE_INSTALLED package=com.android.vending
1788697133.342 10311 21108 21108 E Unique  : 2026-09-06 19:18:53.342 E PROCESS PROVIDER_PUBLISH_FAILED provider=androidx.car.app.connection.provider error=java.lang.ClassNotFoundException: androidx.car.app.connection.provider
1788697133.375 10311 21108 21108 I Unique  : 2026-09-06 19:18:53.374 I PROCESS PROVIDERS_PUBLISHED package=com.android.vending process=com.android.vending declared=7 authorities=[redacted]
1788697133.410 10311 21108 21108 I Finsky  : [2] Process created at version: 52.9.21-34 [0] [PR] 968642861
1788697133.590 10311 21108 21144 I Unique  : 2026-09-06 19:18:53.585 I LAUNCH u0 com.android.vending SIGNATURES_LOADED package=com.android.vending signers=2 hasSigningInfo=true
1788697134.144 10311 21108 21162 I UniqueNative: io_redirect installed: 0 slot(s) in 1/390 libraries (0 excluded, 0 total), 8 rule(s), page size 4096
1788697134.201 10311 21108 21150 E Finsky  : [3389] Exception in getting task info for cold start.
1788697134.201 10311 21108 21150 E Finsky  : java.lang.SecurityException: Permission Denial: package=com.android.vending does not belong to uid=10311
1788697134.201 10311 21108 21150 E Finsky  : 	at android.os.Parcel.createExceptionOrNull(Parcel.java:3255)
1788697134.201 10311 21108 21150 E Finsky  : 	at android.os.Parcel.createException(Parcel.java:3239)
1788697134.201 10311 21108 21150 E Finsky  : 	at android.os.Parcel.readException(Parcel.java:3222)
1788697134.201 10311 21108 21150 E Finsky  : 	at android.os.Parcel.readException(Parcel.java:3164)
1788697134.201 10311 21108 21150 E Finsky  : 	at android.app.IActivityTaskManager$Stub$Proxy.getAppTasks(IActivityTaskManager.java:3520)
1788697134.201 10311 21108 21150 E Finsky  : 	at java.lang.reflect.Method.invoke(Native Method)
1788697134.201 10311 21108 21150 E Finsky  : 	at com.unique.core.common.shim.ShimRegistry.invokeTarget(MethodShim.kt:303)
1788697134.201 10311 21108 21150 E Finsky  : 	at com.unique.core.common.shim.ShimRegistry.wrap$lambda$3(MethodShim.kt:286)
1788697134.201 10311 21108 21150 E Finsky  : 	at com.unique.core.common.shim.ShimRegistry.$r8$lambda$LaP7nvmGPvW6xAPpbcA_cv-q1f0(MethodShim.kt:0)
1788697134.201 10311 21108 21150 E Finsky  : 	at com.unique.core.common.shim.ShimRegistry$$ExternalSyntheticLambda1.invoke(D8$$SyntheticClass:0)
1788697134.201 10311 21108 21150 E Finsky  : 	at java.lang.reflect.Proxy.invoke(Proxy.java:1009)
1788697134.201 10311 21108 21150 E Finsky  : 	at $Proxy7.getAppTasks(Unknown Source)
1788697134.201 10311 21108 21150 E Finsky  : 	at android.app.ActivityManager.getAppTasks(ActivityManager.java:2986)
1788697134.201 10311 21108 21150 E Finsky  : 	at auei.j(PG:15)
1788697134.201 10311 21108 21150 E Finsky  : 	at auei.h(PG:18)
1788697134.201 10311 21108 21150 E Finsky  : 	at rjv.ak(PG:9)
1788697134.201 10311 21108 21150 E Finsky  : 	at rjk.b(PG:3)
1788697134.201 10311 21108 21150 E Finsky  : 	at cemj.a(PG:6)
1788697134.201 10311 21108 21150 E Finsky  : 	at bqyj.d(PG:3)
1788697134.201 10311 21108 21150 E Finsky  : 	at bqyl.run(PG:47)
1788697134.201 10311 21108 21150 E Finsky  : 	at casa.run(PG:11)
1788697134.201 10311 21108 21150 E Finsky  : 	at java.util.concurrent.ThreadPoolExecutor.runWorker(ThreadPoolExecutor.java:1100)
1788697134.201 10311 21108 21150 E Finsky  : 	at java.util.concurrent.ThreadPoolExecutor$Worker.run(ThreadPoolExecutor.java:624)
1788697134.201 10311 21108 21150 E Finsky  : 	at unm.run(PG:360)
1788697134.201 10311 21108 21150 E Finsky  : 	at java.lang.Thread.run(Thread.java:1572)
1788697134.202 10311 21108 21150 I Finsky  : [3389] Process started for unknown session.
1788697134.225 10311 21108 21108 I Finsky  : [2] Profiling: Starting up (1)
1788697134.233 10311 21108 21151 I Finsky  : [3390] amgd - Registering in memory receiver for android.intent.action.PACKAGE_ADDED and android.intent.action.PACKAGE_REMOVED
1788697134.283 10311 21108 21154 I Finsky  : [3392] Diff system or version, clear token
1788697134.344 10311 21108 21154 I Finsky  : [3392] Diff app version, maybe clear cache
1788697134.352 10311 21108 21108 I Finsky  : [2] AsyncInit: Mandatory tasks are executed!
1788697134.355 10311 21108 21108 I UniqueNative: redirect table set: 8 rule(s)
1788697134.355 10311 21108 21108 I UniqueNative: io_redirect: 2 exclusion(s) set
1788697134.356 10311 21108 21108 I UniqueNative: io_redirect installed: 0 slot(s) in 1/390 libraries (0 excluded, 0 total), 8 rule(s), page size 4096
1788697134.357 10311 21108 21108 I Unique  : 2026-09-06 19:18:54.356 I NATIVE u0 com.android.vending IO_REDIRECT_INSTALLED status=NOTHING_TO_HOOK watch=OK rules=8 slots=0 scope=/data/user/0/com.unique/files/virtual/apk/com.android.vending/85292140/lib/arm64-v8a,/data/data/com.unique/files/virtual/apk/com.android.vending/85292140/lib/arm64-v8a,/data/user/0/com.unique/files/vi excluded=libgrave.so,libunique_native.so
1788697134.360 10311 21108 21108 I Unique  : 2026-09-06 19:18:54.358 I LAUNCH u0 com.android.vending BOOTSTRAP_OK package=com.android.vending vuid=0 slot=0 applicationClass=com.google.android.finsky.application.classic.ClassicApplication dataDir=/data/user/0/com.unique/files/virtual/users/0/data/com.android.vending sourceDir=/data/user/0/com.unique/files/virtual/apk/com.android.vending/85292140/base.apk nativeLibraryDir=/data/user/0/com.unique/files/virtual/apk/com.android.vending/85292140/lib/arm64-v8a targetSdk=37 observedPackageName=com.android.vending observedFilesDir=/data/user/0/com.unique/files/virtual/users/0/data/com.android.vending/files millis=1912
1788697134.361 10311 21108 21108 I Unique  : 2026-09-06 19:18:54.360 I LAUNCH u0 com.android.vending TRANSACTION_REWRITTEN package=com.android.vending activity=com.google.android.finsky.unauthenticated.activity.UnauthenticatedMainActivity vuid=0 item=LaunchActivityItem theme=2132083448
1788697134.364 10311 21108 21108 I ActivityThread: HardwareRenderer preload  done
1788697134.365 10311 21108 21151 I Finsky  : [3390] Device is eligible for platform Cronet and will attempt to use it.
1788697134.371 10311 20915 20925 I Unique  : 2026-09-06 19:18:54.369 I PROCESS PROVIDER_SLOT_READY slot=0 vuid=0 pid=21108
1788697134.375 10311 21108 21152 D Unique  : 2026-09-06 19:18:54.374 D PROCESS u0 com.android.vending SETTING_ANSWERED setting=ANDROID_ID value=2b9a16faef218d8d
1788697134.378 10311 21108 21177 E Finsky  : [3405] Unexpected android-id = 0
1788697134.384 10311 21108 21155 D Unique  : 2026-09-06 19:18:54.383 D PROCESS u0 com.android.vending SERVICE_INTENT_CROSS_APP action=com.google.android.gms.checkin.BIND_TO_SERVICE target=com.google.android.gms
1788697134.385 10311 21108 21155 D Unique  : 2026-09-06 19:18:54.384 D PROCESS u0 com.android.vending SERVICE_CONNECTION_WRAPPED connection=bhpf
1788697134.393 10311 21108 21179 D MMUD    : mtk_memory_debug_init com.android.vending 0xb400007ddc12a400
1788697134.401 10311 21108 21193 E om.unique:vapp0: setpriority success to 100 : mali-cmar-backend
1788697134.421 10311 21108 21194 D HttpFlagsLoader: Not loading HTTP flags because they are disabled in the manifest
1788697134.428 10311 21108 21194 D Unique  : 2026-09-06 19:18:54.427 D PROCESS u0 com.android.vending PERMISSION_CHECK permission=android.permission.ACCESS_NETWORK_STATE result=GRANTED
1788697134.430 10311 21108 21151 I cn_CronetLibraryLoader: Cronet version: 147.0.7727.132, arch: aarch64
1788697134.433 10311 21108 21154 I Finsky  : [3392] CronetEngine is present. Using Cronet for the networking stack.
1788697134.435 10311 21108 21156 W Finsky  : [3394] For unauth, use getDfeApiNonAuthenticated() instead!
1788697134.441 10311 21108 21201 D Volley  : [3412] oxo.o: Cache cleared.
1788697134.441 10311 21108 21200 I Finsky  : [3411] CronetEngine is present. Using Cronet for the networking stack.
1788697134.460 10311 21108 21151 I Unique  : 2026-09-06 19:18:54.456 I PROCESS u0 com.android.vending COMPONENT_STATE_SET package=com.android.vending vuid=0 component=com.android.vending.AssetBrowserActivity state=1
1788697134.468 10311 20915 20925 W Unique  : 2026-09-06 19:18:54.464 W PROCESS PROVIDER_ROUTE_UNKNOWN vuid=0 authority=[redacted]
1788697134.476 10311 21108 21216 D Unique  : 2026-09-06 19:18:54.475 D PROCESS u0 com.android.vending SERVICE_CONNECTION_WRAPPED connection=bhvu
1788697134.484 10311 21108 21216 I Unique  : 2026-09-06 19:18:54.482 I LAUNCH u0 com.android.vending GMS_BROKER_WRAPPED descriptor=com.google.android.gms.common.internal.IGmsServiceBroker package=com.android.vending
1788697134.485 10311 21108 21216 E Parcel  : Attempt to read from protected data in Parcel 0xb400007b7b15a250
1788697134.485 10311 21108 21216 E Parcel  : Attempt to read from protected data in Parcel 0xb400007b7b15a250
1788697134.485 10311 21108 21216 E Parcel  : Attempt to read from protected data in Parcel 0xb400007b7b15a250
1788697134.485 10311 21108 21216 E Parcel  : Attempt to read from protected data in Parcel 0xb400007b7b15a250
1788697134.485 10311 21108 21216 E Parcel  : Attempt to read from protected data in Parcel 0xb400007b7b15a250
1788697134.485 10311 21108 21216 E Parcel  : Attempt to read from protected data in Parcel 0xb400007b7b15a250
1788697134.486 10311 21108 21216 D Unique  : 2026-09-06 19:18:54.485 D LAUNCH u0 com.android.vending GMS_CALLING_PACKAGE_REWRITTEN from=com.android.vending to=com.unique fields=1
1788697134.492 10311 21108 21216 E GoogleApiManager: Failed to get service from broker.
1788697134.492 10311 21108 21216 E GoogleApiManager: java.lang.SecurityException: PackageVerificationRslt: not allowed: pkg=com.unique, sha256=[9ba75dc6d2c8ccfafcd7e68541960510b5f57d20a08ce6ea61d6da62560a0464], atk=false, ver=263234035.true
1788697134.492 10311 21108 21216 E GoogleApiManager: 	at android.os.Parcel.createExceptionOrNull(Parcel.java:3255)
1788697134.492 10311 21108 21216 E GoogleApiManager: 	at android.os.Parcel.createException(Parcel.java:3239)
1788697134.492 10311 21108 21216 E GoogleApiManager: 	at android.os.Parcel.readException(Parcel.java:3222)
1788697134.492 10311 21108 21216 E GoogleApiManager: 	at android.os.Parcel.readException(Parcel.java:3164)
1788697134.492 10311 21108 21216 E GoogleApiManager: 	at bhuz.t(PG:207)
1788697134.492 10311 21108 21216 E GoogleApiManager: 	at rlu.run(PG:390)
1788697134.492 10311 21108 21216 E GoogleApiManager: 	at android.os.Handler.handleCallback(Handler.java:959)
1788697134.492 10311 21108 21216 E GoogleApiManager: 	at android.os.Handler.dispatchMessage(Handler.java:100)
1788697134.492 10311 21108 21216 E GoogleApiManager: 	at birj.b(PG:1)
1788697134.492 10311 21108 21216 E GoogleApiManager: 	at birj.dispatchMessage(PG:1)
1788697134.492 10311 21108 21216 E GoogleApiManager: 	at android.os.Looper.loopOnce(Looper.java:249)
1788697134.492 10311 21108 21216 E GoogleApiManager: 	at android.os.Looper.loop(Looper.java:337)
1788697134.492 10311 21108 21216 E GoogleApiManager: 	at android.os.HandlerThread.run(HandlerThread.java:85)
1788697134.499 10311 21108 21184 D MMUD    : get_leak_baseline 3246391296
1788697134.501 10311 21108 21150 D Unique  : 2026-09-06 19:18:54.500 D PROCESS u0 com.android.vending PERMISSION_CHECK permission=android.permission.READ_PHONE_STATE result=DENIED
1788697134.502 10311 21108 21150 D Unique  : 2026-09-06 19:18:54.501 D PROCESS u0 com.android.vending PERMISSION_CHECK permission=android.permission.READ_PHONE_STATE result=DENIED
1788697134.503 10311 21108 21150 I Finsky  : [3389] Subscription detail: DataSubscriptionInfo{groupIdLevel1=null, serviceProviderName=[xER0A41FnkDkcUr--nv42un5g0si9ejsHdQ07LYrUS4], simCarrierId=1028}
1788697134.507 10311 21108 21152 W om.unique:vapp0: Long monitor contention with owner LightweightExecutor #0 (v85292140) (21150) at java.lang.Object celw.d()(PG:42) waiters=0 in java.lang.Object celw.d() for 131ms
1788697134.515 10311 21108 21152 I Finsky  : [3391] playLoggingServerUrl: https://play.googleapis.com/play/log
1788697134.515 10311 21108 21152 I Finsky  : [3391] playLoggingServerTimestampUrl: https://play.googleapis.com/play/log/timestamp
1788697134.517 10311 21108 21152 E Finsky  : [3391] Unexpected android-id = 0
1788697134.537 10311 21108 21154 I Finsky  : [3392] playLoggingServerUrl: https://play.googleapis.com/play/log
1788697134.537 10311 21108 21154 I Finsky  : [3392] playLoggingServerTimestampUrl: https://play.googleapis.com/play/log/timestamp
1788697134.538 10311 21108 21154 E Finsky  : [3392] Unexpected android-id = 0
1788697134.541 10311 21108 21108 I Unique  : 2026-09-06 19:18:54.540 I LAUNCH u0 com.android.vending ACTIVITY_HARDWARE_ACCELERATED activity=com.google.android.finsky.unauthenticated.activity.UnauthenticatedMainActivity fromActivityInfo=false applied=true
1788697134.686 10311 21108 21177 W CacheStorage: cache doesn't exist
1788697134.686 10311 21108 21216 D Unique  : 2026-09-06 19:18:54.682 D PROCESS u0 com.android.vending SERVICE_INTENT_CROSS_APP action=com.google.android.gms.phenotype.service.START target=com.google.android.gms
1788697134.687 10311 21108 21216 D Unique  : 2026-09-06 19:18:54.686 D PROCESS u0 com.android.vending SERVICE_CONNECTION_WRAPPED connection=bhvu
1788697134.695 10311 21108 21216 I Unique  : 2026-09-06 19:18:54.694 I LAUNCH u0 com.android.vending GMS_BROKER_WRAPPED descriptor=com.google.android.gms.common.internal.IGmsServiceBroker package=com.android.vending
1788697134.696 10311 21108 21216 E Parcel  : Attempt to read from protected data in Parcel 0xb400007b7b15e9c0
1788697134.697 10311 21108 21216 E Parcel  : Attempt to read from protected data in Parcel 0xb400007b7b15e9c0
1788697134.697 10311 21108 21216 E Parcel  : Attempt to read from protected data in Parcel 0xb400007b7b15e9c0
1788697134.697 10311 21108 21216 E Parcel  : Attempt to read from protected data in Parcel 0xb400007b7b15e9c0
1788697134.697 10311 21108 21216 E Parcel  : Attempt to read from protected data in Parcel 0xb400007b7b15e9c0
1788697134.697 10311 21108 21216 E Parcel  : Attempt to read from protected data in Parcel 0xb400007b7b15e9c0
1788697134.703 10311 21108 21216 D Unique  : 2026-09-06 19:18:54.699 D LAUNCH u0 com.android.vending GMS_CALLING_PACKAGE_REWRITTEN from=com.android.vending to=com.unique fields=1
1788697134.705 10311 21108 21220 I Finsky  : [3427] VerifyApps: Setup app restrictions monitor
1788697134.711 10311 21108 21151 W Finsky.CrashDetector: Read crash info.
1788697134.712 10311 21108 21151 W Finsky.CrashDetector: Failed to delete file: /data/user/0/com.unique/files/virtual/users/0/data/com.android.vending/files/crash85292140.
1788697134.713 10311 21108 21151 I Finsky  : [3390] playLoggingServerUrl: https://play.googleapis.com/play/log
1788697134.713 10311 21108 21151 I Finsky  : [3390] playLoggingServerTimestampUrl: https://play.googleapis.com/play/log/timestamp
1788697134.714 10311 21108 21151 E Finsky  : [3390] Unexpected android-id = 0
1788697134.717 10311 21108 21151 E bqyo    : Got more than one input Future failure. Logging failures after the first
1788697134.717 10311 21108 21151 E bqyo    : java.lang.SecurityException: You either need MANAGE_USERS or CREATE_USERS permission to: query users
1788697134.717 10311 21108 21151 E bqyo    : 	at android.os.Parcel.createExceptionOrNull(Parcel.java:3255)
1788697134.717 10311 21108 21151 E bqyo    : 	at android.os.Parcel.createException(Parcel.java:3239)
1788697134.717 10311 21108 21151 E bqyo    : 	at android.os.Parcel.readException(Parcel.java:3222)
1788697134.717 10311 21108 21151 E bqyo    : 	at android.os.Parcel.readException(Parcel.java:3164)
1788697134.717 10311 21108 21151 E bqyo    : 	at android.os.IUserManager$Stub$Proxy.getUsers(IUserManager.java:2371)
1788697134.717 10311 21108 21151 E bqyo    : 	at android.os.UserManager.getUsers(UserManager.java:4958)
1788697134.717 10311 21108 21151 E bqyo    : 	at android.os.UserManager.getUsers(UserManager.java:4899)
1788697134.717 10311 21108 21151 E bqyo    : 	at android.os.UserManager.getUserCount(UserManager.java:4872)
1788697134.717 10311 21108 21151 E bqyo    : 	at cgzx.am(PG:13)
1788697134.717 10311 21108 21151 E bqyo    : 	at uai.a(PG:104)
1788697134.717 10311 21108 21151 E bqyo    : 	at qek.<init>(PG:9)
1788697134.717 10311 21108 21151 E bqyo    : 	at qez.apply(PG:235)
1788697134.717 10311 21108 21151 E bqyo    : 	at j$.util.Map$-CC.$default$computeIfAbsent(r8-map-id-7a2499a586a538a50fabf9c1055c812b90e72cd6ca196aa294b6b66068e4dba6:10)
1788697134.717 10311 21108 21151 E bqyo    : 	at j$.util.Map$-EL.computeIfAbsent(r8-map-id-7a2499a586a538a50fabf9c1055c812b90e72cd6ca196aa294b6b66068e4dba6:23)
1788697134.717 10311 21108 21151 E bqyo    : 	at auem.k(PG:15)
1788697134.717 10311 21108 21151 E bqyo    : 	at auem.j(PG:13)
1788697134.717 10311 21108 21151 E bqyo    : 	at qeg.a(PG:3)
1788697134.717 10311 21108 21151 E bqyo    : 	at apiy.b(PG:241)
1788697134.717 10311 21108 21151 E bqyo    : 	at rjv.M(PG:118)
1788697134.717 10311 21108 21151 E bqyo    : 	at rko.b(PG:30)
1788697134.717 10311 21108 21151 E bqyo    : 	at cemj.a(PG:6)
1788697134.717 10311 21108 21151 E bqyo    : 	at bqyj.d(PG:3)
1788697134.717 10311 21108 21151 E bqyo    : 	at bqyl.run(PG:47)
1788697134.717 10311 21108 21151 E bqyo    : 	at casa.run(PG:11)
1788697134.717 10311 21108 21151 E bqyo    : 	at java.util.concurrent.ThreadPoolExecutor.runWorker(ThreadPoolExecutor.java:1100)
1788697134.717 10311 21108 21151 E bqyo    : 	at java.util.concurrent.ThreadPoolExecutor$Worker.run(ThreadPoolExecutor.java:624)
1788697134.717 10311 21108 21151 E bqyo    : 	at unm.run(PG:360)
1788697134.717 10311 21108 21151 E bqyo    : 	at java.lang.Thread.run(Thread.java:1572)
1788697134.720 10311 21108 21220 I Finsky  : [3427] VerifyApps: Device wide unknown source restriction updated
1788697134.720 10311 21108 21151 W Settings: Setting download_manager_max_bytes_over_mobile has moved from android.provider.Settings.Secure to android.provider.Settings.Global.
1788697134.723 10311 21108 21151 I Finsky  : [3390] SettingNotFoundException for download_manager_max_bytes_over_mobile
1788697134.724 10311 21108 21151 W Settings: Setting download_manager_recommended_max_bytes_over_mobile has moved from android.provider.Settings.Secure to android.provider.Settings.Global.
1788697134.723 10311 21108 21199 W CacheStorage: cache doesn't exist
1788697134.733 10311 21108 21151 I Finsky  : [3390] registerListener
1788697134.735 10311 21108 21151 I Finsky  : [3390] DFS: Listener added for uny@6f9b101
1788697134.736 10311 21108 21151 I Finsky  : [3390] registerListener
1788697134.748 10311 21108 21200 D Unique  : 2026-09-06 19:18:54.744 D PROCESS u0 com.android.vending SETTING_ANSWERED setting=ANDROID_ID value=2b9a16faef218d8d
1788697134.753 10311 21108 21216 D Unique  : 2026-09-06 19:18:54.752 D PROCESS u0 com.android.vending SERVICE_INTENT_CROSS_APP action=com.google.android.gms.safetynet.service.START target=com.google.android.gms
1788697134.754 10311 21108 21216 D Unique  : 2026-09-06 19:18:54.753 D PROCESS u0 com.android.vending SERVICE_CONNECTION_WRAPPED connection=bhvu
1788697134.776 10311 21108 21216 I Unique  : 2026-09-06 19:18:54.772 I LAUNCH u0 com.android.vending GMS_BROKER_WRAPPED descriptor=com.google.android.gms.common.internal.IGmsServiceBroker package=com.android.vending
1788697134.777 10311 21108 21151 I Finsky  : [3390] Enqueuing libraries load for 0
1788697134.778 10311 21108 21216 E Parcel  : Attempt to read from protected data in Parcel 0xb400007b7b15d6a0
1788697134.778 10311 21108 21216 E Parcel  : Attempt to read from protected data in Parcel 0xb400007b7b15d6a0
1788697134.778 10311 21108 21216 E Parcel  : Attempt to read from protected data in Parcel 0xb400007b7b15d6a0
1788697134.778 10311 21108 21216 E Parcel  : Attempt to read from protected data in Parcel 0xb400007b7b15d6a0
1788697134.778 10311 21108 21216 E Parcel  : Attempt to read from protected data in Parcel 0xb400007b7b15d6a0
1788697134.778 10311 21108 21216 E Parcel  : Attempt to read from protected data in Parcel 0xb400007b7b15d6a0
1788697134.778 10311 21108 21166 I Finsky  : [3401] Starting libraries load for 0
1788697134.781 10311 21108 21216 D Unique  : 2026-09-06 19:18:54.778 D LAUNCH u0 com.android.vending GMS_CALLING_PACKAGE_REWRITTEN from=com.android.vending to=com.unique fields=1
1788697134.792 10311 21108 21166 I Finsky  : [3401] Finished loading 0 libraries.
1788697134.796 10311 21108 21220 I Finsky  : [3427] VerifyApps: Updating ADI Warn Mode activity enabled state
1788697134.804 10311 21108 21199 I Finsky  : [3410] VerifyApps: Resolving target for ADI Warn Mode activity
1788697134.806 10311 21108 21199 I Finsky  : [3410] VerifyApps: Feature flag disabled, ADI Warn Mode activity target not resolved
1788697134.806 10311 21108 21216 D Unique  : 2026-09-06 19:18:54.804 D PROCESS u0 com.android.vending SERVICE_INTENT_CROSS_APP action=com.google.android.gms.clearcut.service.START target=com.google.android.gms
1788697134.807 10311 21108 21216 D Unique  : 2026-09-06 19:18:54.806 D PROCESS u0 com.android.vending SERVICE_CONNECTION_WRAPPED connection=bhvu
1788697134.815 10311 21108 21216 I Unique  : 2026-09-06 19:18:54.814 I LAUNCH u0 com.android.vending GMS_BROKER_WRAPPED descriptor=com.google.android.gms.common.internal.IGmsServiceBroker package=com.android.vending
1788697134.823 10311 21108 21199 I Unique  : 2026-09-06 19:18:54.808 I PROCESS u0 com.android.vending COMPONENT_STATE_SET package=com.android.vending vuid=0 component=com.google.android.finsky.verifier.impl.scan.adi.AdiWarnModeTrampolineActivity state=0
1788697134.824 10311 21108 21199 I Finsky  : [3410] VerifyApps: Successfully updated the ADI Warn Mode activity to disabled
1788697134.825 10311 21108 21216 E Parcel  : Attempt to read from protected data in Parcel 0xb400007b7b15e270
1788697134.826 10311 21108 21216 E Parcel  : Attempt to read from protected data in Parcel 0xb400007b7b15e270
1788697134.826 10311 21108 21216 E Parcel  : Attempt to read from protected data in Parcel 0xb400007b7b15e270
1788697134.827 10311 21108 21216 E Parcel  : Attempt to read from protected data in Parcel 0xb400007b7b15e270
1788697134.827 10311 21108 21216 E Parcel  : Attempt to read from protected data in Parcel 0xb400007b7b15e270
1788697134.827 10311 21108 21216 E Parcel  : Attempt to read from protected data in Parcel 0xb400007b7b15e270
1788697134.830 10311 21108 21216 D Unique  : 2026-09-06 19:18:54.827 D LAUNCH u0 com.android.vending GMS_CALLING_PACKAGE_REWRITTEN from=com.android.vending to=com.unique fields=1
1788697134.832 10311 21108 21112 I om.unique:vapp0: Background concurrent mark compact GC freed 33MB AllocSpace bytes, 29(2140KB) LOS objects, 49% free, 15MB/30MB, paused 2.184ms,1.540ms total 222.727ms
1788697134.864 10311 21108 21199 D Unique  : 2026-09-06 19:18:54.863 D PROCESS u0 com.android.vending PERMISSION_CHECK permission=android.permission.READ_PHONE_STATE result=DENIED
1788697134.865 10311 21108 21199 D Unique  : 2026-09-06 19:18:54.864 D PROCESS u0 com.android.vending PERMISSION_CHECK permission=android.permission.READ_PHONE_STATE result=DENIED
1788697134.866 10311 21108 21216 D Unique  : 2026-09-06 19:18:54.865 D PROCESS u0 com.android.vending SERVICE_CONNECTION_WRAPPED connection=bhvu
1788697134.883 10311 21108 21216 I Unique  : 2026-09-06 19:18:54.882 I LAUNCH u0 com.android.vending GMS_BROKER_WRAPPED descriptor=com.google.android.gms.common.internal.IGmsServiceBroker package=com.android.vending
1788697134.885 10311 21108 21237 D Unique  : 2026-09-06 19:18:54.883 D PROCESS u0 com.android.vending SERVICE_INTENT_CROSS_APP action=com.google.android.gms.droidguard.service.START target=com.google.android.gms
1788697134.885 10311 21108 21200 I Finsky  : [3411] GL extensions crashed before, no point in re-fetching.
1788697134.886 10311 21108 21237 D Unique  : 2026-09-06 19:18:54.885 D PROCESS u0 com.android.vending SERVICE_CONNECTION_WRAPPED connection=bhvu
1788697134.887 10311 21108 21199 D Unique  : 2026-09-06 19:18:54.886 D PROCESS u0 com.android.vending PERMISSION_CHECK permission=android.permission.READ_PHONE_STATE result=DENIED
1788697134.890 10311 21108 21199 D Unique  : 2026-09-06 19:18:54.888 D PROCESS u0 com.android.vending PERMISSION_CHECK permission=android.permission.READ_PHONE_STATE result=DENIED
1788697134.891 10311 21108 21108 W libc    : Access denied finding property "persist.vendor.camera.IsVariableApertureSupported"
1788697134.891 10311 21108 21108 W libc    : Access denied finding property "persist.vendor.camera.IsStreetModeSupported"
1788697134.891 10311 21108 21216 E Parcel  : Attempt to read from protected data in Parcel 0xb400007b7b15d460
1788697134.891 10311 21108 21216 E Parcel  : Attempt to read from protected data in Parcel 0xb400007b7b15d460
1788697134.891 10311 21108 21216 E Parcel  : Attempt to read from protected data in Parcel 0xb400007b7b15d460
1788697134.891 10311 21108 21216 E Parcel  : Attempt to read from protected data in Parcel 0xb400007b7b15d460
1788697134.891 10311 21108 21216 E Parcel  : Attempt to read from protected data in Parcel 0xb400007b7b15d460
1788697134.891 10311 21108 21216 E Parcel  : Attempt to read from protected data in Parcel 0xb400007b7b15d460
1788697134.892 10311 21108 21108 D Unique  : 2026-09-06 19:18:54.892 D PROCESS u0 com.android.vending PERMISSION_CHECK permission=android.permission.INTERACT_ACROSS_USERS result=DENIED
1788697134.894 10311 21108 21216 D Unique  : 2026-09-06 19:18:54.892 D LAUNCH u0 com.android.vending GMS_CALLING_PACKAGE_REWRITTEN from=com.android.vending to=com.unique fields=1
1788697134.897 10311 21108 21199 W EpFrameworkFactory: activated: false jar exist: false
1788697134.898 10311 21108 21216 I Unique  : 2026-09-06 19:18:54.897 I LAUNCH u0 com.android.vending GMS_BROKER_WRAPPED descriptor=com.google.android.gms.common.internal.IGmsServiceBroker package=com.android.vending
1788697134.899 10311 21108 21237 E Parcel  : Attempt to read from protected data in Parcel 0xb400007b7b158c60
1788697134.899 10311 21108 21237 E Parcel  : Attempt to read from protected data in Parcel 0xb400007b7b158c60
1788697134.899 10311 21108 21237 E Parcel  : Attempt to read from protected data in Parcel 0xb400007b7b158c60
1788697134.899 10311 21108 21237 E Parcel  : Attempt to read from protected data in Parcel 0xb400007b7b158c60
1788697134.899 10311 21108 21237 E Parcel  : Attempt to read from protected data in Parcel 0xb400007b7b158c60
1788697134.899 10311 21108 21237 E Parcel  : Attempt to read from protected data in Parcel 0xb400007b7b158c60
1788697134.901 10311 21108 21237 D Unique  : 2026-09-06 19:18:54.900 D LAUNCH u0 com.android.vending GMS_CALLING_PACKAGE_REWRITTEN from=com.android.vending to=com.unique fields=1
1788697134.904 10311 21108 21237 E AndroidRuntime: FATAL EXCEPTION: DG
1788697134.904 10311 21108 21237 E AndroidRuntime: Process: com.android.vending, PID: 21108
1788697134.904 10311 21108 21237 E AndroidRuntime: java.lang.SecurityException: PackageVerificationRslt: not allowed: pkg=com.unique, sha256=[9ba75dc6d2c8ccfafcd7e68541960510b5f57d20a08ce6ea61d6da62560a0464], atk=false, ver=263234035.true
1788697134.904 10311 21108 21237 E AndroidRuntime: 	at android.os.Parcel.createExceptionOrNull(Parcel.java:3255)
1788697134.904 10311 21108 21237 E AndroidRuntime: 	at android.os.Parcel.createException(Parcel.java:3239)
1788697134.904 10311 21108 21237 E AndroidRuntime: 	at android.os.Parcel.readException(Parcel.java:3222)
1788697134.904 10311 21108 21237 E AndroidRuntime: 	at android.os.Parcel.readException(Parcel.java:3164)
1788697134.904 10311 21108 21237 E AndroidRuntime: 	at bhuz.t(PG:207)
1788697134.904 10311 21108 21237 E AndroidRuntime: 	at bhuw.a(PG:14)
1788697134.904 10311 21108 21237 E AndroidRuntime: 	at bhuy.b(PG:7)
1788697134.904 10311 21108 21237 E AndroidRuntime: 	at bhup.c(PG:9)
1788697134.904 10311 21108 21237 E AndroidRuntime: 	at bhus.handleMessage(PG:258)
1788697134.904 10311 21108 21237 E AndroidRuntime: 	at android.os.Handler.dispatchMessage(Handler.java:107)
1788697134.904 10311 21108 21237 E AndroidRuntime: 	at birj.b(PG:1)
1788697134.904 10311 21108 21237 E AndroidRuntime: 	at birj.dispatchMessage(PG:1)
1788697134.904 10311 21108 21237 E AndroidRuntime: 	at android.os.Looper.loopOnce(Looper.java:249)
1788697134.904 10311 21108 21237 E AndroidRuntime: 	at android.os.Looper.loop(Looper.java:337)
1788697134.904 10311 21108 21237 E AndroidRuntime: 	at android.os.HandlerThread.run(HandlerThread.java:85)
1788697134.905 10311 21108 21199 I Finsky  : [3410] Initializing FirebaseApp
1788697134.919 10311 20915 20925 W Unique  : 2026-09-06 19:18:54.917 W PROCESS PROVIDER_ROUTE_UNKNOWN vuid=0 authority=[redacted]
1788697134.926 10311 21108 21237 W Finsky.CrashDetector: Failed to delete file: /data/user/0/com.unique/files/virtual/users/0/data/com.android.vending/files/crash85292140.
1788697134.929 10311 21108 21237 I Finsky  : [3433] playLoggingServerUrl: https://play.googleapis.com/play/log
1788697134.929 10311 21108 21237 I Finsky  : [3433] playLoggingServerTimestampUrl: https://play.googleapis.com/play/log/timestamp
1788697134.929 10311 21108 21237 E Finsky  : [3433] Unexpected android-id = 0
1788697134.931 10311 21108 21166 W libc    : Access denied finding property "vendor.migl.debug"
1788697134.931 10311 21108 21166 I libMiGL : EnableDR: 0
1788697134.933 10311 21108 21108 W WindowOnBackDispatcher: OnBackInvokedCallback is not enabled for the application.
1788697134.933 10311 21108 21108 W WindowOnBackDispatcher: Set 'android:enableOnBackInvokedCallback="true"' in the application manifest.
1788697134.934 10311 21108 21166 D libMEOW : meow new tls: 0xb400007c7b250150
1788697134.935 10311 21108 21237 I Finsky  : [3433] playLoggingServerUrl: https://play.googleapis.com/play/log
1788697134.935 10311 21108 21237 I Finsky  : [3433] playLoggingServerTimestampUrl: https://play.googleapis.com/play/log/timestamp
1788697134.935 10311 21108 21166 D libMEOW : meow reload base cfg path: na
1788697134.935 10311 21108 21166 D libMEOW : meow reload overlay cfg path: na
1788697134.935 10311 21108 21166 D libMEOW : applied 1 plugins for [com.android.vending]:
1788697134.935 10311 21108 21166 D libMEOW :   plugin 1: [libMEOW_gift.so]:
1788697134.936 10311 21108 21237 E Finsky  : [3433] Unexpected android-id = 0
1788697134.937 10311 21108 21166 D MMUD    : mtk_memory_debug_init com.android.vending 0xb400007ddc036400
1788697134.938 10311 21108 21108 W libc    : Access denied finding property "ro.vendor.df.effect.conflict"
1788697134.938 10311 21108 21254 E om.unique:vapp0: setpriority success to 100 : mali-cmar-backend
1788697134.938 10311 21108 21199 W ComponentDiscovery: Class com.google.firebase.installations.FirebaseInstallationsKtxRegistrar is not an found.
1788697134.940 10311 21108 21237 E Unique  : 2026-09-06 19:18:54.937 E CRASH u0 com.android.vending UNCAUGHT_EXCEPTION thread=DG component=com.unique:vapp0 reason=SecurityException: PackageVerificationRslt: not allowed: pkg=com.unique, sha256=[9ba75dc6d2c8ccfafcd7e68541960510b5f57d20a08ce6ea61d6da62560a0464], atk=false, ver=263234035.true
1788697134.940 10311 21108 21237 E Unique  : java.lang.SecurityException: PackageVerificationRslt: not allowed: pkg=com.unique, sha256=[9ba75dc6d2c8ccfafcd7e68541960510b5f57d20a08ce6ea61d6da62560a0464], atk=false, ver=263234035.true
1788697134.940 10311 21108 21237 E Unique  : 	at android.os.Parcel.createExceptionOrNull(Parcel.java:3255)
1788697134.940 10311 21108 21237 E Unique  : 	at android.os.Parcel.createException(Parcel.java:3239)
1788697134.940 10311 21108 21237 E Unique  : 	at android.os.Parcel.readException(Parcel.java:3222)
1788697134.940 10311 21108 21237 E Unique  : 	at android.os.Parcel.readException(Parcel.java:3164)
1788697134.940 10311 21108 21237 E Unique  : 	at bhuz.t(PG:207)
1788697134.940 10311 21108 21237 E Unique  : 	at bhuw.a(PG:14)
1788697134.940 10311 21108 21237 E Unique  : 	at bhuy.b(PG:7)
1788697134.940 10311 21108 21237 E Unique  : 	at bhup.c(PG:9)
1788697134.940 10311 21108 21237 E Unique  : 	at bhus.handleMessage(PG:258)
1788697134.940 10311 21108 21237 E Unique  : 	at android.os.Handler.dispatchMessage(Handler.java:107)
1788697134.940 10311 21108 21237 E Unique  : 	at birj.b(PG:1)
1788697134.940 10311 21108 21237 E Unique  : 	at birj.dispatchMessage(PG:1)
1788697134.940 10311 21108 21237 E Unique  : 	at android.os.Looper.loopOnce(Looper.java:249)
1788697134.940 10311 21108 21237 E Unique  : 	at android.os.Looper.loop(Looper.java:337)
1788697134.940 10311 21108 21237 E Unique  : 	at android.os.HandlerThread.run(HandlerThread.java:85)
1788697134.942 10311 20915 20925 I Unique  : 2026-09-06 19:18:54.942 I PROCESS DIAGNOSTICS_RECEIVED process=:vapp0 lines=1
1788697134.943 10311 21108 21119 W MIUIScout App: Enter APP_SCOUT_WARNING State
1788697134.944 10311 21108 21119 W MIUIScout App:  (Current message: duration=2500ms seq=4 late=6ms h=android.app.ActivityThread$H w=159)
1788697134.944 10311 21108 21237 W ScoutUtils: Failed to mkdir /data/miuilog/stability/hprof/
1788697134.945 10311 21108 21199 I FirebaseApp: Device unlocked: initializing all Firebase APIs for app [DEFAULT]
1788697134.946 10311 21108 21255 W MIUIScout App: Event:APP_SCOUT_WARNING Thread:main backtrace:
1788697134.946 10311 21108 21255 W MIUIScout App:     at rmp.e(PG:103)
1788697134.946 10311 21108 21255 W MIUIScout App:     at rmp.a(PG:456)
1788697134.946 10311 21108 21255 W MIUIScout App:     at celw.d(PG:10)
1788697134.946 10311 21108 21255 W MIUIScout App:     at celw.a(PG:7)
1788697134.946 10311 21108 21255 W MIUIScout App:     at rmp.d(PG:1729)
1788697134.946 10311 21108 21255 W MIUIScout App:     at rmp.a(PG:461)
1788697134.946 10311 21108 21255 W MIUIScout App:     at celw.d(PG:10)
1788697134.946 10311 21108 21255 W MIUIScout App:     at celw.a(PG:7)
1788697134.946 10311 21108 21255 W MIUIScout App:     at com.google.android.finsky.unauthenticated.activity.UnauthenticatedMainActivity.onResume(PG:34)
1788697134.946 10311 21108 21255 W MIUIScout App:     at android.app.Instrumentation.callActivityOnResume(Instrumentation.java:1733)
1788697134.946 10311 21108 21255 W MIUIScout App:     at android.app.Activity.performResume(Activity.java:9378)
1788697134.946 10311 21108 21255 W MIUIScout App:     at android.app.ActivityThread.performResumeActivity(ActivityThread.java:5712)
1788697134.946 10311 21108 21255 W MIUIScout App:     at android.app.ActivityThread.handleResumeActivity(ActivityThread.java:5758)
1788697134.946 10311 21108 21255 W MIUIScout App:     at android.app.servertransaction.ResumeActivityItem.execute(ResumeActivityItem.java:57)
1788697134.946 10311 21108 21255 W MIUIScout App:     at android.app.servertransaction.ActivityTransactionItem.execute(ActivityTransactionItem.java:60)
1788697134.946 10311 21108 21255 W MIUIScout App:     at android.app.servertransaction.TransactionExecutor.executeLifecycleItem(TransactionExecutor.java:237)
1788697134.946 10311 21108 21255 W MIUIScout App:     at android.app.servertransaction.TransactionExecutor.executeTransactionItems(TransactionExecutor.java:110)
1788697134.946 10311 21108 21255 W MIUIScout App:     at android.app.servertransaction.TransactionExecutor.execute(TransactionExecutor.java:84)
1788697134.946 10311 21108 21255 W MIUIScout App:     at android.app.ActivityThread$H.handleMessage(ActivityThread.java:2878)
1788697134.946 10311 21108 21255 W MIUIScout App:     at android.os.Handler.dispatchMessage(Handler.java:107)
1788697134.946 10311 21108 21255 W MIUIScout App:     at android.os.Looper.loopOnce(Looper.java:249)
1788697134.946 10311 21108 21255 W MIUIScout App:     at android.os.Looper.loop(Looper.java:337)
1788697134.946 10311 21108 21255 W MIUIScout App:     at android.app.ActivityThread.main(ActivityThread.java:9469)
1788697134.946 10311 21108 21255 W MIUIScout App:     at java.lang.reflect.Method.invoke(Native Method)
1788697134.946 10311 21108 21255 W MIUIScout App:     at com.android.internal.os.RuntimeInit$MethodAndArgsCaller.run(RuntimeInit.java:636)
1788697134.946 10311 21108 21255 W MIUIScout App:     at com.android.internal.os.ZygoteInit.main(ZygoteInit.java:1005)
1788697134.958 10311 21108 21108 I PowerHalWrapper: PowerHalWrapper.getInstance
1788697134.958 10311 21108 21108 I M-ProMotion: M-ProMotion is disabled
1788697134.962 10311 21108 21259 I PowerHalWrapper: PowerHalWrapper.getInstance
1788697134.971 10311 21108 21264 D Unique  : 2026-09-06 19:18:54.970 D PROCESS u0 com.android.vending PERMISSION_CHECK permission=android.permission.WAKE_LOCK result=GRANTED
1788697134.975 10311 21108 21264 D Unique  : 2026-09-06 19:18:54.974 D PROCESS u0 com.android.vending PERMISSION_CHECK permission=android.permission.ACCESS_NETWORK_STATE result=GRANTED
1788697134.975 10311 21108 21108 I SurfaceFactory: [static] sSurfaceFactory = com.mediatek.view.impl.SurfaceFactoryImpl@fe957ba
1788697134.990 10311 21108 21108 D MiuiCameraCoveredManager: java.lang.NullPointerException: Attempt to invoke virtual method 'java.lang.String android.provider.MiuiSettings$SettingsCloudData$CloudData.getString(java.lang.String, java.lang.String)' on a null object reference
1788697134.990 10311 21108 21108 W libc    : Access denied finding property "ro.vendor.perf.scroll_opt"
1788697134.990 10311 21108 21237 I Process : 	at android.os.Process.killProcess(Process.java:1465)
1788697134.990 10311 21108 21237 I Process : 	at com.android.internal.os.RuntimeInit$KillApplicationHandler.uncaughtException(RuntimeInit.java:236)
1788697134.990 10311 21108 21237 I Process : 	at com.unique.core.diagnostics.CrashGuard.install$lambda$0(CrashGuard.kt:75)
1788697134.990 10311 21108 21237 I Process : 	at com.unique.core.diagnostics.CrashGuard.$r8$lambda$NI_pMGpIsX0lyNyovG1fYpnCltQ(CrashGuard.kt:0)
1788697134.990 10311 21108 21237 I Process : 	at com.unique.core.diagnostics.CrashGuard$$ExternalSyntheticLambda0.uncaughtException(D8$$SyntheticClass:0)
1788697134.990 10311 21108 21237 I Process : 	at bmkh.uncaughtException(PG:215)
1788697134.990 10311 21108 21237 I Process : 	at java.lang.ThreadGroup.uncaughtException(ThreadGroup.java:1098)
1788697134.990 10311 21108 21237 I Process : 	at java.lang.ThreadGroup.uncaughtException(ThreadGroup.java:1093)
1788697134.990 10311 21108 21237 I Process : 	at java.lang.Thread.dispatchUncaughtException(Thread.java:3387)
1788697135.025 10311 20915 20960 E com.unique: checkIfsupportxIntfps do not binder to joyose
1788697135.039 10311 20915 20915 D SurfaceView: UPDATE Surface(name=SurfaceView[com.unique/com.unique.app.MainActivity]#58879)/@0xfd0fc91, mIsProjectionMode = false
1788697135.049 10311 20915 20942 E com.unique: FrameInsert open fail: No such file or directory
1788697136.327 10311 20915 20921 W com.unique: ApkAssets: Deleting an ApkAssets object '<empty> and /data/user/0/com.unique/files/virtual/apk/com.android.vending/85292140/base.apk' with 1 weak references
1788697136.327 10311 20915 20921 W com.unique: ApkAssets: Deleting an ApkAssets object '<empty> and /data/user/0/com.unique/files/virtual/apk/com.android.vending/85292140/split_config.arm64_v8a.apk' with 1 weak references
1788697136.327 10311 20915 20921 W com.unique: ApkAssets: Deleting an ApkAssets object '<empty> and /data/user/0/com.unique/files/virtual/apk/com.android.vending/85292140/split_config.ru.apk' with 1 weak references
1788697136.327 10311 20915 20921 W com.unique: ApkAssets: Deleting an ApkAssets object '<empty> and /data/user/0/com.unique/files/virtual/apk/com.android.vending/85292140/split_phonesky_data_loader.apk' with 1 weak references
1788697136.327 10311 20915 20921 W com.unique: ApkAssets: Deleting an ApkAssets object '<empty> and /data/user/0/com.unique/files/virtual/apk/com.android.vending/85292140/split_phonesky_webrtc_native_lib.apk' with 1 weak references
1788697136.335 10311 20915 20915 W WindowOnBackDispatcher: sendCancelIfRunning: isInProgress=false callback=io.flutter.embedding.android.FlutterActivity$1@a3b05e9
1788697137.670 10311 20915 20915 W WindowOnBackDispatcher: sendCancelIfRunning: isInProgress=false callback=io.flutter.embedding.android.FlutterActivity$1@a3b05e9
1788697137.675 10311 20915 20999 I Unique  : 2026-09-06 19:18:57.674 I PROCESS PROCESS_RELEASED slot=:vapp0 reason=removed
1788697137.707 10311 20915 20999 I Unique  : 2026-09-06 19:18:57.706 I PROCESS BROADCAST_ROUTER_READY instances=0 actions=70 authorities=[redacted]
1788697138.706 10311 20915 20921 W com.unique: ApkAssets: Deleting an ApkAssets object '<empty> and /data/app/~~fbMIfb5bQRSeDV4qN5JbrQ==/com.openai.chatgpt-yAR_zbiyMnEL0nkU87BC5A==/base.apk' with 1 weak references
1788697138.706 10311 20915 20921 W com.unique: ApkAssets: Deleting an ApkAssets object '<empty> and /data/app/~~fbMIfb5bQRSeDV4qN5JbrQ==/com.openai.chatgpt-yAR_zbiyMnEL0nkU87BC5A==/split_config.arm64_v8a.apk' with 1 weak references
1788697138.707 10311 20915 20921 W com.unique: ApkAssets: Deleting an ApkAssets object '<empty> and /data/app/~~fbMIfb5bQRSeDV4qN5JbrQ==/com.openai.chatgpt-yAR_zbiyMnEL0nkU87BC5A==/split_config.ru.apk' with 1 weak references
1788697138.707 10311 20915 20921 W com.unique: ApkAssets: Deleting an ApkAssets object '<empty> and /data/app/~~fbMIfb5bQRSeDV4qN5JbrQ==/com.openai.chatgpt-yAR_zbiyMnEL0nkU87BC5A==/split_config.xxhdpi.apk' with 1 weak references
1788697138.708 10311 20915 20921 W com.unique: ApkAssets: Deleting an ApkAssets object '<empty> and /data/app/~~dIzM8R2VKNcseUPYkR7YfA==/com.google.android.marvin.talkback-RoQSRwhE9YHg1ajuoB0gqg==/base.apk' with 1 weak references
1788697138.709 10311 20915 20921 W com.unique: ApkAssets: Deleting an ApkAssets object '<empty> and /data/app/~~dIzM8R2VKNcseUPYkR7YfA==/com.google.android.marvin.talkback-RoQSRwhE9YHg1ajuoB0gqg==/split_config.arm64_v8a.apk' with 1 weak references
1788697138.710 10311 20915 20921 W com.unique: ApkAssets: Deleting an ApkAssets object '<empty> and /data/app/~~ItA4ATnc7x5tZxxil8RoQQ==/com.google.android.googlequicksearchbox-B34OqsIBVDUACIIcm8JfnA==/base.apk' with 1 weak references
1788697138.712 10311 20915 20921 W com.unique: ApkAssets: Deleting an ApkAssets object '<empty> and /data/app/~~ItA4ATnc7x5tZxxil8RoQQ==/com.google.android.googlequicksearchbox-B34OqsIBVDUACIIcm8JfnA==/split_config.xxhdpi.apk' with 1 weak references
1788697138.712 10311 20915 20921 W com.unique: ApkAssets: Deleting an ApkAssets object '<empty> and /data/app/~~ItA4ATnc7x5tZxxil8RoQQ==/com.google.android.googlequicksearchbox-B34OqsIBVDUACIIcm8JfnA==/split_lens_ondevice_engine_feature_module.apk' with 1 weak references
1788697138.712 10311 20915 20921 W com.unique: ApkAssets: Deleting an ApkAssets object '<empty> and /data/app/~~ItA4ATnc7x5tZxxil8RoQQ==/com.google.android.googlequicksearchbox-B34OqsIBVDUACIIcm8JfnA==/split_lens_ondevice_engine_play_ml_module.apk' with 1 weak references
1788697138.712 10311 20915 20921 W com.unique: ApkAssets: Deleting an ApkAssets object '<empty> and /data/app/~~XQmPOPV_XxINA_jPcGmsIQ==/com.miui.screenrecorder-G-XBxKJvovi92jNh9l3JIQ==/base.apk' with 1 weak references
1788697138.713 10311 20915 20921 W com.unique: ApkAssets: Deleting an ApkAssets object '<empty> and /system_ext/priv-app/RtMiCloudSDK/RtMiCloudSDK.apk' with 4 weak references
1788697138.713 10311 20915 20921 W com.unique: ApkAssets: Deleting an ApkAssets object '<empty> and /system_ext/app/miuisystem/miuisystem.apk' with 6 weak references
1788697138.713 10311 20915 20921 W com.unique: ApkAssets: Deleting an ApkAssets object '<empty> and /data/app/GlobalWPSLITE/base.apk' with 1 weak references
1788697138.713 10311 20915 20921 W com.unique: ApkAssets: Deleting an ApkAssets object '<empty> and /data/app/~~rg2DbhTU1ND5cF8h23oQew==/org.telegram.messenger-ssp6zHI1umWAqjB0ibq88A==/base.apk' with 1 weak references
1788697138.714 10311 20915 20921 W com.unique: ApkAssets: Deleting an ApkAssets object '<empty> and /data/app/~~rg2DbhTU1ND5cF8h23oQew==/org.telegram.messenger-ssp6zHI1umWAqjB0ibq88A==/split_config.arm64_v8a.apk' with 1 weak references
1788697138.714 10311 20915 20921 W com.unique: ApkAssets: Deleting an ApkAssets object '<empty> and /data/app/~~rg2DbhTU1ND5cF8h23oQew==/org.telegram.messenger-ssp6zHI1umWAqjB0ibq88A==/split_config.ru.apk' with 1 weak references
1788697138.714 10311 20915 20921 W com.unique: ApkAssets: Deleting an ApkAssets object '<empty> and /data/app/~~rg2DbhTU1ND5cF8h23oQew==/org.telegram.messenger-ssp6zHI1umWAqjB0ibq88A==/split_config.xxhdpi.apk' with 1 weak references
1788697138.714 10311 20915 20921 W com.unique: ApkAssets: Deleting an ApkAssets object '<empty> and /data/app/~~KJXAelHloRLMhXRuCgXfsA==/com.termux.x11-osj7xncZ_M4TKFTgtNfUvQ==/base.apk' with 1 weak references
1788697138.714 10311 20915 20921 W com.unique: ApkAssets: Deleting an ApkAssets object '<empty> and /data/app/~~QQHHYxwNPykiSC3FoxXBWw==/com.gordey.standarling-qi6-h5086vrmRTcPTW755g==/base.apk' with 1 weak references
1788697138.714 10311 20915 20921 W com.unique: ApkAssets: Deleting an ApkAssets object '<empty> and /data/app/~~hmK1R5MXm77mIxebqB1UWg==/de.szalkowski.activitylauncher-U8OB-FYSopjrnRHsZdEEww==/base.apk' with 1 weak references
1788697138.715 10311 20915 20921 W com.unique: ApkAssets: Deleting an ApkAssets object '<empty> and /data/app/~~hmK1R5MXm77mIxebqB1UWg==/de.szalkowski.activitylauncher-U8OB-FYSopjrnRHsZdEEww==/split_config.arm64_v8a.apk' with 1 weak references
1788697138.715 10311 20915 20921 W com.unique: ApkAssets: Deleting an ApkAssets object '<empty> and /data/app/~~hmK1R5MXm77mIxebqB1UWg==/de.szalkowski.activitylauncher-U8OB-FYSopjrnRHsZdEEww==/split_config.xxhdpi.apk' with 1 weak references
1788697138.715 10311 20915 20921 W com.unique: ApkAssets: Deleting an ApkAssets object '<empty> and /data/app/~~LvuV9aG6AJttZ9KZG9DfUQ==/nu.gpu.nagram-piHbsnG6qKY0S-0pb2n_mg==/base.apk' with 1 weak references
1788697138.715 10311 20915 20921 W com.unique: ApkAssets: Deleting an ApkAssets object '<empty> and /data/app/~~FbOmbJprFej1zimcVmUamg==/com.google.android.apps.authenticator2-spHVZ5FEndpJKCz3wWEkSA==/base.apk' with 1 weak references
1788697138.715 10311 20915 20921 W com.unique: ApkAssets: Deleting an ApkAssets object '<empty> and /data/app/~~FbOmbJprFej1zimcVmUamg==/com.google.android.apps.authenticator2-spHVZ5FEndpJKCz3wWEkSA==/split_config.ru.apk' with 1 weak references
1788697138.718 10311 20915 20921 W com.unique: ApkAssets: Deleting an ApkAssets object '<empty> and /data/app/~~FbOmbJprFej1zimcVmUamg==/com.google.android.apps.authenticator2-spHVZ5FEndpJKCz3wWEkSA==/split_config.xxhdpi.apk' with 1 weak references
1788697138.719 10311 20915 20921 W com.unique: ApkAssets: Deleting an ApkAssets object '<empty> and /data/app/MIUISoundRecorderTargetSdk30Global/base.apk' with 1 weak references
1788697138.719 10311 20915 20921 W com.unique: ApkAssets: Deleting an ApkAssets object '<empty> and /data/app/~~jD-_UzuxAsOgbh6KR6hmBQ==/moe.shizuku.privileged.api-cQKJ66hF6rbFA6IGkaIRVQ==/base.apk' with 1 weak references
1788697138.719 10311 20915 20921 W com.unique: ApkAssets: Deleting an ApkAssets object '<empty> and /data/app/~~ybthXu1lfLhXH0A_ezjXOQ==/com.Chillow.CustomRise-jbRzsHDPDsDqtF4ya8mKFQ==/base.apk' with 1 weak references
1788697138.720 10311 20915 20921 W com.unique: ApkAssets: Deleting an ApkAssets object '<empty> and /data/app/~~5UvyUty5uHV3AXEdZmqD2w==/com.pinterest-lPffnbjAGLKDxKewLDe9fA==/base.apk' with 1 weak references
1788697138.720 10311 20915 20921 W com.unique: ApkAssets: Deleting an ApkAssets object '<empty> and /data/app/~~5UvyUty5uHV3AXEdZmqD2w==/com.pinterest-lPffnbjAGLKDxKewLDe9fA==/split_config.arm64_v8a.apk' with 1 weak references
1788697138.720 10311 20915 20921 W com.unique: ApkAssets: Deleting an ApkAssets object '<empty> and /data/app/~~5UvyUty5uHV3AXEdZmqD2w==/com.pinterest-lPffnbjAGLKDxKewLDe9fA==/split_config.ru.apk' with 1 weak references
1788697138.720 10311 20915 20921 W com.unique: ApkAssets: Deleting an ApkAssets object '<empty> and /data/app/~~5UvyUty5uHV3AXEdZmqD2w==/com.pinterest-lPffnbjAGLKDxKewLDe9fA==/split_config.xxhdpi.apk' with 1 weak references
1788697138.720 10311 20915 20921 W com.unique: ApkAssets: Deleting an ApkAssets object '<empty> and /data/app/~~dLYsOqWzTnFcjo2aHD3xSQ==/bin.mt.plus-R6p8RfoCeLQWL_mDoMlBsw==/base.apk' with 1 weak references
1788697138.721 10311 20915 20921 W com.unique: ApkAssets: Deleting an ApkAssets object '<empty> and /data/app/MIUICompassGlobal/base.apk' with 1 weak references
1788697138.721 10311 20915 20921 W com.unique: ApkAssets: Deleting an ApkAssets object '<empty> and /data/app/~~FbRqAr85vnOKgdJeIwPSHg==/com.f0x1d.logfox-3E_m6EooCJ8N7AUdxRJEng==/base.apk' with 1 weak references
1788697138.722 10311 20915 20921 W com.unique: ApkAssets: Deleting an ApkAssets object '<empty> and /data/app/~~R3xOm83wV6nXDxL1np_JpQ==/com.axlebolt.standoff2-1qyH-RbRcbkMQBQ-x5XKyg==/base.apk' with 1 weak references
1788697138.722 10311 20915 20921 W com.unique: ApkAssets: Deleting an ApkAssets object '<empty> and /data/app/~~fDqH7SpA32dU_mxStcmXBQ==/com.emanuelef.remote_capture-5WExiOcv_yR73wMh7w64Zg==/base.apk' with 1 weak references
1788697138.722 10311 20915 20921 W com.unique: ApkAssets: Deleting an ApkAssets object '<empty> and /data/app/~~fDqH7SpA32dU_mxStcmXBQ==/com.emanuelef.remote_capture-5WExiOcv_yR73wMh7w64Zg==/split_config.arm64_v8a.apk' with 1 weak references
1788697138.722 10311 20915 20921 W com.unique: ApkAssets: Deleting an ApkAssets object '<empty> and /data/app/~~fDqH7SpA32dU_mxStcmXBQ==/com.emanuelef.remote_capture-5WExiOcv_yR73wMh7w64Zg==/split_config.ru.apk' with 1 weak references
1788697138.722 10311 20915 20921 W com.unique: ApkAssets: Deleting an ApkAssets object '<empty> and /data/app/~~fDqH7SpA32dU_mxStcmXBQ==/com.emanuelef.remote_capture-5WExiOcv_yR73wMh7w64Zg==/split_config.xxhdpi.apk' with 1 weak references
1788697138.722 10311 20915 20921 W com.unique: ApkAssets: Deleting an ApkAssets object '<empty> and /data/app/MIUINotes/base.apk' with 1 weak references
1788697138.723 10311 20915 20921 W com.unique: ApkAssets: Deleting an ApkAssets object '<empty> and /data/app/~~ToEzooAkrU67onkDMsOz-A==/com.xiaomi.midrop-QRwPNiaj1B-KMGM4I2vZlg==/base.apk' with 1 weak references
1788697138.724 10311 20915 20921 W com.unique: ApkAssets: Deleting an ApkAssets object '<empty> and /data/app/~~znQWjrS88Ohx8dtGgw8_cg==/com.avo.vpn-Qnj7RP4c8L4ASKYHsR0wRg==/base.apk' with 1 weak references
1788697138.725 10311 20915 20921 W com.unique: ApkAssets: Deleting an ApkAssets object '<empty> and /data/app/~~znQWjrS88Ohx8dtGgw8_cg==/com.avo.vpn-Qnj7RP4c8L4ASKYHsR0wRg==/split_config.arm64_v8a.apk' with 1 weak references
1788697138.725 10311 20915 20921 W com.unique: ApkAssets: Deleting an ApkAssets object '<empty> and /data/app/~~znQWjrS88Ohx8dtGgw8_cg==/com.avo.vpn-Qnj7RP4c8L4ASKYHsR0wRg==/split_config.ru.apk' with 1 weak references
1788697138.725 10311 20915 20921 W com.unique: ApkAssets: Deleting an ApkAssets object '<empty> and /data/app/~~znQWjrS88Ohx8dtGgw8_cg==/com.avo.vpn-Qnj7RP4c8L4ASKYHsR0wRg==/split_config.xxhdpi.apk' with 1 weak references
1788697138.725 10311 20915 20921 W com.unique: ApkAssets: Deleting an ApkAssets object '<empty> and /data/app/~~HlE7G1zZsYmJdyiSJ5bWPg==/com.xiaomi.wearable-mw4unPETK0LMg7u69qppjA==/base.apk' with 1 weak references
1788697138.725 10311 20915 20921 W com.unique: ApkAssets: Deleting an ApkAssets object '<empty> and /data/app/~~HlE7G1zZsYmJdyiSJ5bWPg==/com.xiaomi.wearable-mw4unPETK0LMg7u69qppjA==/split_config.arm64_v8a.apk' with 1 weak references
1788697138.725 10311 20915 20921 W com.unique: ApkAssets: Deleting an ApkAssets object '<empty> and /data/app/~~HlE7G1zZsYmJdyiSJ5bWPg==/com.xiaomi.wearable-mw4unPETK0LMg7u69qppjA==/split_config.ru.apk' with 1 weak references
1788697138.726 10311 20915 20921 W com.unique: ApkAssets: Deleting an ApkAssets object '<empty> and /data/app/~~HlE7G1zZsYmJdyiSJ5bWPg==/com.xiaomi.wearable-mw4unPETK0LMg7u69qppjA==/split_config.xxhdpi.apk' with 1 weak references
1788697138.726 10311 20915 20921 W com.unique: ApkAssets: Deleting an ApkAssets object '<empty> and /data/app/MIUICalculatorGlobal/base.apk' with 1 weak references
1788697138.726 10311 20915 20921 W com.unique: ApkAssets: Deleting an ApkAssets object '<empty> and /data/app/~~0uKMRni55eIeGuBA-UdIqg==/llc.itdev.incy-mpenI8rpAkCFByZR5jO9gg==/base.apk' with 1 weak references
1788697138.727 10311 20915 20921 W com.unique: ApkAssets: Deleting an ApkAssets object '<empty> and /data/app/MIUIWeatherGlobal/base.apk' with 1 weak references
1788697138.727 10311 20915 20921 W com.unique: ApkAssets: Deleting an ApkAssets object '<empty> and /data/app/~~aWOPbtkIcfivimg0lCNOxw==/com.termux-PK0SDb6b5-Yp-w60yEc5cg==/base.apk' with 1 weak references
1788697138.727 10311 20915 20921 W com.unique: ApkAssets: Deleting an ApkAssets object '<empty> and /data/app/MiuiScanner/base.apk' with 1 weak references
1788697138.728 10311 20915 20921 W com.unique: ApkAssets: Deleting an ApkAssets object '<empty> and /data/app/~~Cw5RUU5MGia-dEV1d9CLeg==/net.typeblog.shelter-UAvs0yASnxf_3imb0u9Fdg==/base.apk' with 1 weak references
1788697138.728 10311 20915 20921 W com.unique: ApkAssets: Deleting an ApkAssets object '<empty> and /data/app/~~NmUPXoeRez3BkcM6j2MOgw==/com.a0soft.gphone.acc.free-uuG90v9LfwZVYmH_KzucCw==/base.apk' with 1 weak references
1788697138.728 10311 20915 20921 W com.unique: ApkAssets: Deleting an ApkAssets object '<empty> and /data/app/~~NmUPXoeRez3BkcM6j2MOgw==/com.a0soft.gphone.acc.free-uuG90v9LfwZVYmH_KzucCw==/split_config.arm64_v8a.apk' with 1 weak references
1788697138.729 10311 20915 20921 W com.unique: ApkAssets: Deleting an ApkAssets object '<empty> and /data/app/~~NmUPXoeRez3BkcM6j2MOgw==/com.a0soft.gphone.acc.free-uuG90v9LfwZVYmH_KzucCw==/split_config.xxhdpi.apk' with 1 weak references
1788697138.729 10311 20915 20921 W com.unique: ApkAssets: Deleting an ApkAssets object '<empty> and /data/app/~~wmE2oqYZyY7aIsry4NiImg==/com.miui.mediaeditor-LsfNStuNXHsHhzEvN6SaPg==/base.apk' with 1 weak references
1788697138.730 10311 20915 20921 W com.unique: ApkAssets: Deleting an ApkAssets object '<empty> and /data/app/~~jeF1Np_NXFV0Nk3IsGvrCw==/com.google.android.apps.adm-fbP92EYBU7Wwf2yJcdIUfg==/base.apk' with 1 weak references
1788697138.730 10311 20915 20921 W com.unique: ApkAssets: Deleting an ApkAssets object '<empty> and /data/app/~~jeF1Np_NXFV0Nk3IsGvrCw==/com.google.android.apps.adm-fbP92EYBU7Wwf2yJcdIUfg==/split_config.arm64_v8a.apk' with 1 weak references
1788697138.730 10311 20915 20921 W com.unique: ApkAssets: Deleting an ApkAssets object '<empty> and /data/app/~~jeF1Np_NXFV0Nk3IsGvrCw==/com.google.android.apps.adm-fbP92EYBU7Wwf2yJcdIUfg==/split_config.ru.apk' with 1 weak references
1788697138.730 10311 20915 20921 W com.unique: ApkAssets: Deleting an ApkAssets object '<empty> and /data/app/~~jeF1Np_NXFV0Nk3IsGvrCw==/com.google.android.apps.adm-fbP92EYBU7Wwf2yJcdIUfg==/split_config.xxhdpi.apk' with 1 weak references
1788697140.111 10311 20915 20919 W com.unique: Cleared Reference was only reachable from finalizer (only reported once)
1788697140.127 10311 20915 20921 W com.unique: ApkAssets: Deleting an ApkAssets object '<empty> and /data/app/~~-USux0I649yeK8kjLtUs6w==/io.hitray.android-yz9_YgFveD2eh2-uVfEvTQ==/base.apk' with 1 weak references
1788697140.127 10311 20915 20921 W com.unique: ApkAssets: Deleting an ApkAssets object '<empty> and /data/app/~~-USux0I649yeK8kjLtUs6w==/io.hitray.android-yz9_YgFveD2eh2-uVfEvTQ==/split_config.arm64_v8a.apk' with 1 weak references
1788697140.128 10311 20915 20921 W com.unique: ApkAssets: Deleting an ApkAssets object '<empty> and /data/app/~~-USux0I649yeK8kjLtUs6w==/io.hitray.android-yz9_YgFveD2eh2-uVfEvTQ==/split_config.ru.apk' with 1 weak references
1788697140.128 10311 20915 20921 W com.unique: ApkAssets: Deleting an ApkAssets object '<empty> and /data/app/~~-USux0I649yeK8kjLtUs6w==/io.hitray.android-yz9_YgFveD2eh2-uVfEvTQ==/split_config.xxhdpi.apk' with 1 weak references
1788697140.128 10311 20915 20921 W com.unique: ApkAssets: Deleting an ApkAssets object '<empty> and /data/app/~~ZqdvqHIQdj2aYGnH1VRJ2g==/clear.una-9D8IYmbsSYbrHCFNhktz7g==/base.apk' with 1 weak references
1788697140.128 10311 20915 20921 W com.unique: ApkAssets: Deleting an ApkAssets object '<empty> and /data/app/~~e73com6-x5yH2jsqLP0xmw==/com.preff.kb.xm-KpegMO3lV97rVDDSSmsbFg==/base.apk' with 1 weak references
1788697140.129 10311 20915 20921 W com.unique: ApkAssets: Deleting an ApkAssets object '<empty> and /data/app/~~J39jRrIsqrfa_ve43AGRfA==/com.google.android.apps.bard-tjj9Z_NgMfNFo9NyS1eyrw==/base.apk' with 1 weak references
1788697140.129 10311 20915 20921 W com.unique: ApkAssets: Deleting an ApkAssets object '<empty> and /data/app/~~J39jRrIsqrfa_ve43AGRfA==/com.google.android.apps.bard-tjj9Z_NgMfNFo9NyS1eyrw==/split_config.arm64_v8a.apk' with 1 weak references
1788697140.129 10311 20915 20921 W com.unique: ApkAssets: Deleting an ApkAssets object '<empty> and /data/app/~~J39jRrIsqrfa_ve43AGRfA==/com.google.android.apps.bard-tjj9Z_NgMfNFo9NyS1eyrw==/split_config.bn.apk' with 1 weak references
1788697140.130 10311 20915 20921 W com.unique: ApkAssets: Deleting an ApkAssets object '<empty> and /data/app/~~J39jRrIsqrfa_ve43AGRfA==/com.google.android.apps.bard-tjj9Z_NgMfNFo9NyS1eyrw==/split_config.en.apk' with 1 weak references
1788697140.130 10311 20915 20921 W com.unique: ApkAssets: Deleting an ApkAssets object '<empty> and /data/app/~~J39jRrIsqrfa_ve43AGRfA==/com.google.android.apps.bard-tjj9Z_NgMfNFo9NyS1eyrw==/split_config.gu.apk' with 1 weak references
1788697140.130 10311 20915 20921 W com.unique: ApkAssets: Deleting an ApkAssets object '<empty> and /data/app/~~J39jRrIsqrfa_ve43AGRfA==/com.google.android.apps.bard-tjj9Z_NgMfNFo9NyS1eyrw==/split_config.hi.apk' with 1 weak references
1788697140.130 10311 20915 20921 W com.unique: ApkAssets: Deleting an ApkAssets object '<empty> and /data/app/~~J39jRrIsqrfa_ve43AGRfA==/com.google.android.apps.bard-tjj9Z_NgMfNFo9NyS1eyrw==/split_config.kn.apk' with 1 weak references
1788697140.130 10311 20915 20921 W com.unique: ApkAssets: Deleting an ApkAssets object '<empty> and /data/app/~~J39jRrIsqrfa_ve43AGRfA==/com.google.android.apps.bard-tjj9Z_NgMfNFo9NyS1eyrw==/split_config.mr.apk' with 1 weak references
1788697140.130 10311 20915 20921 W com.unique: ApkAssets: Deleting an ApkAssets object '<empty> and /data/app/~~J39jRrIsqrfa_ve43AGRfA==/com.google.android.apps.bard-tjj9Z_NgMfNFo9NyS1eyrw==/split_config.ru.apk' with 1 weak references
1788697140.131 10311 20915 20921 W com.unique: ApkAssets: Deleting an ApkAssets object '<empty> and /data/app/~~J39jRrIsqrfa_ve43AGRfA==/com.google.android.apps.bard-tjj9Z_NgMfNFo9NyS1eyrw==/split_config.ta.apk' with 1 weak references
1788697140.131 10311 20915 20921 W com.unique: ApkAssets: Deleting an ApkAssets object '<empty> and /data/app/~~J39jRrIsqrfa_ve43AGRfA==/com.google.android.apps.bard-tjj9Z_NgMfNFo9NyS1eyrw==/split_config.te.apk' with 1 weak references
1788697140.131 10311 20915 20921 W com.unique: ApkAssets: Deleting an ApkAssets object '<empty> and /data/app/~~J39jRrIsqrfa_ve43AGRfA==/com.google.android.apps.bard-tjj9Z_NgMfNFo9NyS1eyrw==/split_config.xxhdpi.apk' with 1 weak references
1788697140.131 10311 20915 20921 W com.unique: ApkAssets: Deleting an ApkAssets object '<empty> and /data/app/~~0P94X6q7hQFnvISy4kIBtA==/org.mozilla.firefox-V-RMBJjuN885jasHsv697A==/base.apk' with 1 weak references
1788697140.131 10311 20915 20921 W com.unique: ApkAssets: Deleting an ApkAssets object '<empty> and /data/app/~~0P94X6q7hQFnvISy4kIBtA==/org.mozilla.firefox-V-RMBJjuN885jasHsv697A==/split_config.arm64_v8a.apk' with 1 weak references
1788697140.132 10311 20915 20921 W com.unique: ApkAssets: Deleting an ApkAssets object '<empty> and /data/app/~~0P94X6q7hQFnvISy4kIBtA==/org.mozilla.firefox-V-RMBJjuN885jasHsv697A==/split_config.xxhdpi.apk' with 1 weak references
1788697140.132 10311 20915 20921 W com.unique: ApkAssets: Deleting an ApkAssets object '<empty> and /data/app/~~czZ5M9QoNKe1-aNwTzx9sA==/com.exteragram.messenger-NDtal6OMkucurs3uXfhA7A==/base.apk' with 1 weak references
1788697140.133 10311 20915 20921 W com.unique: ApkAssets: Deleting an ApkAssets object '<empty> and /data/app/~~b9TjLo4gS3fKmrh4CgsMJQ==/com.google.android.apps.work.clouddpc-ax2up3DCBKFKlcjxKXhiAA==/base.apk' with 1 weak references
1788697140.133 10311 20915 20921 W com.unique: ApkAssets: Deleting an ApkAssets object '<empty> and /data/app/~~b9TjLo4gS3fKmrh4CgsMJQ==/com.google.android.apps.work.clouddpc-ax2up3DCBKFKlcjxKXhiAA==/split_config.arm64_v8a.apk' with 1 weak references
1788697140.133 10311 20915 20921 W com.unique: ApkAssets: Deleting an ApkAssets object '<empty> and /data/app/~~b9TjLo4gS3fKmrh4CgsMJQ==/com.google.android.apps.work.clouddpc-ax2up3DCBKFKlcjxKXhiAA==/split_config.ru.apk' with 1 weak references
1788697140.133 10311 20915 20921 W com.unique: ApkAssets: Deleting an ApkAssets object '<empty> and /data/app/~~b9TjLo4gS3fKmrh4CgsMJQ==/com.google.android.apps.work.clouddpc-ax2up3DCBKFKlcjxKXhiAA==/split_config.xxhdpi.apk' with 1 weak references
1788697140.134 10311 20915 20921 W com.unique: ApkAssets: Deleting an ApkAssets object '<empty> and /data/app/~~gbzOkz0950YJbmD2YoC-nA==/org.amnezia.vpn-a_IfmAdWiKwATCLqlAGr1A==/base.apk' with 1 weak references
1788697140.136 10311 20915 20921 W com.unique: ApkAssets: Deleting an ApkAssets object '<empty> and /data/app/~~gbzOkz0950YJbmD2YoC-nA==/org.amnezia.vpn-a_IfmAdWiKwATCLqlAGr1A==/split_config.arm64_v8a.apk' with 1 weak references
1788697140.136 10311 20915 20921 W com.unique: ApkAssets: Deleting an ApkAssets object '<empty> and /data/app/~~gbzOkz0950YJbmD2YoC-nA==/org.amnezia.vpn-a_IfmAdWiKwATCLqlAGr1A==/split_config.ru.apk' with 1 weak references
1788697140.136 10311 20915 20921 W com.unique: ApkAssets: Deleting an ApkAssets object '<empty> and /data/app/~~gbzOkz0950YJbmD2YoC-nA==/org.amnezia.vpn-a_IfmAdWiKwATCLqlAGr1A==/split_config.xxhdpi.apk' with 1 weak references
1788697140.137 10311 20915 20921 W com.unique: ApkAssets: Deleting an ApkAssets object '<empty> and /data/app/~~0uKMRni55eIeGuBA-UdIqg==/llc.itdev.incy-mpenI8rpAkCFByZR5jO9gg==/base.apk' with 1 weak references
1788697140.138 10311 20915 20921 W com.unique: ApkAssets: Deleting an ApkAssets object '<empty> and /data/app/~~FbRqAr85vnOKgdJeIwPSHg==/com.f0x1d.logfox-3E_m6EooCJ8N7AUdxRJEng==/base.apk' with 1 weak references
1788697140.159 10311 20915 20915 I ScrollIdentify: on fling
1788697141.328 10311 20915 20915 I ScrollIdentify: on fling
1788697141.735 10311 20915 20915 I ScrollIdentify: on fling
1788697142.243 10311 20915 20915 I ScrollIdentify: on fling
1788697142.430 10311 20915 20915 D InputMethodManager: showSoftInput() view=io.flutter.embedding.android.FlutterView{6aa9b75 VFE...... .F....ID 0,0-1080,2400 #1 aid=1073741824} flags=0 reason=SHOW_SOFT_INPUT
1788697142.510 10311 20915 20915 W InteractionJankMonitor: Initializing without READ_DEVICE_CONFIG permission. enabled=false, interval=1, missedFrameThreshold=3, frameTimeThreshold=64, package=com.unique
1788697143.244 10311 20915 21296 E BitmapFactory: Unable to decode file: java.io.FileNotFoundException: /product/media/theme/miui_mod_icons/dynamic/com.android.soundrecorder/2.png: open failed: ENOENT (No such file or directory)
1788697143.265 10311 20915 20937 E BitmapFactory: Unable to decode file: java.io.FileNotFoundException: /product/media/theme/miui_mod_icons/dynamic/com.miui.notes/2.png: open failed: ENOENT (No such file or directory)
1788697144.321 10311 20915 20915 W WindowOnBackDispatcher: sendCancelIfRunning: isInProgress=false callback=ImeCallback=ImeOnBackInvokedCallback@235283170 Callback=android.window.IOnBackInvokedCallback$Stub$Proxy@bec00da
1788697144.677 10311 20915 20937 I Unique  : 2026-09-06 19:19:04.676 I STORAGE IMPORT_STARTED package=com.gordey.standarling files=1
1788697144.729 10311 20915 20921 W com.unique: ApkAssets: Deleting an ApkAssets object '<empty> and /data/app/~~QQHHYxwNPykiSC3FoxXBWw==/com.gordey.standarling-qi6-h5086vrmRTcPTW755g==/base.apk' with 1 weak references
1788697144.729 10311 20915 20921 W com.unique: ApkAssets: Deleting an ApkAssets object '<empty> and /data/app/MIUISoundRecorderTargetSdk30Global/base.apk' with 1 weak references
1788697144.730 10311 20915 20921 W com.unique: ApkAssets: Deleting an ApkAssets object '<empty> and /data/app/MIUINotes/base.apk' with 1 weak references
1788697144.731 10311 20915 20921 W com.unique: ApkAssets: Deleting an ApkAssets object '<empty> and /data/app/~~rg2DbhTU1ND5cF8h23oQew==/org.telegram.messenger-ssp6zHI1umWAqjB0ibq88A==/base.apk' with 1 weak references
1788697144.732 10311 20915 20921 W com.unique: ApkAssets: Deleting an ApkAssets object '<empty> and /data/app/~~ybthXu1lfLhXH0A_ezjXOQ==/com.Chillow.CustomRise-jbRzsHDPDsDqtF4ya8mKFQ==/base.apk' with 1 weak references
1788697144.732 10311 20915 20921 W com.unique: ApkAssets: Deleting an ApkAssets object '<empty> and /data/app/~~XQmPOPV_XxINA_jPcGmsIQ==/com.miui.screenrecorder-G-XBxKJvovi92jNh9l3JIQ==/base.apk' with 1 weak references
1788697144.733 10311 20915 20921 W com.unique: ApkAssets: Deleting an ApkAssets object '<empty> and /system_ext/priv-app/RtMiCloudSDK/RtMiCloudSDK.apk' with 3 weak references
1788697144.733 10311 20915 20921 W com.unique: ApkAssets: Deleting an ApkAssets object '<empty> and /system_ext/app/miuisystem/miuisystem.apk' with 3 weak references
1788697144.734 10311 20915 20921 W com.unique: ApkAssets: Deleting an ApkAssets object '<empty> and /data/app/~~rg2DbhTU1ND5cF8h23oQew==/org.telegram.messenger-ssp6zHI1umWAqjB0ibq88A==/split_config.arm64_v8a.apk' with 1 weak references
1788697144.734 10311 20915 20921 W com.unique: ApkAssets: Deleting an ApkAssets object '<empty> and /data/app/~~rg2DbhTU1ND5cF8h23oQew==/org.telegram.messenger-ssp6zHI1umWAqjB0ibq88A==/split_config.ru.apk' with 1 weak references
1788697144.734 10311 20915 20921 W com.unique: ApkAssets: Deleting an ApkAssets object '<empty> and /data/app/~~R3xOm83wV6nXDxL1np_JpQ==/com.axlebolt.standoff2-1qyH-RbRcbkMQBQ-x5XKyg==/base.apk' with 1 weak references
1788697144.734 10311 20915 20921 W com.unique: ApkAssets: Deleting an ApkAssets object '<empty> and /data/app/~~rg2DbhTU1ND5cF8h23oQew==/org.telegram.messenger-ssp6zHI1umWAqjB0ibq88A==/split_config.xxhdpi.apk' with 1 weak references
1788697156.519 10311 20915 20937 I Unique  : 2026-09-06 19:19:16.518 I STORAGE PACKAGE_IMPORTED package=com.gordey.standarling versionCode=1090 splits=1 libs=16 abi=arm64-v8a bytes=1671480385 readOnlyApks=1
1788697156.544 10311 20915 20937 I Unique  : 2026-09-06 19:19:16.543 I STORAGE INSTANCE_PREPARED vuid=0 package=com.gordey.standarling created=12
1788697156.547 10311 20915 20937 I Unique  : 2026-09-06 19:19:16.546 I STORAGE INSTANCE_CREATED package=com.gordey.standarling vuid=0 name=Profile 1 androidId=dc0fc1ea6b8d41b1
1788697156.550 10311 20915 20937 I Unique  : 2026-09-06 19:19:16.549 I STORAGE GUEST_OBB_IMPORT outcome=NOTHING_TO_IMPORT files=0 bytes=0 source=/storage/emulated/0/Android/obb/com.gordey.standarling package=com.gordey.standarling vuid=0
1788697156.565 10311 20915 20936 I Unique  : 2026-09-06 19:19:16.564 I PROCESS BROADCAST_ROUTES_REGISTERED package=com.gordey.standarling vuid=0 routes=3 actions=androidx.profileinstaller.action.SKIP_FILE,android.intent.action.PACKAGE_FIRST_LAUNCH,com.android.vending.NEW_UPDATE_CLICKED,com.facebook.sdk.ACTION_CURRENT_ACCESS_TOKEN_CHANGED,android.intent.action.PACKAGE_REMOVED,com.android.vending.SHARE_SHEET_RESULT,com.google.android.finsky.installqueue.servic
1788697156.566 10311 20915 20936 I Unique  : 2026-09-06 19:19:16.565 I PROCESS PROVIDER_ROUTES_REGISTERED package=com.gordey.standarling vuid=0 authorities=[redacted]
1788697156.567 10311 20915 20936 I Unique  : 2026-09-06 19:19:16.566 I PROCESS BROADCAST_ROUTER_READY instances=1 actions=72 authorities=[redacted]
1788697156.603 10311 20915 20937 I Unique  : 2026-09-06 19:19:16.602 I STORAGE GUEST_INFO_RESOLVED package=com.gordey.standarling label=Standarling icon=true
1788697156.619 10311 20915 20915 W WindowOnBackDispatcher: sendCancelIfRunning: isInProgress=false callback=io.flutter.embedding.android.FlutterActivity$1@a3b05e9
1788697157.595 10311 20915 20935 I Unique  : 2026-09-06 19:19:17.594 I GOOGLE GOOGLE_ENVIRONMENT gmsPresent=true gmsEnabled=true gmsVersionCode=263234035 gmsVersionName=26.32.34 (260400-968093310) vendingPresent=true gsfPresent=true customTabs=com.android.chrome hostGmsAvailable=true virtualGmsInstalled=false customTabsAvailable=true
1788697157.618 10311 20915 20936 I Unique  : 2026-09-06 19:19:17.617 I GOOGLE GOOGLE_ENVIRONMENT gmsPresent=true gmsEnabled=true gmsVersionCode=263234035 gmsVersionName=26.32.34 (260400-968093310) vendingPresent=true gsfPresent=true customTabs=com.android.chrome hostGmsAvailable=true virtualGmsInstalled=false customTabsAvailable=true
1788697157.621 10311 20915 20936 I Unique  : 2026-09-06 19:19:17.618 I GOOGLE GOOGLE_ROUTE package=com.gordey.standarling flow=SIGN_IN mode=UNSUPPORTED why=Google Play services works for this app, but sign-in does not: it identifies the app by package name and signing certificate, and inside UNIQUE the call arrives as UNIQUE. Google answers DEVELOPER_ERROR. Only in-space Google Play services can present the app's own identity.
1788697157.622 10311 20915 20936 I Unique  : 2026-09-06 19:19:17.621 I GOOGLE GOOGLE_ROUTE package=com.gordey.standarling flow=CREDENTIAL_MANAGER mode=HOST_BRIDGE why=Unverified: Sign in with Google issues a token for the app's server client, so the device's own Google Play services should be able to answer. Not yet confirmed against a real sample.
1788697157.622 10311 20915 20936 I Unique  : 2026-09-06 19:19:17.622 I GOOGLE GOOGLE_ROUTE package=com.gordey.standarling flow=ACCOUNT_MANAGER mode=HOST_BRIDGE why=Account access is bridged to the device's accounts; consent is shown as UNIQUE.
1788697157.623 10311 20915 20936 I Unique  : 2026-09-06 19:19:17.622 I GOOGLE GOOGLE_ROUTE package=com.gordey.standarling flow=FIREBASE_AUTH mode=HOST_BRIDGE why=Firebase Auth consumes a token from Sign in with Google, which the host bridge can provide.
1788697157.623 10311 20915 20936 I Unique  : 2026-09-06 19:19:17.623 I GOOGLE GOOGLE_ROUTE package=com.gordey.standarling flow=OAUTH_WEB mode=UNSUPPORTED why=The browser can be opened, but the redirect back to axlebolt:// cannot arrive: that scheme is declared by a package the device has not installed, so nothing resolves it. Use in-space Google Play services, or a sign-in the app can complete without leaving itself.
1788697157.624 10311 20915 20936 I Unique  : 2026-09-06 19:19:17.624 I GOOGLE GOOGLE_ROUTE package=com.gordey.standarling flow=FCM mode=HOST_BRIDGE why=Experimental: push registration is bridged through the host. Whether Google Play services accepts it varies by version; the result is recorded per device.
1788697157.625 10311 20915 20936 I Unique  : 2026-09-06 19:19:17.624 I GOOGLE GOOGLE_ROUTE package=com.gordey.standarling flow=PLAY_GAMES mode=UNSUPPORTED why=Not supported yet: Play Games checks an attested app identity, and UNIQUE has not been tested against it.
1788697158.576 10311 20915 20936 I Unique  : 2026-09-06 19:19:18.575 I STORAGE GUEST_OBB_IMPORT outcome=NOTHING_TO_IMPORT files=0 bytes=0 source=/storage/emulated/0/Android/obb/com.gordey.standarling package=com.gordey.standarling vuid=0
1788697158.577 10311 20915 20936 I Unique  : 2026-09-06 19:19:18.577 I PROCESS PROCESS_ASSIGNED slot=:vapp0 vuid=0 process=com.gordey.standarling
1788697158.605 10311 20915 20936 I Unique  : 2026-09-06 19:19:18.605 I LAUNCH LAUNCH_REQUESTED package=com.gordey.standarling vuid=0 activity=com.google.firebase.MessagingUnityPlayerActivity slot=:vapp0 launchMode=2
1788697158.656 10311 21502 21502 I om.unique:vapp0: Using generational CollectorTypeCMC GC.
1788697158.680 10311 21502 21502 I MessageMonitor: Load libmiui_runtime
1788697158.692 10311 21502 21502 D MiuiMonitorThread: Shared singleton Thread for stability monitor start
1788697158.702 10311 21502 21502 D ActivityThread: setEmbeddedParam packageName=com.unique processName=com.unique:vapp0 isEmbedded=false isIsolated=false
1788697158.704 10311 21502 21502 D ApplicationLoaders: Returning zygote-cached class loader: /system_ext/framework/androidx.window.extensions.jar
1788697158.704 10311 21502 21502 D ApplicationLoaders: Returning zygote-cached class loader: /system_ext/framework/androidx.window.sidecar.jar
1788697158.724 10311 21502 21502 I ActivityThread: TrafficStats init done
1788697158.727 10311 21502 21502 D ActivityThread: useGrowthLimitOutExpendMethod invoke error.
1788697158.734 10311 21502 21502 I MiuiForceDarkConfig: setConfig density:2.750000, mainRule:0, secondaryRule:0, tertiaryRule:0
1788697158.738 10311 21502 21502 I ActivityThread: Miui Feature Init done
1788697158.748 10311 21502 21502 I Unique  : 2026-09-06 19:19:18.745 I PROCESS PROCESS_START process=com.unique:vapp0 kind=VAPP sdk=35 abi=arm64-v8a,armeabi-v7a,armeabi
1788697158.749 10311 21502 21502 W om.unique:vapp0: Unsupported class loader: java.lang.Class<org.lsposed.hiddenapibypass.CoreOjClassLoader>
1788697158.808 10311 21502 21502 W om.unique:vapp0: Unsupported class loader: java.lang.Class<org.lsposed.hiddenapibypass.CoreOjClassLoader>
1788697158.808 10311 21502 21502 W om.unique:vapp0: Unsupported class loader: java.lang.Class<org.lsposed.hiddenapibypass.CoreOjClassLoader>
1788697158.810 10311 21502 21502 I Unique  : 2026-09-06 19:19:18.810 I HOOK HIDDEN_API_GRANTED via=HiddenApiBypass
1788697158.817 10311 21502 21502 I UniqueNative: libunique_native loaded (page size 4096)
1788697158.819 10311 21502 21502 I Unique  : 2026-09-06 19:19:18.818 I LAUNCH INTERCEPTOR_INSTALLED executeTransaction=159
1788697158.819 10311 21502 21502 I Unique  : 2026-09-06 19:19:18.819 I PROCESS VAPP_READY slot=0
1788697158.820 10311 21502 21502 I ResMonitorStub: Get RMS proxy takes 0 ms
1788697158.821 10311 21502 21502 I Unique  : 2026-09-06 19:19:18.821 I PROCESS STUB_PROVIDER_CREATED slot=0
1788697158.834 10311 21502 21502 D Unique  : 2026-09-06 19:19:18.833 D LAUNCH CALLBACK_ALIVE what=164 obj=java.lang.String
1788697158.835 10311 21502 21502 D Unique  : 2026-09-06 19:19:18.834 D LAUNCH CALLBACK_ALIVE what=159 obj=android.app.servertransaction.ClientTransaction
1788697158.854 10311 21502 21502 I Unique  : 2026-09-06 19:19:18.854 I PROCESS PROCESS_RENAMED argv0=com.gordey.standarling
1788697158.972 10311 21502 21502 I Unique  : 2026-09-06 19:19:18.971 I PROCESS PROFILE_BOUND profile=d3af4c29-6e77-433d-b755-459730492125 androidId=dc0fc1ea6b8d41b1 generation=1
1788697158.976 10311 21502 21502 I Unique  : 2026-09-06 19:19:18.974 I PROCESS BUILD_OVERRIDES_APPLIED applied=1 requested=1
1788697158.976 10311 21502 21502 I Unique  : 2026-09-06 19:19:18.976 I LAUNCH PROFILE_BOUND profileId=d3af4c29-6e77-433d-b755-459730492125 generation=1
1788697158.981 10311 21502 21502 I Unique  : 2026-09-06 19:19:18.981 I PROCESS PERMISSION_CACHE_DISABLED disabled=disablePackageNamePermissionCache,disablePermissionCache,disableApplicationInfoCache,disablePackageInfoCache,disableGetPackagesForUidCache failed=android.app.ActivityManager: no disable*Cache()
1788697158.989 10311 21502 21502 I Unique  : 2026-09-06 19:19:18.987 I PROCESS PERMISSIONS_BOUND package=com.gordey.standarling vuid=0 declared=19 restored=0 runtime=3 installTime=16 selfDefined=1
1788697159.001 10311 21502 21502 I Unique  : 2026-09-06 19:19:19.000 I HOOK SERVICE_HOOKED service=package cache=true singletons=1 managers=1 bound=permissionCheck,getActivityInfo,applicationEnabledSetting,getApplicationInfo,componentEnabledSetting,installedPackages,getInstallerPackageName,getNameForUid,getPackageUid,getPackageInfo,getPackagesForUid,getProviderInfo,getReceiverInfo,getServiceInfo,queryIntent,resolveContentProvider,resolveIntent matched=permissionCheck=checkPermission+checkUidPermission,getActivityInfo,applicationEnabledSetting=getApplicationEnabledSetting+setApplicationEnabledSetting,getApplicationInfo,componentEnabledSetting=getComponentEnabledSetting+setComponentEnabledSetting,installedPackages=getInstalledApplications+getInstalledPackages,getInstallerPackageName,getNameForUid,getPackageUid=getPackageGids+getPackageUid,getPack
1788697159.002 10311 21502 21502 I Unique  : 2026-09-06 19:19:19.002 I LAUNCH VPM_HOOK_INSTALLED package=com.gordey.standarling bound=permissionCheck,getActivityInfo,applicationEnabledSetting,getApplicationInfo,componentEnabledSetting,installedPackages,getInstallerPackageName,getNameForUid,getPackageUid,getPackageInfo,getPackagesForUid,getProviderInfo,getReceiverInfo,getServiceInfo,queryIntent,resolveContentProvider,resolveIntent
1788697159.015 10311 21502 21502 I Unique  : 2026-09-06 19:19:19.014 I HOOK SERVICE_HOOKED service=activity cache=true singletons=1 managers=0 bound=serviceDispatch,callerIdentity,permissionCheck,getContentProvider,intentSender,runningProcesses,registerReceiver,foregroundService matched=serviceDispatch=bindService+bindServiceInstance+peekService+publishService+startService+stopService+unbindFinished,callerIdentity=broadcastIntent+broadcastIntentWithFeature+getBindingUidProcessState+getContentProviderExternal+getHistoricalProcessExitReasons+getHistoricalProcessStartReasons+getPackageProcessState+getTagForIntentSender+getUidLastIdleElapsedTime+getUidProcessCapabilities+getUidProces
1788697159.019 10311 21502 21502 I Unique  : 2026-09-06 19:19:19.016 I LAUNCH VAM_HOOK_INSTALLED package=com.gordey.standarling host=com.unique methods=8 matched=serviceDispatch=bindService+bindServiceInstance+peekService+publishService+startService+stopService+unbindFinished,callerIdentity=broadcastIntent+broadcastIntentWithFeature+getBindingUidProcessState+getContentProviderExternal+getHistoricalProcessExitReasons+getHistoricalProcessStartReasons+getPackageProcessState+getTagForIntentSender+getUidLastIdleElapsedTime+getUidProcessCapabilities+getUidProcessState+grantUriPermission+isBackgroundRestricted+isUidActive+moveTaskToFront+revokeUriPermission+sendIntentSender+startActivity+startActivityAsUser+startActivityAsUserWithFeature+startActivityWithFeature,permissionCheck=checkPermission+checkPermissionForDevice,getContentProvider,intentSender=getIntentSender+getIntentSenderWithFeature,runningProcesses=getRunningAppProcesses+getServices,registerReceiver=registerReceiver+registerReceiverWithFeature,foregroundService=setServiceForeground
1788697159.024 10311 21502 21502 I Unique  : 2026-09-06 19:19:19.023 I HOOK SERVICE_HOOKED service=activity_task cache=true singletons=1 managers=0 bound=activityStart matched=activityStart=startActivities+startActivity+startActivityAndWait+startActivityAsCaller+startActivityAsUser+startActivityFromGameSession+startActivityIntentSender+startActivityWithConfig
1788697159.025 10311 21502 21502 I Unique  : 2026-09-06 19:19:19.024 I LAUNCH ATM_HOOK_INSTALLED package=com.gordey.standarling host=com.unique matched=activityStart=startActivities+startActivity+startActivityAndWait+startActivityAsCaller+startActivityAsUser+startActivityFromGameSession+startActivityIntentSender+startActivityWithConfig
1788697159.028 10311 21502 21502 I Unique  : 2026-09-06 19:19:19.026 I HOOK SERVICE_HOOKED service=permissionmgr cache=true singletons=1 managers=1 bound=shouldShowRequestPermissionRationale matched=shouldShowRequestPermissionRationale
1788697159.029 10311 21502 21502 I Unique  : 2026-09-06 19:19:19.028 I HOOK PERMISSION_MANAGER_HOOKED matched=shouldShowRequestPermissionRationale
1788697159.033 10311 21502 21502 I Unique  : 2026-09-06 19:19:19.032 I HOOK SERVICE_HOOKED service=appops cache=true singletons=0 managers=2 bound=appOpIdentity matched=appOpIdentity=checkAudioOperation+checkOperation+checkOperationForDevice+checkOperationRaw+checkOperationRawForDevice+checkPackage+collectNoteOpCallsForValidation+extractAsyncOps+finishOperation+finishOperationForDevice+getHistoricalOps+getHistoricalOpsFromDiskRaw+getOpsForPackage+getPackagesForOpsForDevice+isOperationActive+isProxying+noteOperation+noteOperationForDevice+noteProxyOperation+notePr
1788697159.034 10311 21502 21502 I Unique  : 2026-09-06 19:19:19.033 I HOOK APPOPS_HOOKED package=com.gordey.standarling host=com.unique matched=appOpIdentity=checkAudioOperation+checkOperation+checkOperationForDevice+checkOperationRaw+checkOperationRawForDevice+checkPackage+collectNoteOpCallsForValidation+extractAsyncOps+finishOperation+finishOperationForDevice+getHistoricalOps+getHistoricalOpsFromDiskRaw+getOpsForPackage+getPackagesForOpsForDevice+isOperationActive+isProxying+noteOperation+noteOperationForDevice+noteProxyOperation+notePr
1788697159.041 10311 21502 21502 I Unique  : 2026-09-06 19:19:19.040 I PROCESS SETTINGS_CACHES_PRIMED wrappedByHand=0 alreadyWrapped=3 empty=1
1788697159.043 10311 21502 21502 I Unique  : 2026-09-06 19:19:19.041 I PROCESS PROVIDER_CACHES_EVICTED activityThreadProviders=2 providerRefCounts=1 settingsCaches=4 settingsWrapped=3 hostSource=com.unique hostSourceUid=10311
1788697159.050 10311 21502 21502 I Unique  : 2026-09-06 19:19:19.048 I LAUNCH GOOGLE_STACK_VISIBLE hidden=false reason=VISIBLE_BY_DEFAULT detail=the device has Play services and this instance has not shown it cannot use it packages=com.google.android.gms,com.google.android.gsf
1788697159.053 10311 21502 21502 I Unique  : 2026-09-06 19:19:19.051 I PROCESS NETWORK_SECURITY_INSTALLED package=com.gordey.standarling configRes=0 targetSdk=30
1788697159.053 10311 21502 21502 I UniqueNative: redirect table set: 8 rule(s)
1788697159.054 10311 21502 21502 I UniqueNative: io_redirect: 2 exclusion(s) set
1788697159.054 10311 21502 21502 I UniqueNative: io_redirect installed: 0 slot(s) in 0/389 libraries (0 excluded, 0 total), 8 rule(s), page size 4096
1788697159.055 10311 21502 21502 W UniqueNative: io_redirect: filter did not match: /data/user/0/com.unique/files/virtual/apk/com.gordey.standarling/1090/lib/arm64-v8a
1788697159.055 10311 21502 21502 W UniqueNative: io_redirect: filter did not match: /data/data/com.unique/files/virtual/apk/com.gordey.standarling/1090/lib/arm64-v8a
1788697159.055 10311 21502 21502 W UniqueNative: io_redirect: filter did not match: /data/user/0/com.unique/files/virtual/apk/com.gordey.standarling/1090
1788697159.055 10311 21502 21502 W UniqueNative: io_redirect: filter did not match: /data/data/com.unique/files/virtual/apk/com.gordey.standarling/1090
1788697159.055 10311 21502 21502 W UniqueNative: io_redirect: app-private library seen: /data/misc/apexdata/com.android.art/dalvik-cache/arm64/boot.oat
1788697159.055 10311 21502 21502 W UniqueNative: io_redirect: app-private library seen: /data/misc/apexdata/com.android.art/dalvik-cache/arm64/boot-framework-adservices.oat
1788697159.055 10311 21502 21502 W UniqueNative: io_redirect: app-private library seen: /data/app/~~CoUHsKCRsYdpp67Um5HWkw==/com.unique-fIAs6w0Pm5EDqt_WqssjCA==/oat/arm64/base.odex
1788697159.055 10311 21502 21502 W UniqueNative: io_redirect: app-private library seen: /data/app/~~CoUHsKCRsYdpp67Um5HWkw==/com.unique-fIAs6w0Pm5EDqt_WqssjCA==/base.apk!/lib/arm64-v8a/libunique_native.so
1788697159.056 10311 21502 21502 I UniqueNative: io_redirect: library-load watch installed (3 slot(s) in 2 libraries)
1788697159.056 10311 21502 21502 W UniqueNative: io_redirect: watch saw but did not match: /data/misc/apexdata/com.android.art/dalvik-cache/arm64/boot.oat
1788697159.056 10311 21502 21502 W UniqueNative: io_redirect: watch saw but did not match: /data/misc/apexdata/com.android.art/dalvik-cache/arm64/boot-framework-adservices.oat
1788697159.056 10311 21502 21502 W UniqueNative: io_redirect: watch saw but did not match: /data/app/~~CoUHsKCRsYdpp67Um5HWkw==/com.unique-fIAs6w0Pm5EDqt_WqssjCA==/oat/arm64/base.odex
1788697159.056 10311 21502 21502 W UniqueNative: io_redirect: watch saw but did not match: /data/app/~~CoUHsKCRsYdpp67Um5HWkw==/com.unique-fIAs6w0Pm5EDqt_WqssjCA==/base.apk!/lib/arm64-v8a/libunique_native.so
1788697159.057 10311 21502 21502 I Unique  : 2026-09-06 19:19:19.056 I NATIVE IO_REDIRECT_INSTALLED status=NOTHING_TO_HOOK watch=OK rules=8 slots=0 scope=/data/user/0/com.unique/files/virtual/apk/com.gordey.standarling/1090/lib/arm64-v8a,/data/data/com.unique/files/virtual/apk/com.gordey.standarling/1090/lib/arm64-v8a,/data/user/0/com.unique/files/virt excluded=libgrave.so,libunique_native.so
1788697159.058 10311 21502 21502 I Unique  : 2026-09-06 19:19:19.057 I WEBVIEW WEBVIEW_DATA_DIR_SUFFIX suffix=vapp0 slot=0
1788697159.060 10311 21502 21502 I UniqueNative: crash: recording 6 signal(s) to /data/user/0/com.unique/files/virtual/runtime/diagnostics/0/com.gordey.standarling/native-crash-21502.properties
1788697159.061 10311 21502 21502 I Unique  : 2026-09-06 19:19:19.060 I NATIVE NATIVE_CRASH_HANDLER status=OK file=/data/user/0/com.unique/files/virtual/runtime/diagnostics/0/com.gordey.standarling/native-crash-21502.properties
1788697159.066 10311 21502 21502 I Unique  : 2026-09-06 19:19:19.065 I PROCESS COMPAT_CHANGES_DISABLED targetSdk=30 changes=PENDING_INTENT_EXPLICIT_MUTABILITY_REQUIRED=160794467
1788697159.068 10311 21502 21502 I Unique  : 2026-09-06 19:19:19.066 I STORAGE EXTERNAL_STORAGE_REDIRECTED package=com.gordey.standarling vuid=0 root=/data/user/0/com.unique/files/virtual/users/0/sdcard
1788697159.074 10311 21502 21502 I Unique  : 2026-09-06 19:19:19.073 I HOOK SERVICE_HOOKED service=alarm cache=true singletons=0 managers=0 bound=callerPackage matched=callerPackage=canScheduleExactAlarms+cancelPoweroffAlarm+hasScheduleExactAlarm+removeAll+set+setTimeZone
1788697159.075 10311 21502 21502 I Unique  : 2026-09-06 19:19:19.074 I HOOK IDENTITY_HOOK_INSTALLED service=alarm package=com.gordey.standarling matched=callerPackage=canScheduleExactAlarms+cancelPoweroffAlarm+hasScheduleExactAlarm+removeAll+set+setTimeZone
1788697159.079 10311 21502 21502 I Unique  : 2026-09-06 19:19:19.078 I HOOK SERVICE_HOOKED service=clipboard cache=true singletons=0 managers=0 bound=callerPackage matched=callerPackage=addPrimaryClipChangedListener+clearPrimaryClip+getPrimaryClip+getPrimaryClipDescription+getPrimaryClipSource+getUserPrimaryClip+hasClipboardText+hasPrimaryClip+removePrimaryClipChangedListener+setPrimaryClip+setPrimaryClipAsPackage
1788697159.080 10311 21502 21502 I Unique  : 2026-09-06 19:19:19.079 I HOOK IDENTITY_HOOK_INSTALLED service=clipboard package=com.gordey.standarling matched=callerPackage=addPrimaryClipChangedListener+clearPrimaryClip+getPrimaryClip+getPrimaryClipDescription+getPrimaryClipSource+getUserPrimaryClip+hasClipboardText+hasPrimaryClip+removePrimaryClipChangedListener+setPrimaryClip+setPrimaryClipAsPackage
1788697159.083 10311 21502 21502 I Unique  : 2026-09-06 19:19:19.082 I HOOK SERVICE_HOOKED service=restrictions cache=true singletons=0 managers=0 bound=callerPackage matched=callerPackage=getApplicationRestrictions+getApplicationRestrictionsPerAdminForUser+notifyPermissionResponse+requestPermission
1788697159.086 10311 21502 21502 I Unique  : 2026-09-06 19:19:19.083 I HOOK IDENTITY_HOOK_INSTALLED service=restrictions package=com.gordey.standarling matched=callerPackage=getApplicationRestrictions+getApplicationRestrictionsPerAdminForUser+notifyPermissionResponse+requestPermission
1788697159.090 10311 21502 21502 I Unique  : 2026-09-06 19:19:19.089 I HOOK SERVICE_HOOKED service=locale cache=true singletons=0 managers=0 bound=callerPackage,setApplicationLocales matched=callerPackage=getApplicationLocales+getOverrideLocaleConfig+setOverrideLocaleConfig,setApplicationLocales
1788697159.091 10311 21502 21502 I Unique  : 2026-09-06 19:19:19.090 I HOOK IDENTITY_HOOK_INSTALLED service=locale package=com.gordey.standarling matched=callerPackage=getApplicationLocales+getOverrideLocaleConfig+setOverrideLocaleConfig,setApplicationLocales
1788697159.096 10311 21502 21502 I Unique  : 2026-09-06 19:19:19.093 I HOOK SERVICE_HOOKED service=connectivity cache=true singletons=0 managers=0 bound=callerPackage matched=callerPackage=getDefaultNetworkCapabilitiesForUser+getLastTetherError+getNetworkCapabilities+getRedactedLinkPropertiesForPackage+getRedactedNetworkCapabilitiesForPackage+isConnectivityServiceFeatureEnabledForTesting+listenForNetwork+pendingListenForNetwork+pendingRequestForNetwork+registerConnectivityDiagnosticsCallback+registerNetworkProvider+requestNetwork+requestRouteToHostAddress+setProvisioni
1788697159.097 10311 21502 21502 I Unique  : 2026-09-06 19:19:19.096 I HOOK IDENTITY_HOOK_INSTALLED service=connectivity package=com.gordey.standarling matched=callerPackage=getDefaultNetworkCapabilitiesForUser+getLastTetherError+getNetworkCapabilities+getRedactedLinkPropertiesForPackage+getRedactedNetworkCapabilitiesForPackage+isConnectivityServiceFeatureEnabledForTesting+listenForNetwork+pendingListenForNetwork+pendingRequestForNetwork+registerConnectivi
1788697159.103 10311 21502 21502 I Unique  : 2026-09-06 19:19:19.101 I HOOK SERVICE_HOOKED service=power cache=true singletons=0 managers=0 bound=callerPackage matched=callerPackage=acquireWakeLock+acquireWakeLockAsync+acquireWakeLockWithUid+crash+isAmbientDisplaySuppressedForToken+isAmbientDisplaySuppressedForTokenByApp+isFeatureAllowedInLowPowerStandby+reboot+shutdown+suppressAmbientDisplay+updateWakeLockWorkSource+wakeUp
1788697159.103 10311 21502 21502 I Unique  : 2026-09-06 19:19:19.103 I HOOK IDENTITY_HOOK_INSTALLED service=power package=com.gordey.standarling matched=callerPackage=acquireWakeLock+acquireWakeLockAsync+acquireWakeLockWithUid+crash+isAmbientDisplaySuppressedForToken+isAmbientDisplaySuppressedForTokenByApp+isFeatureAllowedInLowPowerStandby+reboot+shutdown+suppressAmbientDisplay+updateWakeLockWorkSource+wakeUp
1788697159.121 10311 21502 21502 I Unique  : 2026-09-06 19:19:19.120 I HOOK SERVICE_HOOKED service=wifi cache=true singletons=0 managers=0 bound=callerPackage matched=callerPackage=acquireMulticastLock+acquireWifiLock+addLocalOnlyConnectionStatusListener+addNetworkSuggestions+addOrUpdateNetwork+addOrUpdateNetworkPrivileged+addOrUpdatePasspointConfiguration+addQosPolicies+addSuggestionUserApprovalStatusListener+allowAutojoinGlobal+allowAutojoinPasspoint+connect+disableEphemeralNetwork+disableNetwork+disconnect+enableNetwork+enableTdls+enableTdlsWithMacAddress+en
1788697159.122 10311 21502 21502 I Unique  : 2026-09-06 19:19:19.121 I HOOK IDENTITY_HOOK_INSTALLED service=wifi package=com.gordey.standarling matched=callerPackage=acquireMulticastLock+acquireWifiLock+addLocalOnlyConnectionStatusListener+addNetworkSuggestions+addOrUpdateNetwork+addOrUpdateNetworkPrivileged+addOrUpdatePasspointConfiguration+addQosPolicies+addSuggestionUserApprovalStatusListener+allowAutojoinGlobal+allowAutojoinPasspoint+connect+di
1788697159.126 10311 21502 21502 I Unique  : 2026-09-06 19:19:19.124 I HOOK SERVICE_HOOKED service=location cache=true singletons=0 managers=0 bound=callerPackage matched=callerPackage=addGnssAntennaInfoListener+addGnssMeasurementsListener+addGnssNavigationMessageListener+addTestProvider+getCurrentLocation+getLastLocation+getProviderPackages+getProviderProperties+hasProvider+isProviderEnabledForUser+isProviderPackage+registerGnssNmeaCallback+registerGnssStatusCallback+registerLocationListener+registerLocationPendingIntent+removeTestProvider+requestGeofence+requestL
1788697159.127 10311 21502 21502 I Unique  : 2026-09-06 19:19:19.126 I HOOK IDENTITY_HOOK_INSTALLED service=location package=com.gordey.standarling matched=callerPackage=addGnssAntennaInfoListener+addGnssMeasurementsListener+addGnssNavigationMessageListener+addTestProvider+getCurrentLocation+getLastLocation+getProviderPackages+getProviderProperties+hasProvider+isProviderEnabledForUser+isProviderPackage+registerGnssNmeaCallback+registerGnssStatusCallbac
1788697159.142 10311 21502 21502 I Unique  : 2026-09-06 19:19:19.141 I HOOK SERVICE_HOOKED service=audio cache=true singletons=0 managers=0 bound=callerPackage matched=callerPackage=abandonAudioFocus+abandonAudioFocusForTest+adjustStreamVolume+adjustStreamVolumeForUid+adjustStreamVolumeWithAttribution+adjustSuggestedStreamVolumeForUid+adjustVolumeGroupVolume+cacheParameters+disableSafeMediaVolume+getBluetoothAudioDeviceCategory+getBluetoothAudioDeviceCategory_legacy+getCacheParameters+getDeviceVolume+getNotificationUri+getPlayerVolume+handleVolumeKey+isBluetooth
1788697159.143 10311 21502 21502 I Unique  : 2026-09-06 19:19:19.142 I HOOK IDENTITY_HOOK_INSTALLED service=audio package=com.gordey.standarling matched=callerPackage=abandonAudioFocus+abandonAudioFocusForTest+adjustStreamVolume+adjustStreamVolumeForUid+adjustStreamVolumeWithAttribution+adjustSuggestedStreamVolumeForUid+adjustVolumeGroupVolume+cacheParameters+disableSafeMediaVolume+getBluetoothAudioDeviceCategory+getBluetoothAudioDeviceCategory_lega
1788697159.146 10311 21502 21502 I Unique  : 2026-09-06 19:19:19.145 I HOOK SERVICE_HOOKED service=vibrator_manager cache=true singletons=0 managers=0 bound=callerPackage matched=callerPackage=performHapticFeedback+setAlwaysOnEffect+vibrate
1788697159.146 10311 21502 21502 I Unique  : 2026-09-06 19:19:19.146 I HOOK IDENTITY_HOOK_INSTALLED service=vibrator_manager package=com.gordey.standarling matched=callerPackage=performHapticFeedback+setAlwaysOnEffect+vibrate
1788697159.151 10311 21502 21502 I Unique  : 2026-09-06 19:19:19.148 I HOOK SERVICE_HOOKED service=usagestats cache=true singletons=0 managers=0 bound=callerPackage matched=callerPackage=clearBroadcastEvents+clearBroadcastResponseStats+getAppMinStandbyBucket+getAppStandbyBucket+getAppStandbyBuckets+getAppStandbyConstant+getLastTimeAnyComponentUsed+isAppInactive+isPackageExemptedFromBroadcastResponseStats+queryBroadcastResponseStats+queryConfigurationStats+queryEventStats+queryEvents+queryEventsForPackage+queryEventsForPackageForUser+queryEventsForUser+queryEventsWith
1788697159.152 10311 21502 21502 I Unique  : 2026-09-06 19:19:19.151 I HOOK IDENTITY_HOOK_INSTALLED service=usagestats package=com.gordey.standarling matched=callerPackage=clearBroadcastEvents+clearBroadcastResponseStats+getAppMinStandbyBucket+getAppStandbyBucket+getAppStandbyBuckets+getAppStandbyConstant+getLastTimeAnyComponentUsed+isAppInactive+isPackageExemptedFromBroadcastResponseStats+queryBroadcastResponseStats+queryConfigurationStats+queryEventSta
1788697159.155 10311 21502 21502 I Unique  : 2026-09-06 19:19:19.154 I HOOK SERVICE_HOOKED service=netstats cache=true singletons=0 managers=0 bound=callerPackage matched=callerPackage=getIfaceStats+notifyNetworkStatus+openSessionForUsageStats+registerNetworkStatsProvider+registerUsageCallback+setStatsProviderWarningAndLimitAsync
1788697159.156 10311 21502 21502 I Unique  : 2026-09-06 19:19:19.155 I HOOK IDENTITY_HOOK_INSTALLED service=netstats package=com.gordey.standarling matched=callerPackage=getIfaceStats+notifyNetworkStatus+openSessionForUsageStats+registerNetworkStatsProvider+registerUsageCallback+setStatsProviderWarningAndLimitAsync
1788697159.158 10311 21502 21502 I Unique  : 2026-09-06 19:19:19.157 I HOOK SERVICE_HOOKED service=content cache=true singletons=0 managers=0 bound=callerPackage matched=callerPackage=addPeriodicSync+cancelSync+cancelSyncAsUser+getCache+getIsSyncable+getIsSyncableAsUser+getPeriodicSyncs+getSyncAdapterPackageAsUser+getSyncAdapterPackagesForAuthorityAsUser+getSyncAutomatically+getSyncAutomaticallyAsUser+getSyncStatus+getSyncStatusAsUser+isSyncActive+isSyncPending+isSyncPendingAsUser+notifyChange+onDbCorruption+putCache+removePeriodicSync+requestSync+setIsSyncable+se
1788697159.159 10311 21502 21502 I Unique  : 2026-09-06 19:19:19.158 I HOOK IDENTITY_HOOK_INSTALLED service=content package=com.gordey.standarling matched=callerPackage=addPeriodicSync+cancelSync+cancelSyncAsUser+getCache+getIsSyncable+getIsSyncableAsUser+getPeriodicSyncs+getSyncAdapterPackageAsUser+getSyncAdapterPackagesForAuthorityAsUser+getSyncAutomatically+getSyncAutomaticallyAsUser+getSyncStatus+getSyncStatusAsUser+isSyncActive+isSyncPending+isSy
1788697159.164 10311 21502 21502 I Unique  : 2026-09-06 19:19:19.162 I HOOK SERVICE_HOOKED service=shortcut cache=true singletons=0 managers=0 bound=shortcutPublish,callerPackage matched=shortcutPublish=addDynamicShortcuts+createShortcutResultIntent+pushDynamicShortcut+requestPinShortcut+setDynamicShortcuts+updateShortcuts,callerPackage=disableShortcuts+enableShortcuts+getIconMaxDimensions+getMaxShortcutCountPerActivity+getRateLimitResetTime+getRemainingCallCount+getShareTargets+getShortcuts+hasShareTargets+onApplicationActive+removeAllDynamicShortcuts+removeDynamicShortcuts+remov
1788697159.164 10311 21502 21502 I Unique  : 2026-09-06 19:19:19.164 I HOOK IDENTITY_HOOK_INSTALLED service=shortcut package=com.gordey.standarling matched=shortcutPublish=addDynamicShortcuts+createShortcutResultIntent+pushDynamicShortcut+requestPinShortcut+setDynamicShortcuts+updateShortcuts,callerPackage=disableShortcuts+enableShortcuts+getIconMaxDimensions+getMaxShortcutCountPerActivity+getRateLimitResetTime+getRemainingCallCount+getShareTargets+get
1788697159.171 10311 21502 21502 I Unique  : 2026-09-06 19:19:19.170 I HOOK SERVICE_HOOKED service=mount cache=true singletons=0 managers=0 bound=callerPackage,volumeList matched=callerPackage=abortChanges+allocateBytes+benchmark+destroyUserStorage+disableAppDataIsolation+fixupAppDir+fixupAppDirRecursive+fixupSysfsFile+forgetVolume+format+getAllocatableBytes+getCacheQuotaBytes+getCacheSizeBytes+getExternalStorageMountMode+getManageSpaceActivityIntent+getMountedObbPath+isAppIoBlocked+isObbMounted+mkdirs+mount+mountObb+moveStorageQuickly+notifyAppIoBlocked+notifyAppIoResumed
1788697159.173 10311 21502 21502 I Unique  : 2026-09-06 19:19:19.171 I HOOK IDENTITY_HOOK_INSTALLED service=mount package=com.gordey.standarling matched=callerPackage=abortChanges+allocateBytes+benchmark+destroyUserStorage+disableAppDataIsolation+fixupAppDir+fixupAppDirRecursive+fixupSysfsFile+forgetVolume+format+getAllocatableBytes+getCacheQuotaBytes+getCacheSizeBytes+getExternalStorageMountMode+getManageSpaceActivityIntent+getMountedObbPath+isAppI
1788697159.176 10311 21502 21502 I Unique  : 2026-09-06 19:19:19.175 I HOOK SERVICE_HOOKED service=account cache=true singletons=0 managers=0 bound=callerPackage matched=callerPackage=addAccount+addAccountAsUser+addAccountExplicitly+addAccountExplicitlyWithVisibility+addSharedAccountsFromParentUser+createRequestAccountAccessIntentSenderAsUser+editProperties+getAccountByTypeAndFeatures+getAccountVisibility+getAccountsAndVisibilityForPackage+getAccountsAsUser+getAccountsByFeatures+getAccountsByTypeForPackage+getAccountsForPackage+getAuthToken+getAuthTokenLabel+getUs
1788697159.177 10311 21502 21502 I Unique  : 2026-09-06 19:19:19.176 I HOOK IDENTITY_HOOK_INSTALLED service=account package=com.gordey.standarling matched=callerPackage=addAccount+addAccountAsUser+addAccountExplicitly+addAccountExplicitlyWithVisibility+addSharedAccountsFromParentUser+createRequestAccountAccessIntentSenderAsUser+editProperties+getAccountByTypeAndFeatures+getAccountVisibility+getAccountsAndVisibilityForPackage+getAccountsAsUser+getAccou
1788697159.198 10311 21502 21502 I Unique  : 2026-09-06 19:19:19.197 I HOOK SERVICE_HOOKED service=phone cache=true singletons=0 managers=0 bound=callerPackage matched=callerPackage=call+canChangeDtmfToneLength+changeIccLockPassword+checkCarrierPrivilegesForPackage+checkCarrierPrivilegesForPackageAnyPhone+clearSignalStrengthUpdateRequest+deprovisionSatelliteService+dial+disableDataConnectivity+disableVisualVoicemailSmsFilter+doesSwitchMultiSimConfigTriggerReboot+enableDataConnectivity+enableVisualVoicemailSmsFilter+enqueueSmsPickResult+factoryReset+getAllCellInf
1788697159.199 10311 21502 21502 I Unique  : 2026-09-06 19:19:19.198 I HOOK IDENTITY_HOOK_INSTALLED service=phone package=com.gordey.standarling matched=callerPackage=call+canChangeDtmfToneLength+changeIccLockPassword+checkCarrierPrivilegesForPackage+checkCarrierPrivilegesForPackageAnyPhone+clearSignalStrengthUpdateRequest+deprovisionSatelliteService+dial+disableDataConnectivity+disableVisualVoicemailSmsFilter+doesSwitchMultiSimConfigTriggerReboot+e
1788697159.207 10311 21502 21502 I Unique  : 2026-09-06 19:19:19.206 I HOOK SERVICE_HOOKED service=device_policy cache=true singletons=0 managers=0 bound=callerPackage matched=callerPackage=addCrossProfileIntentFilter+addCrossProfileWidgetProvider+addPersistentPreferredActivity+approveCaCert+checkDeviceIdentifierAccess+checkProvisioningPrecondition+choosePrivateKeyAlias+clearApplicationUserData+clearCrossProfileIntentFilters+clearDeviceOwner+clearPackagePersistentPreferredActivities+clearResetPasswordToken+createAdminSupportIntent+createAndManageUser+createAndProvisionM
1788697159.208 10311 21502 21502 I Unique  : 2026-09-06 19:19:19.208 I HOOK IDENTITY_HOOK_INSTALLED service=device_policy package=com.gordey.standarling matched=callerPackage=addCrossProfileIntentFilter+addCrossProfileWidgetProvider+addPersistentPreferredActivity+approveCaCert+checkDeviceIdentifierAccess+checkProvisioningPrecondition+choosePrivateKeyAlias+clearApplicationUserData+clearCrossProfileIntentFilters+clearDeviceOwner+clearPackagePersistentPreferre
1788697159.212 10311 21502 21502 I Unique  : 2026-09-06 19:19:19.211 I HOOK SERVICE_HOOKED service=media.camera cache=true singletons=0 managers=0 bound=callerPackage matched=callerPackage=connect+connectDevice+createDefaultRequest+getCameraCharacteristics+getSessionCharacteristics+getTorchStrengthLevel+injectCamera+injectSessionParams+isHiddenPhysicalCamera+isSessionConfigurationWithParametersSupported+setTorchMode+supportsCameraApi+turnOnTorchWithStrengthLevel
1788697159.212 10311 21502 21502 I Unique  : 2026-09-06 19:19:19.212 I HOOK IDENTITY_HOOK_INSTALLED service=media.camera package=com.gordey.standarling matched=callerPackage=connect+connectDevice+createDefaultRequest+getCameraCharacteristics+getSessionCharacteristics+getTorchStrengthLevel+injectCamera+injectSessionParams+isHiddenPhysicalCamera+isSessionConfigurationWithParametersSupported+setTorchMode+supportsCameraApi+turnOnTorchWithStrengthLevel
1788697159.218 10311 21502 21502 I Unique  : 2026-09-06 19:19:19.217 I HOOK SERVICE_HOOKED service=telecom cache=true singletons=0 managers=0 bound=callerPackage matched=callerPackage=acceptHandover+acceptRingingCall+acceptRingingCallWithVideoState+addCall+addNewIncomingCall+addNewIncomingConference+addOrRemoveTestCallCompanionApp+cancelMissedCallsNotification+clearAccounts+createLaunchEmergencyDialerIntent+createManageBlockedNumbersIntent+endCall+getAdnUriForPhoneAccount+getCallCapablePhoneAccounts+getCallStateUsingPackage+getCurrentTtyMode+getDefaultDialerPackag
1788697159.219 10311 21502 21502 I Unique  : 2026-09-06 19:19:19.219 I HOOK IDENTITY_HOOK_INSTALLED service=telecom package=com.gordey.standarling matched=callerPackage=acceptHandover+acceptRingingCall+acceptRingingCallWithVideoState+addCall+addNewIncomingCall+addNewIncomingConference+addOrRemoveTestCallCompanionApp+cancelMissedCallsNotification+clearAccounts+createLaunchEmergencyDialerIntent+createManageBlockedNumbersIntent+endCall+getAdnUriForPhoneA
1788697159.222 10311 21502 21502 I Unique  : 2026-09-06 19:19:19.221 I HOOK SERVICE_HOOKED service=media_router cache=true singletons=0 managers=0 bound=callerPackage matched=callerPackage=deselectRouteWithManager+deselectRouteWithRouter2+getSystemRoutes+getSystemSessionInfoForPackage+registerClientAsUser+registerClientGroupId+registerManager+registerProxyRouter+registerRouter2+releaseSessionWithManager+releaseSessionWithRouter2+requestCreateSessionWithManager+requestSetVolume+requestUpdateVolume+selectRouteWithManager+selectRouteWithRouter2+setSelectedRoute+setSession
1788697159.223 10311 21502 21502 I Unique  : 2026-09-06 19:19:19.222 I HOOK IDENTITY_HOOK_INSTALLED service=media_router package=com.gordey.standarling matched=callerPackage=deselectRouteWithManager+deselectRouteWithRouter2+getSystemRoutes+getSystemSessionInfoForPackage+registerClientAsUser+registerClientGroupId+registerManager+registerProxyRouter+registerRouter2+releaseSessionWithManager+releaseSessionWithRouter2+requestCreateSessionWithManager+requestSet
1788697159.226 10311 21502 21502 I Unique  : 2026-09-06 19:19:19.225 I HOOK SERVICE_HOOKED service=media_session cache=true singletons=0 managers=0 bound=callerPackage matched=callerPackage=addOnMediaKeyEventSessionChangedListener+createSession+dispatchAdjustVolume+dispatchMediaKeyEvent+dispatchMediaKeyEventToSessionAsSystemService+dispatchVolumeKeyEvent+dispatchVolumeKeyEventToSessionAsSystemService+getMediaKeyEventSession+getMediaKeyEventSessionPackageName+hasCustomMediaKeyDispatcher+hasCustomMediaSessionPolicyProvider+isTrusted+setCustomMediaKeyDispatcher+setCustomMe
1788697159.227 10311 21502 21502 I Unique  : 2026-09-06 19:19:19.226 I HOOK IDENTITY_HOOK_INSTALLED service=media_session package=com.gordey.standarling matched=callerPackage=addOnMediaKeyEventSessionChangedListener+createSession+dispatchAdjustVolume+dispatchMediaKeyEvent+dispatchMediaKeyEventToSessionAsSystemService+dispatchVolumeKeyEvent+dispatchVolumeKeyEventToSessionAsSystemService+getMediaKeyEventSession+getMediaKeyEventSessionPackageName+hasCustomMedi
1788697159.231 10311 21502 21502 I Unique  : 2026-09-06 19:19:19.230 I HOOK SERVICE_HOOKED service=appwidget cache=true singletons=0 managers=0 bound=callerPackage,appWidgetIdentity matched=callerPackage=allocateAppWidgetId+bindRemoteViewsService+createAppWidgetConfigIntentSender+deleteAppWidgetId+deleteHost+getAppWidgetIdsForHost+getAppWidgetInfo+getAppWidgetOfHost+getAppWidgetOptions+getAppWidgetViews+getInstalledProvidersForProfile+hasBindAppWidgetPermission+isBoundWidgetPackage+noteAppWidgetTapped+notifyAppWidgetViewDataChanged+partiallyUpdateAppWidgetIds+setAppWidgetHidden+setBi
1788697159.232 10311 21502 21502 I Unique  : 2026-09-06 19:19:19.231 I HOOK IDENTITY_HOOK_INSTALLED service=appwidget package=com.gordey.standarling matched=callerPackage=allocateAppWidgetId+bindRemoteViewsService+createAppWidgetConfigIntentSender+deleteAppWidgetId+deleteHost+getAppWidgetIdsForHost+getAppWidgetInfo+getAppWidgetOfHost+getAppWidgetOptions+getAppWidgetViews+getInstalledProvidersForProfile+hasBindAppWidgetPermission+isBoundWidgetPackage+not
1788697159.235 10311 21502 21502 I Unique  : 2026-09-06 19:19:19.234 I HOOK SERVICE_HOOKED service=input_method cache=true singletons=1 managers=0 bound=callerPackage,editorIdentity matched=callerPackage=acceptStylusHandwritingDelegation+acceptStylusHandwritingDelegationAsync+getEnabledInputMethodSubtypeList+prepareStylusHandwritingDelegation+setAdditionalInputMethodSubtypes+setExplicitlyEnabledInputMethodSubtypes+startConnectionlessStylusHandwriting+startProtoDump,editorIdentity=startInputOrWindowGainedFocus+startInputOrWindowGainedFocusAsync
1788697159.236 10311 21502 21502 I Unique  : 2026-09-06 19:19:19.235 I HOOK IDENTITY_HOOK_INSTALLED service=input_method package=com.gordey.standarling matched=callerPackage=acceptStylusHandwritingDelegation+acceptStylusHandwritingDelegationAsync+getEnabledInputMethodSubtypeList+prepareStylusHandwritingDelegation+setAdditionalInputMethodSubtypes+setExplicitlyEnabledInputMethodSubtypes+startConnectionlessStylusHandwriting+startProtoDump,editorIdentity=start
1788697159.236 10311 21502 21502 I Unique  : 2026-09-06 19:19:19.236 I HOOK IDENTITY_HOOKS_INSTALLED package=com.gordey.standarling installed=alarm,clipboard,restrictions,locale,connectivity,power,wifi,location,audio,vibrator_manager,usagestats,netstats,content,shortcut,mount,account,phone,device_policy,media.camera,telecom,media_router,media_session,appwidget,input_method skipped=
1788697159.238 10311 21502 21502 W Unique  : 2026-09-06 19:19:19.237 W PROCESS ALARM_EXACT_UNAVAILABLE detail=UNIQUE does not hold SCHEDULE_EXACT_ALARM; a guest asking for an exact alarm will get the platform's SecurityException
1788697159.242 10311 21502 21502 I Unique  : 2026-09-06 19:19:19.240 I HOOK SERVICE_HOOKED service=jobscheduler cache=true singletons=0 managers=0 bound=jobById,scheduleJob,pendingJobs matched=jobById=cancel+getPendingJob+getPendingJobReason,scheduleJob=enqueue+schedule+scheduleAsPackage,pendingJobs=getAllPendingJobs+getAllPendingJobsInNamespace
1788697159.242 10311 21502 21502 I Unique  : 2026-09-06 19:19:19.242 I HOOK JOB_HOOKED package=com.gordey.standarling slot=0 matched=jobById=cancel+getPendingJob+getPendingJobReason,scheduleJob=enqueue+schedule+scheduleAsPackage,pendingJobs=getAllPendingJobs+getAllPendingJobsInNamespace
1788697159.253 10311 21502 21502 I Unique  : 2026-09-06 19:19:19.252 I HOOK SERVICE_HOOKED service=notification cache=true singletons=1 managers=0 bound=notificationIdentity,enqueue,channels matched=notificationIdentity=addAutomaticZenRule+areBubblesAllowed+areNotificationsEnabled+areNotificationsEnabledForPackage+buzzBeepBlinkForNotification+canNotifyAsPackage+canShowBadge+cancelAllNotifications+cancelNotificationFromListener+cancelToast+clearData+deleteNotificationHistoryItem+enqueueTextToast+enqueueToast+finishToken+getActiveNotifications+getActiveNotificationsWithAttribution+getAllowedAss
1788697159.254 10311 21502 21502 I Unique  : 2026-09-06 19:19:19.253 I HOOK NOTIFICATION_HOOKED package=com.gordey.standarling vuid=0 matched=notificationIdentity=addAutomaticZenRule+areBubblesAllowed+areNotificationsEnabled+areNotificationsEnabledForPackage+buzzBeepBlinkForNotification+canNotifyAsPackage+canShowBadge+cancelAllNotifications+cancelNotificationFromListener+cancelToast+clearData+deleteNotificationHistoryItem+enqueueTextToast+enqueueToast+finishToken+getActiveNotifications+getActiveNotificationsWithAttribution+getAllowedAss
1788697159.257 10311 21502 21502 I Unique  : 2026-09-06 19:19:19.256 I PROCESS RECEIVERS_REGISTERED package=com.gordey.standarling declared=3 registered=3 actions=com.adjust.sdk.AdjustPreinstallReferrerReceiver#com.attribution.SYSTEM_INSTALLER_REFERRER;com.facebook.CurrentAccessTokenExpirationBroadcastReceiver#com.facebook.sdk.ACTION_CURRENT_ACCESS_TOKEN_CHANGED;com.google.firebase.iid.FirebaseInstanceIdReceiver#com.google.android.c2dm.intent.RECEIVE exported=2
1788697159.258 10311 21502 21502 I Unique  : 2026-09-06 19:19:19.257 I LAUNCH ACTIVITY_LIFECYCLE_INSTALLED package=com.gordey.standarling
1788697159.271 10311 21502 21502 D Unique  : 2026-09-06 19:19:19.271 D PROCESS PERMISSION_CHECK permission=android.permission.INTERNET result=GRANTED
1788697159.272 10311 21502 21526 D ApplicationLoaders: Returning zygote-cached class loader: /system/framework/org.apache.http.legacy.jar
1788697159.277 10311 21502 21526 I UniqueNative: io_redirect installed: 0 slot(s) in 0/390 libraries (0 excluded, 0 total), 8 rule(s), page size 4096
1788697159.278 10311 21502 21526 W UniqueNative: io_redirect: filter did not match: /data/user/0/com.unique/files/virtual/apk/com.gordey.standarling/1090/lib/arm64-v8a
1788697159.278 10311 21502 21526 W UniqueNative: io_redirect: filter did not match: /data/data/com.unique/files/virtual/apk/com.gordey.standarling/1090/lib/arm64-v8a
1788697159.278 10311 21502 21526 W UniqueNative: io_redirect: filter did not match: /data/user/0/com.unique/files/virtual/apk/com.gordey.standarling/1090
1788697159.278 10311 21502 21526 W UniqueNative: io_redirect: filter did not match: /data/data/com.unique/files/virtual/apk/com.gordey.standarling/1090
1788697159.278 10311 21502 21526 W UniqueNative: io_redirect: app-private library seen: /data/misc/apexdata/com.android.art/dalvik-cache/arm64/boot.oat
1788697159.278 10311 21502 21526 W UniqueNative: io_redirect: app-private library seen: /data/misc/apexdata/com.android.art/dalvik-cache/arm64/boot-framework-adservices.oat
1788697159.278 10311 21502 21526 W UniqueNative: io_redirect: app-private library seen: /data/app/~~CoUHsKCRsYdpp67Um5HWkw==/com.unique-fIAs6w0Pm5EDqt_WqssjCA==/oat/arm64/base.odex
1788697159.278 10311 21502 21526 W UniqueNative: io_redirect: app-private library seen: /data/app/~~CoUHsKCRsYdpp67Um5HWkw==/com.unique-fIAs6w0Pm5EDqt_WqssjCA==/base.apk!/lib/arm64-v8a/libunique_native.so
1788697159.278 10311 21502 21526 W UniqueNative: io_redirect: app-private library seen: /data/misc/apexdata/com.android.art/dalvik-cache/arm64/system@framework@com.android.location.provider.jar@classes.odex
1788697159.287 10311 21502 21502 W com.facebook.UserSettingsManager: Please set a value for AutoLogAppEventsEnabled. Set the flag to TRUE if you want to collect app install, app launch and in-app purchase events automatically. To request user consent before collecting data, set the flag value to FALSE, then change to TRUE once user consent is received. Learn more: https://developers.facebook.com/docs/app-events/getting-started-app-events-android#disable-auto-events.
1788697159.287 10311 21502 21502 W com.facebook.UserSettingsManager: You haven't set a value for AdvertiserIDCollectionEnabled. Set the flag to TRUE if you want to collect Advertiser ID for better advertising and analytics results. To request user consent before collecting data, set the flag value to FALSE, then change to TRUE once user consent is received. Learn more: https://developers.facebook.com/docs/app-events/getting-started-app-events-android#disable-auto-events.
1788697159.296 10311 21502 21526 I UniqueNative: io_redirect installed: 0 slot(s) in 0/391 libraries (0 excluded, 0 total), 8 rule(s), page size 4096
1788697159.296 10311 21502 21526 W UniqueNative: io_redirect: filter did not match: /data/user/0/com.unique/files/virtual/apk/com.gordey.standarling/1090/lib/arm64-v8a
1788697159.296 10311 21502 21526 W UniqueNative: io_redirect: filter did not match: /data/data/com.unique/files/virtual/apk/com.gordey.standarling/1090/lib/arm64-v8a
1788697159.296 10311 21502 21526 W UniqueNative: io_redirect: filter did not match: /data/user/0/com.unique/files/virtual/apk/com.gordey.standarling/1090
1788697159.296 10311 21502 21526 W UniqueNative: io_redirect: filter did not match: /data/data/com.unique/files/virtual/apk/com.gordey.standarling/1090
1788697159.296 10311 21502 21526 W UniqueNative: io_redirect: app-private library seen: /data/misc/apexdata/com.android.art/dalvik-cache/arm64/boot.oat
1788697159.296 10311 21502 21526 W UniqueNative: io_redirect: app-private library seen: /data/misc/apexdata/com.android.art/dalvik-cache/arm64/boot-framework-adservices.oat
1788697159.296 10311 21502 21526 W UniqueNative: io_redirect: app-private library seen: /data/app/~~CoUHsKCRsYdpp67Um5HWkw==/com.unique-fIAs6w0Pm5EDqt_WqssjCA==/oat/arm64/base.odex
1788697159.296 10311 21502 21526 W UniqueNative: io_redirect: app-private library seen: /data/app/~~CoUHsKCRsYdpp67Um5HWkw==/com.unique-fIAs6w0Pm5EDqt_WqssjCA==/base.apk!/lib/arm64-v8a/libunique_native.so
1788697159.296 10311 21502 21526 W UniqueNative: io_redirect: app-private library seen: /data/misc/apexdata/com.android.art/dalvik-cache/arm64/system@framework@com.android.location.provider.jar@classes.odex
1788697159.302 10311 21502 21526 D ApplicationLoaders: Returning zygote-cached class loader: /system_ext/framework/androidx.window.extensions.jar
1788697159.302 10311 21502 21526 D ApplicationLoaders: Returning zygote-cached class loader: /system_ext/framework/androidx.window.sidecar.jar
1788697159.311 10311 21502 21526 I UniqueNative: io_redirect installed: 0 slot(s) in 0/391 libraries (0 excluded, 0 total), 8 rule(s), page size 4096
1788697159.311 10311 21502 21526 W UniqueNative: io_redirect: filter did not match: /data/user/0/com.unique/files/virtual/apk/com.gordey.standarling/1090/lib/arm64-v8a
1788697159.311 10311 21502 21526 W UniqueNative: io_redirect: filter did not match: /data/data/com.unique/files/virtual/apk/com.gordey.standarling/1090/lib/arm64-v8a
1788697159.311 10311 21502 21526 W UniqueNative: io_redirect: filter did not match: /data/user/0/com.unique/files/virtual/apk/com.gordey.standarling/1090
1788697159.311 10311 21502 21526 W UniqueNative: io_redirect: filter did not match: /data/data/com.unique/files/virtual/apk/com.gordey.standarling/1090
1788697159.311 10311 21502 21526 W UniqueNative: io_redirect: app-private library seen: /data/misc/apexdata/com.android.art/dalvik-cache/arm64/boot.oat
1788697159.311 10311 21502 21526 W UniqueNative: io_redirect: app-private library seen: /data/misc/apexdata/com.android.art/dalvik-cache/arm64/boot-framework-adservices.oat
1788697159.311 10311 21502 21526 W UniqueNative: io_redirect: app-private library seen: /data/app/~~CoUHsKCRsYdpp67Um5HWkw==/com.unique-fIAs6w0Pm5EDqt_WqssjCA==/oat/arm64/base.odex
1788697159.311 10311 21502 21526 W UniqueNative: io_redirect: app-private library seen: /data/app/~~CoUHsKCRsYdpp67Um5HWkw==/com.unique-fIAs6w0Pm5EDqt_WqssjCA==/base.apk!/lib/arm64-v8a/libunique_native.so
1788697159.311 10311 21502 21526 W UniqueNative: io_redirect: app-private library seen: /data/misc/apexdata/com.android.art/dalvik-cache/arm64/system@framework@com.android.location.provider.jar@classes.odex
1788697159.311 10311 21502 21526 W UniqueNative: io_redirect: app-private library seen: /data/app/~~LGFpv3Im5Siq4WgWd5h5rg==/com.google.android.gms-R7X6lxCf-Hd419IiSvoKBQ==/oat/arm64/base.odex
1788697159.318 10311 21502 21528 W GraphRequest: Starting with v13 of the SDK, a client token must be embedded in your client code before making Graph API calls. Visit https://developers.facebook.com/docs/android/getting-started#client-token to learn how to implement this change.
1788697159.446 10311 21502 21530 W GraphRequest: Starting with v13 of the SDK, a client token must be embedded in your client code before making Graph API calls. Visit https://developers.facebook.com/docs/android/getting-started#client-token to learn how to implement this change.
1788697159.454 10311 21502 21532 W GraphRequest: Starting with v13 of the SDK, a client token must be embedded in your client code before making Graph API calls. Visit https://developers.facebook.com/docs/android/getting-started#client-token to learn how to implement this change.
1788697159.473 10311 21502 21502 I FirebaseApp: Device unlocked: initializing all Firebase APIs for app [DEFAULT]
1788697159.493 10311 21502 21542 I DynamiteModule: Considering local module com.google.android.gms.measurement.dynamite:17 and remote module com.google.android.gms.measurement.dynamite:0
1788697159.493 10311 21502 21542 I DynamiteModule: Selected local version of com.google.android.gms.measurement.dynamite
1788697159.506 10311 21502 21544 D FirebaseRemoteConfig: Persisted config file was not found.
1788697159.506 10311 21502 21544 D FirebaseRemoteConfig: java.io.FileNotFoundException: /data/user/0/com.unique/files/virtual/users/0/data/com.gordey.standarling/files/persisted_config: open failed: ENOENT (No such file or directory)
1788697159.506 10311 21502 21544 D FirebaseRemoteConfig: 	at libcore.io.IoBridge.open(IoBridge.java:574)
1788697159.506 10311 21502 21544 D FirebaseRemoteConfig: 	at java.io.FileInputStream.<init>(FileInputStream.java:179)
1788697159.506 10311 21502 21544 D FirebaseRemoteConfig: 	at android.app.ContextImpl.openFileInput(ContextImpl.java:785)
1788697159.506 10311 21502 21544 D FirebaseRemoteConfig: 	at android.content.ContextWrapper.openFileInput(ContextWrapper.java:267)
1788697159.506 10311 21502 21544 D FirebaseRemoteConfig: 	at com.google.firebase.remoteconfig.internal.m.c(LegacyConfigsHandler.java:2)
1788697159.506 10311 21502 21544 D FirebaseRemoteConfig: 	at com.google.firebase.remoteconfig.internal.m.b(LegacyConfigsHandler.java:1)
1788697159.506 10311 21502 21544 D FirebaseRemoteConfig: 	at com.google.firebase.remoteconfig.internal.m.a(LegacyConfigsHandler.java:2)
1788697159.506 10311 21502 21544 D FirebaseRemoteConfig: 	at com.google.firebase.remoteconfig.q.call(RemoteConfigComponent.java:2)
1788697159.506 10311 21502 21544 D FirebaseRemoteConfig: 	at com.google.android.gms.tasks.zzy.run(com.google.android.gms:play-services-tasks@@17.2.0:1)
1788697159.506 10311 21502 21544 D FirebaseRemoteConfig: 	at java.util.concurrent.ThreadPoolExecutor.runWorker(ThreadPoolExecutor.java:1100)
1788697159.506 10311 21502 21544 D FirebaseRemoteConfig: 	at java.util.concurrent.ThreadPoolExecutor$Worker.run(ThreadPoolExecutor.java:624)
1788697159.506 10311 21502 21544 D FirebaseRemoteConfig: 	at java.lang.Thread.run(Thread.java:1572)
1788697159.506 10311 21502 21544 D FirebaseRemoteConfig: Caused by: android.system.ErrnoException: open failed: ENOENT (No such file or directory)
1788697159.506 10311 21502 21544 D FirebaseRemoteConfig: 	at libcore.io.Linux.open(Native Method)
1788697159.506 10311 21502 21544 D FirebaseRemoteConfig: 	at libcore.io.ForwardingOs.open(ForwardingOs.java:579)
1788697159.506 10311 21502 21544 D FirebaseRemoteConfig: 	at libcore.io.BlockGuardOs.open(BlockGuardOs.java:274)
1788697159.506 10311 21502 21544 D FirebaseRemoteConfig: 	at libcore.io.ForwardingOs.open(ForwardingOs.java:579)
1788697159.506 10311 21502 21544 D FirebaseRemoteConfig: 	at android.app.ActivityThread$AndroidOs.open(ActivityThread.java:9342)
1788697159.506 10311 21502 21544 D FirebaseRemoteConfig: 	at libcore.io.IoBridge.open(IoBridge.java:560)
1788697159.506 10311 21502 21544 D FirebaseRemoteConfig: 	... 11 more
1788697159.516 10311 21502 21502 I FirebaseInitProvider: FirebaseApp initialization successful
1788697159.518 10311 21502 21502 I Unique  : 2026-09-06 19:19:19.517 I PROCESS PROVIDERS_PUBLISHED package=com.gordey.standarling process=com.gordey.standarling declared=5 authorities=[redacted]
1788697159.519 10311 21502 21549 D Unique  : 2026-09-06 19:19:19.516 D PROCESS PERMISSION_CHECK permission=android.permission.WAKE_LOCK result=GRANTED
1788697159.523 10311 21502 21502 I UniqueNative: redirect table set: 8 rule(s)
1788697159.524 10311 21502 21502 I UniqueNative: io_redirect: 2 exclusion(s) set
1788697159.524 10311 21502 21502 I UniqueNative: io_redirect installed: 0 slot(s) in 0/391 libraries (0 excluded, 0 total), 8 rule(s), page size 4096
1788697159.524 10311 21502 21502 W UniqueNative: io_redirect: filter did not match: /data/user/0/com.unique/files/virtual/apk/com.gordey.standarling/1090/lib/arm64-v8a
1788697159.524 10311 21502 21502 W UniqueNative: io_redirect: filter did not match: /data/data/com.unique/files/virtual/apk/com.gordey.standarling/1090/lib/arm64-v8a
1788697159.524 10311 21502 21502 W UniqueNative: io_redirect: filter did not match: /data/user/0/com.unique/files/virtual/apk/com.gordey.standarling/1090
1788697159.524 10311 21502 21502 W UniqueNative: io_redirect: filter did not match: /data/data/com.unique/files/virtual/apk/com.gordey.standarling/1090
1788697159.524 10311 21502 21502 W UniqueNative: io_redirect: app-private library seen: /data/misc/apexdata/com.android.art/dalvik-cache/arm64/boot.oat
1788697159.524 10311 21502 21502 W UniqueNative: io_redirect: app-private library seen: /data/misc/apexdata/com.android.art/dalvik-cache/arm64/boot-framework-adservices.oat
1788697159.524 10311 21502 21502 W UniqueNative: io_redirect: app-private library seen: /data/app/~~CoUHsKCRsYdpp67Um5HWkw==/com.unique-fIAs6w0Pm5EDqt_WqssjCA==/oat/arm64/base.odex
1788697159.524 10311 21502 21502 W UniqueNative: io_redirect: app-private library seen: /data/app/~~CoUHsKCRsYdpp67Um5HWkw==/com.unique-fIAs6w0Pm5EDqt_WqssjCA==/base.apk!/lib/arm64-v8a/libunique_native.so
1788697159.524 10311 21502 21502 W UniqueNative: io_redirect: app-private library seen: /data/misc/apexdata/com.android.art/dalvik-cache/arm64/system@framework@com.android.location.provider.jar@classes.odex
1788697159.524 10311 21502 21502 W UniqueNative: io_redirect: app-private library seen: /data/app/~~LGFpv3Im5Siq4WgWd5h5rg==/com.google.android.gms-R7X6lxCf-Hd419IiSvoKBQ==/oat/arm64/base.odex
1788697159.526 10311 21502 21502 I Unique  : 2026-09-06 19:19:19.525 I NATIVE u0 com.gordey.standarling IO_REDIRECT_INSTALLED status=NOTHING_TO_HOOK watch=OK rules=8 slots=0 scope=/data/user/0/com.unique/files/virtual/apk/com.gordey.standarling/1090/lib/arm64-v8a,/data/data/com.unique/files/virtual/apk/com.gordey.standarling/1090/lib/arm64-v8a,/data/user/0/com.unique/files/virt excluded=libgrave.so,libunique_native.so
1788697159.530 10311 21502 21502 I Unique  : 2026-09-06 19:19:19.526 I LAUNCH u0 com.gordey.standarling BOOTSTRAP_OK package=com.gordey.standarling vuid=0 slot=0 applicationClass=android.app.Application dataDir=/data/user/0/com.unique/files/virtual/users/0/data/com.gordey.standarling sourceDir=/data/user/0/com.unique/files/virtual/apk/com.gordey.standarling/1090/base.apk nativeLibraryDir=/data/user/0/com.unique/files/virtual/apk/com.gordey.standarling/1090/lib/arm64-v8a targetSdk=30 observedPackageName=com.gordey.standarling observedFilesDir=/data/user/0/com.unique/files/virtual/users/0/data/com.gordey.standarling/files millis=690
1788697159.532 10311 21502 21502 I Unique  : 2026-09-06 19:19:19.531 I LAUNCH u0 com.gordey.standarling TRANSACTION_REWRITTEN package=com.gordey.standarling activity=com.google.firebase.MessagingUnityPlayerActivity vuid=0 item=LaunchActivityItem theme=0
1788697159.532 10311 21502 21526 D Unique  : 2026-09-06 19:19:19.531 D PROCESS u0 com.gordey.standarling SERVICE_INTENT_CROSS_APP action=com.google.android.gms.ads.identifier.service.START target=com.google.android.gms
1788697159.533 10311 21502 21526 D Unique  : 2026-09-06 19:19:19.532 D PROCESS u0 com.gordey.standarling SERVICE_CONNECTION_WRAPPED connection=com.google.android.gms.common.a
1788697159.539 10311 21502 21531 D Unique  : 2026-09-06 19:19:19.538 D PROCESS u0 com.gordey.standarling SERVICE_INTENT_CROSS_APP action=com.google.android.gms.ads.identifier.service.START target=com.google.android.gms
1788697159.540 10311 21502 21531 D Unique  : 2026-09-06 19:19:19.539 D PROCESS u0 com.gordey.standarling SERVICE_CONNECTION_WRAPPED connection=com.google.android.gms.common.a
1788697159.542 10311 21502 21549 D Unique  : 2026-09-06 19:19:19.542 D PROCESS u0 com.gordey.standarling PERMISSION_CHECK permission=android.permission.ACCESS_NETWORK_STATE result=GRANTED
1788697159.553 10311 20915 20924 I Unique  : 2026-09-06 19:19:19.551 I PROCESS PROVIDER_SLOT_READY slot=0 vuid=0 pid=21502
1788697159.686 10311 21502 21502 I Unique  : 2026-09-06 19:19:19.683 I LAUNCH u0 com.gordey.standarling ACTIVITY_ORIENTATION_APPLIED activity=com.google.firebase.MessagingUnityPlayerActivity orientation=6 applied=true
1788697159.723 10311 21502 21502 W libc    : Access denied finding property "persist.vendor.camera.IsVariableApertureSupported"
1788697159.723 10311 21502 21502 W libc    : Access denied finding property "persist.vendor.camera.IsStreetModeSupported"
1788697159.730 10311 21502 21502 I UniqueNative: io_redirect installed: 0 slot(s) in 1/392 libraries (0 excluded, 0 total), 8 rule(s), page size 4096
1788697159.806 10311 21502 21502 I SurfaceFactory: [static] sSurfaceFactory = com.mediatek.view.impl.SurfaceFactoryImpl@69938fd
1788697159.818 10311 21502 21542 W BpBinder: Slow Binder: BpBinder transact took 255 ms, interface=android.content.IContentProvider, code=1 oneway=false
1788697159.827 10311 21502 21502 D MiuiMultiWindowUtils: freeform resolution args raw data:{  "wide_default":{    "freeform_args": {        "vertical_portrait":{"aspect_ratio":0.626, "original_ratio":0.5643,"original_scale":0.74,"top_margin":0.168,"left_margin":0.484},        "horizontal_portrait":{"aspect_ratio":0.626, "original_ratio":0.5643,"original_scale":0.74,"top_margin":0.1222,"left_margin":0.59745},        "vertical_landscape":{"aspect_ratio":1.6, "original_ratio":1,"original_scale":0.604,"top_margin":0.2596,"left_margin":0.2624},        "horizontal_landscape":{"aspect_ratio":1.6, "original_ratio":1,"original_scale":0.604,"top_margin":0.213,"left_margin":0.3758}    },    "mini_freeform_args":{        "vertical_portrait":{"original_ratio":0.147},        "horizontal_portrait":{"original_ratio":0.147},        "vertical_landscape":{"original_ratio":0.165},        "horizontal_landscape":{"original_ratio":0.165}    }  },  "narrow_default": {    "freeform_args": {        "vertical_portrait":{"aspect_ratio":0.626, "original_ratio":1,"original_scale":0.74,"top_margin":0.0753,"left_margin":-1},        "horizontal_portrait":{"aspect_ratio":0.626, "original_ratio":1,"original_scale":0.5756,"top_margin":-1,"left_margin":0.0753},        "vertical_landscape":{"aspect_ratio":1.6, "original_ratio":0.6847,"original_scale":0.587,"top_margin":0.0753,"left_margin":-1},        "horizontal_landscape":{"aspect_ratio":1.6, "original_ratio":0.6847,"original_scale":0.587,"top_margin":-1,"left_margin":0.0753}    },    "mini_freeform_args":{        "vertical_portrait":{"original_ratio":0.26},        "horizontal_portrait":{"original_ratio":0.26},        "vertical_landscape":{"original_ratio":0.293},        "horizontal_landscape":{"original_ratio":0.293}    }  },  "regular_default": {    "freeform_args": {      "vertical_portrait":{"aspect_ratio":0.625, "original_ratio":1,"original_scale":0.7,"top_margin":0.109,"left_margin":-1},      "horizontal_portrait":{"aspect_ratio":0.6667, "original_ratio":1,"original_scale":0.6102,"top_margin":-1,"left_margin":0.026},      "vertical_landscape":{"aspect_ratio":1.6, "original_ratio":1,"original_scale":0.4244,"top_margin":0.109,"left_margin":-1},      "horizontal_landscape":{"aspect_ratio":1.6, "original_ratio":1,"original_scale":0.4244,"top_margin":-1,"left_margin":0.026}    },    "mini_freeform_args":{      "vertical_portrait":{"original_ratio":0.25},      "horizontal_portrait":{"original_ratio":0.25},      "vertical_landscape":{"original_ratio":0.25},      "horizontal_landscape":{"original_ratio":0.25}    }  },  "pad_default": {    "freeform_args": {      "vertical_portrait":{"aspect_ratio":0.5625, "original_ratio":0.375,"original_scale":0.835,"top_margin":0.049,"left_margin":0.2775},      "horizontal_portrait":{"aspect_ratio":0.5625, "original_ratio":0.375,"original_scale":0.835,"top_margin":-1,"left_margin":0.6525},      "vertical_landscape":{"aspect_ratio":-1, "original_ratio":1,"original_scale":0.468,"top_margin":0.049,"left_margin":-1},      "horizontal_landscape":{"aspect_ratio":-1, "original_ratio":1,"original_scale":0.468,"top_margin":-1,"left_margin":0.4976}    },    "mini_freeform_args":{      "vertical_portrait":{"original_ratio":0.144},      "horizontal_portrait":{"original_ratio":0.144},      "vertical_landscape":{"original_ratio":0.2},      "horizontal_landscape":{"original_ratio":0.2}    }  }}
1788697159.828 10311 21502 21502 D MiuiMultiWindowUtils: initFreeFormResolutionArgs failed, device is sea
1788697159.828 10311 21502 21502 D IS_CTS_MODE: false
1788697159.828 10311 21502 21502 D MULTI_WINDOW_SWITCH_ENABLED: false
1788697159.845 10311 21502 21502 V PhoneWindowStubImpl: modifyNavigationBarColor from -16777216 to -1
1788697159.890 10311 21502 21502 I UniqueNative: io_redirect: excluded (not hooked, on purpose): /data/data/com.unique/files/virtual/apk/com.gordey.standarling/1090/lib/arm64-v8a/libgrave.so
1788697159.890 10311 21502 21502 I UniqueNative: io_redirect installed: 22 slot(s) in 3/395 libraries (1 excluded, 22 total), 8 rule(s), page size 4096
1788697159.890 10311 21502 21502 I UniqueNative: io_redirect: hooked 22 new slot(s) after loading /data/user/0/com.unique/files/virtual/apk/com.gordey.standarling/1090/lib/arm64-v8a/libgrave.so (22 total)
1788697159.925 10311 21502 21523 W om.unique:vapp0: Long monitor contention with owner ScionFrontendApi (21542) at int com.google.android.gms.dynamite.DynamiteModule.zza(android.content.Context, java.lang.String, boolean)(com.google.android.gms:play-services-basement@@17.4.0:26) waiters=0 in null for 195ms
1788697159.984 10311 21502 21542 D Unique  : 2026-09-06 19:19:19.979 D PROCESS u0 com.gordey.standarling PERMISSION_CHECK permission=com.google.android.providers.gsf.permission.READ_GSERVICES result=GRANTED
1788697160.028 10311 20915 20924 W Unique  : 2026-09-06 19:19:20.027 W PROCESS PROVIDER_ROUTE_UNKNOWN vuid=0 authority=[redacted]
1788697160.070 10311 20915 20924 W Unique  : 2026-09-06 19:19:20.068 W PROCESS PROVIDER_ROUTE_UNKNOWN vuid=0 authority=[redacted]
1788697160.190 10311 21502 21594 W om.unique:vapp0: Long monitor contention with owner ScionFrontendApi (21542) at java.lang.Object com.google.android.gms.internal.measurement.q2.b()(com.google.android.gms:play-services-measurement-impl@@17.5.0:36) waiters=0 in java.lang.Object com.google.android.gms.internal.measurement.q2.b() for 201ms
1788697160.429 10311 21502 21532 E FeatureFlagsImplExport: android.os.flagging.AconfigStorageReadException: ERROR_PACKAGE_NOT_FOUND: package com.android.libcore cannot be found on the device
1788697160.684 10311 21502 21594 I FA      : App measurement initialized, version: 31049
1788697160.684 10311 21502 21594 I FA      : To enable debug logging run: adb shell setprop log.tag.FA VERBOSE
1788697160.686 10311 21502 21594 I FA      : To enable faster debug mode event logging run:
1788697160.686 10311 21502 21594 I FA      :   adb shell setprop debug.firebase.analytics.app com.gordey.standarling
1788697160.699 10311 21502 21594 D Unique  : 2026-09-06 19:19:20.695 D PROCESS u0 com.gordey.standarling PERMISSION_CHECK permission=android.permission.INTERNET result=GRANTED
1788697160.711 10311 21502 21594 D Unique  : 2026-09-06 19:19:20.702 D PROCESS u0 com.gordey.standarling PERMISSION_CHECK permission=android.permission.ACCESS_NETWORK_STATE result=GRANTED
1788697161.335 10311 21502 21514 W MIUIScout App: Enter APP_SCOUT_WARNING State
1788697161.335 10311 21502 21514 W MIUIScout App:  (Current message: duration=2501ms seq=4 late=7ms h=android.app.ActivityThread$H w=159)
1788697161.337 10311 21502 21640 W MIUIScout App: Event:APP_SCOUT_WARNING Thread:main backtrace:
1788697161.337 10311 21502 21640 W MIUIScout App:     at java.lang.Runtime.nativeLoad(Native Method)
1788697161.337 10311 21502 21640 W MIUIScout App:     at java.lang.Runtime.loadLibrary0(Runtime.java:1109)
1788697161.337 10311 21502 21640 W MIUIScout App:     at java.lang.Runtime.loadLibrary0(Runtime.java:1033)
1788697161.337 10311 21502 21640 W MIUIScout App:     at java.lang.System.loadLibrary(System.java:1765)
1788697161.337 10311 21502 21640 W MIUIScout App:     at com.unity3d.player.UnityPlayerActivity.onCreate(UnityPlayerActivity.java:6)
1788697161.337 10311 21502 21640 W MIUIScout App:     at com.google.firebase.MessagingUnityPlayerActivity.onCreate(MessagingUnityPlayerActivity.java:4)
1788697161.337 10311 21502 21640 W MIUIScout App:     at android.app.Activity.performCreate(Activity.java:9209)
1788697161.337 10311 21502 21640 W MIUIScout App:     at android.app.Activity.performCreate(Activity.java:9165)
1788697161.337 10311 21502 21640 W MIUIScout App:     at android.app.Instrumentation.callActivityOnCreate(Instrumentation.java:1537)
1788697161.337 10311 21502 21640 W MIUIScout App:     at android.app.ActivityThread.performLaunchActivity(ActivityThread.java:4397)
1788697161.337 10311 21502 21640 W MIUIScout App:     at android.app.ActivityThread.handleLaunchActivity(ActivityThread.java:4636)
1788697161.337 10311 21502 21640 W MIUIScout App:     at android.app.servertransaction.LaunchActivityItem.execute(LaunchActivityItem.java:112)
1788697161.337 10311 21502 21640 W MIUIScout App:     at android.app.servertransaction.TransactionExecutor.executeNonLifecycleItem(TransactionExecutor.java:186)
1788697161.337 10311 21502 21640 W MIUIScout App:     at android.app.servertransaction.TransactionExecutor.executeTransactionItems(TransactionExecutor.java:112)
1788697161.337 10311 21502 21640 W MIUIScout App:     at android.app.servertransaction.TransactionExecutor.execute(TransactionExecutor.java:84)
1788697161.337 10311 21502 21640 W MIUIScout App:     at android.app.ActivityThread$H.handleMessage(ActivityThread.java:2878)
1788697161.337 10311 21502 21640 W MIUIScout App:     at android.os.Handler.dispatchMessage(Handler.java:107)
1788697161.337 10311 21502 21640 W MIUIScout App:     at android.os.Looper.loopOnce(Looper.java:249)
1788697161.337 10311 21502 21640 W MIUIScout App:     at android.os.Looper.loop(Looper.java:337)
1788697161.337 10311 21502 21640 W MIUIScout App:     at android.app.ActivityThread.main(ActivityThread.java:9469)
1788697161.337 10311 21502 21640 W MIUIScout App:     at java.lang.reflect.Method.invoke(Native Method)
1788697161.337 10311 21502 21640 W MIUIScout App:     at com.android.internal.os.RuntimeInit$MethodAndArgsCaller.run(RuntimeInit.java:636)
1788697161.337 10311 21502 21640 W MIUIScout App:     at com.android.internal.os.ZygoteInit.main(ZygoteInit.java:1005)
1788697161.396 10311 21502 21504 I om.unique:vapp0: Thread[2,tid=21504,WaitingInMainSignalCatcherLoop,Thread*=0xb400007cfb1146f0,peer=0x28f2020,"Signal Catcher"]: reacting to signal 3
1788697161.549 10311 21502 21504 I om.unique:vapp0: Wrote stack traces to tombstoned
1788697161.712 10311 21502 21532 E com.facebook.GraphResponse: {HttpStatus: 400, errorCode: 100, subErrorCode: 33, errorType: GraphMethodException, errorMessage: Unsupported get request. Object with ID '75257380179802112312300' does not exist, cannot be loaded due to missing permissions, or does not support this operation. Please read the Graph API documentation at https://developers.facebook.com/docs/graph-api}
1788697161.713 10311 21502 21532 W GraphRequest: Starting with v13 of the SDK, a client token must be embedded in your client code before making Graph API calls. Visit https://developers.facebook.com/docs/android/getting-started#client-token to learn how to implement this change.
1788697161.721 10311 21502 21530 E com.facebook.GraphResponse: {HttpStatus: 400, errorCode: 100, subErrorCode: 33, errorType: GraphMethodException, errorMessage: Unsupported get request. Object with ID '75257380179802112312300' does not exist, cannot be loaded due to missing permissions, or does not support this operation. Please read the Graph API documentation at https://developers.facebook.com/docs/graph-api}
1788697161.721 10311 21502 21528 E com.facebook.GraphResponse: {HttpStatus: 400, errorCode: 100, subErrorCode: 33, errorType: GraphMethodException, errorMessage: Unsupported get request. Object with ID '75257380179802112312300' does not exist, cannot be loaded due to missing permissions, or does not support this operation. Please read the Graph API documentation at https://developers.facebook.com/docs/graph-api}
1788697161.894 10311 21502 21502 W Activity: PerfMonitor: Slow Operation: Activity com.gordey.standarling/com.google.firebase.MessagingUnityPlayerActivity onCreate took 2208ms
1788697161.897 10311 21502 21502 W libc    : Access denied finding property "ro.vendor.df.effect.conflict"
1788697161.936 10311 21502 21502 I PowerHalWrapper: PowerHalWrapper.getInstance
1788697161.936 10311 21502 21502 I M-ProMotion: M-ProMotion is disabled
1788697161.939 10311 21502 21654 I PowerHalWrapper: PowerHalWrapper.getInstance
1788697161.951 10311 21502 21502 D MiuiCameraCoveredManager: java.lang.NullPointerException: Attempt to invoke virtual method 'java.lang.String android.provider.MiuiSettings$SettingsCloudData$CloudData.getString(java.lang.String, java.lang.String)' on a null object reference
1788697161.952 10311 21502 21502 W libc    : Access denied finding property "ro.vendor.perf.scroll_opt"
1788697161.958 10311 21502 21656 W libc    : Access denied finding property "ro.vendor.display.iris_x7.support"
1788697161.959 10311 21502 21532 E com.facebook.GraphResponse: {HttpStatus: 400, errorCode: 100, subErrorCode: 33, errorType: GraphMethodException, errorMessage: Unsupported get request. Object with ID '75257380179802112312300' does not exist, cannot be loaded due to missing permissions, or does not support this operation. Please read the Graph API documentation at https://developers.facebook.com/docs/graph-api}
1788697161.960 10311 21502 21528 W GraphRequest: Starting with v13 of the SDK, a client token must be embedded in your client code before making Graph API calls. Visit https://developers.facebook.com/docs/android/getting-started#client-token to learn how to implement this change.
1788697161.960 10311 21502 21502 D VRI[MessagingUnityPlayerActivity]: hardware acceleration = true, forceHwAccelerated = false
1788697161.971 10311 21502 21530 D Unique  : 2026-09-06 19:19:21.970 D PROCESS u0 com.gordey.standarling SERVICE_INTENT_CROSS_APP action=com.google.android.gms.ads.identifier.service.START target=com.google.android.gms
1788697161.973 10311 21502 21530 D Unique  : 2026-09-06 19:19:21.971 D PROCESS u0 com.gordey.standarling SERVICE_CONNECTION_WRAPPED connection=com.google.android.gms.common.a
1788697161.981 10311 21502 21502 D InputEventReceiver: Input log is disabled in InputEventReceiver.
1788697161.987 10311 21502 21502 D Unique  : 2026-09-06 19:19:21.987 D LAUNCH u0 com.gordey.standarling CALLBACK_ALIVE what=159 obj=android.app.servertransaction.ClientTransaction
1788697161.988 10311 21502 21502 D Unique  : 2026-09-06 19:19:21.988 D LAUNCH u0 com.gordey.standarling NO_LAUNCH_ITEM transaction=android.app.servertransaction.ClientTransaction shape=CREATOR: mActivityCallbacks:[TopResumedActivityChangeItem] mActivityToken:BinderProxy mClient:null mLifecycleStateRequest:null mTransactionItems:[TopResumedActivityChangeItem] seen=2
1788697161.989 10311 21502 21502 W Looper  : Loop again would have the queued messages be executed before this one completed.
1788697161.989 10311 21502 21502 D Unique  : 2026-09-06 19:19:21.989 D LAUNCH u0 com.gordey.standarling CALLBACK_ALIVE what=149 obj=android.os.BinderProxy
1788697161.991 10311 21502 21502 D Unique  : 2026-09-06 19:19:21.990 D LAUNCH u0 com.gordey.standarling NO_LAUNCH_ITEM transaction=android.app.servertransaction.ClientTransaction shape=CREATOR: mActivityCallbacks:[ConfigurationChangeItem] mActivityToken:null mClient:null mLifecycleStateRequest:null mTransactionItems:[ConfigurationChangeItem] seen=3
1788697161.993 10311 21502 21502 D Unique  : 2026-09-06 19:19:21.992 D LAUNCH u0 com.gordey.standarling NO_LAUNCH_ITEM transaction=android.app.servertransaction.ClientTransaction shape=CREATOR: mActivityCallbacks:[ActivityConfigurationChangeItem] mActivityToken:BinderProxy mClient:null mLifecycleStateRequest:null mTransactionItems:[ActivityConfigurationChangeItem] seen=4
1788697162.019 10311 21502 21531 D Unique  : 2026-09-06 19:19:22.018 D PROCESS u0 com.gordey.standarling SERVICE_CONNECTION_WRAPPED connection=com.android.installreferrer.api.InstallReferrerClientImpl$b
1788697162.039 10311 21502 21502 D VRI[MessagingUnityPlayerActivity]: vri.reportNextDraw android.view.ViewRootImpl.performTraversals:4936 android.view.ViewRootImpl.doTraversal:3546 android.view.ViewRootImpl$TraversalRunnable.run:11690 android.view.Choreographer$CallbackRecord.run:1763 android.view.Choreographer$CallbackRecord.run:1772
1788697162.039 10311 21502 21502 D SurfaceView: UPDATE null, mIsCastMode = false
1788697162.047 10311 21502 21502 D VRI[MessagingUnityPlayerActivity]: Setup new sync=wmsSync-VRI[MessagingUnityPlayerActivity]#1
1788697162.052 10311 21502 21656 D MMUD    : mtk_memory_debug_init com.gordey.standarling 0xb400007ddc12a400
1788697162.056 10311 21502 21671 E om.unique:vapp0: setpriority success to 100 : mali-cmar-backend
1788697162.084 10311 21502 21656 D om.unique:vapp0: MiuiProcessManagerServiceStub setSchedFifo
1788697162.084 10311 21502 21656 I MiuiProcessManagerImpl: setSchedFifo pid:21502, mode:3
1788697162.084 10311 21502 21656 D MAGT_SYNC_FRAME: MAGT Sync: MAGT is not supported. Disabling Sync.
1788697162.138 10311 21502 21656 I GrallocExtra: gralloc_extra_query:is_SW3D 0
1788697162.139 10311 21502 21656 W libc    : Access denied finding property "ro.vendor.display.iris_x7.support"
1788697162.156 10311 21502 21656 E LB      : fail to open file: No such file or directory
1788697162.156 10311 21502 21656 E LB      : fail to open node: No such file or directory
1788697162.156 10311 21502 21656 E LB      : fail to open node: No such file or directory
1788697162.156 10311 21502 21656 I GrallocExtra: gralloc_extra_query:is_SW3D 0
1788697162.156 10311 21502 21656 W libc    : Access denied finding property "ro.vendor.display.iris_x7.support"
1788697162.158 10311 21502 21662 D MMUD    : get_leak_baseline 3246391296
1788697162.162 10311 21502 21502 D VRI[MessagingUnityPlayerActivity]: vri.reportDrawFinished
1788697162.164 10311 21502 21502 D SurfaceView: UPDATE Surface(name=SurfaceView[com.gordey.standarling/com.google.firebase.MessagingUnityPlayerActivity]#58916)/@0x8c353a3, mIsProjectionMode = false
1788697162.172 10311 21502 21502 D Unique  : 2026-09-06 19:19:22.167 D LAUNCH u0 com.gordey.standarling NO_LAUNCH_ITEM transaction=android.app.servertransaction.ClientTransaction shape=CREATOR: mActivityCallbacks:[WindowStateInsetsControlChangeItem] mActivityToken:null mClient:null mLifecycleStateRequest:null mTransactionItems:[WindowStateInsetsControlChangeItem] seen=5
1788697162.177 10311 21502 21502 D Unique  : 2026-09-06 19:19:22.176 D LAUNCH u0 com.gordey.standarling NO_LAUNCH_ITEM transaction=android.app.servertransaction.ClientTransaction shape=CREATOR: mActivityCallbacks:[WindowStateResizeItem] mActivityToken:null mClient:null mLifecycleStateRequest:null mTransactionItems:[WindowStateResizeItem] seen=6
1788697162.177 10311 21502 21502 D VRI[MessagingUnityPlayerActivity]: vri.reportNextDraw android.view.ViewRootImpl.handleResized:2748 android.view.ViewRootImpl.-$$Nest$mhandleResized:0 android.view.ViewRootImpl$W.resized:12841 android.app.servertransaction.WindowStateResizeItem.execute:64 android.app.servertransaction.WindowStateTransactionItem.execute:59
1788697162.188 10311 21502 21502 D VRI[MessagingUnityPlayerActivity]: Setup new sync=wmsSync-VRI[MessagingUnityPlayerActivity]#3
1788697162.189 10311 21502 21530 I Unique  : 2026-09-06 19:19:22.188 I STORAGE u0 com.gordey.standarling EXTERNAL_VOLUME_REPOINTED path=/data/user/0/com.unique/files/virtual/users/0/sdcard fields=mPath,mInternalPath
1788697162.189 10311 21502 21502 D VRI[MessagingUnityPlayerActivity]: vri.reportDrawFinished
1788697162.193 10311 21502 21530 I Unique  : 2026-09-06 19:19:22.192 I STORAGE u0 com.gordey.standarling EXTERNAL_VOLUME_REPOINTED path=/data/user/0/com.unique/files/virtual/users/0/sdcard fields=mPath,mInternalPath
1788697162.197 10311 21502 21530 I Unique  : 2026-09-06 19:19:22.195 I STORAGE u0 com.gordey.standarling EXTERNAL_VOLUME_REPOINTED path=/data/user/0/com.unique/files/virtual/users/0/sdcard fields=mPath,mInternalPath
1788697162.200 10311 21502 21530 I Unique  : 2026-09-06 19:19:22.198 I STORAGE u0 com.gordey.standarling EXTERNAL_VOLUME_REPOINTED path=/data/user/0/com.unique/files/virtual/users/0/sdcard fields=mPath,mInternalPath
1788697162.208 10311 21502 21530 I Unique  : 2026-09-06 19:19:22.201 I STORAGE u0 com.gordey.standarling EXTERNAL_VOLUME_REPOINTED path=/data/user/0/com.unique/files/virtual/users/0/sdcard fields=mPath,mInternalPath
1788697162.208 10311 21502 21528 E com.facebook.GraphResponse: {HttpStatus: 400, errorCode: 100, subErrorCode: 33, errorType: GraphMethodException, errorMessage: Unsupported get request. Object with ID '75257380179802112312300' does not exist, cannot be loaded due to missing permissions, or does not support this operation. Please read the Graph API documentation at https://developers.facebook.com/docs/graph-api}
1788697162.210 10311 21502 21530 I Unique  : 2026-09-06 19:19:22.209 I STORAGE u0 com.gordey.standarling EXTERNAL_VOLUME_REPOINTED path=/data/user/0/com.unique/files/virtual/users/0/sdcard fields=mPath,mInternalPath
1788697162.212 10311 21502 21528 W GraphRequest: Starting with v13 of the SDK, a client token must be embedded in your client code before making Graph API calls. Visit https://developers.facebook.com/docs/android/getting-started#client-token to learn how to implement this change.
1788697162.228 10311 21502 21530 W GraphRequest: Starting with v13 of the SDK, a client token must be embedded in your client code before making Graph API calls. Visit https://developers.facebook.com/docs/android/getting-started#client-token to learn how to implement this change.
1788697162.230 10311 21502 21502 D Unique  : 2026-09-06 19:19:22.228 D LAUNCH u0 com.gordey.standarling NO_LAUNCH_ITEM transaction=android.app.servertransaction.ClientTransaction shape=CREATOR: mActivityCallbacks:[WindowStateInsetsControlChangeItem] mActivityToken:null mClient:null mLifecycleStateRequest:null mTransactionItems:[WindowStateInsetsControlChangeItem] seen=7
1788697162.235 10311 21502 21584 I Unity   : MemoryManager: Using 'Dynamic Heap' Allocator.
1788697162.251 10311 21502 21584 I Unique  : 2026-09-06 19:19:22.250 I STORAGE u0 com.gordey.standarling EXTERNAL_VOLUME_REPOINTED path=/data/user/0/com.unique/files/virtual/users/0/sdcard fields=mPath,mInternalPath
1788697162.253 10311 21502 21584 I Unique  : 2026-09-06 19:19:22.253 I STORAGE u0 com.gordey.standarling EXTERNAL_VOLUME_REPOINTED path=/data/user/0/com.unique/files/virtual/users/0/sdcard fields=mPath,mInternalPath
1788697162.255 10311 21502 21584 I Unique  : 2026-09-06 19:19:22.254 I STORAGE u0 com.gordey.standarling EXTERNAL_VOLUME_REPOINTED path=/data/user/0/com.unique/files/virtual/users/0/sdcard fields=mPath,mInternalPath
1788697162.275 10311 21502 21584 I Unique  : 2026-09-06 19:19:22.274 I STORAGE u0 com.gordey.standarling EXTERNAL_VOLUME_REPOINTED path=/data/user/0/com.unique/files/virtual/users/0/sdcard fields=mPath,mInternalPath
1788697162.282 10311 21502 21584 I Unity   : SystemInfo CPU = ARM64 FP ASIMD AES, Cores = 8, Memory = 7707mb
1788697162.282 10311 21502 21584 I Unity   : SystemInfo ARM big.LITTLE configuration: 2 big (mask: 0xc0), 6 little (mask: 0x3f)
1788697162.282 10311 21502 21584 I Unity   : ApplicationInfo com.gordey.standarling version 0.19.1 build f73e0fd9-6520-4584-a63f-ad56c69eedcf
1788697162.282 10311 21502 21584 I Unity   : Built from '2019.4/staging' branch, Version '2019.4.22f1 (9fdda2fe27ad)', Build type 'Release', Scripting Backend 'il2cpp', CPU 'arm64-v8a', Stripping 'Enabled'
1788697162.297 10311 21502 21656 W libc    : Access denied finding property "ro.vendor.display.iris_x7.support"
1788697162.305 10311 21502 21677 D LibMBrainProxy: Init Paramters
1788697162.307 10311 21502 21678 W InteractionJankMonitor: Initializing without READ_DEVICE_CONFIG permission. enabled=false, interval=1, missedFrameThreshold=3, frameTimeThreshold=64, package=com.gordey.standarling
1788697162.317 10311 21502 21502 D Unique  : 2026-09-06 19:19:22.315 D LAUNCH u0 com.gordey.standarling NO_LAUNCH_ITEM transaction=android.app.servertransaction.ClientTransaction shape=CREATOR: mActivityCallbacks:[WindowStateResizeItem] mActivityToken:null mClient:null mLifecycleStateRequest:null mTransactionItems:[WindowStateResizeItem] seen=8
1788697162.472 10311 21502 21528 E com.facebook.GraphResponse: {HttpStatus: 400, errorCode: 100, subErrorCode: 33, errorType: GraphMethodException, errorMessage: Unsupported get request. Object with ID '75257380179802112312300' does not exist, cannot be loaded due to missing permissions, or does not support this operation. Please read the Graph API documentation at https://developers.facebook.com/docs/graph-api}
1788697162.473 10311 21502 21528 W GraphRequest: Starting with v13 of the SDK, a client token must be embedded in your client code before making Graph API calls. Visit https://developers.facebook.com/docs/android/getting-started#client-token to learn how to implement this change.
1788697162.568 10311 21502 21530 E com.facebook.GraphResponse: {HttpStatus: 400, errorCode: 100, subErrorCode: 33, errorType: GraphMethodException, errorMessage: Unsupported post request. Object with ID '75257380179802112312300' does not exist, cannot be loaded due to missing permissions, or does not support this operation. Please read the Graph API documentation at https://developers.facebook.com/docs/graph-api}
1788697162.718 10311 21502 21528 E com.facebook.GraphResponse: {HttpStatus: 400, errorCode: 100, subErrorCode: 33, errorType: GraphMethodException, errorMessage: Unsupported get request. Object with ID '75257380179802112312300' does not exist, cannot be loaded due to missing permissions, or does not support this operation. Please read the Graph API documentation at https://developers.facebook.com/docs/graph-api}
1788697162.719 10311 21502 21528 W GraphRequest: Starting with v13 of the SDK, a client token must be embedded in your client code before making Graph API calls. Visit https://developers.facebook.com/docs/android/getting-started#client-token to learn how to implement this change.
1788697162.784 10311 21502 21584 W libc    : Access denied finding property "vendor.migl.debug"
1788697162.784 10311 21502 21584 I libMiGL : EnableDR: 0
1788697162.787 10311 21502 21584 D libMEOW : meow new tls: 0xb400007c7b290190
1788697162.797 10311 21502 21584 D libMEOW : meow reload base cfg path: na
1788697162.797 10311 21502 21584 D libMEOW : meow reload overlay cfg path: na
1788697162.823 10311 21502 21584 E QT      : [QT]file does not exist
1788697162.824 10311 21502 21584 D libMEOW : applied 1 plugins for [com.gordey.standarling]:
1788697162.824 10311 21502 21584 D libMEOW :   plugin 1: [libMEOW_gift.so]:
1788697162.827 10311 21502 21584 D MMUD    : mtk_memory_debug_init com.gordey.standarling 0xb400007da7ac1400
1788697162.838 10311 21502 21717 E om.unique:vapp0: setpriority success to 100 : mali-cmar-backend
1788697162.887 10311 21502 21584 E om.unique:vapp0: checkIfsupportxIntfps do not binder to joyose
1788697162.905 10311 21502 21584 D Unity   :  GL_EXT_debug_marker GL_ARM_rgba8 GL_ARM_mali_shader_binary GL_ARM_debug_assert GL_OES_depth24 GL_OES_depth_texture GL_OES_depth_texture_cube_map GL_OES_packed_depth_stencil GL_OES_rgb8_rgba8 GL_EXT_read_format_bgra GL_OES_compressed_paletted_texture GL_OES_compressed_ETC1_RGB8_texture GL_OES_standard_derivatives GL_OES_EGL_image GL_OES_EGL_image_external GL_OES_EGL_image_external_essl3 GL_OES_EGL_sync GL_OES_texture_npot GL_OES_vertex_half_float GL_OES_required_internalformat GL_OES_vertex_array_object GL_OES_mapbuffer GL_EXT_texture_format_BGRA8888 GL_EXT_texture_rg GL_EXT_texture_type_2_10_10_10_REV GL_OES_fbo_render_mipmap GL_OES_element_index_uint GL_EXT_shadow_samplers GL_OES_texture_compression_astc GL_KHR_texture_compression_astc_ldr GL_KHR_texture_compression_astc_hdr GL_KHR_texture_compression_astc_sliced_3d GL_EXT_texture_compression_astc_decode_mode GL_EXT_texture_compression_astc_decode_mode_rgb9e5 GL_KHR_debug GL_EXT_occlusion_query_boolean GL_EXT_disjoint_timer_query GL_EXT_blend_minmax GL_EXT
1788697162.905 10311 21502 21584 D Unity   : _discard_framebuffer GL_OES_get_program_binary GL_OES_texture_3D GL_EXT_texture_storage GL_EXT_multisampled_render_to_texture GL_EXT_multisampled_render_to_texture2 GL_OES_surfaceless_context GL_OES_texture_stencil8 GL_EXT_shader_pixel_local_storage GL_ARM_shader_framebuffer_fetch GL_ARM_shader_framebuffer_fetch_depth_stencil GL_ARM_mali_program_binary GL_EXT_sRGB GL_EXT_sRGB_write_control GL_EXT_texture_sRGB_decode GL_EXT_texture_sRGB_R8 GL_EXT_texture_sRGB_RG8 GL_KHR_blend_equation_advanced GL_KHR_blend_equation_advanced_coherent GL_OES_texture_storage_multisample_2d_array GL_OES_shader_image_atomic GL_EXT_robustness GL_EXT_draw_buffers_indexed GL_OES_draw_buffers_indexed GL_EXT_texture_border_clamp GL_OES_texture_border_clamp GL_EXT_texture_cube_map_array GL_OES_texture_cube_map_array GL_OES_sample_variables GL_OES_sample_shading GL_OES_shader_multisample_interpolation GL_EXT_shader_io_blocks GL_OES_shader_io_blocks GL_EXT_tessellation_shader GL_OES_tessellation_shader GL_EXT_primitive_bounding_box GL_OES
1788697162.905 10311 21502 21584 D Unity   : _primitive_bounding_box GL_EXT_geometry_shader GL_OES_geometry_shader GL_ANDROID_extension_pack_es31a GL_EXT_gpu_shader5 GL_OES_gpu_shader5 GL_EXT_texture_buffer GL_OES_texture_buffer GL_EXT_copy_image GL_OES_copy_image GL_EXT_shader_non_constant_global_initializers GL_EXT_color_buffer_half_float GL_EXT_unpack_subimage GL_EXT_color_buffer_float GL_EXT_float_blend GL_EXT_YUV_target GL_OVR_multiview GL_OVR_multiview2 GL_OVR_multiview_multisampled_render_to_texture GL_KHR_robustness GL_KHR_robust_buffer_access_behavior GL_EXT_draw_elements_base_vertex GL_OES_draw_elements_base_vertex GL_EXT_protected_textures GL_EXT_buffer_storage GL_EXT_external_buffer GL_EXT_EGL_image_array GL_EXT_clear_texture GL_ARM_shader_core_properties GL_EXT_texture_filter_anisotropic GL_OES_texture_float_linear GL_ARM_texture_unnormalized_coordinates GL_EXT_shader_framebuffer_fetch GL_EXT_clip_control GL_EXT_polygon_offset_clamp GL_EXT_EGL_image_storage
1788697162.908 10311 21502 21584 I Unique  : 2026-09-06 19:19:22.907 I STORAGE u0 com.gordey.standarling EXTERNAL_VOLUME_REPOINTED path=/data/user/0/com.unique/files/virtual/users/0/sdcard fields=mPath,mInternalPath
1788697162.911 10311 21502 21584 I Unique  : 2026-09-06 19:19:22.909 I STORAGE u0 com.gordey.standarling EXTERNAL_VOLUME_REPOINTED path=/data/user/0/com.unique/files/virtual/users/0/sdcard fields=mPath,mInternalPath
1788697162.912 10311 21502 21584 I Unique  : 2026-09-06 19:19:22.912 I STORAGE u0 com.gordey.standarling EXTERNAL_VOLUME_REPOINTED path=/data/user/0/com.unique/files/virtual/users/0/sdcard fields=mPath,mInternalPath
1788697162.918 10311 21502 21718 D libMEOW : meow new tls: 0xb400007c7b2a01a0
1788697162.918 10311 21502 21718 D libMEOW : applied 1 plugins for [com.gordey.standarling]:
1788697162.918 10311 21502 21718 D libMEOW :   plugin 1: [libMEOW_gift.so]:
1788697162.971 10311 21502 21528 E com.facebook.GraphResponse: {HttpStatus: 400, errorCode: 100, subErrorCode: 33, errorType: GraphMethodException, errorMessage: Unsupported get request. Object with ID '75257380179802112312300' does not exist, cannot be loaded due to missing permissions, or does not support this operation. Please read the Graph API documentation at https://developers.facebook.com/docs/graph-api}
1788697163.019 10311 21502 21584 D om.unique:vapp0: PlayerBase::PlayerBase()
1788697163.019 10311 21502 21584 D om.unique:vapp0: TrackPlayerBase::TrackPlayerBase()
1788697163.019 10311 21502 21584 I libOpenSLES: Emulating old channel mask behavior (ignoring positional mask 0x3, using default mask 0x3 based on channel count of 2)
1788697163.019 10311 21502 21584 D AudioTrackStub: AudioTrackStub() create
1788697163.026 10311 21502 21584 I AudioTrackImpl: initAudioTrackImpl()
1788697163.551 10311 21502 21584 D Unique  : 2026-09-06 19:19:23.551 D PROCESS u0 com.gordey.standarling RECEIVER_EXPORT_DEFAULTED package=com.gordey.standarling targetSdk=30 flag=RECEIVER_EXPORTED
1788697163.559 10311 21502 21584 D Unique  : 2026-09-06 19:19:23.558 D PROCESS u0 com.gordey.standarling RECEIVER_EXPORT_DEFAULTED package=com.gordey.standarling targetSdk=30 flag=RECEIVER_EXPORTED
1788697163.588 10311 21502 21584 V MediaRouter: Selecting route: RouteInfo{ name=Телефон, description=null, status=null, category=RouteCategory{ name=Система types=ROUTE_TYPE_LIVE_AUDIO ROUTE_TYPE_LIVE_VIDEO  groupable=false }, supportedTypes=ROUTE_TYPE_LIVE_AUDIO ROUTE_TYPE_LIVE_VIDEO , presentationDisplay=null }
1788697163.591 10311 21502 21584 I MediaRouter: Skip setBluetoothA2dpOn(): types=8388615, isPlaybackActive()=true, BT route=null
1788697163.837 10311 21502 21514 W MIUIScout App: Enter APP_SCOUT_SLOW state
1788697164.116 10311 21502 21656 W RenderInspector: DequeueBuffer time out on com.gordey.standarling/com.google.firebase.MessagingUnityPlayerActivity, count=1, avg=29 ms, max=29 ms.
1788697165.161 10311 21502 21718 E om.unique:vapp0: DynamicFPS DF open fail: No such file or directory
1788697165.182 10311 21502 21524 I Unique  : 2026-09-06 19:19:25.182 I LAUNCH u0 com.gordey.standarling SIGNATURES_LOADED package=com.gordey.standarling signers=1 hasSigningInfo=true
1788697165.206 10311 21502 21594 D Unique  : 2026-09-06 19:19:25.205 D PROCESS u0 com.gordey.standarling SERVICE_INTENT_CROSS_APP action=com.google.android.gms.measurement.START target=com.google.android.gms
1788697165.208 10311 21502 21594 D Unique  : 2026-09-06 19:19:25.206 D PROCESS u0 com.gordey.standarling SERVICE_CONNECTION_WRAPPED connection=com.google.android.gms.common.internal.t0
1788697165.220 10311 21502 21502 I Unique  : 2026-09-06 19:19:25.220 I LAUNCH u0 com.gordey.standarling GMS_BROKER_WRAPPED descriptor=com.google.android.gms.common.internal.IGmsServiceBroker package=com.gordey.standarling
1788697165.223 10311 21502 21502 E Parcel  : Attempt to read from protected data in Parcel 0xb400007b7b160940
1788697165.223 10311 21502 21502 E Parcel  : Attempt to read from protected data in Parcel 0xb400007b7b160940
1788697165.223 10311 21502 21502 E Parcel  : Attempt to read from protected data in Parcel 0xb400007b7b160940
1788697165.223 10311 21502 21502 E Parcel  : Attempt to read from protected data in Parcel 0xb400007b7b160940
1788697165.223 10311 21502 21502 E Parcel  : Attempt to read from protected data in Parcel 0xb400007b7b160940
1788697165.223 10311 21502 21502 E Parcel  : Attempt to read from protected data in Parcel 0xb400007b7b160940
1788697165.226 10311 21502 21502 D Unique  : 2026-09-06 19:19:25.224 D LAUNCH u0 com.gordey.standarling GMS_CALLING_PACKAGE_REWRITTEN from=com.gordey.standarling to=com.unique fields=1
1788697165.251 10311 21502 21594 I FA      : Tag Manager is not found and thus will not be used
1788697165.318 10311 21502 21507 I om.unique:vapp0: NativeAlloc concurrent mark compact GC freed 27MB AllocSpace bytes, 53(3120KB) LOS objects, 49% free, 8582KB/16MB, paused 656us,4.549ms total 111.111ms
1788697165.332 10311 21502 21509 W om.unique:vapp0: ApkAssets: Deleting an ApkAssets object '<empty> and /data/app/~~LGFpv3Im5Siq4WgWd5h5rg==/com.google.android.gms-R7X6lxCf-Hd419IiSvoKBQ==/base.apk' with 1 weak references
1788697165.333 10311 21502 21509 W om.unique:vapp0: ApkAssets: Deleting an ApkAssets object '<empty> and /data/app/~~LGFpv3Im5Siq4WgWd5h5rg==/com.google.android.gms-R7X6lxCf-Hd419IiSvoKBQ==/split_config.ru.apk' with 1 weak references
1788697165.333 10311 21502 21509 W om.unique:vapp0: ApkAssets: Deleting an ApkAssets object '<empty> and /data/app/~~LGFpv3Im5Siq4WgWd5h5rg==/com.google.android.gms-R7X6lxCf-Hd419IiSvoKBQ==/split_config.xxhdpi.apk' with 1 weak references
1788697165.349 10311 21502 21594 E FA      : Task exception while flushing queue: java.lang.SecurityException: Unknown calling package name 'com.gordey.standarling'.: com.google.android.gms.measurement.internal.w3.a(com.google.android.gms:play-services-measurement-impl@@17.5.0:11)
1788697165.355 10311 21502 21594 E FA      : Task exception while flushing queue: java.lang.SecurityException: Unknown calling package name 'com.gordey.standarling'.: com.google.android.gms.measurement.internal.w3.d(com.google.android.gms:play-services-measurement-impl@@17.5.0:3)
1788697165.357 10311 21502 21594 E FA      : Task exception while flushing queue: java.lang.SecurityException: Unknown calling package name 'com.gordey.standarling'.: com.google.android.gms.measurement.internal.w3.a(com.google.android.gms:play-services-measurement-impl@@17.5.0:75)
1788697165.618 10311 21502 21584 D Unique  : 2026-09-06 19:19:25.617 D PROCESS u0 com.gordey.standarling PERMISSION_CHECK permission=android.permission.INTERNET result=GRANTED
1788697165.619 10311 21502 21584 D Unique  : 2026-09-06 19:19:25.618 D PROCESS u0 com.gordey.standarling SETTING_ANSWERED setting=ANDROID_ID value=dc0fc1ea6b8d41b1
1788697165.659 10311 21502 21584 I Unique  : 2026-09-06 19:19:25.659 I STORAGE u0 com.gordey.standarling EXTERNAL_VOLUME_REPOINTED path=/data/user/0/com.unique/files/virtual/users/0/sdcard fields=mPath,mInternalPath
1788697165.854 10311 21502 21584 D Unique  : 2026-09-06 19:19:25.853 D PROCESS u0 com.gordey.standarling PERMISSION_CHECK permission=android.permission.WRITE_EXTERNAL_STORAGE result=GRANTED
1788697166.761 10311 21502 21545 D Unique  : 2026-09-06 19:19:26.761 D PROCESS u0 com.gordey.standarling SERVICE_INTENT_CROSS_APP action=com.google.android.c2dm.intent.REGISTER target=com.google.android.gms
1788697166.762 10311 21502 21545 D Unique  : 2026-09-06 19:19:26.761 D PROCESS u0 com.gordey.standarling SERVICE_CONNECTION_WRAPPED connection=com.google.firebase.iid.y$b
1788697167.140 10311 21502 21502 W MirrorManager: this model don't Support
1788697167.161 10311 21502 21718 E om.unique:vapp0: FrameInsert open fail: No such file or directory
1788697167.231 10311 21502 21584 I Unity   : Loading Main.scene
1788697167.231 10311 21502 21584 I Unity   : Axlebolt.Standoff.Main.WelcomeController:AGONAJJNABO()
1788697167.231 10311 21502 21584 I Unity   : System.Action`1:Invoke(T)
1788697167.231 10311 21502 21584 I Unity   : Axlebolt.Standoff.UI.PopupController:DKFHAJKMCJK()
1788697167.231 10311 21502 21584 I Unity   : UnityEngine.Events.UnityAction:Invoke()
1788697167.231 10311 21502 21584 I Unity   : UnityEngine.Events.UnityEvent:Invoke()
1788697167.231 10311 21502 21584 I Unity   : UnityEngine.EventSystems.EventFunction`1:Invoke(T1, BaseEventData)
1788697167.231 10311 21502 21584 I Unity   : UnityEngine.EventSystems.ExecuteEvents:Execute(GameObject, BaseEventData, EventFunction`1)
1788697167.231 10311 21502 21584 I Unity   : UnityEngine.EventSystems.StandaloneInputModule:ProcessTouchPress(PointerEventData, Boolean, Boolean)
1788697167.231 10311 21502 21584 I Unity   : UnityEngine.EventSystems.StandaloneInputModule:ProcessTouchEvents()
1788697167.231 10311 21502 21584 I Unity   : UnityEngine.EventSystems.StandaloneInputModule:Process()
1788697167.231 10311 21502 21584 I Unity   : (Filename: ./Runtime/Export/Debug/Debug.bindings.h Line: 39)
1788697167.244 10311 21502 21723 W Unity   : The referenced script (Axlebolt.Standoff.Main.Account.TokenCredentialProvider) on this Behaviour is missing!
1788697167.244 10311 21502 21723 W Unity   : (Filename:  Line: 199)
1788697167.245 10311 21502 21723 W Unity   : The referenced script (Axlebolt.Standoff.Main.Account.HuaweiCredentialProvider) on this Behaviour is missing!
1788697167.245 10311 21502 21723 W Unity   : (Filename:  Line: 199)
1788697167.262 10311 21502 21723 W Unity   : The referenced script on this Behaviour (Game Object 'BoltManager') is missing!
1788697167.262 10311 21502 21723 W Unity   : (Filename:  Line: 334)
1788697167.263 10311 21502 21723 W Unity   : The referenced script on this Behaviour (Game Object 'BoltManager') is missing!
1788697167.263 10311 21502 21723 W Unity   : (Filename:  Line: 334)
1788697167.263 10311 21502 21723 W Unity   : The referenced script on this Behaviour (Game Object 'BoltManager') is missing!
1788697167.263 10311 21502 21723 W Unity   : (Filename:  Line: 334)
1788697167.432 10311 21502 21584 I UniqueNative: io_redirect: excluded (not hooked, on purpose): /data/data/com.unique/files/virtual/apk/com.gordey.standarling/1090/lib/arm64-v8a/libgrave.so
1788697167.432 10311 21502 21584 I UniqueNative: io_redirect installed: 1 slot(s) in 4/416 libraries (1 excluded, 23 total), 8 rule(s), page size 4096
1788697167.432 10311 21502 21584 I UniqueNative: io_redirect: hooked 1 new slot(s) after loading /data/user/0/com.unique/files/virtual/apk/com.gordey.standarling/1090/lib/arm64-v8a/libfmod.so (23 total)
1788697167.441 10311 21502 21584 I UniqueNative: io_redirect: excluded (not hooked, on purpose): /data/data/com.unique/files/virtual/apk/com.gordey.standarling/1090/lib/arm64-v8a/libgrave.so
1788697167.441 10311 21502 21584 I UniqueNative: io_redirect installed: 1 slot(s) in 5/417 libraries (1 excluded, 24 total), 8 rule(s), page size 4096
1788697167.441 10311 21502 21584 I UniqueNative: io_redirect: hooked 1 new slot(s) after loading /data/user/0/com.unique/files/virtual/apk/com.gordey.standarling/1090/lib/arm64-v8a/libfmodstudio.so (24 total)
1788697167.512 10311 21502 21584 I fmod    : FMOD::supportsLowLatency                 : Low latency = true, Pro Audio = false, Bluetooth On = false, Acceptable Block Size = true (256)
1788697167.523 10311 21502 21584 D om.unique:vapp0: PlayerBase::PlayerBase()
1788697167.524 10311 21502 21584 D om.unique:vapp0: TrackPlayerBase::TrackPlayerBase()
1788697167.524 10311 21502 21584 I libOpenSLES: Emulating old channel mask behavior (ignoring positional mask 0x3, using default mask 0x3 based on channel count of 2)
1788697167.524 10311 21502 21584 D AudioTrackStub: AudioTrackStub() create
1788697167.524 10311 21502 21584 I AudioTrackImpl: initAudioTrackImpl()
1788697167.544 10311 21502 21502 D MediaRouter: onRestoreRoute() : route=RouteInfo{ name=Телефон, description=null, status=null, category=RouteCategory{ name=Система types=ROUTE_TYPE_LIVE_AUDIO ROUTE_TYPE_LIVE_VIDEO  groupable=false }, supportedTypes=ROUTE_TYPE_LIVE_AUDIO ROUTE_TYPE_LIVE_VIDEO , presentationDisplay=null }
1788697167.544 10311 21502 21502 V MediaRouter: Selecting route: RouteInfo{ name=Телефон, description=null, status=null, category=RouteCategory{ name=Система types=ROUTE_TYPE_LIVE_AUDIO ROUTE_TYPE_LIVE_VIDEO  groupable=false }, supportedTypes=ROUTE_TYPE_LIVE_AUDIO ROUTE_TYPE_LIVE_VIDEO , presentationDisplay=null }
1788697168.980 10311 21502 21723 W Unity   : The referenced script on this Behaviour (Game Object 'CopyLinkButton') is missing!
1788697168.980 10311 21502 21723 W Unity   : (Filename:  Line: 334)
1788697168.981 10311 21502 21723 W Unity   : The referenced script on this Behaviour (Game Object 'PublicSearchToggle') is missing!
1788697168.981 10311 21502 21723 W Unity   : (Filename:  Line: 334)
1788697171.509 10311 21502 21528 W GraphRequest: Starting with v13 of the SDK, a client token must be embedded in your client code before making Graph API calls. Visit https://developers.facebook.com/docs/android/getting-started#client-token to learn how to implement this change.
1788697171.758 10311 21502 21528 E com.facebook.GraphResponse: {HttpStatus: 400, errorCode: 100, subErrorCode: 33, errorType: GraphMethodException, errorMessage: Unsupported get request. Object with ID '75257380179802112312300' does not exist, cannot be loaded due to missing permissions, or does not support this operation. Please read the Graph API documentation at https://developers.facebook.com/docs/graph-api}
1788697171.758 10311 21502 21528 W GraphRequest: Starting with v13 of the SDK, a client token must be embedded in your client code before making Graph API calls. Visit https://developers.facebook.com/docs/android/getting-started#client-token to learn how to implement this change.
1788697171.937 10311 21502 21531 E com.facebook.GraphResponse: {HttpStatus: 400, errorCode: 100, subErrorCode: 33, errorType: GraphMethodException, errorMessage: Unsupported post request. Object with ID '75257380179802112312300' does not exist, cannot be loaded due to missing permissions, or does not support this operation. Please read the Graph API documentation at https://developers.facebook.com/docs/graph-api}
1788697172.032 10311 21502 21528 E com.facebook.GraphResponse: {HttpStatus: 400, errorCode: 100, subErrorCode: 33, errorType: GraphMethodException, errorMessage: Unsupported get request. Object with ID '75257380179802112312300' does not exist, cannot be loaded due to missing permissions, or does not support this operation. Please read the Graph API documentation at https://developers.facebook.com/docs/graph-api}
1788697172.032 10311 21502 21528 W GraphRequest: Starting with v13 of the SDK, a client token must be embedded in your client code before making Graph API calls. Visit https://developers.facebook.com/docs/android/getting-started#client-token to learn how to implement this change.
1788697172.278 10311 21502 21528 E com.facebook.GraphResponse: {HttpStatus: 400, errorCode: 100, subErrorCode: 33, errorType: GraphMethodException, errorMessage: Unsupported get request. Object with ID '75257380179802112312300' does not exist, cannot be loaded due to missing permissions, or does not support this operation. Please read the Graph API documentation at https://developers.facebook.com/docs/graph-api}
1788697173.903 10311 21502 21584 I UniqueNative: io_redirect: excluded (not hooked, on purpose): /data/data/com.unique/files/virtual/apk/com.gordey.standarling/1090/lib/arm64-v8a/libgrave.so
1788697173.903 10311 21502 21584 I UniqueNative: io_redirect installed: 0 slot(s) in 6/418 libraries (1 excluded, 24 total), 8 rule(s), page size 4096
1788697173.910 10311 21502 21584 D Unique  : 2026-09-06 19:19:33.909 D LAUNCH u0 com.gordey.standarling ACTIVITY_INTENT_ROUTED activity=com.google.android.gms.auth.api.signin.internal.SignInHubActivity stub=com.unique.stub.ActivityStub_p0_m0_a0 launchMode=0
1788697173.911 10311 21502 21787 D Unique  : 2026-09-06 19:19:33.910 D PROCESS u0 com.gordey.standarling SERVICE_INTENT_CROSS_APP action=com.google.android.gms.auth.api.signin.service.START target=com.google.android.gms
1788697173.911 10311 21502 21787 D Unique  : 2026-09-06 19:19:33.911 D PROCESS u0 com.gordey.standarling SERVICE_CONNECTION_WRAPPED connection=com.google.android.gms.common.internal.t0
1788697173.948 10311 21502 21502 D Unique  : 2026-09-06 19:19:33.947 D LAUNCH u0 com.gordey.standarling NO_LAUNCH_ITEM transaction=android.app.servertransaction.ClientTransaction shape=CREATOR: mActivityCallbacks:[TopResumedActivityChangeItem] mActivityToken:BinderProxy mClient:null mLifecycleStateRequest:PauseActivityItem mTransactionItems:[TopResumedActivityChangeItem|PauseActivityItem] seen=9
1788697174.003 10311 21502 21584 D om.unique:vapp0: PlayerBase::pause() from IPlayer
1788697174.003 10311 21502 21584 D AudioTrackShared: this(0xb400007bab12cb70), mCblk(0x7dd62e4000), front(309504), mIsOut 1, interrupt() FUTEX_WAKE
1788697174.009 10311 21502 21584 D om.unique:vapp0: PlayerBase::stop() from IPlayer
1788697174.009 10311 21502 21584 D AudioTrackShared: this(0xb400007bab170d90), mCblk(0x7ddc7e0000), front(517376), mIsOut 1, interrupt() FUTEX_WAKE
1788697174.018 10311 21502 21502 W Activity: PerfMonitor: Slow Operation: Activity com.gordey.standarling/com.google.firebase.MessagingUnityPlayerActivity onPause took 68ms
1788697174.051 10311 21502 21502 E Parcel  : Attempt to read from protected data in Parcel 0xb400007b7b160940
1788697174.051 10311 21502 21502 E Parcel  : Attempt to read from protected data in Parcel 0xb400007b7b160940
1788697174.051 10311 21502 21502 E Parcel  : Attempt to read from protected data in Parcel 0xb400007b7b160940
1788697174.051 10311 21502 21502 E Parcel  : Attempt to read from protected data in Parcel 0xb400007b7b160940
1788697174.051 10311 21502 21502 E Parcel  : Attempt to read from protected data in Parcel 0xb400007b7b160940
1788697174.051 10311 21502 21502 E Parcel  : Attempt to read from protected data in Parcel 0xb400007b7b160940
1788697174.052 10311 21502 21502 D Unique  : 2026-09-06 19:19:34.051 D LAUNCH u0 com.gordey.standarling GMS_CALLING_PACKAGE_REWRITTEN from=com.gordey.standarling to=com.unique fields=1
1788697174.056 10311 21502 21502 I Unique  : 2026-09-06 19:19:34.056 I LAUNCH u0 com.gordey.standarling GMS_BROKER_WRAPPED descriptor=com.google.android.gms.common.internal.IGmsServiceBroker package=com.gordey.standarling
1788697174.056 10311 21502 21502 D MediaRouter: onRestoreRoute() : route=RouteInfo{ name=Телефон, description=null, status=null, category=RouteCategory{ name=Система types=ROUTE_TYPE_LIVE_AUDIO ROUTE_TYPE_LIVE_VIDEO  groupable=false }, supportedTypes=ROUTE_TYPE_LIVE_AUDIO ROUTE_TYPE_LIVE_VIDEO , presentationDisplay=null }
1788697174.056 10311 21502 21502 V MediaRouter: Selecting route: RouteInfo{ name=Телефон, description=null, status=null, category=RouteCategory{ name=Система types=ROUTE_TYPE_LIVE_AUDIO ROUTE_TYPE_LIVE_VIDEO  groupable=false }, supportedTypes=ROUTE_TYPE_LIVE_AUDIO ROUTE_TYPE_LIVE_VIDEO , presentationDisplay=null }
1788697174.058 10311 21502 21502 I Unique  : 2026-09-06 19:19:34.057 I LAUNCH u0 com.gordey.standarling TRANSACTION_REWRITTEN package=com.gordey.standarling activity=com.google.android.gms.auth.api.signin.internal.SignInHubActivity vuid=0 item=LaunchActivityItem theme=16973840
1788697174.059 10311 21502 21502 I ActivityThread: HardwareRenderer preload  done
1788697174.063 10311 21502 21502 I Unique  : 2026-09-06 19:19:34.063 I LAUNCH u0 com.gordey.standarling ACTIVITY_HARDWARE_ACCELERATED activity=com.google.android.gms.auth.api.signin.internal.SignInHubActivity fromActivityInfo=false applied=true
1788697174.067 10311 21502 21502 E Parcel  : Class not found when unmarshalling: com.google.android.gms.auth.api.signin.internal.SignInConfiguration
1788697174.067 10311 21502 21502 E Parcel  : java.lang.ClassNotFoundException: com.google.android.gms.auth.api.signin.internal.SignInConfiguration
1788697174.067 10311 21502 21502 E Parcel  : 	at java.lang.Class.classForName(Native Method)
1788697174.067 10311 21502 21502 E Parcel  : 	at java.lang.Class.forName(Class.java:591)
1788697174.067 10311 21502 21502 E Parcel  : 	at android.os.Parcel.readParcelableCreatorInternal(Parcel.java:5196)
1788697174.067 10311 21502 21502 E Parcel  : 	at android.os.Parcel.readParcelableInternal(Parcel.java:5079)
1788697174.067 10311 21502 21502 E Parcel  : 	at android.os.Parcel.readValue(Parcel.java:4839)
1788697174.067 10311 21502 21502 E Parcel  : 	at android.os.Parcel.readValue(Parcel.java:4608)
1788697174.067 10311 21502 21502 E Parcel  : 	at android.os.Parcel.-$$Nest$mreadValue(Parcel.java:0)
1788697174.067 10311 21502 21502 E Parcel  : 	at android.os.Parcel$LazyValue.apply(Parcel.java:4706)
1788697174.067 10311 21502 21502 E Parcel  : 	at android.os.Parcel$LazyValue.apply(Parcel.java:4665)
1788697174.067 10311 21502 21502 E Parcel  : 	at android.os.BaseBundle.unwrapLazyValueFromMapLocked(BaseBundle.java:416)
1788697174.067 10311 21502 21502 E Parcel  : 	at android.os.BaseBundle.getValueAt(BaseBundle.java:402)
1788697174.067 10311 21502 21502 E Parcel  : 	at android.os.BaseBundle.getValue(BaseBundle.java:382)
1788697174.067 10311 21502 21502 E Parcel  : 	at android.os.BaseBundle.getValue(BaseBundle.java:365)
1788697174.067 10311 21502 21502 E Parcel  : 	at android.os.BaseBundle.getValue(BaseBundle.java:358)
1788697174.067 10311 21502 21502 E Parcel  : 	at android.os.Bundle.getParcelable(Bundle.java:1007)
1788697174.067 10311 21502 21502 E Parcel  : 	at com.google.android.gms.auth.api.signin.internal.SignInHubActivity.onCreate(dex-id-ffd9dfb5f38697736427fc1a28d16d569bfb0e87:10)
1788697174.067 10311 21502 21502 E Parcel  : 	at android.app.Activity.performCreate(Activity.java:9209)
1788697174.067 10311 21502 21502 E Parcel  : 	at android.app.Activity.performCreate(Activity.java:9165)
1788697174.067 10311 21502 21502 E Parcel  : 	at android.app.Instrumentation.callActivityOnCreate(Instrumentation.java:1537)
1788697174.067 10311 21502 21502 E Parcel  : 	at android.app.ActivityThread.performLaunchActivity(ActivityThread.java:4397)
1788697174.067 10311 21502 21502 E Parcel  : 	at android.app.ActivityThread.handleLaunchActivity(ActivityThread.java:4636)
1788697174.067 10311 21502 21502 E Parcel  : 	at android.app.servertransaction.LaunchActivityItem.execute(LaunchActivityItem.java:112)
1788697174.067 10311 21502 21502 E Parcel  : 	at android.app.servertransaction.TransactionExecutor.executeNonLifecycleItem(TransactionExecutor.java:186)
1788697174.067 10311 21502 21502 E Parcel  : 	at android.app.servertransaction.TransactionExecutor.executeTransactionItems(TransactionExecutor.java:112)
1788697174.067 10311 21502 21502 E Parcel  : 	at android.app.servertransaction.TransactionExecutor.execute(TransactionExecutor.java:84)
1788697174.067 10311 21502 21502 E Parcel  : 	at android.app.ActivityThread$H.handleMessage(ActivityThread.java:2878)
1788697174.067 10311 21502 21502 E Parcel  : 	at android.os.Handler.dispatchMessage(Handler.java:107)
1788697174.067 10311 21502 21502 E Parcel  : 	at android.os.Looper.loopOnce(Looper.java:249)
1788697174.067 10311 21502 21502 E Parcel  : 	at android.os.Looper.loop(Looper.java:337)
1788697174.067 10311 21502 21502 E Parcel  : 	at com.unique.core.vam.GuestLooperGuard.loopForever(GuestLooperGuard.kt:100)
1788697174.067 10311 21502 21502 E Parcel  : 	at com.unique.core.vam.GuestLooperGuard.install$lambda$0(GuestLooperGuard.kt:94)
1788697174.067 10311 21502 21502 E Parcel  : 	at com.unique.core.vam.GuestLooperGuard.$r8$lambda$_2Er0QksXq2eZVLqD2VIvtSUw2o(GuestLooperGuard.kt:0)
1788697174.067 10311 21502 21502 E Parcel  : 	at com.unique.core.vam.GuestLooperGuard$$ExternalSyntheticLambda0.run(D8$$SyntheticClass:0)
1788697174.067 10311 21502 21502 E Parcel  : 	at android.os.Handler.handleCallback(Handler.java:959)
1788697174.067 10311 21502 21502 E Parcel  : 	at android.os.Handler.dispatchMessage(Handler.java:100)
1788697174.067 10311 21502 21502 E Parcel  : 	at android.os.Looper.loopOnce(Looper.java:249)
1788697174.067 10311 21502 21502 E Parcel  : 	at android.os.Looper.loop(Looper.java:337)
1788697174.067 10311 21502 21502 E Parcel  : 	at android.app.ActivityThread.main(ActivityThread.java:9469)
1788697174.067 10311 21502 21502 E Parcel  : 	at java.lang.reflect.Method.invoke(Native Method)
1788697174.067 10311 21502 21502 E Parcel  : 	at com.android.internal.os.RuntimeInit$MethodAndArgsCaller.run(RuntimeInit.java:636)
1788697174.067 10311 21502 21502 E Parcel  : 	at com.android.internal.os.ZygoteInit.main(ZygoteInit.java:1005)
1788697174.067 10311 21502 21502 E Parcel  : Caused by: java.lang.ClassNotFoundException: com.google.android.gms.auth.api.signin.internal.SignInConfiguration
1788697174.067 10311 21502 21502 E Parcel  : 	... 41 more
1788697174.069 10311 21502 21502 E TransactionExecutor: Failed to execute the transaction: tId:477884390 ClientTransaction{
1788697174.069 10311 21502 21502 E TransactionExecutor: tId:477884390   transactionItems=[
1788697174.069 10311 21502 21502 E TransactionExecutor: tId:477884390     LaunchActivityItem{activityToken=android.os.BinderProxy@2cd640d,intent=Intent { act=com.google.android.gms.auth.GOOGLE_SIGN_IN cmp=com.gordey.standarling/com.google.android.gms.auth.api.signin.internal.SignInHubActivity (has extras) },ident=110088775,info=ActivityInfo{d436c35 com.google.android.gms.auth.api.signin.internal.SignInHubActivity},curConfig={1.0 250mcc20mnc [ru_RU] ldltr sw393dp w393dp h873dp 440dpi nrml long port night finger -keyb/v/h -nav/h winConfig={ mBounds=Rect(0, 0 - 1080, 2400) mAppBounds=Rect(0, 0 - 1080, 2400) mMaxBounds=Rect(0, 0 - 1080, 2400) mDisplayRotation=ROTATION_0 mWindowingMode=fullscreen mActivityType=undefined mAlwaysOnTop=undefined mRotation=ROTATION_0 mInSplitScreen=false letterBoxed=false foScaled=false isSpecificEmbedded=false screenType=0} s.9101 fontWeightAdjustment=0/d themeChanged=0 themeChangedFlags=0 extraData = Bundle[{}] screenType=0/0},overrideConfig={1.0 250mcc20mnc [ru_RU] ldltr sw393dp w393dp h873dp 440dpi nrml long port night finger -keyb/v/h -nav/h winConfig={ mBounds=Rect(0, 0 - 1080, 2400) mAppBounds=Rect(0, 0 - 1080, 2400) mMaxBounds=Rect(0, 0 - 1080, 2400) mDisplayRotation=ROTATION_0 mWindowingMode=fullscreen mActivityType=standard mAlwaysOnTop=undefined mRotation=ROTATION_0 mInSplitScreen=false letterBoxed=false foScaled=false isSpecificEmbedded=false screenType=0} s.3 fontWeightAdjustment=0/d themeChanged=0 themeChangedFlags=0 extraData = Bundle[{}] screenType=0/0},deviceId=0,referrer=com.unique,procState=2,state=null,persistentState=null,pendingResults=null,pendingNewIntents=null,sceneTransitionInfo=null,profilerInfo=null,assistToken=android.os.BinderProxy@b901ebe,shareableActivityToken=android.os.BinderProxy@aaf2b1f,activityWindowInfo=ActivityWindowInfo{isEmbedded=false, taskBounds=Rect(0, 0 - 1080, 2400), taskFragmentBounds=Rect(0, 0 - 1080, 2400)}}
1788697174.069 10311 21502 21502 E TransactionExecutor: tId:477884390     ResumeActivityItem{mActivityToken=android.os.BinderProxy@2cd640d,procState=-1,updateProcState=false,isForward=true,shouldSendCompatFakeFocus=false}
1788697174.069 10311 21502 21502 E TransactionExecutor: tId:477884390     Target activity: com.google.android.gms.auth.api.signin.internal.SignInHubActivity
1788697174.069 10311 21502 21502 E TransactionExecutor: tId:477884390   ]
1788697174.069 10311 21502 21502 E TransactionExecutor: tId:477884390 }
1788697174.069 10311 21502 21502 D AndroidRuntime: Shutting down VM
1788697174.070 10311 21502 21502 E AndroidRuntime: FATAL EXCEPTION: main
1788697174.070 10311 21502 21502 E AndroidRuntime: Process: com.gordey.standarling, PID: 21502
1788697174.070 10311 21502 21502 E AndroidRuntime: java.lang.RuntimeException: Unable to start activity ComponentInfo{com.gordey.standarling/com.google.android.gms.auth.api.signin.internal.SignInHubActivity}: android.os.BadParcelableException: ClassNotFoundException when unmarshalling: com.google.android.gms.auth.api.signin.internal.SignInConfiguration
1788697174.070 10311 21502 21502 E AndroidRuntime: 	at android.app.ActivityThread.performLaunchActivity(ActivityThread.java:4415)
1788697174.070 10311 21502 21502 E AndroidRuntime: 	at android.app.ActivityThread.handleLaunchActivity(ActivityThread.java:4636)
1788697174.070 10311 21502 21502 E AndroidRuntime: 	at android.app.servertransaction.LaunchActivityItem.execute(LaunchActivityItem.java:112)
1788697174.070 10311 21502 21502 E AndroidRuntime: 	at android.app.servertransaction.TransactionExecutor.executeNonLifecycleItem(TransactionExecutor.java:186)
1788697174.070 10311 21502 21502 E AndroidRuntime: 	at android.app.servertransaction.TransactionExecutor.executeTransactionItems(TransactionExecutor.java:112)
1788697174.070 10311 21502 21502 E AndroidRuntime: 	at android.app.servertransaction.TransactionExecutor.execute(TransactionExecutor.java:84)
1788697174.070 10311 21502 21502 E AndroidRuntime: 	at android.app.ActivityThread$H.handleMessage(ActivityThread.java:2878)
1788697174.070 10311 21502 21502 E AndroidRuntime: 	at android.os.Handler.dispatchMessage(Handler.java:107)
1788697174.070 10311 21502 21502 E AndroidRuntime: 	at android.os.Looper.loopOnce(Looper.java:249)
1788697174.070 10311 21502 21502 E AndroidRuntime: 	at android.os.Looper.loop(Looper.java:337)
1788697174.070 10311 21502 21502 E AndroidRuntime: 	at com.unique.core.vam.GuestLooperGuard.loopForever(GuestLooperGuard.kt:100)
1788697174.070 10311 21502 21502 E AndroidRuntime: 	at com.unique.core.vam.GuestLooperGuard.install$lambda$0(GuestLooperGuard.kt:94)
1788697174.070 10311 21502 21502 E AndroidRuntime: 	at com.unique.core.vam.GuestLooperGuard.$r8$lambda$_2Er0QksXq2eZVLqD2VIvtSUw2o(GuestLooperGuard.kt:0)
1788697174.070 10311 21502 21502 E AndroidRuntime: 	at com.unique.core.vam.GuestLooperGuard$$ExternalSyntheticLambda0.run(D8$$SyntheticClass:0)
1788697174.070 10311 21502 21502 E AndroidRuntime: 	at android.os.Handler.handleCallback(Handler.java:959)
1788697174.070 10311 21502 21502 E AndroidRuntime: 	at android.os.Handler.dispatchMessage(Handler.java:100)
1788697174.070 10311 21502 21502 E AndroidRuntime: 	at android.os.Looper.loopOnce(Looper.java:249)
1788697174.070 10311 21502 21502 E AndroidRuntime: 	at android.os.Looper.loop(Looper.java:337)
1788697174.070 10311 21502 21502 E AndroidRuntime: 	at android.app.ActivityThread.main(ActivityThread.java:9469)
1788697174.070 10311 21502 21502 E AndroidRuntime: 	at java.lang.reflect.Method.invoke(Native Method)
1788697174.070 10311 21502 21502 E AndroidRuntime: 	at com.android.internal.os.RuntimeInit$MethodAndArgsCaller.run(RuntimeInit.java:636)
1788697174.070 10311 21502 21502 E AndroidRuntime: 	at com.android.internal.os.ZygoteInit.main(ZygoteInit.java:1005)
1788697174.070 10311 21502 21502 E AndroidRuntime: Caused by: android.os.BadParcelableException: ClassNotFoundException when unmarshalling: com.google.android.gms.auth.api.signin.internal.SignInConfiguration
1788697174.070 10311 21502 21502 E AndroidRuntime: 	at android.os.Parcel.readParcelableCreatorInternal(Parcel.java:5230)
1788697174.070 10311 21502 21502 E AndroidRuntime: 	at android.os.Parcel.readParcelableInternal(Parcel.java:5079)
1788697174.070 10311 21502 21502 E AndroidRuntime: 	at android.os.Parcel.readValue(Parcel.java:4839)
1788697174.070 10311 21502 21502 E AndroidRuntime: 	at android.os.Parcel.readValue(Parcel.java:4608)
1788697174.070 10311 21502 21502 E AndroidRuntime: 	at android.os.Parcel.-$$Nest$mreadValue(Parcel.java:0)
1788697174.070 10311 21502 21502 E AndroidRuntime: 	at android.os.Parcel$LazyValue.apply(Parcel.java:4706)
1788697174.070 10311 21502 21502 E AndroidRuntime: 	at android.os.Parcel$LazyValue.apply(Parcel.java:4665)
1788697174.070 10311 21502 21502 E AndroidRuntime: 	at android.os.BaseBundle.unwrapLazyValueFromMapLocked(BaseBundle.java:416)
1788697174.070 10311 21502 21502 E AndroidRuntime: 	at android.os.BaseBundle.getValueAt(BaseBundle.java:402)
1788697174.070 10311 21502 21502 E AndroidRuntime: 	at android.os.BaseBundle.getValue(BaseBundle.java:382)
1788697174.070 10311 21502 21502 E AndroidRuntime: 	at android.os.BaseBundle.getValue(BaseBundle.java:365)
1788697174.070 10311 21502 21502 E AndroidRuntime: 	at android.os.BaseBundle.getValue(BaseBundle.java:358)
1788697174.070 10311 21502 21502 E AndroidRuntime: 	at android.os.Bundle.getParcelable(Bundle.java:1007)
1788697174.070 10311 21502 21502 E AndroidRuntime: 	at com.google.android.gms.auth.api.signin.internal.SignInHubActivity.onCreate(dex-id-ffd9dfb5f38697736427fc1a28d16d569bfb0e87:10)
1788697174.070 10311 21502 21502 E AndroidRuntime: 	at android.app.Activity.performCreate(Activity.java:9209)
1788697174.070 10311 21502 21502 E AndroidRuntime: 	at android.app.Activity.performCreate(Activity.java:9165)
1788697174.070 10311 21502 21502 E AndroidRuntime: 	at android.app.Instrumentation.callActivityOnCreate(Instrumentation.java:1537)
1788697174.070 10311 21502 21502 E AndroidRuntime: 	at android.app.ActivityThread.performLaunchActivity(ActivityThread.java:4397)
1788697174.070 10311 21502 21502 E AndroidRuntime: 	... 21 more
1788697174.070 10311 21502 21502 E AndroidRuntime: Caused by: java.lang.ClassNotFoundException: com.google.android.gms.auth.api.signin.internal.SignInConfiguration
1788697174.070 10311 21502 21502 E AndroidRuntime: 	at java.lang.Class.classForName(Native Method)
1788697174.070 10311 21502 21502 E AndroidRuntime: 	at java.lang.Class.forName(Class.java:591)
1788697174.070 10311 21502 21502 E AndroidRuntime: 	at android.os.Parcel.readParcelableCreatorInternal(Parcel.java:5196)
1788697174.070 10311 21502 21502 E AndroidRuntime: 	... 38 more
1788697174.070 10311 21502 21502 E AndroidRuntime: Caused by: java.lang.ClassNotFoundException: com.google.android.gms.auth.api.signin.internal.SignInConfiguration
1788697174.070 10311 21502 21502 E AndroidRuntime: 	... 41 more
1788697174.072 10311 21502 21502 E Unique  : 2026-09-06 19:19:34.070 E CRASH u0 com.gordey.standarling UNCAUGHT_EXCEPTION thread=main component=com.unique:vapp0 reason=ClassNotFoundException: com.google.android.gms.auth.api.signin.internal.SignInConfiguration
1788697174.072 10311 21502 21502 E Unique  : java.lang.Error: FATAL EXCEPTION [main]
1788697174.072 10311 21502 21502 E Unique  : Unity version     : 2019.4.22f1
1788697174.072 10311 21502 21502 E Unique  : Device model      : Xiaomi 23030RAC7Y
1788697174.072 10311 21502 21502 E Unique  : Device fingerprint: Redmi/sea_ru/sea:15/AP3A.240905.015.A2/OS2.0.209.0.VHZRUXM:user/release-keys
1788697174.072 10311 21502 21502 E Unique  : Caused by: java.lang.RuntimeException: Unable to start activity ComponentInfo{com.gordey.standarling/com.google.android.gms.auth.api.signin.internal.SignInHubActivity}: android.os.BadParcelableException: ClassNotFoundException when unmarshalling: com.google.android.gms.auth.api.signin.internal.SignInConfiguration
1788697174.072 10311 21502 21502 E Unique  : 	at android.app.ActivityThread.performLaunchActivity(ActivityThread.java:4415)
1788697174.072 10311 21502 21502 E Unique  : 	at android.app.ActivityThread.handleLaunchActivity(ActivityThread.java:4636)
1788697174.072 10311 21502 21502 E Unique  : 	at android.app.servertransaction.LaunchActivityItem.execute(LaunchActivityItem.java:112)
1788697174.072 10311 21502 21502 E Unique  : 	at android.app.servertransaction.TransactionExecutor.executeNonLifecycleItem(TransactionExecutor.java:186)
1788697174.072 10311 21502 21502 E Unique  : 	at android.app.servertransaction.TransactionExecutor.executeTransactionItems(TransactionExecutor.java:112)
1788697174.072 10311 21502 21502 E Unique  : 	at android.app.servertransaction.TransactionExecutor.execute(TransactionExecutor.java:84)
1788697174.072 10311 21502 21502 E Unique  : 	at android.app.ActivityThread$H.handleMessage(ActivityThread.java:2878)
1788697174.072 10311 21502 21502 E Unique  : 	at android.os.Handler.dispatchMessage(Handler.java:107)
1788697174.072 10311 21502 21502 E Unique  : 	at android.os.Looper.loopOnce(Looper.java:249)
1788697174.072 10311 21502 21502 E Unique  : 	at android.os.Looper.loop(Looper.java:337)
1788697174.072 10311 21502 21502 E Unique  : 	at com.unique.core.vam.GuestLooperGuard.loopForever(GuestLooperGuard.kt:100)
1788697174.072 10311 21502 21502 E Unique  : 	at com.unique.core.vam.GuestLooperGuard.install$lambda$0(GuestLooperGuard.kt:94)
1788697174.072 10311 21502 21502 E Unique  : 	at com.unique.core.vam.GuestLooperGuard.$r8$lambda$_2Er0QksXq2eZVLqD2VIvtSUw2o(GuestLooperGuard.kt:0)
1788697174.072 10311 21502 21502 E Unique  : 	at com.unique.core.vam.GuestLooperGuard$$ExternalSyntheticLambda0.run(D8$$SyntheticClass:0)
1788697174.072 10311 21502 21502 E Unique  : 	at android.os.Handler.handleCallback(Handler.java:959)
1788697174.072 10311 21502 21502 E Unique  : 	at android.os.Handler.dispatchMessage(Handler.java:100)
1788697174.072 10311 21502 21502 E Unique  : 	at android.os.Looper.loopOnce(Looper.java:249)
1788697174.072 10311 21502 21502 E Unique  : 	at android.os.Looper.loop(Looper.java:337)
1788697174.072 10311 21502 21502 E Unique  : 	at android.app.ActivityThread.main(ActivityThread.java:9469)
1788697174.072 10311 21502 21502 E Unique  : 	at java.lang.reflect.Method.invoke(Native Method)
1788697174.072 10311 21502 21502 E Unique  : 	at com.android.internal.os.RuntimeInit$MethodAndArgsCaller.run(RuntimeInit.java:636)
1788697174.072 10311 21502 21502 E Unique  : 	at com.android.internal.os.ZygoteInit.main(ZygoteInit.java:1005)
1788697174.072 10311 21502 21502 E Unique  : Caused by: android.os.BadParcelableException: ClassNotFoundException when unmarshalling: com.google.android.gms.auth.api.signin.internal.SignInConfiguration
1788697174.072 10311 21502 21502 E Unique  : 	at android.os.Parcel.readParcelableCreatorInternal(Parcel.java:5230)
1788697174.072 10311 21502 21502 E Unique  : 	at android.os.Parcel.readParcelableInternal(Parcel.java:5079)
1788697174.072 10311 21502 21502 E Unique  : 	at android.os.Parcel.readValue(Parcel.java:4839)
1788697174.072 10311 21502 21502 E Unique  : 	at android.os.Parcel.readValue(Parcel.java:4608)
1788697174.072 10311 21502 21502 E Unique  : 	at android.os.Parcel.-$$Nest$mreadValue(Parcel.java:0)
1788697174.072 10311 21502 21502 E Unique  : 	at android.os.Parcel$LazyValue.apply(Parcel.java:4706)
1788697174.072 10311 21502 21502 E Unique  : 	at android.os.Parcel$LazyValue.apply(Parcel.java:4665)
1788697174.072 10311 21502 21502 E Unique  : 	at android.os.BaseBundle.unwrapLazyValueFromMapLocked(BaseBundle.java:416)
1788697174.072 10311 21502 21502 E Unique  : 	at android.os.BaseBundle.getValueAt(BaseBundle.java:402)
1788697174.072 10311 21502 21502 E Unique  : 	at android.os.BaseBundle.getValue(BaseBundle.java:382)
1788697174.072 10311 21502 21502 E Unique  : 	at android.os.BaseBundle.getValue(BaseBundle.java:365)
1788697174.072 10311 21502 21502 E Unique  : 	at android.os.BaseBundle.getValue(BaseBundle.java:358)
1788697174.072 10311 21502 21502 E Unique  : 	at android.os.Bundle.getParcelable(Bundle.java:1007)
1788697174.072 10311 21502 21502 E Unique  : 	at com.google.android.gms.auth.api.signin.internal.SignInHubActivity.onCreate(dex-id-ffd9dfb5f38697736427fc1a28d16d569bfb0e87:10)
1788697174.072 10311 21502 21502 E Unique  : 	at android.app.Activity.performCreate(Activity.java:9209)
1788697174.072 10311 21502 21502 E Unique  : 	at android.app.Activity.performCreate(Activity.java:9165)
1788697174.072 10311 21502 21502 E Unique  : 	at android.app.Instrumentation.callActivityOnCreate(Instrumentation.java:1537)
1788697174.072 10311 21502 21502 E Unique  : 	at android.app.ActivityThread.performLaunchActivity(ActivityThread.java:4397)
1788697174.072 10311 21502 21502 E Unique  : 	... 21 more
1788697174.072 10311 21502 21502 E Unique  : Caused by: java.lang.ClassNotFoundException: com.google.android.gms.auth.api.signin.internal.SignInConfiguration
1788697174.072 10311 21502 21502 E Unique  : 	at java.lang.Class.classForName(Native Method)
1788697174.072 10311 21502 21502 E Unique  : 	at java.lang.Class.forName(Class.java:591)
1788697174.072 10311 21502 21502 E Unique  : 	at android.os.Parcel.readParcelableCreatorInternal(Parcel.java:5196)
1788697174.072 10311 21502 21502 E Unique  : 	... 38 more
1788697174.072 10311 21502 21502 E Unique  : Caused by: java.lang.ClassNotFoundException: com.google.android.gms.auth.api.signin.internal.SignInConfiguration
1788697174.072 10311 21502 21502 E Unique  : 	... 41 more
1788697174.079 10311 20915 20924 I Unique  : 2026-09-06 19:19:34.078 I PROCESS DIAGNOSTICS_RECEIVED process=:vapp0 lines=1
1788697174.085 10311 21502 21502 W ScoutUtils: Failed to mkdir /data/miuilog/stability/hprof/
1788697174.123 10311 21502 21502 I Process : 	at android.os.Process.killProcess(Process.java:1465)
1788697174.123 10311 21502 21502 I Process : 	at com.android.internal.os.RuntimeInit$KillApplicationHandler.uncaughtException(RuntimeInit.java:236)
1788697174.123 10311 21502 21502 I Process : 	at com.unique.core.diagnostics.CrashGuard.install$lambda$0(CrashGuard.kt:75)
1788697174.123 10311 21502 21502 I Process : 	at com.unique.core.diagnostics.CrashGuard.$r8$lambda$NI_pMGpIsX0lyNyovG1fYpnCltQ(CrashGuard.kt:0)
1788697174.123 10311 21502 21502 I Process : 	at com.unique.core.diagnostics.CrashGuard$$ExternalSyntheticLambda0.uncaughtException(D8$$SyntheticClass:0)
1788697174.123 10311 21502 21502 I Process : 	at com.unity3d.player.m.uncaughtException(dex-id-ffd9dfb5f38697736427fc1a28d16d569bfb0e87:94)
1788697174.123 10311 21502 21502 I Process : 	at java.lang.ThreadGroup.uncaughtException(ThreadGroup.java:1098)
1788697174.123 10311 21502 21502 I Process : 	at java.lang.ThreadGroup.uncaughtException(ThreadGroup.java:1093)
1788697174.123 10311 21502 21502 I Process : 	at java.lang.Thread.dispatchUncaughtException(Thread.java:3387)
1788697174.372 10311 20915 20960 E com.unique: checkIfsupportxIntfps do not binder to joyose
1788697174.394 10311 20915 20915 D SurfaceView: UPDATE Surface(name=SurfaceView[com.unique/com.unique.app.MainActivity]#58932)/@0x97138bd, mIsProjectionMode = false
1788697177.255 10311 20915 20915 W WindowOnBackDispatcher: sendCancelIfRunning: isInProgress=false callback=io.flutter.embedding.android.FlutterActivity$1@a3b05e9
1788697179.442 10311 20915 20935 I Unique  : 2026-09-06 19:19:39.442 I PROCESS PROCESS_RELEASED slot=:vapp0 reason=removed
1788697179.443 10311 20915 20915 W WindowOnBackDispatcher: sendCancelIfRunning: isInProgress=false callback=io.flutter.embedding.android.FlutterActivity$1@a3b05e9
1788697179.479 10311 20915 20935 I Unique  : 2026-09-06 19:19:39.478 I PROCESS BROADCAST_ROUTER_READY instances=0 actions=72 authorities=[redacted]
1788697181.769 10311 20915 20915 D InputMethodManager: showSoftInput() view=io.flutter.embedding.android.FlutterView{6aa9b75 VFE...... .F....ID 0,0-1080,2400 #1 aid=1073741824} flags=0 reason=SHOW_SOFT_INPUT
1788697185.157 10311 20915 20992 I Unique  : 2026-09-06 19:19:45.157 I STORAGE IMPORT_STARTED package=com.axlebolt.standoff2 files=1
1788697185.852 10311 20915 20921 W com.unique: ApkAssets: Deleting an ApkAssets object '<empty> and /data/user/0/com.unique/files/virtual/apk/com.gordey.standarling/1090/base.apk' with 1 weak references
1788697185.854 10311 20915 20921 W com.unique: ApkAssets: Deleting an ApkAssets object '<empty> and /data/app/~~fbMIfb5bQRSeDV4qN5JbrQ==/com.openai.chatgpt-yAR_zbiyMnEL0nkU87BC5A==/base.apk' with 1 weak references
1788697185.855 10311 20915 20921 W com.unique: ApkAssets: Deleting an ApkAssets object '<empty> and /data/app/~~fbMIfb5bQRSeDV4qN5JbrQ==/com.openai.chatgpt-yAR_zbiyMnEL0nkU87BC5A==/split_config.arm64_v8a.apk' with 1 weak references
1788697185.856 10311 20915 20921 W com.unique: ApkAssets: Deleting an ApkAssets object '<empty> and /data/app/~~fbMIfb5bQRSeDV4qN5JbrQ==/com.openai.chatgpt-yAR_zbiyMnEL0nkU87BC5A==/split_config.ru.apk' with 1 weak references
1788697185.856 10311 20915 20921 W com.unique: ApkAssets: Deleting an ApkAssets object '<empty> and /data/app/~~fbMIfb5bQRSeDV4qN5JbrQ==/com.openai.chatgpt-yAR_zbiyMnEL0nkU87BC5A==/split_config.xxhdpi.apk' with 1 weak references
1788697185.857 10311 20915 20921 W com.unique: ApkAssets: Deleting an ApkAssets object '<empty> and /data/app/~~dIzM8R2VKNcseUPYkR7YfA==/com.google.android.marvin.talkback-RoQSRwhE9YHg1ajuoB0gqg==/base.apk' with 1 weak references
1788697185.859 10311 20915 20921 W com.unique: ApkAssets: Deleting an ApkAssets object '<empty> and /data/app/~~XQmPOPV_XxINA_jPcGmsIQ==/com.miui.screenrecorder-G-XBxKJvovi92jNh9l3JIQ==/base.apk' with 1 weak references
1788697185.862 10311 20915 20921 W com.unique: ApkAssets: Deleting an ApkAssets object '<empty> and /system_ext/priv-app/RtMiCloudSDK/RtMiCloudSDK.apk' with 4 weak references
1788697185.862 10311 20915 20921 W com.unique: ApkAssets: Deleting an ApkAssets object '<empty> and /system_ext/app/miuisystem/miuisystem.apk' with 6 weak references
1788697185.863 10311 20915 20921 W com.unique: ApkAssets: Deleting an ApkAssets object '<empty> and /data/app/~~-USux0I649yeK8kjLtUs6w==/io.hitray.android-yz9_YgFveD2eh2-uVfEvTQ==/base.apk' with 1 weak references
1788697185.863 10311 20915 20921 W com.unique: ApkAssets: Deleting an ApkAssets object '<empty> and /data/app/~~dIzM8R2VKNcseUPYkR7YfA==/com.google.android.marvin.talkback-RoQSRwhE9YHg1ajuoB0gqg==/split_config.arm64_v8a.apk' with 1 weak references
1788697185.864 10311 20915 20921 W com.unique: ApkAssets: Deleting an ApkAssets object '<empty> and /data/app/~~-USux0I649yeK8kjLtUs6w==/io.hitray.android-yz9_YgFveD2eh2-uVfEvTQ==/split_config.arm64_v8a.apk' with 1 weak references
1788697185.864 10311 20915 20921 W com.unique: ApkAssets: Deleting an ApkAssets object '<empty> and /data/app/~~-USux0I649yeK8kjLtUs6w==/io.hitray.android-yz9_YgFveD2eh2-uVfEvTQ==/split_config.ru.apk' with 1 weak references
1788697185.864 10311 20915 20921 W com.unique: ApkAssets: Deleting an ApkAssets object '<empty> and /data/app/~~-USux0I649yeK8kjLtUs6w==/io.hitray.android-yz9_YgFveD2eh2-uVfEvTQ==/split_config.xxhdpi.apk' with 1 weak references
1788697185.865 10311 20915 20921 W com.unique: ApkAssets: Deleting an ApkAssets object '<empty> and /data/app/~~ItA4ATnc7x5tZxxil8RoQQ==/com.google.android.googlequicksearchbox-B34OqsIBVDUACIIcm8JfnA==/base.apk' with 1 weak references
1788697185.866 10311 20915 20921 W com.unique: ApkAssets: Deleting an ApkAssets object '<empty> and /data/app/GlobalWPSLITE/base.apk' with 1 weak references
1788697185.866 10311 20915 20921 W com.unique: ApkAssets: Deleting an ApkAssets object '<empty> and /data/app/~~rg2DbhTU1ND5cF8h23oQew==/org.telegram.messenger-ssp6zHI1umWAqjB0ibq88A==/base.apk' with 1 weak references
1788697185.867 10311 20915 20921 W com.unique: ApkAssets: Deleting an ApkAssets object '<empty> and /data/app/~~rg2DbhTU1ND5cF8h23oQew==/org.telegram.messenger-ssp6zHI1umWAqjB0ibq88A==/split_config.arm64_v8a.apk' with 1 weak references
1788697185.867 10311 20915 20921 W com.unique: ApkAssets: Deleting an ApkAssets object '<empty> and /data/app/~~rg2DbhTU1ND5cF8h23oQew==/org.telegram.messenger-ssp6zHI1umWAqjB0ibq88A==/split_config.ru.apk' with 1 weak references
1788697185.867 10311 20915 20921 W com.unique: ApkAssets: Deleting an ApkAssets object '<empty> and /data/app/~~rg2DbhTU1ND5cF8h23oQew==/org.telegram.messenger-ssp6zHI1umWAqjB0ibq88A==/split_config.xxhdpi.apk' with 1 weak references
1788697185.867 10311 20915 20921 W com.unique: ApkAssets: Deleting an ApkAssets object '<empty> and /data/app/~~KJXAelHloRLMhXRuCgXfsA==/com.termux.x11-osj7xncZ_M4TKFTgtNfUvQ==/base.apk' with 1 weak references
1788697185.868 10311 20915 20921 W com.unique: ApkAssets: Deleting an ApkAssets object '<empty> and /data/app/~~QQHHYxwNPykiSC3FoxXBWw==/com.gordey.standarling-qi6-h5086vrmRTcPTW755g==/base.apk' with 1 weak references
1788697185.868 10311 20915 20921 W com.unique: ApkAssets: Deleting an ApkAssets object '<empty> and /data/app/~~hmK1R5MXm77mIxebqB1UWg==/de.szalkowski.activitylauncher-U8OB-FYSopjrnRHsZdEEww==/base.apk' with 1 weak references
1788697185.868 10311 20915 20921 W com.unique: ApkAssets: Deleting an ApkAssets object '<empty> and /data/app/~~hmK1R5MXm77mIxebqB1UWg==/de.szalkowski.activitylauncher-U8OB-FYSopjrnRHsZdEEww==/split_config.arm64_v8a.apk' with 1 weak references
1788697185.869 10311 20915 20921 W com.unique: ApkAssets: Deleting an ApkAssets object '<empty> and /data/app/~~hmK1R5MXm77mIxebqB1UWg==/de.szalkowski.activitylauncher-U8OB-FYSopjrnRHsZdEEww==/split_config.xxhdpi.apk' with 1 weak references
1788697185.869 10311 20915 20921 W com.unique: ApkAssets: Deleting an ApkAssets object '<empty> and /data/app/~~LvuV9aG6AJttZ9KZG9DfUQ==/nu.gpu.nagram-piHbsnG6qKY0S-0pb2n_mg==/base.apk' with 1 weak references
1788697185.869 10311 20915 20921 W com.unique: ApkAssets: Deleting an ApkAssets object '<empty> and /data/app/~~ItA4ATnc7x5tZxxil8RoQQ==/com.google.android.googlequicksearchbox-B34OqsIBVDUACIIcm8JfnA==/split_config.xxhdpi.apk' with 1 weak references
1788697185.869 10311 20915 20921 W com.unique: ApkAssets: Deleting an ApkAssets object '<empty> and /data/app/~~FbOmbJprFej1zimcVmUamg==/com.google.android.apps.authenticator2-spHVZ5FEndpJKCz3wWEkSA==/base.apk' with 1 weak references
1788697185.870 10311 20915 20921 W com.unique: ApkAssets: Deleting an ApkAssets object '<empty> and /data/app/~~ItA4ATnc7x5tZxxil8RoQQ==/com.google.android.googlequicksearchbox-B34OqsIBVDUACIIcm8JfnA==/split_lens_ondevice_engine_feature_module.apk' with 1 weak references
1788697185.870 10311 20915 20921 W com.unique: ApkAssets: Deleting an ApkAssets object '<empty> and /data/app/~~FbOmbJprFej1zimcVmUamg==/com.google.android.apps.authenticator2-spHVZ5FEndpJKCz3wWEkSA==/split_config.ru.apk' with 1 weak references
1788697185.870 10311 20915 20921 W com.unique: ApkAssets: Deleting an ApkAssets object '<empty> and /data/app/~~ItA4ATnc7x5tZxxil8RoQQ==/com.google.android.googlequicksearchbox-B34OqsIBVDUACIIcm8JfnA==/split_lens_ondevice_engine_play_ml_module.apk' with 1 weak references
1788697185.870 10311 20915 20921 W com.unique: ApkAssets: Deleting an ApkAssets object '<empty> and /data/app/~~FbOmbJprFej1zimcVmUamg==/com.google.android.apps.authenticator2-spHVZ5FEndpJKCz3wWEkSA==/split_config.xxhdpi.apk' with 1 weak references
1788697185.870 10311 20915 20921 W com.unique: ApkAssets: Deleting an ApkAssets object '<empty> and /data/app/~~ZqdvqHIQdj2aYGnH1VRJ2g==/clear.una-9D8IYmbsSYbrHCFNhktz7g==/base.apk' with 1 weak references
1788697185.870 10311 20915 20921 W com.unique: ApkAssets: Deleting an ApkAssets object '<empty> and /data/app/MIUISoundRecorderTargetSdk30Global/base.apk' with 1 weak references
1788697185.871 10311 20915 20921 W com.unique: ApkAssets: Deleting an ApkAssets object '<empty> and /data/app/~~jD-_UzuxAsOgbh6KR6hmBQ==/moe.shizuku.privileged.api-cQKJ66hF6rbFA6IGkaIRVQ==/base.apk' with 1 weak references
1788697185.872 10311 20915 20921 W com.unique: ApkAssets: Deleting an ApkAssets object '<empty> and /data/app/~~e73com6-x5yH2jsqLP0xmw==/com.preff.kb.xm-KpegMO3lV97rVDDSSmsbFg==/base.apk' with 1 weak references
1788697185.873 10311 20915 20921 W com.unique: ApkAssets: Deleting an ApkAssets object '<empty> and /data/app/~~ybthXu1lfLhXH0A_ezjXOQ==/com.Chillow.CustomRise-jbRzsHDPDsDqtF4ya8mKFQ==/base.apk' with 1 weak references
1788697185.874 10311 20915 20921 W com.unique: ApkAssets: Deleting an ApkAssets object '<empty> and /data/app/~~5UvyUty5uHV3AXEdZmqD2w==/com.pinterest-lPffnbjAGLKDxKewLDe9fA==/base.apk' with 1 weak references
1788697185.874 10311 20915 20921 W com.unique: ApkAssets: Deleting an ApkAssets object '<empty> and /data/app/~~5UvyUty5uHV3AXEdZmqD2w==/com.pinterest-lPffnbjAGLKDxKewLDe9fA==/split_config.arm64_v8a.apk' with 1 weak references
1788697185.874 10311 20915 20921 W com.unique: ApkAssets: Deleting an ApkAssets object '<empty> and /data/app/~~5UvyUty5uHV3AXEdZmqD2w==/com.pinterest-lPffnbjAGLKDxKewLDe9fA==/split_config.ru.apk' with 1 weak references
1788697185.874 10311 20915 20921 W com.unique: ApkAssets: Deleting an ApkAssets object '<empty> and /data/app/~~5UvyUty5uHV3AXEdZmqD2w==/com.pinterest-lPffnbjAGLKDxKewLDe9fA==/split_config.xxhdpi.apk' with 1 weak references
1788697185.875 10311 20915 20921 W com.unique: ApkAssets: Deleting an ApkAssets object '<empty> and /data/app/~~dLYsOqWzTnFcjo2aHD3xSQ==/bin.mt.plus-R6p8RfoCeLQWL_mDoMlBsw==/base.apk' with 1 weak references
1788697185.875 10311 20915 20921 W com.unique: ApkAssets: Deleting an ApkAssets object '<empty> and /data/app/MIUICompassGlobal/base.apk' with 1 weak references
1788697185.877 10311 20915 20921 W com.unique: ApkAssets: Deleting an ApkAssets object '<empty> and /data/app/~~FbRqAr85vnOKgdJeIwPSHg==/com.f0x1d.logfox-3E_m6EooCJ8N7AUdxRJEng==/base.apk' with 1 weak references
1788697185.878 10311 20915 20921 W com.unique: ApkAssets: Deleting an ApkAssets object '<empty> and /data/app/~~R3xOm83wV6nXDxL1np_JpQ==/com.axlebolt.standoff2-1qyH-RbRcbkMQBQ-x5XKyg==/base.apk' with 1 weak references
1788697185.878 10311 20915 20921 W com.unique: ApkAssets: Deleting an ApkAssets object '<empty> and /data/app/~~J39jRrIsqrfa_ve43AGRfA==/com.google.android.apps.bard-tjj9Z_NgMfNFo9NyS1eyrw==/base.apk' with 1 weak references
1788697185.879 10311 20915 20921 W com.unique: ApkAssets: Deleting an ApkAssets object '<empty> and /data/app/~~J39jRrIsqrfa_ve43AGRfA==/com.google.android.apps.bard-tjj9Z_NgMfNFo9NyS1eyrw==/split_config.arm64_v8a.apk' with 1 weak references
1788697185.879 10311 20915 20921 W com.unique: ApkAssets: Deleting an ApkAssets object '<empty> and /data/app/~~J39jRrIsqrfa_ve43AGRfA==/com.google.android.apps.bard-tjj9Z_NgMfNFo9NyS1eyrw==/split_config.bn.apk' with 1 weak references
1788697185.879 10311 20915 20921 W com.unique: ApkAssets: Deleting an ApkAssets object '<empty> and /data/app/~~J39jRrIsqrfa_ve43AGRfA==/com.google.android.apps.bard-tjj9Z_NgMfNFo9NyS1eyrw==/split_config.en.apk' with 1 weak references
1788697185.879 10311 20915 20921 W com.unique: ApkAssets: Deleting an ApkAssets object '<empty> and /data/app/~~J39jRrIsqrfa_ve43AGRfA==/com.google.android.apps.bard-tjj9Z_NgMfNFo9NyS1eyrw==/split_config.gu.apk' with 1 weak references
1788697185.879 10311 20915 20921 W com.unique: ApkAssets: Deleting an ApkAssets object '<empty> and /data/app/~~J39jRrIsqrfa_ve43AGRfA==/com.google.android.apps.bard-tjj9Z_NgMfNFo9NyS1eyrw==/split_config.hi.apk' with 1 weak references
1788697185.879 10311 20915 20921 W com.unique: ApkAssets: Deleting an ApkAssets object '<empty> and /data/app/~~J39jRrIsqrfa_ve43AGRfA==/com.google.android.apps.bard-tjj9Z_NgMfNFo9NyS1eyrw==/split_config.kn.apk' with 1 weak references
1788697185.879 10311 20915 20921 W com.unique: ApkAssets: Deleting an ApkAssets object '<empty> and /data/app/~~J39jRrIsqrfa_ve43AGRfA==/com.google.android.apps.bard-tjj9Z_NgMfNFo9NyS1eyrw==/split_config.mr.apk' with 1 weak references
1788697185.879 10311 20915 20921 W com.unique: ApkAssets: Deleting an ApkAssets object '<empty> and /data/app/~~J39jRrIsqrfa_ve43AGRfA==/com.google.android.apps.bard-tjj9Z_NgMfNFo9NyS1eyrw==/split_config.ru.apk' with 1 weak references
1788697185.879 10311 20915 20921 W com.unique: ApkAssets: Deleting an ApkAssets object '<empty> and /data/app/~~J39jRrIsqrfa_ve43AGRfA==/com.google.android.apps.bard-tjj9Z_NgMfNFo9NyS1eyrw==/split_config.ta.apk' with 1 weak references
1788697185.879 10311 20915 20921 W com.unique: ApkAssets: Deleting an ApkAssets object '<empty> and /data/app/~~J39jRrIsqrfa_ve43AGRfA==/com.google.android.apps.bard-tjj9Z_NgMfNFo9NyS1eyrw==/split_config.te.apk' with 1 weak references
1788697185.879 10311 20915 20921 W com.unique: ApkAssets: Deleting an ApkAssets object '<empty> and /data/app/~~J39jRrIsqrfa_ve43AGRfA==/com.google.android.apps.bard-tjj9Z_NgMfNFo9NyS1eyrw==/split_config.xxhdpi.apk' with 1 weak references
1788697185.880 10311 20915 20921 W com.unique: ApkAssets: Deleting an ApkAssets object '<empty> and /data/app/~~fDqH7SpA32dU_mxStcmXBQ==/com.emanuelef.remote_capture-5WExiOcv_yR73wMh7w64Zg==/base.apk' with 1 weak references
1788697185.880 10311 20915 20921 W com.unique: ApkAssets: Deleting an ApkAssets object '<empty> and /data/app/~~fDqH7SpA32dU_mxStcmXBQ==/com.emanuelef.remote_capture-5WExiOcv_yR73wMh7w64Zg==/split_config.arm64_v8a.apk' with 1 weak references
1788697185.880 10311 20915 20921 W com.unique: ApkAssets: Deleting an ApkAssets object '<empty> and /data/app/~~fDqH7SpA32dU_mxStcmXBQ==/com.emanuelef.remote_capture-5WExiOcv_yR73wMh7w64Zg==/split_config.ru.apk' with 1 weak references
1788697185.880 10311 20915 20921 W com.unique: ApkAssets: Deleting an ApkAssets object '<empty> and /data/app/~~fDqH7SpA32dU_mxStcmXBQ==/com.emanuelef.remote_capture-5WExiOcv_yR73wMh7w64Zg==/split_config.xxhdpi.apk' with 1 weak references
1788697185.881 10311 20915 20921 W com.unique: ApkAssets: Deleting an ApkAssets object '<empty> and /data/app/MIUINotes/base.apk' with 1 weak references
1788697185.882 10311 20915 20921 W com.unique: ApkAssets: Deleting an ApkAssets object '<empty> and /data/app/~~ToEzooAkrU67onkDMsOz-A==/com.xiaomi.midrop-QRwPNiaj1B-KMGM4I2vZlg==/base.apk' with 1 weak references
1788697185.883 10311 20915 20921 W com.unique: ApkAssets: Deleting an ApkAssets object '<empty> and /data/app/~~znQWjrS88Ohx8dtGgw8_cg==/com.avo.vpn-Qnj7RP4c8L4ASKYHsR0wRg==/base.apk' with 1 weak references
1788697185.884 10311 20915 20921 W com.unique: ApkAssets: Deleting an ApkAssets object '<empty> and /data/app/~~znQWjrS88Ohx8dtGgw8_cg==/com.avo.vpn-Qnj7RP4c8L4ASKYHsR0wRg==/split_config.arm64_v8a.apk' with 1 weak references
1788697185.884 10311 20915 20921 W com.unique: ApkAssets: Deleting an ApkAssets object '<empty> and /data/app/~~znQWjrS88Ohx8dtGgw8_cg==/com.avo.vpn-Qnj7RP4c8L4ASKYHsR0wRg==/split_config.ru.apk' with 1 weak references
1788697185.885 10311 20915 20921 W com.unique: ApkAssets: Deleting an ApkAssets object '<empty> and /data/app/~~znQWjrS88Ohx8dtGgw8_cg==/com.avo.vpn-Qnj7RP4c8L4ASKYHsR0wRg==/split_config.xxhdpi.apk' with 1 weak references
1788697185.885 10311 20915 20921 W com.unique: ApkAssets: Deleting an ApkAssets object '<empty> and /data/app/~~HlE7G1zZsYmJdyiSJ5bWPg==/com.xiaomi.wearable-mw4unPETK0LMg7u69qppjA==/base.apk' with 1 weak references
1788697185.886 10311 20915 20921 W com.unique: ApkAssets: Deleting an ApkAssets object '<empty> and /data/app/~~HlE7G1zZsYmJdyiSJ5bWPg==/com.xiaomi.wearable-mw4unPETK0LMg7u69qppjA==/split_config.arm64_v8a.apk' with 1 weak references
1788697185.887 10311 20915 20921 W com.unique: ApkAssets: Deleting an ApkAssets object '<empty> and /data/app/~~HlE7G1zZsYmJdyiSJ5bWPg==/com.xiaomi.wearable-mw4unPETK0LMg7u69qppjA==/split_config.ru.apk' with 1 weak references
1788697185.887 10311 20915 20921 W com.unique: ApkAssets: Deleting an ApkAssets object '<empty> and /data/app/~~HlE7G1zZsYmJdyiSJ5bWPg==/com.xiaomi.wearable-mw4unPETK0LMg7u69qppjA==/split_config.xxhdpi.apk' with 1 weak references
1788697185.888 10311 20915 20921 W com.unique: ApkAssets: Deleting an ApkAssets object '<empty> and /data/app/MIUICalculatorGlobal/base.apk' with 1 weak references
1788697185.890 10311 20915 20921 W com.unique: ApkAssets: Deleting an ApkAssets object '<empty> and /data/app/~~0P94X6q7hQFnvISy4kIBtA==/org.mozilla.firefox-V-RMBJjuN885jasHsv697A==/base.apk' with 1 weak references
1788697185.892 10311 20915 20921 W com.unique: ApkAssets: Deleting an ApkAssets object '<empty> and /data/app/~~0P94X6q7hQFnvISy4kIBtA==/org.mozilla.firefox-V-RMBJjuN885jasHsv697A==/split_config.arm64_v8a.apk' with 1 weak references
1788697185.893 10311 20915 20921 W com.unique: ApkAssets: Deleting an ApkAssets object '<empty> and /data/app/~~0P94X6q7hQFnvISy4kIBtA==/org.mozilla.firefox-V-RMBJjuN885jasHsv697A==/split_config.xxhdpi.apk' with 1 weak references
1788697185.893 10311 20915 20921 W com.unique: ApkAssets: Deleting an ApkAssets object '<empty> and /data/app/~~0uKMRni55eIeGuBA-UdIqg==/llc.itdev.incy-mpenI8rpAkCFByZR5jO9gg==/base.apk' with 1 weak references
1788697185.894 10311 20915 20921 W com.unique: ApkAssets: Deleting an ApkAssets object '<empty> and /data/app/MIUIWeatherGlobal/base.apk' with 1 weak references
1788697185.896 10311 20915 20921 W com.unique: ApkAssets: Deleting an ApkAssets object '<empty> and /data/app/~~aWOPbtkIcfivimg0lCNOxw==/com.termux-PK0SDb6b5-Yp-w60yEc5cg==/base.apk' with 1 weak references
1788697185.897 10311 20915 20921 W com.unique: ApkAssets: Deleting an ApkAssets object '<empty> and /data/app/MiuiScanner/base.apk' with 1 weak references
1788697185.899 10311 20915 20921 W com.unique: ApkAssets: Deleting an ApkAssets object '<empty> and /data/app/~~czZ5M9QoNKe1-aNwTzx9sA==/com.exteragram.messenger-NDtal6OMkucurs3uXfhA7A==/base.apk' with 1 weak references
1788697185.900 10311 20915 20921 W com.unique: ApkAssets: Deleting an ApkAssets object '<empty> and /data/app/~~Cw5RUU5MGia-dEV1d9CLeg==/net.typeblog.shelter-UAvs0yASnxf_3imb0u9Fdg==/base.apk' with 1 weak references
1788697185.901 10311 20915 20921 W com.unique: ApkAssets: Deleting an ApkAssets object '<empty> and /data/app/~~NmUPXoeRez3BkcM6j2MOgw==/com.a0soft.gphone.acc.free-uuG90v9LfwZVYmH_KzucCw==/base.apk' with 1 weak references
1788697185.902 10311 20915 20921 W com.unique: ApkAssets: Deleting an ApkAssets object '<empty> and /data/app/~~NmUPXoeRez3BkcM6j2MOgw==/com.a0soft.gphone.acc.free-uuG90v9LfwZVYmH_KzucCw==/split_config.arm64_v8a.apk' with 1 weak references
1788697185.902 10311 20915 20921 W com.unique: ApkAssets: Deleting an ApkAssets object '<empty> and /data/app/~~NmUPXoeRez3BkcM6j2MOgw==/com.a0soft.gphone.acc.free-uuG90v9LfwZVYmH_KzucCw==/split_config.xxhdpi.apk' with 1 weak references
1788697185.902 10311 20915 20921 W com.unique: ApkAssets: Deleting an ApkAssets object '<empty> and /data/app/~~wmE2oqYZyY7aIsry4NiImg==/com.miui.mediaeditor-LsfNStuNXHsHhzEvN6SaPg==/base.apk' with 1 weak references
1788697185.903 10311 20915 20921 W com.unique: ApkAssets: Deleting an ApkAssets object '<empty> and /data/app/~~b9TjLo4gS3fKmrh4CgsMJQ==/com.google.android.apps.work.clouddpc-ax2up3DCBKFKlcjxKXhiAA==/base.apk' with 1 weak references
1788697185.904 10311 20915 20921 W com.unique: ApkAssets: Deleting an ApkAssets object '<empty> and /data/app/~~b9TjLo4gS3fKmrh4CgsMJQ==/com.google.android.apps.work.clouddpc-ax2up3DCBKFKlcjxKXhiAA==/split_config.arm64_v8a.apk' with 1 weak references
1788697185.904 10311 20915 20921 W com.unique: ApkAssets: Deleting an ApkAssets object '<empty> and /data/app/~~b9TjLo4gS3fKmrh4CgsMJQ==/com.google.android.apps.work.clouddpc-ax2up3DCBKFKlcjxKXhiAA==/split_config.ru.apk' with 1 weak references
1788697185.904 10311 20915 20921 W com.unique: ApkAssets: Deleting an ApkAssets object '<empty> and /data/app/~~b9TjLo4gS3fKmrh4CgsMJQ==/com.google.android.apps.work.clouddpc-ax2up3DCBKFKlcjxKXhiAA==/split_config.xxhdpi.apk' with 1 weak references
1788697185.904 10311 20915 20921 W com.unique: ApkAssets: Deleting an ApkAssets object '<empty> and /data/app/~~jeF1Np_NXFV0Nk3IsGvrCw==/com.google.android.apps.adm-fbP92EYBU7Wwf2yJcdIUfg==/base.apk' with 1 weak references
1788697185.905 10311 20915 20921 W com.unique: ApkAssets: Deleting an ApkAssets object '<empty> and /data/app/~~jeF1Np_NXFV0Nk3IsGvrCw==/com.google.android.apps.adm-fbP92EYBU7Wwf2yJcdIUfg==/split_config.arm64_v8a.apk' with 1 weak references
1788697185.905 10311 20915 20921 W com.unique: ApkAssets: Deleting an ApkAssets object '<empty> and /data/app/~~jeF1Np_NXFV0Nk3IsGvrCw==/com.google.android.apps.adm-fbP92EYBU7Wwf2yJcdIUfg==/split_config.ru.apk' with 1 weak references
1788697185.905 10311 20915 20921 W com.unique: ApkAssets: Deleting an ApkAssets object '<empty> and /data/app/~~jeF1Np_NXFV0Nk3IsGvrCw==/com.google.android.apps.adm-fbP92EYBU7Wwf2yJcdIUfg==/split_config.xxhdpi.apk' with 1 weak references
1788697188.636 10311 20915 20992 I Unique  : 2026-09-06 19:19:48.635 I STORAGE PACKAGE_IMPORTED package=com.axlebolt.standoff2 versionCode=203908 splits=1 libs=21 abi=arm64-v8a bytes=110086616 readOnlyApks=1
1788697188.661 10311 20915 20992 I Unique  : 2026-09-06 19:19:48.660 I STORAGE INSTANCE_PREPARED vuid=0 package=com.axlebolt.standoff2 created=6
1788697188.664 10311 20915 20992 I Unique  : 2026-09-06 19:19:48.663 I STORAGE INSTANCE_CREATED package=com.axlebolt.standoff2 vuid=0 name=Profile 1 androidId=26fd6dc8e336b2c7
1788697188.697 10311 20915 20992 I Unique  : 2026-09-06 19:19:48.696 I STORAGE GUEST_OBB_IMPORT outcome=NOTHING_TO_IMPORT files=0 bytes=0 source=/storage/emulated/0/Android/obb/com.axlebolt.standoff2 package=com.axlebolt.standoff2 vuid=0
1788697188.720 10311 20915 20935 I Unique  : 2026-09-06 19:19:48.719 I PROCESS BROADCAST_ROUTES_REGISTERED package=com.axlebolt.standoff2 vuid=0 routes=12 actions=androidx.work.impl.background.systemalarm.UpdateProxies,androidx.profileinstaller.action.SKIP_FILE,android.intent.action.PACKAGE_FIRST_LAUNCH,com.android.vending.NEW_UPDATE_CLICKED,com.facebook.sdk.ACTION_CURRENT_ACCESS_TOKEN_CHANGED,android.intent.action.PACKAGE_REMOVED,com.android.vending.SHARE_SH
1788697188.721 10311 20915 20935 I Unique  : 2026-09-06 19:19:48.720 I PROCESS PROVIDER_ROUTES_REGISTERED package=com.axlebolt.standoff2 vuid=0 authorities=[redacted]
1788697188.722 10311 20915 20915 I Unique  : 2026-09-06 19:19:48.721 I PROCESS PROCESS_ASSIGNED slot=:vapp0 vuid=0 process=com.axlebolt.standoff2
1788697188.726 10311 20915 20915 E Unique  : 2026-09-06 19:19:48.725 E PROCESS BROADCAST_STUB_START_FAILED package=com.axlebolt.standoff2 error=java.lang.SecurityException: Unable to start service Intent { cmp=com.unique/.stub.ServiceStub_p0_s6 (has extras) }: Unable to launch app com.unique/10311 for service Intent { cmp=com.unique/.stub.ServiceStub_p0_s6 }: process is bad
1788697188.727 10311 20915 20915 I Unique  : 2026-09-06 19:19:48.726 I PROCESS BROADCAST_ROUTED_COLD action=android.net.conn.CONNECTIVITY_CHANGE package=com.axlebolt.standoff2 vuid=0 receiver=com.mbridge.msdk.foundation.same.broadcast.NetWorkChangeReceiver started=false
1788697188.727 10311 20915 20935 I Unique  : 2026-09-06 19:19:48.727 I PROCESS BROADCAST_ROUTER_READY instances=1 actions=76 authorities=[redacted]
1788697188.763 10311 20915 20936 W PackageParsing: Ignoring duplicate uses-permissions/uses-permissions-sdk-m: android.permission.INTERNET in package: com.axlebolt.standoff2 at: Binary XML file line #21
1788697188.792 10311 20915 20936 I Unique  : 2026-09-06 19:19:48.792 I STORAGE GUEST_INFO_RESOLVED package=com.axlebolt.standoff2 label=Standoff 2 icon=true
1788697188.815 10311 20915 20915 W WindowOnBackDispatcher: sendCancelIfRunning: isInProgress=false callback=ImeCallback=ImeOnBackInvokedCallback@235283170 Callback=android.window.IOnBackInvokedCallback$Stub$Proxy@a9eec1c
1788697188.815 10311 20915 20915 W WindowOnBackDispatcher: sendCancelIfRunning: isInProgress=false callback=io.flutter.embedding.android.FlutterActivity$1@a3b05e9
1788697190.017 10311 20915 20936 I Unique  : 2026-09-06 19:19:50.016 I GOOGLE GOOGLE_ENVIRONMENT gmsPresent=true gmsEnabled=true gmsVersionCode=263234035 gmsVersionName=26.32.34 (260400-968093310) vendingPresent=true gsfPresent=true customTabs=com.android.chrome hostGmsAvailable=true virtualGmsInstalled=false customTabsAvailable=true
1788697190.035 10311 20915 20937 I Unique  : 2026-09-06 19:19:50.034 I GOOGLE GOOGLE_ENVIRONMENT gmsPresent=true gmsEnabled=true gmsVersionCode=263234035 gmsVersionName=26.32.34 (260400-968093310) vendingPresent=true gsfPresent=true customTabs=com.android.chrome hostGmsAvailable=true virtualGmsInstalled=false customTabsAvailable=true
1788697190.035 10311 20915 20937 I Unique  : 2026-09-06 19:19:50.035 I GOOGLE GOOGLE_ROUTE package=com.axlebolt.standoff2 flow=SIGN_IN mode=UNSUPPORTED why=Google Play services works for this app, but sign-in does not: it identifies the app by package name and signing certificate, and inside UNIQUE the call arrives as UNIQUE. Google answers DEVELOPER_ERROR. Only in-space Google Play services can present the app's own identity.
1788697190.036 10311 20915 20937 I Unique  : 2026-09-06 19:19:50.036 I GOOGLE GOOGLE_ROUTE package=com.axlebolt.standoff2 flow=CREDENTIAL_MANAGER mode=HOST_BRIDGE why=Unverified: Sign in with Google issues a token for the app's server client, so the device's own Google Play services should be able to answer. Not yet confirmed against a real sample.
1788697190.036 10311 20915 20937 I Unique  : 2026-09-06 19:19:50.036 I GOOGLE GOOGLE_ROUTE package=com.axlebolt.standoff2 flow=ACCOUNT_MANAGER mode=HOST_BRIDGE why=Account access is bridged to the device's accounts; consent is shown as UNIQUE.
1788697190.037 10311 20915 20937 I Unique  : 2026-09-06 19:19:50.036 I GOOGLE GOOGLE_ROUTE package=com.axlebolt.standoff2 flow=FIREBASE_AUTH mode=HOST_BRIDGE why=Firebase Auth consumes a token from Sign in with Google, which the host bridge can provide.
1788697190.038 10311 20915 20937 I Unique  : 2026-09-06 19:19:50.038 I GOOGLE GOOGLE_ROUTE package=com.axlebolt.standoff2 flow=OAUTH_WEB mode=UNSUPPORTED why=The browser can be opened, but the redirect back to axlebolt:// cannot arrive: that scheme is declared by a package the device has not installed, so nothing resolves it. Use in-space Google Play services, or a sign-in the app can complete without leaving itself.
1788697190.040 10311 20915 20937 I Unique  : 2026-09-06 19:19:50.038 I GOOGLE GOOGLE_ROUTE package=com.axlebolt.standoff2 flow=FCM mode=HOST_BRIDGE why=Experimental: push registration is bridged through the host. Whether Google Play services accepts it varies by version; the result is recorded per device.
1788697190.041 10311 20915 20937 I Unique  : 2026-09-06 19:19:50.040 I GOOGLE GOOGLE_ROUTE package=com.axlebolt.standoff2 flow=PLAY_GAMES mode=UNSUPPORTED why=Not supported yet: Play Games checks an attested app identity, and UNIQUE has not been tested against it.
1788697191.417 10311 20915 20915 I ScrollIdentify: on fling
1788697191.695 10311 20915 20915 W WindowOnBackDispatcher: sendCancelIfRunning: isInProgress=false callback=io.flutter.embedding.android.FlutterActivity$1@a3b05e9
1788697205.092 10311 20915 20915 E ActivityThread:  fail in deliverResultsIfNeeded java.lang.NullPointerException: Attempt to invoke virtual method 'java.lang.String android.os.Bundle.getString(java.lang.String)' on a null object reference
1788697205.122 10311 20915 20960 E com.unique: checkIfsupportxIntfps do not binder to joyose
1788697205.142 10311 20915 20915 D SurfaceView: UPDATE Surface(name=SurfaceView[com.unique/com.unique.app.MainActivity]#58962)/@0xb8fec77, mIsProjectionMode = false
1788697215.805 10311 20915 21291 I Unique  : 2026-09-06 19:20:15.804 I STORAGE GUEST_FILES_IMPORTED package=com.axlebolt.standoff2 vuid=0 path=/sdcard/Android/obb/com.axlebolt.standoff2 files=1 bytes=1703549419
1788697219.920 10311 20915 20915 W WindowOnBackDispatcher: sendCancelIfRunning: isInProgress=false callback=io.flutter.embedding.android.FlutterActivity$1@a3b05e9
1788697220.995 10311 20915 20937 I Unique  : 2026-09-06 19:20:20.994 I GOOGLE GOOGLE_ENVIRONMENT gmsPresent=true gmsEnabled=true gmsVersionCode=263234035 gmsVersionName=26.32.34 (260400-968093310) vendingPresent=true gsfPresent=true customTabs=com.android.chrome hostGmsAvailable=true virtualGmsInstalled=false customTabsAvailable=true
1788697221.014 10311 20915 20935 I Unique  : 2026-09-06 19:20:21.013 I GOOGLE GOOGLE_ENVIRONMENT gmsPresent=true gmsEnabled=true gmsVersionCode=263234035 gmsVersionName=26.32.34 (260400-968093310) vendingPresent=true gsfPresent=true customTabs=com.android.chrome hostGmsAvailable=true virtualGmsInstalled=false customTabsAvailable=true
1788697221.015 10311 20915 20935 I Unique  : 2026-09-06 19:20:21.014 I GOOGLE GOOGLE_ROUTE package=com.axlebolt.standoff2 flow=SIGN_IN mode=UNSUPPORTED why=Google Play services works for this app, but sign-in does not: it identifies the app by package name and signing certificate, and inside UNIQUE the call arrives as UNIQUE. Google answers DEVELOPER_ERROR. Only in-space Google Play services can present the app's own identity.
1788697221.016 10311 20915 20935 I Unique  : 2026-09-06 19:20:21.015 I GOOGLE GOOGLE_ROUTE package=com.axlebolt.standoff2 flow=CREDENTIAL_MANAGER mode=HOST_BRIDGE why=Unverified: Sign in with Google issues a token for the app's server client, so the device's own Google Play services should be able to answer. Not yet confirmed against a real sample.
1788697221.016 10311 20915 20935 I Unique  : 2026-09-06 19:20:21.016 I GOOGLE GOOGLE_ROUTE package=com.axlebolt.standoff2 flow=ACCOUNT_MANAGER mode=HOST_BRIDGE why=Account access is bridged to the device's accounts; consent is shown as UNIQUE.
1788697221.017 10311 20915 20935 I Unique  : 2026-09-06 19:20:21.016 I GOOGLE GOOGLE_ROUTE package=com.axlebolt.standoff2 flow=FIREBASE_AUTH mode=HOST_BRIDGE why=Firebase Auth consumes a token from Sign in with Google, which the host bridge can provide.
1788697221.018 10311 20915 20935 I Unique  : 2026-09-06 19:20:21.018 I GOOGLE GOOGLE_ROUTE package=com.axlebolt.standoff2 flow=OAUTH_WEB mode=UNSUPPORTED why=The browser can be opened, but the redirect back to axlebolt:// cannot arrive: that scheme is declared by a package the device has not installed, so nothing resolves it. Use in-space Google Play services, or a sign-in the app can complete without leaving itself.
1788697221.020 10311 20915 20935 I Unique  : 2026-09-06 19:20:21.018 I GOOGLE GOOGLE_ROUTE package=com.axlebolt.standoff2 flow=FCM mode=HOST_BRIDGE why=Experimental: push registration is bridged through the host. Whether Google Play services accepts it varies by version; the result is recorded per device.
1788697221.021 10311 20915 20935 I Unique  : 2026-09-06 19:20:21.020 I GOOGLE GOOGLE_ROUTE package=com.axlebolt.standoff2 flow=PLAY_GAMES mode=UNSUPPORTED why=Not supported yet: Play Games checks an attested app identity, and UNIQUE has not been tested against it.
1788697222.190 10311 20915 20935 I Unique  : 2026-09-06 19:20:22.189 I STORAGE GUEST_OBB_IMPORT outcome=NOTHING_TO_IMPORT files=0 bytes=0 source=/storage/emulated/0/Android/obb/com.axlebolt.standoff2 package=com.axlebolt.standoff2 vuid=0
1788697222.191 10311 20915 20935 I Unique  : 2026-09-06 19:20:22.191 I PROCESS PROCESS_RELEASED slot=:vapp0 reason=process gone
1788697222.192 10311 20915 20935 I Unique  : 2026-09-06 19:20:22.192 I PROCESS PROCESS_ASSIGNED slot=:vapp0 vuid=0 process=com.axlebolt.standoff2
1788697222.240 10311 20915 20935 I Unique  : 2026-09-06 19:20:22.239 I LAUNCH LAUNCH_REQUESTED package=com.axlebolt.standoff2 vuid=0 activity=com.google.firebase.MessagingUnityPlayerActivity slot=:vapp0 launchMode=2
1788697222.319 10311 21865 21865 I om.unique:vapp0: Using generational CollectorTypeCMC GC.
1788697222.372 10311 21865 21865 I MessageMonitor: Load libmiui_runtime
1788697222.412 10311 21865 21865 D MiuiMonitorThread: Shared singleton Thread for stability monitor start
1788697222.444 10311 21865 21865 D ActivityThread: setEmbeddedParam packageName=com.unique processName=com.unique:vapp0 isEmbedded=false isIsolated=false
1788697222.447 10311 21865 21865 D ApplicationLoaders: Returning zygote-cached class loader: /system_ext/framework/androidx.window.extensions.jar
1788697222.447 10311 21865 21865 D ApplicationLoaders: Returning zygote-cached class loader: /system_ext/framework/androidx.window.sidecar.jar
1788697222.477 10311 21865 21865 I ActivityThread: TrafficStats init done
1788697222.482 10311 21865 21865 D ActivityThread: useGrowthLimitOutExpendMethod invoke error.
1788697222.494 10311 21865 21865 I MiuiForceDarkConfig: setConfig density:2.750000, mainRule:0, secondaryRule:0, tertiaryRule:0
1788697222.503 10311 21865 21865 I ActivityThread: Miui Feature Init done
1788697222.516 10311 21865 21865 I Unique  : 2026-09-06 19:20:22.512 I PROCESS PROCESS_START process=com.unique:vapp0 kind=VAPP sdk=35 abi=arm64-v8a,armeabi-v7a,armeabi
1788697222.516 10311 21865 21865 W om.unique:vapp0: Unsupported class loader: java.lang.Class<org.lsposed.hiddenapibypass.CoreOjClassLoader>
1788697222.584 10311 21865 21865 W om.unique:vapp0: Unsupported class loader: java.lang.Class<org.lsposed.hiddenapibypass.CoreOjClassLoader>
1788697222.584 10311 21865 21865 W om.unique:vapp0: Unsupported class loader: java.lang.Class<org.lsposed.hiddenapibypass.CoreOjClassLoader>
1788697222.590 10311 21865 21865 I Unique  : 2026-09-06 19:20:22.589 I HOOK HIDDEN_API_GRANTED via=HiddenApiBypass
1788697222.597 10311 21865 21865 I UniqueNative: libunique_native loaded (page size 4096)
1788697222.603 10311 21865 21865 I Unique  : 2026-09-06 19:20:22.602 I LAUNCH INTERCEPTOR_INSTALLED executeTransaction=159
1788697222.603 10311 21865 21865 I Unique  : 2026-09-06 19:20:22.603 I PROCESS VAPP_READY slot=0
1788697222.604 10311 21865 21865 I ResMonitorStub: Get RMS proxy takes 0 ms
1788697222.606 10311 21865 21865 I Unique  : 2026-09-06 19:20:22.605 I PROCESS STUB_PROVIDER_CREATED slot=0
1788697222.655 10311 21865 21865 I Unique  : 2026-09-06 19:20:22.655 I PROCESS PROCESS_RENAMED argv0=com.axlebolt.standoff2
1788697223.494 10311 21865 21865 I Unique  : 2026-09-06 19:20:23.493 I PROCESS PROFILE_BOUND profile=e492aa24-71e1-4873-8ded-6f73876fcfe1 androidId=26fd6dc8e336b2c7 generation=1
1788697223.495 10311 21865 21865 I Unique  : 2026-09-06 19:20:23.494 I PROCESS BUILD_OVERRIDES_APPLIED applied=1 requested=1
1788697223.496 10311 21865 21865 I Unique  : 2026-09-06 19:20:23.495 I LAUNCH PROFILE_BOUND profileId=e492aa24-71e1-4873-8ded-6f73876fcfe1 generation=1
1788697223.501 10311 21865 21865 I Unique  : 2026-09-06 19:20:23.500 I PROCESS PERMISSION_CACHE_DISABLED disabled=disablePackageNamePermissionCache,disablePermissionCache,disableApplicationInfoCache,disablePackageInfoCache,disableGetPackagesForUidCache failed=android.app.ActivityManager: no disable*Cache()
1788697223.512 10311 21865 21865 I Unique  : 2026-09-06 19:20:23.510 I PROCESS PERMISSIONS_BOUND package=com.axlebolt.standoff2 vuid=0 declared=28 restored=4 runtime=6 installTime=22 selfDefined=2
1788697223.525 10311 21865 21865 I Unique  : 2026-09-06 19:20:23.523 I HOOK SERVICE_HOOKED service=package cache=true singletons=1 managers=1 bound=permissionCheck,getActivityInfo,applicationEnabledSetting,getApplicationInfo,componentEnabledSetting,installedPackages,getInstallerPackageName,getNameForUid,getPackageUid,getPackageInfo,getPackagesForUid,getProviderInfo,getReceiverInfo,getServiceInfo,queryIntent,resolveContentProvider,resolveIntent matched=permissionCheck=checkPermission+checkUidPermission,getActivityInfo,applicationEnabledSetting=getApplicationEnabledSetting+setApplicationEnabledSetting,getApplicationInfo,componentEnabledSetting=getComponentEnabledSetting+setComponentEnabledSetting,installedPackages=getInstalledApplications+getInstalledPackages,getInstallerPackageName,getNameForUid,getPackageUid=getPackageGids+getPackageUid,getPack
1788697223.526 10311 21865 21865 I Unique  : 2026-09-06 19:20:23.525 I LAUNCH VPM_HOOK_INSTALLED package=com.axlebolt.standoff2 bound=permissionCheck,getActivityInfo,applicationEnabledSetting,getApplicationInfo,componentEnabledSetting,installedPackages,getInstallerPackageName,getNameForUid,getPackageUid,getPackageInfo,getPackagesForUid,getProviderInfo,getReceiverInfo,getServiceInfo,queryIntent,resolveContentProvider,resolveIntent
1788697223.544 10311 21865 21865 I Unique  : 2026-09-06 19:20:23.541 I HOOK SERVICE_HOOKED service=activity cache=true singletons=1 managers=0 bound=serviceDispatch,callerIdentity,permissionCheck,getContentProvider,intentSender,runningProcesses,registerReceiver,foregroundService matched=serviceDispatch=bindService+bindServiceInstance+peekService+publishService+startService+stopService+unbindFinished,callerIdentity=broadcastIntent+broadcastIntentWithFeature+getBindingUidProcessState+getContentProviderExternal+getHistoricalProcessExitReasons+getHistoricalProcessStartReasons+getPackageProcessState+getTagForIntentSender+getUidLastIdleElapsedTime+getUidProcessCapabilities+getUidProces
1788697223.546 10311 21865 21865 I Unique  : 2026-09-06 19:20:23.544 I LAUNCH VAM_HOOK_INSTALLED package=com.axlebolt.standoff2 host=com.unique methods=8 matched=serviceDispatch=bindService+bindServiceInstance+peekService+publishService+startService+stopService+unbindFinished,callerIdentity=broadcastIntent+broadcastIntentWithFeature+getBindingUidProcessState+getContentProviderExternal+getHistoricalProcessExitReasons+getHistoricalProcessStartReasons+getPackageProcessState+getTagForIntentSender+getUidLastIdleElapsedTime+getUidProcessCapabilities+getUidProcessState+grantUriPermission+isBackgroundRestricted+isUidActive+moveTaskToFront+revokeUriPermission+sendIntentSender+startActivity+startActivityAsUser+startActivityAsUserWithFeature+startActivityWithFeature,permissionCheck=checkPermission+checkPermissionForDevice,getContentProvider,intentSender=getIntentSender+getIntentSenderWithFeature,runningProcesses=getRunningAppProcesses+getServices,registerReceiver=registerReceiver+registerReceiverWithFeature,foregroundService=setServiceForeground
1788697223.552 10311 21865 21865 I Unique  : 2026-09-06 19:20:23.551 I HOOK SERVICE_HOOKED service=activity_task cache=true singletons=1 managers=0 bound=activityStart matched=activityStart=startActivities+startActivity+startActivityAndWait+startActivityAsCaller+startActivityAsUser+startActivityFromGameSession+startActivityIntentSender+startActivityWithConfig
1788697223.554 10311 21865 21865 I Unique  : 2026-09-06 19:20:23.553 I LAUNCH ATM_HOOK_INSTALLED package=com.axlebolt.standoff2 host=com.unique matched=activityStart=startActivities+startActivity+startActivityAndWait+startActivityAsCaller+startActivityAsUser+startActivityFromGameSession+startActivityIntentSender+startActivityWithConfig
1788697223.557 10311 21865 21865 I Unique  : 2026-09-06 19:20:23.556 I HOOK SERVICE_HOOKED service=permissionmgr cache=true singletons=1 managers=1 bound=shouldShowRequestPermissionRationale matched=shouldShowRequestPermissionRationale
1788697223.558 10311 21865 21865 I Unique  : 2026-09-06 19:20:23.557 I HOOK PERMISSION_MANAGER_HOOKED matched=shouldShowRequestPermissionRationale
1788697223.564 10311 21865 21865 I Unique  : 2026-09-06 19:20:23.561 I HOOK SERVICE_HOOKED service=appops cache=true singletons=0 managers=2 bound=appOpIdentity matched=appOpIdentity=checkAudioOperation+checkOperation+checkOperationForDevice+checkOperationRaw+checkOperationRawForDevice+checkPackage+collectNoteOpCallsForValidation+extractAsyncOps+finishOperation+finishOperationForDevice+getHistoricalOps+getHistoricalOpsFromDiskRaw+getOpsForPackage+getPackagesForOpsForDevice+isOperationActive+isProxying+noteOperation+noteOperationForDevice+noteProxyOperation+notePr
1788697223.567 10311 21865 21865 I Unique  : 2026-09-06 19:20:23.564 I HOOK APPOPS_HOOKED package=com.axlebolt.standoff2 host=com.unique matched=appOpIdentity=checkAudioOperation+checkOperation+checkOperationForDevice+checkOperationRaw+checkOperationRawForDevice+checkPackage+collectNoteOpCallsForValidation+extractAsyncOps+finishOperation+finishOperationForDevice+getHistoricalOps+getHistoricalOpsFromDiskRaw+getOpsForPackage+getPackagesForOpsForDevice+isOperationActive+isProxying+noteOperation+noteOperationForDevice+noteProxyOperation+notePr
1788697223.573 10311 21865 21865 I Unique  : 2026-09-06 19:20:23.572 I PROCESS SETTINGS_CACHES_PRIMED wrappedByHand=0 alreadyWrapped=3 empty=1
1788697223.574 10311 21865 21865 I Unique  : 2026-09-06 19:20:23.573 I PROCESS PROVIDER_CACHES_EVICTED activityThreadProviders=2 providerRefCounts=1 settingsCaches=4 settingsWrapped=3 hostSource=com.unique hostSourceUid=10311
1788697223.585 10311 21865 21865 I Unique  : 2026-09-06 19:20:23.582 I LAUNCH GOOGLE_STACK_HIDDEN hidden=true reason=AUTO_HIDDEN_AFTER_CRASH detail=this instance died of "Unknown calling package name" once; Play services is hidden from it so its SDK takes the path it has for a phone without one packages=com.google.android.gms,com.google.android.gsf
1788697223.587 10311 21865 21865 I Unique  : 2026-09-06 19:20:23.586 I PROCESS NETWORK_SECURITY_INSTALLED package=com.axlebolt.standoff2 configRes=0 targetSdk=36
1788697223.587 10311 21865 21865 I UniqueNative: redirect table set: 8 rule(s)
1788697223.589 10311 21865 21865 I UniqueNative: io_redirect: 2 exclusion(s) set
1788697223.590 10311 21865 21865 I UniqueNative: io_redirect installed: 0 slot(s) in 0/389 libraries (0 excluded, 0 total), 8 rule(s), page size 4096
1788697223.590 10311 21865 21865 W UniqueNative: io_redirect: filter did not match: /data/user/0/com.unique/files/virtual/apk/com.axlebolt.standoff2/203908/lib/arm64-v8a
1788697223.590 10311 21865 21865 W UniqueNative: io_redirect: filter did not match: /data/data/com.unique/files/virtual/apk/com.axlebolt.standoff2/203908/lib/arm64-v8a
1788697223.590 10311 21865 21865 W UniqueNative: io_redirect: filter did not match: /data/user/0/com.unique/files/virtual/apk/com.axlebolt.standoff2/203908
1788697223.590 10311 21865 21865 W UniqueNative: io_redirect: filter did not match: /data/data/com.unique/files/virtual/apk/com.axlebolt.standoff2/203908
1788697223.590 10311 21865 21865 W UniqueNative: io_redirect: app-private library seen: /data/misc/apexdata/com.android.art/dalvik-cache/arm64/boot.oat
1788697223.590 10311 21865 21865 W UniqueNative: io_redirect: app-private library seen: /data/misc/apexdata/com.android.art/dalvik-cache/arm64/boot-framework-adservices.oat
1788697223.590 10311 21865 21865 W UniqueNative: io_redirect: app-private library seen: /data/app/~~CoUHsKCRsYdpp67Um5HWkw==/com.unique-fIAs6w0Pm5EDqt_WqssjCA==/oat/arm64/base.odex
1788697223.590 10311 21865 21865 W UniqueNative: io_redirect: app-private library seen: /data/app/~~CoUHsKCRsYdpp67Um5HWkw==/com.unique-fIAs6w0Pm5EDqt_WqssjCA==/base.apk!/lib/arm64-v8a/libunique_native.so
1788697223.593 10311 21865 21865 I UniqueNative: io_redirect: library-load watch installed (3 slot(s) in 2 libraries)
1788697223.593 10311 21865 21865 W UniqueNative: io_redirect: watch saw but did not match: /data/misc/apexdata/com.android.art/dalvik-cache/arm64/boot.oat
1788697223.593 10311 21865 21865 W UniqueNative: io_redirect: watch saw but did not match: /data/misc/apexdata/com.android.art/dalvik-cache/arm64/boot-framework-adservices.oat
1788697223.593 10311 21865 21865 W UniqueNative: io_redirect: watch saw but did not match: /data/app/~~CoUHsKCRsYdpp67Um5HWkw==/com.unique-fIAs6w0Pm5EDqt_WqssjCA==/oat/arm64/base.odex
1788697223.593 10311 21865 21865 W UniqueNative: io_redirect: watch saw but did not match: /data/app/~~CoUHsKCRsYdpp67Um5HWkw==/com.unique-fIAs6w0Pm5EDqt_WqssjCA==/base.apk!/lib/arm64-v8a/libunique_native.so
1788697223.594 10311 21865 21865 I Unique  : 2026-09-06 19:20:23.593 I NATIVE IO_REDIRECT_INSTALLED status=NOTHING_TO_HOOK watch=OK rules=8 slots=0 scope=/data/user/0/com.unique/files/virtual/apk/com.axlebolt.standoff2/203908/lib/arm64-v8a,/data/data/com.unique/files/virtual/apk/com.axlebolt.standoff2/203908/lib/arm64-v8a,/data/user/0/com.unique/files/ excluded=libgrave.so,libunique_native.so
1788697223.595 10311 21865 21865 I Unique  : 2026-09-06 19:20:23.594 I WEBVIEW WEBVIEW_DATA_DIR_SUFFIX suffix=vapp0 slot=0
1788697223.602 10311 21865 21865 I UniqueNative: crash: recording 6 signal(s) to /data/user/0/com.unique/files/virtual/runtime/diagnostics/0/com.axlebolt.standoff2/native-crash-21865.properties
1788697223.604 10311 21865 21865 I Unique  : 2026-09-06 19:20:23.602 I NATIVE NATIVE_CRASH_HANDLER status=OK file=/data/user/0/com.unique/files/virtual/runtime/diagnostics/0/com.axlebolt.standoff2/native-crash-21865.properties
1788697223.608 10311 21865 21865 I Unique  : 2026-09-06 19:20:23.607 I PROCESS COMPONENT_STATE_RESTORED package=com.axlebolt.standoff2 vuid=0 entries=1
1788697223.610 10311 21865 21865 I Unique  : 2026-09-06 19:20:23.609 I STORAGE EXTERNAL_STORAGE_REDIRECTED package=com.axlebolt.standoff2 vuid=0 root=/data/user/0/com.unique/files/virtual/users/0/sdcard
1788697223.613 10311 21865 21865 I Unique  : 2026-09-06 19:20:23.611 I HOOK SERVICE_HOOKED service=alarm cache=true singletons=0 managers=0 bound=callerPackage matched=callerPackage=canScheduleExactAlarms+cancelPoweroffAlarm+hasScheduleExactAlarm+removeAll+set+setTimeZone
1788697223.614 10311 21865 21865 I Unique  : 2026-09-06 19:20:23.614 I HOOK IDENTITY_HOOK_INSTALLED service=alarm package=com.axlebolt.standoff2 matched=callerPackage=canScheduleExactAlarms+cancelPoweroffAlarm+hasScheduleExactAlarm+removeAll+set+setTimeZone
1788697223.618 10311 21865 21865 I Unique  : 2026-09-06 19:20:23.617 I HOOK SERVICE_HOOKED service=clipboard cache=true singletons=0 managers=0 bound=callerPackage matched=callerPackage=addPrimaryClipChangedListener+clearPrimaryClip+getPrimaryClip+getPrimaryClipDescription+getPrimaryClipSource+getUserPrimaryClip+hasClipboardText+hasPrimaryClip+removePrimaryClipChangedListener+setPrimaryClip+setPrimaryClipAsPackage
1788697223.619 10311 21865 21865 I Unique  : 2026-09-06 19:20:23.618 I HOOK IDENTITY_HOOK_INSTALLED service=clipboard package=com.axlebolt.standoff2 matched=callerPackage=addPrimaryClipChangedListener+clearPrimaryClip+getPrimaryClip+getPrimaryClipDescription+getPrimaryClipSource+getUserPrimaryClip+hasClipboardText+hasPrimaryClip+removePrimaryClipChangedListener+setPrimaryClip+setPrimaryClipAsPackage
1788697223.622 10311 21865 21865 I Unique  : 2026-09-06 19:20:23.620 I HOOK SERVICE_HOOKED service=restrictions cache=true singletons=0 managers=0 bound=callerPackage matched=callerPackage=getApplicationRestrictions+getApplicationRestrictionsPerAdminForUser+notifyPermissionResponse+requestPermission
1788697223.622 10311 21865 21865 I Unique  : 2026-09-06 19:20:23.622 I HOOK IDENTITY_HOOK_INSTALLED service=restrictions package=com.axlebolt.standoff2 matched=callerPackage=getApplicationRestrictions+getApplicationRestrictionsPerAdminForUser+notifyPermissionResponse+requestPermission
1788697223.628 10311 21865 21865 I Unique  : 2026-09-06 19:20:23.626 I HOOK SERVICE_HOOKED service=locale cache=true singletons=0 managers=0 bound=callerPackage,setApplicationLocales matched=callerPackage=getApplicationLocales+getOverrideLocaleConfig+setOverrideLocaleConfig,setApplicationLocales
1788697223.629 10311 21865 21865 I Unique  : 2026-09-06 19:20:23.628 I HOOK IDENTITY_HOOK_INSTALLED service=locale package=com.axlebolt.standoff2 matched=callerPackage=getApplicationLocales+getOverrideLocaleConfig+setOverrideLocaleConfig,setApplicationLocales
1788697223.632 10311 21865 21865 I Unique  : 2026-09-06 19:20:23.631 I HOOK SERVICE_HOOKED service=connectivity cache=true singletons=0 managers=0 bound=callerPackage matched=callerPackage=getDefaultNetworkCapabilitiesForUser+getLastTetherError+getNetworkCapabilities+getRedactedLinkPropertiesForPackage+getRedactedNetworkCapabilitiesForPackage+isConnectivityServiceFeatureEnabledForTesting+listenForNetwork+pendingListenForNetwork+pendingRequestForNetwork+registerConnectivityDiagnosticsCallback+registerNetworkProvider+requestNetwork+requestRouteToHostAddress+setProvisioni
1788697223.633 10311 21865 21865 I Unique  : 2026-09-06 19:20:23.632 I HOOK IDENTITY_HOOK_INSTALLED service=connectivity package=com.axlebolt.standoff2 matched=callerPackage=getDefaultNetworkCapabilitiesForUser+getLastTetherError+getNetworkCapabilities+getRedactedLinkPropertiesForPackage+getRedactedNetworkCapabilitiesForPackage+isConnectivityServiceFeatureEnabledForTesting+listenForNetwork+pendingListenForNetwork+pendingRequestForNetwork+registerConnectivi
1788697223.635 10311 21865 21865 I Unique  : 2026-09-06 19:20:23.635 I HOOK SERVICE_HOOKED service=power cache=true singletons=0 managers=0 bound=callerPackage matched=callerPackage=acquireWakeLock+acquireWakeLockAsync+acquireWakeLockWithUid+crash+isAmbientDisplaySuppressedForToken+isAmbientDisplaySuppressedForTokenByApp+isFeatureAllowedInLowPowerStandby+reboot+shutdown+suppressAmbientDisplay+updateWakeLockWorkSource+wakeUp
1788697223.636 10311 21865 21865 I Unique  : 2026-09-06 19:20:23.636 I HOOK IDENTITY_HOOK_INSTALLED service=power package=com.axlebolt.standoff2 matched=callerPackage=acquireWakeLock+acquireWakeLockAsync+acquireWakeLockWithUid+crash+isAmbientDisplaySuppressedForToken+isAmbientDisplaySuppressedForTokenByApp+isFeatureAllowedInLowPowerStandby+reboot+shutdown+suppressAmbientDisplay+updateWakeLockWorkSource+wakeUp
1788697223.643 10311 21865 21865 I Unique  : 2026-09-06 19:20:23.642 I HOOK SERVICE_HOOKED service=wifi cache=true singletons=0 managers=0 bound=callerPackage matched=callerPackage=acquireMulticastLock+acquireWifiLock+addLocalOnlyConnectionStatusListener+addNetworkSuggestions+addOrUpdateNetwork+addOrUpdateNetworkPrivileged+addOrUpdatePasspointConfiguration+addQosPolicies+addSuggestionUserApprovalStatusListener+allowAutojoinGlobal+allowAutojoinPasspoint+connect+disableEphemeralNetwork+disableNetwork+disconnect+enableNetwork+enableTdls+enableTdlsWithMacAddress+en
1788697223.644 10311 21865 21865 I Unique  : 2026-09-06 19:20:23.643 I HOOK IDENTITY_HOOK_INSTALLED service=wifi package=com.axlebolt.standoff2 matched=callerPackage=acquireMulticastLock+acquireWifiLock+addLocalOnlyConnectionStatusListener+addNetworkSuggestions+addOrUpdateNetwork+addOrUpdateNetworkPrivileged+addOrUpdatePasspointConfiguration+addQosPolicies+addSuggestionUserApprovalStatusListener+allowAutojoinGlobal+allowAutojoinPasspoint+connect+di
1788697223.648 10311 21865 21865 I Unique  : 2026-09-06 19:20:23.647 I HOOK SERVICE_HOOKED service=location cache=true singletons=0 managers=0 bound=callerPackage matched=callerPackage=addGnssAntennaInfoListener+addGnssMeasurementsListener+addGnssNavigationMessageListener+addTestProvider+getCurrentLocation+getLastLocation+getProviderPackages+getProviderProperties+hasProvider+isProviderEnabledForUser+isProviderPackage+registerGnssNmeaCallback+registerGnssStatusCallback+registerLocationListener+registerLocationPendingIntent+removeTestProvider+requestGeofence+requestL
1788697223.649 10311 21865 21865 I Unique  : 2026-09-06 19:20:23.648 I HOOK IDENTITY_HOOK_INSTALLED service=location package=com.axlebolt.standoff2 matched=callerPackage=addGnssAntennaInfoListener+addGnssMeasurementsListener+addGnssNavigationMessageListener+addTestProvider+getCurrentLocation+getLastLocation+getProviderPackages+getProviderProperties+hasProvider+isProviderEnabledForUser+isProviderPackage+registerGnssNmeaCallback+registerGnssStatusCallbac
1788697223.657 10311 21865 21865 I Unique  : 2026-09-06 19:20:23.656 I HOOK SERVICE_HOOKED service=audio cache=true singletons=0 managers=0 bound=callerPackage matched=callerPackage=abandonAudioFocus+abandonAudioFocusForTest+adjustStreamVolume+adjustStreamVolumeForUid+adjustStreamVolumeWithAttribution+adjustSuggestedStreamVolumeForUid+adjustVolumeGroupVolume+cacheParameters+disableSafeMediaVolume+getBluetoothAudioDeviceCategory+getBluetoothAudioDeviceCategory_legacy+getCacheParameters+getDeviceVolume+getNotificationUri+getPlayerVolume+handleVolumeKey+isBluetooth
1788697223.661 10311 21865 21865 I Unique  : 2026-09-06 19:20:23.657 I HOOK IDENTITY_HOOK_INSTALLED service=audio package=com.axlebolt.standoff2 matched=callerPackage=abandonAudioFocus+abandonAudioFocusForTest+adjustStreamVolume+adjustStreamVolumeForUid+adjustStreamVolumeWithAttribution+adjustSuggestedStreamVolumeForUid+adjustVolumeGroupVolume+cacheParameters+disableSafeMediaVolume+getBluetoothAudioDeviceCategory+getBluetoothAudioDeviceCategory_lega
1788697223.666 10311 21865 21865 I Unique  : 2026-09-06 19:20:23.664 I HOOK SERVICE_HOOKED service=vibrator_manager cache=true singletons=0 managers=0 bound=callerPackage matched=callerPackage=performHapticFeedback+setAlwaysOnEffect+vibrate
1788697223.666 10311 21865 21865 I Unique  : 2026-09-06 19:20:23.666 I HOOK IDENTITY_HOOK_INSTALLED service=vibrator_manager package=com.axlebolt.standoff2 matched=callerPackage=performHapticFeedback+setAlwaysOnEffect+vibrate
1788697223.673 10311 21865 21865 I Unique  : 2026-09-06 19:20:23.671 I HOOK SERVICE_HOOKED service=usagestats cache=true singletons=0 managers=0 bound=callerPackage matched=callerPackage=clearBroadcastEvents+clearBroadcastResponseStats+getAppMinStandbyBucket+getAppStandbyBucket+getAppStandbyBuckets+getAppStandbyConstant+getLastTimeAnyComponentUsed+isAppInactive+isPackageExemptedFromBroadcastResponseStats+queryBroadcastResponseStats+queryConfigurationStats+queryEventStats+queryEvents+queryEventsForPackage+queryEventsForPackageForUser+queryEventsForUser+queryEventsWith
1788697223.674 10311 21865 21865 I Unique  : 2026-09-06 19:20:23.674 I HOOK IDENTITY_HOOK_INSTALLED service=usagestats package=com.axlebolt.standoff2 matched=callerPackage=clearBroadcastEvents+clearBroadcastResponseStats+getAppMinStandbyBucket+getAppStandbyBucket+getAppStandbyBuckets+getAppStandbyConstant+getLastTimeAnyComponentUsed+isAppInactive+isPackageExemptedFromBroadcastResponseStats+queryBroadcastResponseStats+queryConfigurationStats+queryEventSta
1788697223.678 10311 21865 21865 I Unique  : 2026-09-06 19:20:23.677 I HOOK SERVICE_HOOKED service=netstats cache=true singletons=0 managers=0 bound=callerPackage matched=callerPackage=getIfaceStats+notifyNetworkStatus+openSessionForUsageStats+registerNetworkStatsProvider+registerUsageCallback+setStatsProviderWarningAndLimitAsync
1788697223.679 10311 21865 21865 I Unique  : 2026-09-06 19:20:23.678 I HOOK IDENTITY_HOOK_INSTALLED service=netstats package=com.axlebolt.standoff2 matched=callerPackage=getIfaceStats+notifyNetworkStatus+openSessionForUsageStats+registerNetworkStatsProvider+registerUsageCallback+setStatsProviderWarningAndLimitAsync
1788697223.681 10311 21865 21865 I Unique  : 2026-09-06 19:20:23.680 I HOOK SERVICE_HOOKED service=content cache=true singletons=0 managers=0 bound=callerPackage matched=callerPackage=addPeriodicSync+cancelSync+cancelSyncAsUser+getCache+getIsSyncable+getIsSyncableAsUser+getPeriodicSyncs+getSyncAdapterPackageAsUser+getSyncAdapterPackagesForAuthorityAsUser+getSyncAutomatically+getSyncAutomaticallyAsUser+getSyncStatus+getSyncStatusAsUser+isSyncActive+isSyncPending+isSyncPendingAsUser+notifyChange+onDbCorruption+putCache+removePeriodicSync+requestSync+setIsSyncable+se
1788697223.682 10311 21865 21865 I Unique  : 2026-09-06 19:20:23.682 I HOOK IDENTITY_HOOK_INSTALLED service=content package=com.axlebolt.standoff2 matched=callerPackage=addPeriodicSync+cancelSync+cancelSyncAsUser+getCache+getIsSyncable+getIsSyncableAsUser+getPeriodicSyncs+getSyncAdapterPackageAsUser+getSyncAdapterPackagesForAuthorityAsUser+getSyncAutomatically+getSyncAutomaticallyAsUser+getSyncStatus+getSyncStatusAsUser+isSyncActive+isSyncPending+isSy
1788697223.685 10311 21865 21865 I Unique  : 2026-09-06 19:20:23.684 I HOOK SERVICE_HOOKED service=shortcut cache=true singletons=0 managers=0 bound=shortcutPublish,callerPackage matched=shortcutPublish=addDynamicShortcuts+createShortcutResultIntent+pushDynamicShortcut+requestPinShortcut+setDynamicShortcuts+updateShortcuts,callerPackage=disableShortcuts+enableShortcuts+getIconMaxDimensions+getMaxShortcutCountPerActivity+getRateLimitResetTime+getRemainingCallCount+getShareTargets+getShortcuts+hasShareTargets+onApplicationActive+removeAllDynamicShortcuts+removeDynamicShortcuts+remov
1788697223.686 10311 21865 21865 I Unique  : 2026-09-06 19:20:23.685 I HOOK IDENTITY_HOOK_INSTALLED service=shortcut package=com.axlebolt.standoff2 matched=shortcutPublish=addDynamicShortcuts+createShortcutResultIntent+pushDynamicShortcut+requestPinShortcut+setDynamicShortcuts+updateShortcuts,callerPackage=disableShortcuts+enableShortcuts+getIconMaxDimensions+getMaxShortcutCountPerActivity+getRateLimitResetTime+getRemainingCallCount+getShareTargets+get
1788697223.689 10311 21865 21885 W PackageParsing: Ignoring duplicate uses-permissions/uses-permissions-sdk-m: android.permission.INTERNET in package: com.axlebolt.standoff2 at: Binary XML file line #21
1788697223.689 10311 21865 21865 I Unique  : 2026-09-06 19:20:23.688 I HOOK SERVICE_HOOKED service=mount cache=true singletons=0 managers=0 bound=callerPackage,volumeList matched=callerPackage=abortChanges+allocateBytes+benchmark+destroyUserStorage+disableAppDataIsolation+fixupAppDir+fixupAppDirRecursive+fixupSysfsFile+forgetVolume+format+getAllocatableBytes+getCacheQuotaBytes+getCacheSizeBytes+getExternalStorageMountMode+getManageSpaceActivityIntent+getMountedObbPath+isAppIoBlocked+isObbMounted+mkdirs+mount+mountObb+moveStorageQuickly+notifyAppIoBlocked+notifyAppIoResumed
1788697223.690 10311 21865 21865 I Unique  : 2026-09-06 19:20:23.690 I HOOK IDENTITY_HOOK_INSTALLED service=mount package=com.axlebolt.standoff2 matched=callerPackage=abortChanges+allocateBytes+benchmark+destroyUserStorage+disableAppDataIsolation+fixupAppDir+fixupAppDirRecursive+fixupSysfsFile+forgetVolume+format+getAllocatableBytes+getCacheQuotaBytes+getCacheSizeBytes+getExternalStorageMountMode+getManageSpaceActivityIntent+getMountedObbPath+isAppI
1788697223.693 10311 21865 21865 I Unique  : 2026-09-06 19:20:23.692 I HOOK SERVICE_HOOKED service=account cache=true singletons=0 managers=0 bound=callerPackage matched=callerPackage=addAccount+addAccountAsUser+addAccountExplicitly+addAccountExplicitlyWithVisibility+addSharedAccountsFromParentUser+createRequestAccountAccessIntentSenderAsUser+editProperties+getAccountByTypeAndFeatures+getAccountVisibility+getAccountsAndVisibilityForPackage+getAccountsAsUser+getAccountsByFeatures+getAccountsByTypeForPackage+getAccountsForPackage+getAuthToken+getAuthTokenLabel+getUs
1788697223.694 10311 21865 21865 I Unique  : 2026-09-06 19:20:23.693 I HOOK IDENTITY_HOOK_INSTALLED service=account package=com.axlebolt.standoff2 matched=callerPackage=addAccount+addAccountAsUser+addAccountExplicitly+addAccountExplicitlyWithVisibility+addSharedAccountsFromParentUser+createRequestAccountAccessIntentSenderAsUser+editProperties+getAccountByTypeAndFeatures+getAccountVisibility+getAccountsAndVisibilityForPackage+getAccountsAsUser+getAccou
1788697223.704 10311 21865 21865 I Unique  : 2026-09-06 19:20:23.703 I HOOK SERVICE_HOOKED service=phone cache=true singletons=0 managers=0 bound=callerPackage matched=callerPackage=call+canChangeDtmfToneLength+changeIccLockPassword+checkCarrierPrivilegesForPackage+checkCarrierPrivilegesForPackageAnyPhone+clearSignalStrengthUpdateRequest+deprovisionSatelliteService+dial+disableDataConnectivity+disableVisualVoicemailSmsFilter+doesSwitchMultiSimConfigTriggerReboot+enableDataConnectivity+enableVisualVoicemailSmsFilter+enqueueSmsPickResult+factoryReset+getAllCellInf
1788697223.708 10311 21865 21865 I Unique  : 2026-09-06 19:20:23.704 I HOOK IDENTITY_HOOK_INSTALLED service=phone package=com.axlebolt.standoff2 matched=callerPackage=call+canChangeDtmfToneLength+changeIccLockPassword+checkCarrierPrivilegesForPackage+checkCarrierPrivilegesForPackageAnyPhone+clearSignalStrengthUpdateRequest+deprovisionSatelliteService+dial+disableDataConnectivity+disableVisualVoicemailSmsFilter+doesSwitchMultiSimConfigTriggerReboot+e
1788697223.718 10311 21865 21865 I Unique  : 2026-09-06 19:20:23.717 I HOOK SERVICE_HOOKED service=device_policy cache=true singletons=0 managers=0 bound=callerPackage matched=callerPackage=addCrossProfileIntentFilter+addCrossProfileWidgetProvider+addPersistentPreferredActivity+approveCaCert+checkDeviceIdentifierAccess+checkProvisioningPrecondition+choosePrivateKeyAlias+clearApplicationUserData+clearCrossProfileIntentFilters+clearDeviceOwner+clearPackagePersistentPreferredActivities+clearResetPasswordToken+createAdminSupportIntent+createAndManageUser+createAndProvisionM
1788697223.719 10311 21865 21865 I Unique  : 2026-09-06 19:20:23.718 I HOOK IDENTITY_HOOK_INSTALLED service=device_policy package=com.axlebolt.standoff2 matched=callerPackage=addCrossProfileIntentFilter+addCrossProfileWidgetProvider+addPersistentPreferredActivity+approveCaCert+checkDeviceIdentifierAccess+checkProvisioningPrecondition+choosePrivateKeyAlias+clearApplicationUserData+clearCrossProfileIntentFilters+clearDeviceOwner+clearPackagePersistentPreferre
1788697223.725 10311 21865 21865 I Unique  : 2026-09-06 19:20:23.724 I HOOK SERVICE_HOOKED service=media.camera cache=true singletons=0 managers=0 bound=callerPackage matched=callerPackage=connect+connectDevice+createDefaultRequest+getCameraCharacteristics+getSessionCharacteristics+getTorchStrengthLevel+injectCamera+injectSessionParams+isHiddenPhysicalCamera+isSessionConfigurationWithParametersSupported+setTorchMode+supportsCameraApi+turnOnTorchWithStrengthLevel
1788697223.726 10311 21865 21865 I Unique  : 2026-09-06 19:20:23.725 I HOOK IDENTITY_HOOK_INSTALLED service=media.camera package=com.axlebolt.standoff2 matched=callerPackage=connect+connectDevice+createDefaultRequest+getCameraCharacteristics+getSessionCharacteristics+getTorchStrengthLevel+injectCamera+injectSessionParams+isHiddenPhysicalCamera+isSessionConfigurationWithParametersSupported+setTorchMode+supportsCameraApi+turnOnTorchWithStrengthLevel
1788697223.738 10311 21865 21865 I Unique  : 2026-09-06 19:20:23.736 I HOOK SERVICE_HOOKED service=telecom cache=true singletons=0 managers=0 bound=callerPackage matched=callerPackage=acceptHandover+acceptRingingCall+acceptRingingCallWithVideoState+addCall+addNewIncomingCall+addNewIncomingConference+addOrRemoveTestCallCompanionApp+cancelMissedCallsNotification+clearAccounts+createLaunchEmergencyDialerIntent+createManageBlockedNumbersIntent+endCall+getAdnUriForPhoneAccount+getCallCapablePhoneAccounts+getCallStateUsingPackage+getCurrentTtyMode+getDefaultDialerPackag
1788697223.738 10311 21865 21865 I Unique  : 2026-09-06 19:20:23.738 I HOOK IDENTITY_HOOK_INSTALLED service=telecom package=com.axlebolt.standoff2 matched=callerPackage=acceptHandover+acceptRingingCall+acceptRingingCallWithVideoState+addCall+addNewIncomingCall+addNewIncomingConference+addOrRemoveTestCallCompanionApp+cancelMissedCallsNotification+clearAccounts+createLaunchEmergencyDialerIntent+createManageBlockedNumbersIntent+endCall+getAdnUriForPhoneA
1788697223.745 10311 21865 21865 I Unique  : 2026-09-06 19:20:23.743 I HOOK SERVICE_HOOKED service=media_router cache=true singletons=0 managers=0 bound=callerPackage matched=callerPackage=deselectRouteWithManager+deselectRouteWithRouter2+getSystemRoutes+getSystemSessionInfoForPackage+registerClientAsUser+registerClientGroupId+registerManager+registerProxyRouter+registerRouter2+releaseSessionWithManager+releaseSessionWithRouter2+requestCreateSessionWithManager+requestSetVolume+requestUpdateVolume+selectRouteWithManager+selectRouteWithRouter2+setSelectedRoute+setSession
1788697223.746 10311 21865 21865 I Unique  : 2026-09-06 19:20:23.745 I HOOK IDENTITY_HOOK_INSTALLED service=media_router package=com.axlebolt.standoff2 matched=callerPackage=deselectRouteWithManager+deselectRouteWithRouter2+getSystemRoutes+getSystemSessionInfoForPackage+registerClientAsUser+registerClientGroupId+registerManager+registerProxyRouter+registerRouter2+releaseSessionWithManager+releaseSessionWithRouter2+requestCreateSessionWithManager+requestSet
1788697223.753 10311 21865 21865 I Unique  : 2026-09-06 19:20:23.751 I HOOK SERVICE_HOOKED service=media_session cache=true singletons=0 managers=0 bound=callerPackage matched=callerPackage=addOnMediaKeyEventSessionChangedListener+createSession+dispatchAdjustVolume+dispatchMediaKeyEvent+dispatchMediaKeyEventToSessionAsSystemService+dispatchVolumeKeyEvent+dispatchVolumeKeyEventToSessionAsSystemService+getMediaKeyEventSession+getMediaKeyEventSessionPackageName+hasCustomMediaKeyDispatcher+hasCustomMediaSessionPolicyProvider+isTrusted+setCustomMediaKeyDispatcher+setCustomMe
1788697223.754 10311 21865 21865 I Unique  : 2026-09-06 19:20:23.753 I HOOK IDENTITY_HOOK_INSTALLED service=media_session package=com.axlebolt.standoff2 matched=callerPackage=addOnMediaKeyEventSessionChangedListener+createSession+dispatchAdjustVolume+dispatchMediaKeyEvent+dispatchMediaKeyEventToSessionAsSystemService+dispatchVolumeKeyEvent+dispatchVolumeKeyEventToSessionAsSystemService+getMediaKeyEventSession+getMediaKeyEventSessionPackageName+hasCustomMedi
1788697223.757 10311 21865 21865 I Unique  : 2026-09-06 19:20:23.756 I HOOK SERVICE_HOOKED service=appwidget cache=true singletons=0 managers=0 bound=callerPackage,appWidgetIdentity matched=callerPackage=allocateAppWidgetId+bindRemoteViewsService+createAppWidgetConfigIntentSender+deleteAppWidgetId+deleteHost+getAppWidgetIdsForHost+getAppWidgetInfo+getAppWidgetOfHost+getAppWidgetOptions+getAppWidgetViews+getInstalledProvidersForProfile+hasBindAppWidgetPermission+isBoundWidgetPackage+noteAppWidgetTapped+notifyAppWidgetViewDataChanged+partiallyUpdateAppWidgetIds+setAppWidgetHidden+setBi
1788697223.758 10311 21865 21865 I Unique  : 2026-09-06 19:20:23.757 I HOOK IDENTITY_HOOK_INSTALLED service=appwidget package=com.axlebolt.standoff2 matched=callerPackage=allocateAppWidgetId+bindRemoteViewsService+createAppWidgetConfigIntentSender+deleteAppWidgetId+deleteHost+getAppWidgetIdsForHost+getAppWidgetInfo+getAppWidgetOfHost+getAppWidgetOptions+getAppWidgetViews+getInstalledProvidersForProfile+hasBindAppWidgetPermission+isBoundWidgetPackage+not
1788697223.762 10311 21865 21865 I Unique  : 2026-09-06 19:20:23.760 I HOOK SERVICE_HOOKED service=input_method cache=true singletons=1 managers=0 bound=callerPackage,editorIdentity matched=callerPackage=acceptStylusHandwritingDelegation+acceptStylusHandwritingDelegationAsync+getEnabledInputMethodSubtypeList+prepareStylusHandwritingDelegation+setAdditionalInputMethodSubtypes+setExplicitlyEnabledInputMethodSubtypes+startConnectionlessStylusHandwriting+startProtoDump,editorIdentity=startInputOrWindowGainedFocus+startInputOrWindowGainedFocusAsync
1788697223.763 10311 21865 21865 I Unique  : 2026-09-06 19:20:23.762 I HOOK IDENTITY_HOOK_INSTALLED service=input_method package=com.axlebolt.standoff2 matched=callerPackage=acceptStylusHandwritingDelegation+acceptStylusHandwritingDelegationAsync+getEnabledInputMethodSubtypeList+prepareStylusHandwritingDelegation+setAdditionalInputMethodSubtypes+setExplicitlyEnabledInputMethodSubtypes+startConnectionlessStylusHandwriting+startProtoDump,editorIdentity=start
1788697223.764 10311 21865 21865 I Unique  : 2026-09-06 19:20:23.763 I HOOK IDENTITY_HOOKS_INSTALLED package=com.axlebolt.standoff2 installed=alarm,clipboard,restrictions,locale,connectivity,power,wifi,location,audio,vibrator_manager,usagestats,netstats,content,shortcut,mount,account,phone,device_policy,media.camera,telecom,media_router,media_session,appwidget,input_method skipped=
1788697223.765 10311 21865 21865 W Unique  : 2026-09-06 19:20:23.765 W PROCESS ALARM_EXACT_UNAVAILABLE detail=UNIQUE does not hold SCHEDULE_EXACT_ALARM; a guest asking for an exact alarm will get the platform's SecurityException
1788697223.768 10311 21865 21865 I Unique  : 2026-09-06 19:20:23.767 I HOOK SERVICE_HOOKED service=jobscheduler cache=true singletons=0 managers=0 bound=jobById,scheduleJob,pendingJobs matched=jobById=cancel+getPendingJob+getPendingJobReason,scheduleJob=enqueue+schedule+scheduleAsPackage,pendingJobs=getAllPendingJobs+getAllPendingJobsInNamespace
1788697223.769 10311 21865 21865 I Unique  : 2026-09-06 19:20:23.768 I HOOK JOB_HOOKED package=com.axlebolt.standoff2 slot=0 matched=jobById=cancel+getPendingJob+getPendingJobReason,scheduleJob=enqueue+schedule+scheduleAsPackage,pendingJobs=getAllPendingJobs+getAllPendingJobsInNamespace
1788697223.775 10311 21865 21865 I Unique  : 2026-09-06 19:20:23.774 I HOOK SERVICE_HOOKED service=notification cache=true singletons=1 managers=0 bound=notificationIdentity,enqueue,channels matched=notificationIdentity=addAutomaticZenRule+areBubblesAllowed+areNotificationsEnabled+areNotificationsEnabledForPackage+buzzBeepBlinkForNotification+canNotifyAsPackage+canShowBadge+cancelAllNotifications+cancelNotificationFromListener+cancelToast+clearData+deleteNotificationHistoryItem+enqueueTextToast+enqueueToast+finishToken+getActiveNotifications+getActiveNotificationsWithAttribution+getAllowedAss
1788697223.777 10311 21865 21865 I Unique  : 2026-09-06 19:20:23.776 I HOOK NOTIFICATION_HOOKED package=com.axlebolt.standoff2 vuid=0 matched=notificationIdentity=addAutomaticZenRule+areBubblesAllowed+areNotificationsEnabled+areNotificationsEnabledForPackage+buzzBeepBlinkForNotification+canNotifyAsPackage+canShowBadge+cancelAllNotifications+cancelNotificationFromListener+cancelToast+clearData+deleteNotificationHistoryItem+enqueueTextToast+enqueueToast+finishToken+getActiveNotifications+getActiveNotificationsWithAttribution+getAllowedAss
1788697223.785 10311 21865 21865 I Unique  : 2026-09-06 19:20:23.784 I PROCESS RECEIVERS_REGISTERED package=com.axlebolt.standoff2 declared=9 registered=12 actions=com.adjust.sdk.AdjustPreinstallReferrerReceiver#com.attribution.SYSTEM_INSTALLER_REFERRER;com.adjust.sdk.AdjustReferrerReceiver#com.android.vending.INSTALL_REFERRER;com.facebook.CurrentAccessTokenExpirationBroadcastReceiver#com.facebook.sdk.ACTION_CURRENT_ACCESS_TOKEN_CHANGED;com.facebook.AuthenticationTokenManager$CurrentAuthenticationTokenChangedBroadcastReceiver#com.facebook.sdk.ACTION_CURRENT_ exported=6
1788697223.786 10311 21865 21865 I Unique  : 2026-09-06 19:20:23.786 I LAUNCH ACTIVITY_LIFECYCLE_INSTALLED package=com.axlebolt.standoff2
1788697223.799 10311 21865 21865 D Unique  : 2026-09-06 19:20:23.798 D PROCESS PERMISSION_CHECK permission=android.permission.INTERNET result=GRANTED
1788697223.814 10311 21865 21865 W com.facebook.UserSettingsManager: You haven't set a value for AdvertiserIDCollectionEnabled. Set the flag to TRUE if you want to collect Advertiser ID for better advertising and analytics results. To request user consent before collecting data, set the flag value to FALSE, then change to TRUE once user consent is received. Learn more: https://developers.facebook.com/docs/app-events/getting-started-app-events-android#disable-auto-events.
1788697223.831 10311 21865 21890 W com.facebook.internal.NativeProtocol: Apps that target Android API 30+ (Android 11+) cannot call Facebook native apps unless the package visibility needs are declared. Please follow https://developers.facebook.com/docs/android/troubleshooting/#faq_267321845055988 to make the declaration.
1788697223.862 10311 21865 21865 D FirebaseSessions: Dependency to CRASHLYTICS added.
1788697223.866 10311 21865 21865 I FirebaseApp: Device unlocked: initializing all Firebase APIs for app [DEFAULT]
1788697223.874 10311 21865 21865 I FirebaseCrashlytics: Initializing Firebase Crashlytics 20.0.1 for com.axlebolt.standoff2
1788697223.904 10311 21865 21865 I UniqueNative: io_redirect installed: 0 slot(s) in 1/390 libraries (0 excluded, 0 total), 8 rule(s), page size 4096
1788697223.925 10311 21865 21865 D FirebaseSessions: Subscriber CRASHLYTICS registered.
1788697223.938 10311 21865 21900 I Unique  : 2026-09-06 19:20:23.934 I LAUNCH GOOGLE_STACK_HIDDEN package=com.google.android.gms hidden=true reason=AUTO_HIDDEN_AFTER_CRASH detail=this instance died of "Unknown calling package name" once; Play services is hidden from it so its SDK takes the path it has for a phone without one
1788697223.954 10311 21865 21900 W GooglePlayServicesUtil: com.axlebolt.standoff2 requires Google Play services, but they are missing.
1788697223.960 10311 21865 21900 E DynamiteModule: Invalid GmsCore APK, remote loading disabled.
1788697223.960 10311 21865 21900 I DynamiteModule: Considering local module com.google.android.gms.measurement.dynamite:155 and remote module com.google.android.gms.measurement.dynamite:0
1788697223.960 10311 21865 21900 I DynamiteModule: Selected local version of com.google.android.gms.measurement.dynamite
1788697223.966 10311 21865 21900 E DynamiteModule: Invalid GmsCore APK, remote loading disabled.
1788697224.010 10311 21865 21915 W Metadata: Failed to find package android.content.pm.PackageManager$NameNotFoundException: com.google.android.gms
1788697224.012 10311 21865 21915 W Metadata: Failed to find package android.content.pm.PackageManager$NameNotFoundException: com.google.android.gms
1788697224.020 10311 21865 21917 D Unique  : 2026-09-06 19:20:24.018 D PROCESS PERMISSION_CHECK permission=android.permission.WAKE_LOCK result=GRANTED
1788697224.026 10311 21865 21917 W FirebaseInstanceId: Failed to resolve IID implementation package, falling back
1788697224.028 10311 21865 21865 I UniqueNative: io_redirect installed: 0 slot(s) in 2/391 libraries (0 excluded, 0 total), 8 rule(s), page size 4096
1788697224.029 10311 21865 21917 D Unique  : 2026-09-06 19:20:24.027 D PROCESS PERMISSION_CHECK permission=android.permission.ACCESS_NETWORK_STATE result=GRANTED
1788697224.034 10311 21865 21885 I Unique  : 2026-09-06 19:20:24.033 I LAUNCH SIGNATURES_LOADED package=com.axlebolt.standoff2 signers=1 hasSigningInfo=true
1788697224.042 10311 21865 21918 W FirebaseInstanceId: Failed to find package android.content.pm.PackageManager$NameNotFoundException: com.google.android.gms
1788697224.045 10311 21865 21913 I FirebaseCrashlytics: Saved version control info
1788697224.060 10311 21865 21865 D FirebaseSessions: Initializing Firebase Sessions 3.0.1.
1788697224.060 10311 21865 21865 I FirebaseInitProvider: FirebaseApp initialization successful
1788697224.061 10311 21865 21865 I ContentProvider: com.axlebolt.standoff2.firebaseinitprovider onCreate use 222 ms!
1788697224.067 10311 21865 21914 I FA      : App measurement initialized, version: 133005
1788697224.067 10311 21865 21914 I FA      : To enable debug logging run: adb shell setprop log.tag.FA VERBOSE
1788697224.072 10311 21865 21914 I FA      : To enable faster debug mode event logging run:
1788697224.072 10311 21865 21914 I FA      :   adb shell setprop debug.firebase.analytics.app com.axlebolt.standoff2
1788697224.087 10311 21865 21914 D Unique  : 2026-09-06 19:20:24.085 D PROCESS PERMISSION_CHECK permission=android.permission.INTERNET result=GRANTED
1788697224.091 10311 21865 21914 D Unique  : 2026-09-06 19:20:24.090 D PROCESS PERMISSION_CHECK permission=android.permission.ACCESS_NETWORK_STATE result=GRANTED
1788697224.097 10311 21865 21865 D WM-WrkMgrInitializer: Initializing WorkManager with default configuration.
1788697224.112 10311 21865 21913 D FirebaseSessions: Fetching settings from server.
1788697224.113 10311 21865 21912 D FirebaseSessions: Notified CRASHLYTICS of new session 3d9e7a6f43074a68beb756e5f5d6087a
1788697224.126 10311 21865 21865 D WM-PackageManagerHelper: Skipping component enablement for androidx.work.impl.background.systemjob.SystemJobService
1788697224.126 10311 21865 21865 D WM-Schedulers: Created SystemJobScheduler and enabled SystemJobService
1788697224.156 10311 21865 21914 W GooglePlayServicesUtil: com.axlebolt.standoff2 requires Google Play services, but they are missing.
1788697224.159 10311 21865 21929 W GooglePlayServicesUtil: com.axlebolt.standoff2 requires Google Play services, but they are missing.
1788697224.162 10311 21865 21914 D Unique  : 2026-09-06 19:20:24.160 D PROCESS SERVICE_CONNECTION_WRAPPED connection=com.google.android.gms.measurement.internal.lb
1788697224.162 10311 21865 21929 E AppLovinSdk: [DataCollector] Could not collect Google Advertising ID - this will negatively impact your eCPMs! Please integrate the Google Play Services SDK into your application. More info can be found online at http://developer.android.com/google/play-services/setup.html. If you're sure you've integrated the SDK and are still seeing this message, you may need to add a ProGuard exception: -keep public class com.google.android.gms.** { public protected *; }
1788697224.162 10311 21865 21929 E AppLovinSdk: java.io.IOException: Google Play services not available
1788697224.162 10311 21865 21929 E AppLovinSdk: 	at com.google.android.gms.ads.identifier.AdvertisingIdClient.zzb(SourceFile:51)
1788697224.162 10311 21865 21929 E AppLovinSdk: 	at com.google.android.gms.ads.identifier.AdvertisingIdClient.getAdvertisingIdInfo(SourceFile:16)
1788697224.162 10311 21865 21929 E AppLovinSdk: 	at com.applovin.impl.v.collectGoogleAdvertisingInfo(SourceFile:19)
1788697224.162 10311 21865 21929 E AppLovinSdk: 	at com.applovin.impl.v.c(SourceFile:1)
1788697224.162 10311 21865 21929 E AppLovinSdk: 	at com.applovin.impl.v.a(SourceFile:9)
1788697224.162 10311 21865 21929 E AppLovinSdk: 	at com.applovin.impl.v.b(SourceFile:1)
1788697224.162 10311 21865 21929 E AppLovinSdk: 	at com.applovin.impl.i1.b(SourceFile:1)
1788697224.162 10311 21865 21929 E AppLovinSdk: 	at com.applovin.impl.i1.c(SourceFile:1)
1788697224.162 10311 21865 21929 E AppLovinSdk: 	at com.applovin.impl.ya.run(SourceFile:1)
1788697224.162 10311 21865 21929 E AppLovinSdk: 	at java.lang.Thread.run(Thread.java:1572)
1788697224.165 10311 21865 21914 E FA      : Task exception on worker thread: java.lang.SecurityException: Not allowed to bind to service Intent { act=com.google.android.gms.measurement.START cmp=com.axlebolt.standoff2/com.google.android.gms.measurement.AppMeasurementService }: com.google.android.gms.measurement.internal.lb.d(SourceFile:68)
1788697224.165 10311 21865 21865 I Unique  : 2026-09-06 19:20:24.164 I PROCESS PROVIDERS_PUBLISHED package=com.axlebolt.standoff2 process=com.axlebolt.standoff2 declared=21 authorities=[redacted]
1788697224.168 10311 21865 21865 I UniqueNative: redirect table set: 8 rule(s)
1788697224.168 10311 21865 21865 I UniqueNative: io_redirect: 2 exclusion(s) set
1788697224.169 10311 21865 21865 I UniqueNative: io_redirect installed: 0 slot(s) in 2/391 libraries (0 excluded, 0 total), 8 rule(s), page size 4096
1788697224.170 10311 21865 21865 I Unique  : 2026-09-06 19:20:24.169 I NATIVE u0 com.axlebolt.standoff2 IO_REDIRECT_INSTALLED status=NOTHING_TO_HOOK watch=OK rules=8 slots=0 scope=/data/user/0/com.unique/files/virtual/apk/com.axlebolt.standoff2/203908/lib/arm64-v8a,/data/data/com.unique/files/virtual/apk/com.axlebolt.standoff2/203908/lib/arm64-v8a,/data/user/0/com.unique/files/ excluded=libgrave.so,libunique_native.so
1788697224.171 10311 21865 21929 E AppLovinSdk: [DataCollector] Unable to determine if Fire OS limited ad tracking is turned on
1788697224.171 10311 21865 21929 E AppLovinSdk: android.provider.Settings$SettingNotFoundException: limit_ad_tracking
1788697224.171 10311 21865 21929 E AppLovinSdk: 	at android.provider.Settings.parseIntSetting(Settings.java:3975)
1788697224.171 10311 21865 21929 E AppLovinSdk: 	at android.provider.Settings.-$$Nest$smparseIntSetting(Settings.java:0)
1788697224.171 10311 21865 21929 E AppLovinSdk: 	at android.provider.Settings$Secure.getIntForUser(Settings.java:7212)
1788697224.171 10311 21865 21929 E AppLovinSdk: 	at android.provider.Settings$Secure.getInt(Settings.java:7205)
1788697224.171 10311 21865 21929 E AppLovinSdk: 	at com.applovin.impl.v.collectFireOSAdvertisingInfo(SourceFile:32)
1788697224.171 10311 21865 21929 E AppLovinSdk: 	at com.applovin.impl.v.c(SourceFile:7)
1788697224.171 10311 21865 21929 E AppLovinSdk: 	at com.applovin.impl.v.a(SourceFile:9)
1788697224.171 10311 21865 21929 E AppLovinSdk: 	at com.applovin.impl.v.b(SourceFile:1)
1788697224.171 10311 21865 21929 E AppLovinSdk: 	at com.applovin.impl.i1.b(SourceFile:1)
1788697224.171 10311 21865 21929 E AppLovinSdk: 	at com.applovin.impl.i1.c(SourceFile:1)
1788697224.171 10311 21865 21929 E AppLovinSdk: 	at com.applovin.impl.ya.run(SourceFile:1)
1788697224.171 10311 21865 21929 E AppLovinSdk: 	at java.lang.Thread.run(Thread.java:1572)
1788697224.172 10311 21865 21865 I Unique  : 2026-09-06 19:20:24.170 I LAUNCH u0 com.axlebolt.standoff2 BOOTSTRAP_OK package=com.axlebolt.standoff2 vuid=0 slot=0 applicationClass=android.app.Application dataDir=/data/user/0/com.unique/files/virtual/users/0/data/com.axlebolt.standoff2 sourceDir=/data/user/0/com.unique/files/virtual/apk/com.axlebolt.standoff2/203908/base.apk nativeLibraryDir=/data/user/0/com.unique/files/virtual/apk/com.axlebolt.standoff2/203908/lib/arm64-v8a targetSdk=36 observedPackageName=com.axlebolt.standoff2 observedFilesDir=/data/user/0/com.unique/files/virtual/users/0/data/com.axlebolt.standoff2/files millis=1543
1788697224.173 10311 21865 21918 W Metadata: Failed to find package android.content.pm.PackageManager$NameNotFoundException: com.google.android.gms
1788697224.179 10311 21865 21927 I Unique  : 2026-09-06 19:20:24.177 I LAUNCH u0 com.axlebolt.standoff2 PENDING_INTENT_RECEIVER_ROUTED receiver=androidx.work.impl.utils.ForceStopRunnable$BroadcastReceiver package=com.axlebolt.standoff2 vuid=0 stub=com.unique.app.runtime.BroadcastStub
1788697224.180 10311 20915 21469 I Unique  : 2026-09-06 19:20:24.175 I PROCESS PROVIDER_SLOT_READY slot=0 vuid=0 pid=21865
1788697224.181 10311 21865 21918 W Metadata: Failed to resolve IID implementation package, falling back
1788697224.198 10311 21865 21932 D Unique  : 2026-09-06 19:20:24.195 D PROCESS u0 com.axlebolt.standoff2 SERVICE_INTENT_CROSS_APP action=com.google.android.gms.games.internal.appshortcuts.service.START target=com.google.android.gms
1788697224.199 10311 21865 21932 D Unique  : 2026-09-06 19:20:24.198 D PROCESS u0 com.axlebolt.standoff2 SERVICE_CONNECTION_WRAPPED connection=com.google.android.gms.common.internal.j1
1788697224.206 10311 21865 21865 I Unique  : 2026-09-06 19:20:24.205 I LAUNCH u0 com.axlebolt.standoff2 TRANSACTION_REWRITTEN package=com.axlebolt.standoff2 activity=com.google.firebase.MessagingUnityPlayerActivity vuid=0 item=LaunchActivityItem theme=2131952031
1788697224.209 10311 21865 21932 W GooglePlayServicesUtil: com.axlebolt.standoff2 requires Google Play services, but they are missing.
1788697224.210 10311 21865 21929 W GooglePlayServicesUtil: com.axlebolt.standoff2 requires Google Play services, but they are missing.
1788697224.211 10311 21865 21932 W GoogleApiManager: The service for com.google.android.gms.internal.appset.zzd is not available: ConnectionResult{statusCode=SERVICE_MISSING, resolution=null, message=null, clientMethodKey=null}
1788697224.220 10311 21865 21942 W GooglePlayServicesUtil: com.axlebolt.standoff2 requires Google Play services, but they are missing.
1788697224.221 10311 21865 21942 E GooglePlayServicesUtil: GooglePlayServices not available due to error 1
1788697224.318 10311 21865 21931 D FBAudienceNetwork: SDK dex loading time: 160
1788697224.364 10311 21865 21865 I Unique  : 2026-09-06 19:20:24.363 I LAUNCH u0 com.axlebolt.standoff2 ACTIVITY_ORIENTATION_APPLIED activity=com.google.firebase.MessagingUnityPlayerActivity orientation=11 applied=true
1788697224.373 10311 21865 21932 W GooglePlayServicesUtil: com.axlebolt.standoff2 requires Google Play services, but they are missing.
1788697224.374 10311 21865 21932 W GoogleApiManager: The service for com.google.android.gms.internal.games_v2.zzp is not available: ConnectionResult{statusCode=SERVICE_MISSING, resolution=null, message=null, clientMethodKey=null}
1788697224.377 10311 21865 21932 W GooglePlayServicesUtil: com.axlebolt.standoff2 requires Google Play services, but they are missing.
1788697224.378 10311 21865 21932 W GoogleApiManager: The service for com.google.android.gms.internal.games_v2.zzp is not available: ConnectionResult{statusCode=SERVICE_MISSING, resolution=null, message=null, clientMethodKey=null}
1788697224.409 10311 21865 21865 W libc    : Access denied finding property "persist.vendor.camera.IsVariableApertureSupported"
1788697224.409 10311 21865 21865 W libc    : Access denied finding property "persist.vendor.camera.IsStreetModeSupported"
1788697224.415 10311 21865 21865 I SurfaceFactory: [static] sSurfaceFactory = com.mediatek.view.impl.SurfaceFactoryImpl@39e7a63
1788697224.434 10311 21865 21869 I om.unique:vapp0: Background concurrent mark compact GC freed 25MB AllocSpace bytes, 70(23MB) LOS objects, 49% free, 8195KB/16MB, paused 2.418ms,1.268ms total 111.216ms
1788697224.435 10311 21865 21865 D MiuiMultiWindowUtils: freeform resolution args raw data:{  "wide_default":{    "freeform_args": {        "vertical_portrait":{"aspect_ratio":0.626, "original_ratio":0.5643,"original_scale":0.74,"top_margin":0.168,"left_margin":0.484},        "horizontal_portrait":{"aspect_ratio":0.626, "original_ratio":0.5643,"original_scale":0.74,"top_margin":0.1222,"left_margin":0.59745},        "vertical_landscape":{"aspect_ratio":1.6, "original_ratio":1,"original_scale":0.604,"top_margin":0.2596,"left_margin":0.2624},        "horizontal_landscape":{"aspect_ratio":1.6, "original_ratio":1,"original_scale":0.604,"top_margin":0.213,"left_margin":0.3758}    },    "mini_freeform_args":{        "vertical_portrait":{"original_ratio":0.147},        "horizontal_portrait":{"original_ratio":0.147},        "vertical_landscape":{"original_ratio":0.165},        "horizontal_landscape":{"original_ratio":0.165}    }  },  "narrow_default": {    "freeform_args": {        "vertical_portrait":{"aspect_ratio":0.626, "original_ratio":1,"original_scale":0.74,"top_margin":0.0753,"left_margin":-1},        "horizontal_portrait":{"aspect_ratio":0.626, "original_ratio":1,"original_scale":0.5756,"top_margin":-1,"left_margin":0.0753},        "vertical_landscape":{"aspect_ratio":1.6, "original_ratio":0.6847,"original_scale":0.587,"top_margin":0.0753,"left_margin":-1},        "horizontal_landscape":{"aspect_ratio":1.6, "original_ratio":0.6847,"original_scale":0.587,"top_margin":-1,"left_margin":0.0753}    },    "mini_freeform_args":{        "vertical_portrait":{"original_ratio":0.26},        "horizontal_portrait":{"original_ratio":0.26},        "vertical_landscape":{"original_ratio":0.293},        "horizontal_landscape":{"original_ratio":0.293}    }  },  "regular_default": {    "freeform_args": {      "vertical_portrait":{"aspect_ratio":0.625, "original_ratio":1,"original_scale":0.7,"top_margin":0.109,"left_margin":-1},      "horizontal_portrait":{"aspect_ratio":0.6667, "original_ratio":1,"original_scale":0.6102,"top_margin":-1,"left_margin":0.026},      "vertical_landscape":{"aspect_ratio":1.6, "original_ratio":1,"original_scale":0.4244,"top_margin":0.109,"left_margin":-1},      "horizontal_landscape":{"aspect_ratio":1.6, "original_ratio":1,"original_scale":0.4244,"top_margin":-1,"left_margin":0.026}    },    "mini_freeform_args":{      "vertical_portrait":{"original_ratio":0.25},      "horizontal_portrait":{"original_ratio":0.25},      "vertical_landscape":{"original_ratio":0.25},      "horizontal_landscape":{"original_ratio":0.25}    }  },  "pad_default": {    "freeform_args": {      "vertical_portrait":{"aspect_ratio":0.5625, "original_ratio":0.375,"original_scale":0.835,"top_margin":0.049,"left_margin":0.2775},      "horizontal_portrait":{"aspect_ratio":0.5625, "original_ratio":0.375,"original_scale":0.835,"top_margin":-1,"left_margin":0.6525},      "vertical_landscape":{"aspect_ratio":-1, "original_ratio":1,"original_scale":0.468,"top_margin":0.049,"left_margin":-1},      "horizontal_landscape":{"aspect_ratio":-1, "original_ratio":1,"original_scale":0.468,"top_margin":-1,"left_margin":0.4976}    },    "mini_freeform_args":{      "vertical_portrait":{"original_ratio":0.144},      "horizontal_portrait":{"original_ratio":0.144},      "vertical_landscape":{"original_ratio":0.2},      "horizontal_landscape":{"original_ratio":0.2}    }  }}
1788697224.435 10311 21865 21865 D MiuiMultiWindowUtils: initFreeFormResolutionArgs failed, device is sea
1788697224.436 10311 21865 21865 D IS_CTS_MODE: false
1788697224.436 10311 21865 21865 D MULTI_WINDOW_SWITCH_ENABLED: false
1788697224.444 10311 21865 21865 V PhoneWindowStubImpl: modifyNavigationBarColor from -16777216 to -1
1788697224.455 10311 21865 21865 I UniqueNative: io_redirect installed: 0 slot(s) in 3/392 libraries (0 excluded, 0 total), 8 rule(s), page size 4096
1788697224.820 10311 21865 21889 E FeatureFlagsImplExport: android.os.flagging.AconfigStorageReadException: ERROR_PACKAGE_NOT_FOUND: package com.android.libcore cannot be found on the device
1788697225.124 10311 21865 21876 W MIUIScout App: Enter APP_SCOUT_WARNING State
1788697225.125 10311 21865 21876 W MIUIScout App:  (Current message: duration=2501ms seq=4 late=8ms h=android.app.ActivityThread$H w=159)
1788697225.128 10311 21865 21975 W MIUIScout App: Event:APP_SCOUT_WARNING Thread:main backtrace:
1788697225.128 10311 21865 21975 W MIUIScout App:     at com.unity3d.player.NativeLoader.load(Native Method)
1788697225.128 10311 21865 21975 W MIUIScout App:     at com.unity3d.player.UnityPlayer.loadNative(SourceFile:29)
1788697225.128 10311 21865 21975 W MIUIScout App:     at com.unity3d.player.UnityPlayer.initialize(SourceFile:14)
1788697225.128 10311 21865 21975 W MIUIScout App:     at com.unity3d.player.UnityPlayerForActivityOrService.<init>(SourceFile:15)
1788697225.128 10311 21865 21975 W MIUIScout App:     at com.unity3d.player.UnityPlayerForActivityOrService.<init>(SourceFile:2)
1788697225.128 10311 21865 21975 W MIUIScout App:     at com.unity3d.player.UnityPlayerActivity.onCreate(SourceFile:31)
1788697225.128 10311 21865 21975 W MIUIScout App:     at com.google.firebase.MessagingUnityPlayerActivity.onCreate(SourceFile:11)
1788697225.128 10311 21865 21975 W MIUIScout App:     at android.app.Activity.performCreate(Activity.java:9209)
1788697225.128 10311 21865 21975 W MIUIScout App:     at android.app.Activity.performCreate(Activity.java:9165)
1788697225.128 10311 21865 21975 W MIUIScout App:     at android.app.Instrumentation.callActivityOnCreate(Instrumentation.java:1537)
1788697225.128 10311 21865 21975 W MIUIScout App:     at android.app.ActivityThread.performLaunchActivity(ActivityThread.java:4397)
1788697225.128 10311 21865 21975 W MIUIScout App:     at android.app.ActivityThread.handleLaunchActivity(ActivityThread.java:4636)
1788697225.128 10311 21865 21975 W MIUIScout App:     at android.app.servertransaction.LaunchActivityItem.execute(LaunchActivityItem.java:112)
1788697225.128 10311 21865 21975 W MIUIScout App:     at android.app.servertransaction.TransactionExecutor.executeNonLifecycleItem(TransactionExecutor.java:186)
1788697225.128 10311 21865 21975 W MIUIScout App:     at android.app.servertransaction.TransactionExecutor.executeTransactionItems(TransactionExecutor.java:112)
1788697225.128 10311 21865 21975 W MIUIScout App:     at android.app.servertransaction.TransactionExecutor.execute(TransactionExecutor.java:84)
1788697225.128 10311 21865 21975 W MIUIScout App:     at android.app.ActivityThread$H.handleMessage(ActivityThread.java:2878)
1788697225.128 10311 21865 21975 W MIUIScout App:     at android.os.Handler.dispatchMessage(Handler.java:107)
1788697225.128 10311 21865 21975 W MIUIScout App:     at android.os.Looper.loopOnce(Looper.java:249)
1788697225.128 10311 21865 21975 W MIUIScout App:     at android.os.Looper.loop(Looper.java:337)
1788697225.128 10311 21865 21975 W MIUIScout App:     at android.app.ActivityThread.main(ActivityThread.java:9469)
1788697225.128 10311 21865 21975 W MIUIScout App:     at java.lang.reflect.Method.invoke(Native Method)
1788697225.128 10311 21865 21975 W MIUIScout App:     at com.android.internal.os.RuntimeInit$MethodAndArgsCaller.run(RuntimeInit.java:636)
1788697225.128 10311 21865 21975 W MIUIScout App:     at com.android.internal.os.ZygoteInit.main(ZygoteInit.java:1005)
1788697225.131 10311 21865 21884 W om.unique:vapp0: Method void androidx.compose.runtime.snapshots.SnapshotStateListKt.clearImpl(androidx.compose.runtime.snapshots.SnapshotStateList) failed lock verification and will run slower.
1788697225.131 10311 21865 21884 W om.unique:vapp0: Common causes for lock verification issues are non-optimized dex code
1788697225.131 10311 21865 21884 W om.unique:vapp0: and incorrect proguard optimizations.
1788697225.133 10311 21865 21884 W om.unique:vapp0: Method void androidx.compose.runtime.snapshots.SnapshotStateSetKt.clearImpl(androidx.compose.runtime.snapshots.SnapshotStateSet) failed lock verification and will run slower.
1788697225.322 10311 21865 21866 I om.unique:vapp0: Thread[2,tid=21866,WaitingInMainSignalCatcherLoop,Thread*=0xb400007cfb1146f0,peer=0x2002388,"Signal Catcher"]: reacting to signal 3
1788697225.820 10311 21865 21866 I om.unique:vapp0: Wrote stack traces to tombstoned
1788697225.833 10311 21865 21869 I om.unique:vapp0: NativeAlloc concurrent mark compact GC freed 3164KB AllocSpace bytes, 1(20KB) LOS objects, 49% free, 10MB/21MB, paused 3.514ms,5.645ms total 164.020ms
1788697225.892 10311 21865 21865 W libc    : Access denied finding property "ro.debuggable"
1788697225.892 10311 21865 21865 V Unity   : Context Type: ActivityOrService
1788697225.895 10311 21865 21865 W WindowOnBackDispatcher: OnBackInvokedCallback is not enabled for the application.
1788697225.895 10311 21865 21865 W WindowOnBackDispatcher: Set 'android:enableOnBackInvokedCallback="true"' in the application manifest.
1788697225.897 10311 21865 21865 W Activity: PerfMonitor: Slow Operation: Activity com.axlebolt.standoff2/com.google.firebase.MessagingUnityPlayerActivity onCreate took 1533ms
1788697225.905 10311 21865 21865 D FirebaseSessions: App foregrounded on com.axlebolt.standoff2
1788697225.905 10311 21865 21865 D FirebaseSessions: Session 3d9e7a6f43074a68beb756e5f5d6087a has not backgrounded yet
1788697225.905 10311 21865 21865 D FirebaseSessions: No process data for com.axlebolt.standoff2
1788697225.911 10311 21865 21865 W libc    : Access denied finding property "ro.vendor.df.effect.conflict"
1788697225.911 10311 21865 21904 D FirebaseSessions: Session ee00f10dbece4660af8c0bfd449a0833 has not backgrounded yet
1788697225.911 10311 21865 21904 D FirebaseSessions: No process data map
1788697225.911 10311 21865 21904 D FirebaseSessions: No process data for com.axlebolt.standoff2
1788697225.923 10311 21865 21914 I FA      : Tag Manager is not found and thus will not be used
1788697225.925 10311 21865 21914 W GooglePlayServicesUtil: Google Play services is missing.
1788697225.931 10311 21865 21865 I PowerHalWrapper: PowerHalWrapper.getInstance
1788697225.932 10311 21865 21865 I M-ProMotion: M-ProMotion is disabled
1788697225.932 10311 21865 21912 D FirebaseSessions: Notified CRASHLYTICS of new session 3f0d2f36dc464302994c025b1ad95e62
1788697225.935 10311 21865 22012 I PowerHalWrapper: PowerHalWrapper.getInstance
1788697225.947 10311 21865 21865 D MiuiCameraCoveredManager: java.lang.NullPointerException: Attempt to invoke virtual method 'java.lang.String android.provider.MiuiSettings$SettingsCloudData$CloudData.getString(java.lang.String, java.lang.String)' on a null object reference
1788697225.948 10311 21865 21865 W libc    : Access denied finding property "ro.vendor.perf.scroll_opt"
1788697225.956 10311 21865 22013 W libc    : Access denied finding property "ro.vendor.display.iris_x7.support"
1788697225.957 10311 21865 22005 I Unique  : 2026-09-06 19:20:25.955 I LAUNCH u0 com.axlebolt.standoff2 GOOGLE_STACK_HIDDEN package=com.google.android.gsf hidden=true reason=AUTO_HIDDEN_AFTER_CRASH detail=this instance died of "Unknown calling package name" once; Play services is hidden from it so its SDK takes the path it has for a phone without one
1788697225.960 10311 21865 21865 D VRI[MessagingUnityPlayerActivity]: hardware acceleration = true, forceHwAccelerated = false
1788697225.969 10311 21865 21865 D InputEventReceiver: Input log is disabled in InputEventReceiver.
1788697225.976 10311 21865 21865 D Unique  : 2026-09-06 19:20:25.976 D LAUNCH u0 com.axlebolt.standoff2 CALLBACK_ALIVE what=159 obj=android.app.servertransaction.ClientTransaction
1788697225.977 10311 21865 21865 D Unique  : 2026-09-06 19:20:25.976 D LAUNCH u0 com.axlebolt.standoff2 NO_LAUNCH_ITEM transaction=android.app.servertransaction.ClientTransaction shape=CREATOR: mActivityCallbacks:[TopResumedActivityChangeItem] mActivityToken:BinderProxy mClient:null mLifecycleStateRequest:null mTransactionItems:[TopResumedActivityChangeItem] seen=2
1788697225.978 10311 21865 21865 D Unique  : 2026-09-06 19:20:25.978 D LAUNCH u0 com.axlebolt.standoff2 CALLBACK_ALIVE what=149 obj=android.os.BinderProxy
1788697225.978 10311 21865 21865 W Looper  : Loop again would have the queued messages be executed before this one completed.
1788697225.982 10311 21865 21865 I Unique  : 2026-09-06 19:20:25.982 I PROCESS u0 com.axlebolt.standoff2 BROADCAST_DELIVERED receiver=com.mbridge.msdk.foundation.same.broadcast.NetWorkChangeReceiver action=android.net.conn.CONNECTIVITY_CHANGE
1788697226.027 10311 21865 21865 D VRI[MessagingUnityPlayerActivity]: vri.reportNextDraw android.view.ViewRootImpl.performTraversals:4936 android.view.ViewRootImpl.doTraversal:3546 android.view.ViewRootImpl$TraversalRunnable.run:11690 android.view.Choreographer$CallbackRecord.run:1763 android.view.Choreographer$CallbackRecord.run:1772
1788697226.027 10311 21865 21865 D SurfaceView: UPDATE null, mIsCastMode = false
1788697226.033 10311 21865 22013 D MMUD    : mtk_memory_debug_init com.axlebolt.standoff2 0xb400007ddc12a400
1788697226.036 10311 21865 21865 D VRI[MessagingUnityPlayerActivity]: Setup new sync=wmsSync-VRI[MessagingUnityPlayerActivity]#1
1788697226.041 10311 21865 22028 E om.unique:vapp0: setpriority success to 100 : mali-cmar-backend
1788697226.062 10311 21865 22013 D om.unique:vapp0: MiuiProcessManagerServiceStub setSchedFifo
1788697226.062 10311 21865 22013 I MiuiProcessManagerImpl: setSchedFifo pid:21865, mode:3
1788697226.063 10311 21865 22013 D MAGT_SYNC_FRAME: MAGT Sync: MAGT is not supported. Disabling Sync.
1788697226.085 10311 21865 22013 I GrallocExtra: gralloc_extra_query:is_SW3D 0
1788697226.086 10311 21865 22013 W libc    : Access denied finding property "ro.vendor.display.iris_x7.support"
1788697226.101 10311 21865 22013 E LB      : fail to open file: No such file or directory
1788697226.101 10311 21865 22013 E LB      : fail to open node: No such file or directory
1788697226.101 10311 21865 22013 E LB      : fail to open node: No such file or directory
1788697226.101 10311 21865 22013 I GrallocExtra: gralloc_extra_query:is_SW3D 0
1788697226.102 10311 21865 22013 W libc    : Access denied finding property "ro.vendor.display.iris_x7.support"
1788697226.104 10311 21865 21865 D VRI[MessagingUnityPlayerActivity]: vri.reportDrawFinished
1788697226.118 10311 21865 21865 D Unique  : 2026-09-06 19:20:26.114 D LAUNCH u0 com.axlebolt.standoff2 NO_LAUNCH_ITEM transaction=android.app.servertransaction.ClientTransaction shape=CREATOR: mActivityCallbacks:[ConfigurationChangeItem] mActivityToken:null mClient:null mLifecycleStateRequest:null mTransactionItems:[ConfigurationChangeItem] seen=3
1788697226.121 10311 21865 21865 D Unique  : 2026-09-06 19:20:26.119 D LAUNCH u0 com.axlebolt.standoff2 NO_LAUNCH_ITEM transaction=android.app.servertransaction.ClientTransaction shape=CREATOR: mActivityCallbacks:[ActivityConfigurationChangeItem] mActivityToken:BinderProxy mClient:null mLifecycleStateRequest:null mTransactionItems:[ActivityConfigurationChangeItem] seen=4
1788697226.127 10311 21865 21865 I Unique  : 2026-09-06 19:20:26.126 I LAUNCH u0 com.axlebolt.standoff2 GMS_BROKER_WRAPPED descriptor=com.google.android.gms.common.internal.IGmsServiceBroker package=com.axlebolt.standoff2
1788697226.132 10311 21865 21932 E Parcel  : Attempt to read from protected data in Parcel 0xb400007b7b131c90
1788697226.132 10311 21865 21932 E Parcel  : Attempt to read from protected data in Parcel 0xb400007b7b131c90
1788697226.132 10311 21865 21932 E Parcel  : Attempt to read from protected data in Parcel 0xb400007b7b131c90
1788697226.132 10311 21865 21932 E Parcel  : Attempt to read from protected data in Parcel 0xb400007b7b131c90
1788697226.132 10311 21865 21932 E Parcel  : Attempt to read from protected data in Parcel 0xb400007b7b131c90
1788697226.132 10311 21865 21932 E Parcel  : Attempt to read from protected data in Parcel 0xb400007b7b131c90
1788697226.134 10311 21865 21865 D SurfaceView: UPDATE Surface(name=SurfaceView[com.axlebolt.standoff2/com.google.firebase.MessagingUnityPlayerActivity]#59000)/@0xaaf2b1f, mIsProjectionMode = false
1788697226.136 10311 21865 22013 W libc    : Access denied finding property "ro.vendor.display.iris_x7.support"
1788697226.137 10311 21865 21932 D Unique  : 2026-09-06 19:20:26.134 D LAUNCH u0 com.axlebolt.standoff2 GMS_CALLING_PACKAGE_REWRITTEN from=com.axlebolt.standoff2 to=com.unique fields=1
1788697226.142 10311 21865 21906 D FirebaseSessions: Fetched settings: {"settings_version":3,"cache_duration":178626,"features":{"collect_logged_exceptions":true,"collect_reports":true,"collect_analytics":false,"prompt_enabled":false,"push_enabled":false,"firebase_crashlytics_enabled":false,"collect_anrs":true,"collect_metric_kit":false,"collect_build_ids":true},"app":{"status":"activated","update_required":false,"report_upload_variant":2,"native_report_upload_variant":2},"fabric":{"org_id":"637f343add22d1b353c6cc57","bundle_id":"com.axlebolt.standoff2"},"on_demand_upload_rate_per_minute":10,"on_demand_backoff_base":1.2,"on_demand_backoff_step_duration_seconds":60,"app_quality":{"sessions_enabled":true,"sampling_rate":1,"session_timeout_seconds":1800},"on_demand_thread_recording_suspension_enabled":true}
1788697226.143 10311 21865 22019 D MMUD    : get_leak_baseline 3246391296
1788697226.147 10311 21865 21865 D Unique  : 2026-09-06 19:20:26.146 D LAUNCH u0 com.axlebolt.standoff2 NO_LAUNCH_ITEM transaction=android.app.servertransaction.ClientTransaction shape=CREATOR: mActivityCallbacks:[WindowStateInsetsControlChangeItem] mActivityToken:null mClient:null mLifecycleStateRequest:null mTransactionItems:[WindowStateInsetsControlChangeItem] seen=5
1788697226.150 10311 21865 21865 D Unique  : 2026-09-06 19:20:26.149 D LAUNCH u0 com.axlebolt.standoff2 NO_LAUNCH_ITEM transaction=android.app.servertransaction.ClientTransaction shape=CREATOR: mActivityCallbacks:[WindowStateResizeItem] mActivityToken:null mClient:null mLifecycleStateRequest:null mTransactionItems:[WindowStateResizeItem] seen=6
1788697226.150 10311 21865 21865 D VRI[MessagingUnityPlayerActivity]: vri.reportNextDraw android.view.ViewRootImpl.handleResized:2748 android.view.ViewRootImpl.-$$Nest$mhandleResized:0 android.view.ViewRootImpl$W.resized:12841 android.app.servertransaction.WindowStateResizeItem.execute:64 android.app.servertransaction.WindowStateTransactionItem.execute:59
1788697226.151 10311 21865 21865 D VRI[MessagingUnityPlayerActivity]: Setup new sync=wmsSync-VRI[MessagingUnityPlayerActivity]#4
1788697226.154 10311 21865 21865 D VRI[MessagingUnityPlayerActivity]: vri.reportDrawFinished
1788697226.175 10311 21865 21888 W GooglePlayServicesUtil: com.axlebolt.standoff2 requires Google Play services, but they are missing.
1788697226.179 10311 21865 21888 W GooglePlayServicesUtil: com.axlebolt.standoff2 requires Google Play services, but they are missing.
1788697226.208 10311 21865 21958 I Unity   : MemoryManager: Using 'Dynamic Heap' Allocator.
1788697226.235 10311 21865 21865 D Unique  : 2026-09-06 19:20:26.234 D LAUNCH u0 com.axlebolt.standoff2 NO_LAUNCH_ITEM transaction=android.app.servertransaction.ClientTransaction shape=CREATOR: mActivityCallbacks:[WindowStateInsetsControlChangeItem] mActivityToken:null mClient:null mLifecycleStateRequest:null mTransactionItems:[WindowStateInsetsControlChangeItem] seen=7
1788697226.212 10311 21865 21913 D FirebaseSessions: Remote settings cache not expired. Using cached values.
1788697226.258 10311 21865 21958 I Unique  : 2026-09-06 19:20:26.251 I STORAGE u0 com.axlebolt.standoff2 EXTERNAL_VOLUME_REPOINTED path=/data/user/0/com.unique/files/virtual/users/0/sdcard fields=mPath,mInternalPath
1788697226.262 10311 21865 21958 I Unique  : 2026-09-06 19:20:26.260 I STORAGE u0 com.axlebolt.standoff2 EXTERNAL_VOLUME_REPOINTED path=/data/user/0/com.unique/files/virtual/users/0/sdcard fields=mPath,mInternalPath
1788697226.265 10311 21865 21958 I Unique  : 2026-09-06 19:20:26.264 I STORAGE u0 com.axlebolt.standoff2 EXTERNAL_VOLUME_REPOINTED path=/data/user/0/com.unique/files/virtual/users/0/sdcard fields=mPath,mInternalPath
1788697226.289 10311 21865 21958 I Unique  : 2026-09-06 19:20:26.288 I STORAGE u0 com.axlebolt.standoff2 EXTERNAL_VOLUME_REPOINTED path=/data/user/0/com.unique/files/virtual/users/0/sdcard fields=mPath,mInternalPath
1788697226.296 10311 21865 22046 I AppMetrica: AppMetrica [3459-IAA-CDE-1] Initializing of AppMetrica, Release type, Version 7.12.0, API Level 115, Dated 04.09.2025.
1788697226.299 10311 21865 21913 D FirebaseSessions: Session Event Type: SESSION_START
1788697226.300 10311 21865 21913 D FirebaseSessions: Successfully logged Session Start event.
1788697226.350 10311 21865 21911 I Unique  : 2026-09-06 19:20:26.347 I PROCESS u0 com.axlebolt.standoff2 JOB_SCHEDULED service=com.google.android.datatransport.runtime.scheduling.jobscheduling.JobInfoSchedulerService virtualJobId=-1954795185 hostJobId=799055 stub=com.unique.stub.JobStub_p0
1788697226.422 10311 21865 22054 E emoji2.text.DefaultEmojiConfig: com.google.android.gms
1788697226.422 10311 21865 22054 E emoji2.text.DefaultEmojiConfig: android.content.pm.PackageManager$NameNotFoundException: com.google.android.gms
1788697226.422 10311 21865 22054 E emoji2.text.DefaultEmojiConfig: 	at android.app.ApplicationPackageManager.getPackageInfoAsUser(ApplicationPackageManager.java:276)
1788697226.422 10311 21865 22054 E emoji2.text.DefaultEmojiConfig: 	at android.app.ApplicationPackageManager.getPackageInfo(ApplicationPackageManager.java:236)
1788697226.422 10311 21865 22054 E emoji2.text.DefaultEmojiConfig: 	at android.app.ApplicationPackageManager.getPackageInfo(ApplicationPackageManager.java:230)
1788697226.422 10311 21865 22054 E emoji2.text.DefaultEmojiConfig: 	at androidx.emoji2.text.DefaultEmojiCompatConfig$DefaultEmojiCompatConfigHelper_API28.getSigningSignatures(SourceFile:3)
1788697226.422 10311 21865 22054 E emoji2.text.DefaultEmojiConfig: 	at androidx.emoji2.text.DefaultEmojiCompatConfig$DefaultEmojiCompatConfigFactory.generateFontRequestFrom(SourceFile:7)
1788697226.422 10311 21865 22054 E emoji2.text.DefaultEmojiConfig: 	at androidx.emoji2.text.DefaultEmojiCompatConfig$DefaultEmojiCompatConfigFactory.queryForDefaultFontRequest(SourceFile:18)
1788697226.422 10311 21865 22054 E emoji2.text.DefaultEmojiConfig: 	at androidx.emoji2.text.DefaultEmojiCompatConfig$DefaultEmojiCompatConfigFactory.create(SourceFile:1)
1788697226.422 10311 21865 22054 E emoji2.text.DefaultEmojiConfig: 	at androidx.emoji2.text.DefaultEmojiCompatConfig.create(SourceFile:7)
1788697226.422 10311 21865 22054 E emoji2.text.DefaultEmojiConfig: 	at androidx.emoji2.text.EmojiCompatInitializer$BackgroundDefaultLoader.doLoad(SourceFile:3)
1788697226.422 10311 21865 22054 E emoji2.text.DefaultEmojiConfig: 	at androidx.emoji2.text.EmojiCompatInitializer$BackgroundDefaultLoader.a(SourceFile:1)
1788697226.422 10311 21865 22054 E emoji2.text.DefaultEmojiConfig: 	at androidx.emoji2.text.d.run(SourceFile:1)
1788697226.422 10311 21865 22054 E emoji2.text.DefaultEmojiConfig: 	at java.util.concurrent.ThreadPoolExecutor.runWorker(ThreadPoolExecutor.java:1100)
1788697226.422 10311 21865 22054 E emoji2.text.DefaultEmojiConfig: 	at java.util.concurrent.ThreadPoolExecutor$Worker.run(ThreadPoolExecutor.java:624)
1788697226.422 10311 21865 22054 E emoji2.text.DefaultEmojiConfig: 	at java.lang.Thread.run(Thread.java:1572)
1788697226.447 10311 21865 21919 W GooglePlayServicesUtil: com.axlebolt.standoff2 requires Google Play services, but they are missing.
1788697226.457 10311 21865 22053 I Unique  : 2026-09-06 19:20:26.455 I PROCESS u0 com.axlebolt.standoff2 SERVICE_STUB_RESERVED slot=0 stub=0 service=io.appmetrica.analytics.internal.AppMetricaService vuid=0
1788697226.459 10311 21865 22053 D Unique  : 2026-09-06 19:20:26.457 D PROCESS u0 com.axlebolt.standoff2 SERVICE_INTENT_ROUTED service=io.appmetrica.analytics.internal.AppMetricaService stub=com.unique.stub.ServiceStub_p0_s0 action=io.appmetrica.analytics.IAppMetricaService
1788697226.461 10311 21865 22053 D Unique  : 2026-09-06 19:20:26.459 D PROCESS u0 com.axlebolt.standoff2 SERVICE_CONNECTION_WRAPPED connection=io.appmetrica.analytics.impl.n0
1788697226.470 10311 21865 21865 I Unique  : 2026-09-06 19:20:26.468 I PROCESS u0 com.axlebolt.standoff2 CREATE_SERVICE_REWRITTEN stub=com.unique.stub.ServiceStub_p0_s0 service=io.appmetrica.analytics.internal.AppMetricaService
1788697226.482 10311 21865 22046 I AppMetrica: AppMetrica [3459-IAA-CDE-1] Activate AppMetrica in anonymous mode
1788697226.492 10311 21865 22046 I AppMetrica: AppMetrica [3459-IAA-CDE-1] Activate reporter with APIKey 20799a27-xxxx-xxxx-xxxx-xxxxxxxx4180
1788697226.514 10311 21865 21865 D Unique  : 2026-09-06 19:20:26.512 D PROCESS u0 com.axlebolt.standoff2 SERVICE_INTENT_ROUTED service=io.appmetrica.analytics.internal.AppMetricaService stub=com.unique.stub.ServiceStub_p0_s0 action=io.appmetrica.analytics.IAppMetricaService
1788697226.579 10311 21865 22038 W InteractionJankMonitor: Initializing without READ_DEVICE_CONFIG permission. enabled=false, interval=1, missedFrameThreshold=3, frameTimeThreshold=64, package=com.axlebolt.standoff2
1788697226.600 10311 21865 21869 I om.unique:vapp0: Background young concurrent mark compact GC freed 6689KB AllocSpace bytes, 20(592KB) LOS objects, 31% free, 14MB/21MB, paused 3.855ms,1.405ms total 122.339ms
1788697226.886 10311 21865 21958 I Unity   : SystemInfo CPU = ARM64 FP ASIMD AES, Cores = 8, Memory = 7707mb
1788697226.886 10311 21865 21958 I Unity   : SystemInfo ARM big.LITTLE configuration: 2 big (mask: 0xc0), 6 little (mask: 0x3f)
1788697226.886 10311 21865 21958 I Unity   : ApplicationInfo 'com.axlebolt.standoff2', Version '0.39.3', Min API Level '25', Target API Level '36'
1788697226.887 10311 21865 21958 I Unity   : Built from '6000.3.13f1_patched' branch, Version '6000.3.13f1 (3b0d9f02b51c)', Build type 'Release', Scripting Backend 'il2cpp', CPU 'arm64-v8a', Stripping 'Enabled'
1788697226.887 10311 21865 21958 I Unity   : Device Model 'Xiaomi 23030RAC7Y', OS 'Android OS 15 (API 35)'
1788697227.245 10311 21865 21869 I om.unique:vapp0: Background concurrent mark compact GC freed 3950KB AllocSpace bytes, 5(228KB) LOS objects, 50% free, 17MB/34MB, paused 4.202ms,3.148ms total 261.966ms
1788697227.488 10311 21865 21958 I Unity   : Company Name: Axlebolt
1788697227.488 10311 21865 21958 I Unity   : Product Name: Standoff 2
1788697227.595 10311 21865 21958 W libc    : Access denied finding property "vendor.migl.debug"
1788697227.595 10311 21865 21958 I libMiGL : EnableDR: 0
1788697227.595 10311 21865 21958 D libMEOW : meow new tls: 0xb400007c7b260160
1788697227.605 10311 21865 21958 D libMEOW : meow reload base cfg path: na
1788697227.605 10311 21865 21958 D libMEOW : meow reload overlay cfg path: na
1788697227.609 10311 21865 21958 E QT      : [QT]file does not exist
1788697227.610 10311 21865 21958 D libMEOW : applied 1 plugins for [com.axlebolt.standoff2]:
1788697227.610 10311 21865 21958 D libMEOW :   plugin 1: [libMEOW_gift.so]:
1788697227.613 10311 21865 21958 D MMUD    : mtk_memory_debug_init com.axlebolt.standoff2 0xb400007d9f703400
1788697227.617 10311 21865 22106 E om.unique:vapp0: setpriority success to 100 : mali-cmar-backend
1788697227.625 10311 21865 21876 W MIUIScout App: Enter APP_SCOUT_SLOW state
1788697227.657 10311 21865 21958 E om.unique:vapp0: checkIfsupportxIntfps do not binder to joyose
1788697227.678 10311 21865 21958 I Unique  : 2026-09-06 19:20:27.677 I STORAGE u0 com.axlebolt.standoff2 EXTERNAL_VOLUME_REPOINTED path=/data/user/0/com.unique/files/virtual/users/0/sdcard fields=mPath,mInternalPath
1788697227.679 10311 21865 21958 I Unique  : 2026-09-06 19:20:27.679 I STORAGE u0 com.axlebolt.standoff2 EXTERNAL_VOLUME_REPOINTED path=/data/user/0/com.unique/files/virtual/users/0/sdcard fields=mPath,mInternalPath
1788697227.680 10311 21865 21958 I Unique  : 2026-09-06 19:20:27.680 I STORAGE u0 com.axlebolt.standoff2 EXTERNAL_VOLUME_REPOINTED path=/data/user/0/com.unique/files/virtual/users/0/sdcard fields=mPath,mInternalPath
1788697227.685 10311 21865 22109 D libMEOW : meow new tls: 0xb400007c7b300200
1788697227.685 10311 21865 22109 D libMEOW : applied 1 plugins for [com.axlebolt.standoff2]:
1788697227.685 10311 21865 22109 D libMEOW :   plugin 1: [libMEOW_gift.so]:
1788697228.278 10311 21865 21958 I Unity   : Script error: OnTriggerEnter2D
1788697228.278 10311 21865 21958 I Unity   : This message parameter has to be of type: [UNREGISTERED]
1788697228.278 10311 21865 21958 I Unity   : The message will be ignored.
1788697228.279 10311 21865 21958 I Unity   : Script error: OnTriggerExit2D
1788697228.279 10311 21865 21958 I Unity   : This message parameter has to be of type: [UNREGISTERED]
1788697228.279 10311 21865 21958 I Unity   : The message will be ignored.
1788697228.324 10311 21865 21958 I Unity   : Script error: OnTriggerEnter2D
1788697228.324 10311 21865 21958 I Unity   : This message parameter has to be of type: [UNREGISTERED]
1788697228.324 10311 21865 21958 I Unity   : The message will be ignored.
1788697228.324 10311 21865 21958 I Unity   : Script error: OnTriggerExit2D
1788697228.324 10311 21865 21958 I Unity   : This message parameter has to be of type: [UNREGISTERED]
1788697228.324 10311 21865 21958 I Unity   : The message will be ignored.
1788697228.325 10311 21865 21958 I Unity   : Script error: OnTriggerEnter2D
1788697228.325 10311 21865 21958 I Unity   : This message parameter has to be of type: [UNREGISTERED]
1788697228.325 10311 21865 21958 I Unity   : The message will be ignored.
1788697228.326 10311 21865 21958 I Unity   : Script error: OnTriggerExit2D
1788697228.326 10311 21865 21958 I Unity   : This message parameter has to be of type: [UNREGISTERED]
1788697228.326 10311 21865 21958 I Unity   : The message will be ignored.
1788697228.363 10311 21865 21958 I Unity   : Script error: OnTriggerEnter2D
1788697228.363 10311 21865 21958 I Unity   : This message parameter has to be of type: [UNREGISTERED]
1788697228.363 10311 21865 21958 I Unity   : The message will be ignored.
1788697228.364 10311 21865 21958 I Unity   : Script error: OnTriggerExit2D
1788697228.364 10311 21865 21958 I Unity   : This message parameter has to be of type: [UNREGISTERED]
1788697228.364 10311 21865 21958 I Unity   : The message will be ignored.
1788697228.654 10311 21865 21958 I IL2CPP  : Locale ru-RU
1788697228.688 10311 21865 21918 I Unique  : 2026-09-06 19:20:28.686 I PROCESS u0 com.axlebolt.standoff2 SERVICE_INTENT_RESOLVED_IN_GUEST action=com.google.firebase.MESSAGING_EVENT service=com.google.firebase.messaging.cpp.ListenerService matches=2
1788697228.691 10311 21865 21918 I Unique  : 2026-09-06 19:20:28.689 I PROCESS u0 com.axlebolt.standoff2 SERVICE_STUB_RESERVED slot=0 stub=1 service=com.google.firebase.messaging.cpp.ListenerService vuid=0
1788697228.693 10311 21865 21958 I Unique  : 2026-09-06 19:20:28.692 I STORAGE u0 com.axlebolt.standoff2 EXTERNAL_VOLUME_REPOINTED path=/data/user/0/com.unique/files/virtual/users/0/sdcard fields=mPath,mInternalPath
1788697228.693 10311 21865 21918 D Unique  : 2026-09-06 19:20:28.691 D PROCESS u0 com.axlebolt.standoff2 SERVICE_INTENT_ROUTED service=com.google.firebase.messaging.cpp.ListenerService stub=com.unique.stub.ServiceStub_p0_s1 action=com.google.firebase.MESSAGING_EVENT
1788697228.694 10311 21865 21918 D Unique  : 2026-09-06 19:20:28.693 D PROCESS u0 com.axlebolt.standoff2 SERVICE_CONNECTION_WRAPPED connection=com.google.firebase.messaging.WithinAppServiceConnection
1788697228.699 10311 21865 21865 I Unique  : 2026-09-06 19:20:28.697 I PROCESS u0 com.axlebolt.standoff2 CREATE_SERVICE_REWRITTEN stub=com.unique.stub.ServiceStub_p0_s1 service=com.google.firebase.messaging.cpp.ListenerService
1788697228.708 10311 21865 21865 D Unique  : 2026-09-06 19:20:28.707 D PROCESS u0 com.axlebolt.standoff2 SERVICE_INTENT_ROUTED service=com.google.firebase.messaging.cpp.ListenerService stub=com.unique.stub.ServiceStub_p0_s1 action=com.google.firebase.MESSAGING_EVENT
1788697228.825 10311 21865 21958 E om.unique:vapp0: checkIfsupportxIntfps do not binder to joyose
1788697228.853 10311 21865 21958 V MediaRouter: Selecting route: RouteInfo{ name=Телефон, description=null, status=null, category=RouteCategory{ name=Система types=ROUTE_TYPE_LIVE_AUDIO ROUTE_TYPE_LIVE_VIDEO  groupable=false }, supportedTypes=ROUTE_TYPE_LIVE_AUDIO ROUTE_TYPE_LIVE_VIDEO , presentationDisplay=null }
1788697228.861 10311 21865 21958 I MediaRouter: Skip setBluetoothA2dpOn(): types=8388615, isPlaybackActive()=false, BT route=null
1788697229.027 10311 21865 22034 D LibMBrainProxy: Init Paramters
1788697229.110 10311 21865 22109 E om.unique:vapp0: DynamicFPS DF open fail: No such file or directory
1788697229.223 10311 21865 21920 I YandexAds: [Integration] Yandex Mobile Ads 7.16.1 initialized successfully
1788697229.229 10311 21865 22046 I AppMetrica: AppMetrica [3459-IAA-CDE-1] Activate reporter with APIKey 478cb909-xxxx-xxxx-xxxx-xxxxxxxx9f93
1788697229.442 10311 21865 21869 I om.unique:vapp0: Background young concurrent mark compact GC freed 9593KB AllocSpace bytes, 4(144KB) LOS objects, 28% free, 24MB/34MB, paused 6.347ms,3.051ms total 218.708ms
1788697230.901 10311 21865 21869 I om.unique:vapp0: Background concurrent mark compact GC freed 4916KB AllocSpace bytes, 0(0B) LOS objects, 43% free, 30MB/54MB, paused 2.488ms,1.338ms total 264.191ms
1788697230.960 10311 21865 21958 D Unique  : 2026-09-06 19:20:30.959 D PROCESS u0 com.axlebolt.standoff2 PERMISSION_CHECK permission=android.permission.INTERNET result=GRANTED
1788697230.961 10311 21865 21958 D Unique  : 2026-09-06 19:20:30.960 D PROCESS u0 com.axlebolt.standoff2 SETTING_ANSWERED setting=ANDROID_ID value=26fd6dc8e336b2c7
1788697231.089 10311 21865 22118 D ProfileInstaller: Installing profile for com.axlebolt.standoff2
1788697231.125 10311 21865 21958 I Unique  : 2026-09-06 19:20:31.125 I STORAGE u0 com.axlebolt.standoff2 EXTERNAL_VOLUME_REPOINTED path=/data/user/0/com.unique/files/virtual/users/0/sdcard fields=mPath,mInternalPath
1788697231.471 10311 21865 22053 D Unique  : 2026-09-06 19:20:31.469 D PROCESS u0 com.axlebolt.standoff2 SERVICE_INTENT_ROUTED service=io.appmetrica.analytics.internal.AppMetricaService stub=com.unique.stub.ServiceStub_p0_s0 action=io.appmetrica.analytics.IAppMetricaService
1788697231.882 10311 21865 21958 I Unity   : Build logger
1788697231.882 10311 21865 21958 I Unity   : UnityEngine.DebugLogHandler:Internal_Log(LogType, LogOption, String, Object)
1788697231.882 10311 21865 21958 I Unity   : ABGGEHEAGBDDDAF:GDAHAHHEFBHBCDA(IContainerBuilder, IConfiguration, Lifetime)
1788697231.882 10311 21865 21958 I Unity   : Axlebolt.Standoff.Startup.RootLifetimeScope:DDCEEECAACGAACD(IContainerBuilder)
1788697231.882 10311 21865 21958 I Unity   : Axlebolt.Standoff.Startup.RootLifetimeScope:AADGBGHBGCDFFDG(IContainerBuilder)
1788697231.882 10311 21865 21958 I Unity   : Axlebolt.Standoff2.Startup.RootLifetimeScope:Configure(IContainerBuilder)
1788697231.882 10311 21865 21958 I Unity   : VContainer.Unity.LifetimeScope:InstallTo(IContainerBuilder)
1788697231.882 10311 21865 21958 I Unity   : VContainer.Unity.LifetimeScope:Build()
1788697231.882 10311 21865 21958 I Unity   : VContainer.Unity.LifetimeScope:Awake()
1788697231.882 10311 21865 21958 I Unity   : Axlebolt.Standoff2.Startup.LifetimeScope:Awake()
1788697231.882 10311 21865 21958 I Unity   : VContainer.Unity.VContainerSettings:GetOrCreateRootLifetimeScopeInstance()
1788697231.882 10311 21865 21958 I Unity   : VContainer.Unity.LifetimeScope:GetRuntimeParent()
1788697231.882 10311 21865 21958 I Unity   : VContainer.Unity.LifetimeScope:Build()
1788697231.882 10311 21865 21958 I Unity   : VContainer.Unity.LifetimeScope:Awake()
1788697231.882 10311 21865 21958 I Unity   : Axlebolt.Standoff2.Startup.PreloadLifetimeScope:Awake()
1788697231.938 10311 21865 21958 I UniqueNative: io_redirect installed: 2 slot(s) in 5/412 libraries (0 excluded, 2 total), 8 rule(s), page size 4096
1788697231.938 10311 21865 21958 I UniqueNative: io_redirect: hooked 2 new slot(s) after loading /data/user/0/com.unique/files/virtual/apk/com.axlebolt.standoff2/203908/lib/arm64-v8a/libfmod.so (2 total)
1788697231.962 10311 21865 21958 I UniqueNative: io_redirect installed: 1 slot(s) in 6/413 libraries (0 excluded, 3 total), 8 rule(s), page size 4096
1788697231.962 10311 21865 21958 I UniqueNative: io_redirect: hooked 1 new slot(s) after loading /data/user/0/com.unique/files/virtual/apk/com.axlebolt.standoff2/203908/lib/arm64-v8a/libfmodstudio.so (3 total)
1788697232.046 10311 21865 21958 D om.unique:vapp0: PlayerBase::PlayerBase()
1788697232.049 10311 21865 21958 D om.unique:vapp0: TrackPlayerBase::TrackPlayerBase()
1788697232.049 10311 21865 21958 I libOpenSLES: Emulating old channel mask behavior (ignoring positional mask 0x3, using default mask 0x3 based on channel count of 2)
1788697232.049 10311 21865 21958 D AudioTrackStub: AudioTrackStub() create
1788697232.057 10311 21865 21958 I AudioTrackImpl: initAudioTrackImpl()
1788697232.095 10311 21865 21865 D MediaRouter: onRestoreRoute() : route=RouteInfo{ name=Телефон, description=null, status=null, category=RouteCategory{ name=Система types=ROUTE_TYPE_LIVE_AUDIO ROUTE_TYPE_LIVE_VIDEO  groupable=false }, supportedTypes=ROUTE_TYPE_LIVE_AUDIO ROUTE_TYPE_LIVE_VIDEO , presentationDisplay=null }
1788697232.095 10311 21865 21865 V MediaRouter: Selecting route: RouteInfo{ name=Телефон, description=null, status=null, category=RouteCategory{ name=Система types=ROUTE_TYPE_LIVE_AUDIO ROUTE_TYPE_LIVE_VIDEO  groupable=false }, supportedTypes=ROUTE_TYPE_LIVE_AUDIO ROUTE_TYPE_LIVE_VIDEO , presentationDisplay=null }
1788697232.589 10311 21865 21958 I LevelPlaySDK: API: LevelPlayRewardedAd <init> - adUnitId: m0s9e2lvrjxyo3uq, config: Config(bidFloor=null)
1788697232.590 10311 21865 21958 I LevelPlaySDK: API: pb a - LevelPlayRewardedAd.setListener()
1788697232.597 10311 21865 22046 I AppMetrica: AppMetrica [3459-IAA-CDE-1] Upgrade AppMetrica anonymous mode to normal with APIKey 3baa67b9-xxxx-xxxx-xxxx-xxxxxxxx9a97
1788697232.670 10311 21865 21958 I UniqueNative: io_redirect installed: 4 slot(s) in 7/415 libraries (0 excluded, 7 total), 8 rule(s), page size 4096
1788697232.670 10311 21865 21958 I UniqueNative: io_redirect: hooked 4 new slot(s) after loading /data/user/0/com.unique/files/virtual/apk/com.axlebolt.standoff2/203908/lib/arm64-v8a/libFirebaseCppApp-13_3_0.so (7 total)
1788697232.700 10311 21865 21958 I Unique  : 2026-09-06 19:20:32.700 I STORAGE u0 com.axlebolt.standoff2 EXTERNAL_VOLUME_REPOINTED path=/data/user/0/com.unique/files/virtual/users/0/sdcard fields=mPath,mInternalPath
1788697232.748 10311 21865 21958 I Unique  : 2026-09-06 19:20:32.748 I STORAGE u0 com.axlebolt.standoff2 EXTERNAL_VOLUME_REPOINTED path=/data/user/0/com.unique/files/virtual/users/0/sdcard fields=mPath,mInternalPath
1788697232.776 10311 21865 21958 I Unique  : 2026-09-06 19:20:32.776 I STORAGE u0 com.axlebolt.standoff2 EXTERNAL_VOLUME_REPOINTED path=/data/user/0/com.unique/files/virtual/users/0/sdcard fields=mPath,mInternalPath
1788697232.781 10311 21865 21958 I Unique  : 2026-09-06 19:20:32.781 I STORAGE u0 com.axlebolt.standoff2 EXTERNAL_VOLUME_REPOINTED path=/data/user/0/com.unique/files/virtual/users/0/sdcard fields=mPath,mInternalPath
1788697233.148 10311 21865 21958 W GooglePlayServicesUtil: com.axlebolt.standoff2 requires Google Play services, but they are missing.
1788697233.680 10311 21865 21958 W Unity   : [LevelPlay]: Unexpected call to SetPauseGame on Android. This method is not implemented for Android.
1788697233.680 10311 21865 21958 W Unity   : UnityEngine.DebugLogHandler:Internal_Log(LogType, LogOption, String, Object)
1788697233.680 10311 21865 21958 W Unity   : JetBrains.Collections.Viewable.SignalBase`1:Fire(T)
1788697233.687 10311 21865 22109 E om.unique:vapp0: FrameInsert open fail: No such file or directory
1788697233.980 10311 21865 22150 D Unique  : 2026-09-06 19:20:33.980 D PROCESS u0 com.axlebolt.standoff2 SETTING_ANSWERED setting=ANDROID_ID value=26fd6dc8e336b2c7
1788697233.981 10311 21865 22150 I UserMessagingPlatform: Use new ConsentDebugSettings.Builder().addTestDeviceHashedId("4626E683EF8FE1C7A0D85114D91D5521") to set this as a debug device.
1788697233.981 10311 21865 22150 D UserMessagingPlatform: Stored info not exists: IABTCF_TCString
1788697233.981 10311 21865 22150 D UserMessagingPlatform: Stored info not exists: IABGPP_HDR_GppString
1788697233.981 10311 21865 22150 D UserMessagingPlatform: Stored info not exists: IABGPP_GppSID
1788697233.981 10311 21865 22150 D UserMessagingPlatform: Stored info not exists: IABUSPrivacy_String
1788697234.000 10311 21865 21958 W Unity   : [FMOD] Please add an 'FMOD Studio Listener' component to your camera in the scene for correct 3D positioning of sounds.
1788697234.000 10311 21865 21958 W Unity   : UnityEngine.DebugLogHandler:Internal_Log(LogType, LogOption, String, Object)
1788697234.000 10311 21865 21958 W Unity   : FMODUnity.RuntimeManager:Update()
1788697234.009 10311 21865 22150 I WebViewFactory: Loading com.google.android.webview version 151.0.7922.199 (code 792219903)
1788697234.020 10311 21865 22150 E om.unique:vapp0: Failed to open APK '/data/resource-cache/com.android.systemui-neutral-vSDz.frro': Invalid file
1788697234.027 10311 21865 22150 W AssetManager: Failed to load asset, key = ApkKey[lib: /data/resource-cache/com.android.systemui-neutral-vSDz.frro]
1788697234.027 10311 21865 22150 W AssetManager: java.io.IOException: Failed to load asset path /data/resource-cache/com.android.systemui-neutral-vSDz.frro
1788697234.027 10311 21865 22150 W AssetManager: 	at android.content.res.ApkAssets.nativeLoad(Native Method)
1788697234.027 10311 21865 22150 W AssetManager: 	at android.content.res.ApkAssets.<init>(ApkAssets.java:303)
1788697234.027 10311 21865 22150 W AssetManager: 	at android.content.res.ApkAssets.loadFromPath(ApkAssets.java:152)
1788697234.027 10311 21865 22150 W AssetManager: 	at android.app.ResourcesManager.loadApkAssets(ResourcesManager.java:607)
1788697234.027 10311 21865 22150 W AssetManager: 	at android.content.res.AssetManager.loadAssets(AssetManager.java:596)
1788697234.027 10311 21865 22150 W AssetManager: 	at android.content.res.AssetManager.addAssetPathInternal(AssetManager.java:542)
1788697234.027 10311 21865 22150 W AssetManager: 	at android.content.res.AssetManager.addAssetPathAsSharedLibrary(AssetManager.java:488)
1788697234.027 10311 21865 22150 W AssetManager: 	at android.webkit.WebViewFactory.getProviderClass(WebViewFactory.java:558)
1788697234.027 10311 21865 22150 W AssetManager: 	at android.webkit.WebViewFactory.getProvider(WebViewFactory.java:362)
1788697234.027 10311 21865 22150 W AssetManager: 	at android.webkit.WebSettings.getDefaultUserAgent(WebSettings.java:1407)
1788697234.027 10311 21865 22150 W AssetManager: 	at com.google.android.gms.internal.consent_sdk.zzw.zzd(SourceFile:20)
1788697234.027 10311 21865 22150 W AssetManager: 	at com.google.android.gms.internal.consent_sdk.zzw.zza(SourceFile:58)
1788697234.027 10311 21865 22150 W AssetManager: 	at com.google.android.gms.internal.consent_sdk.zzv.run(SourceFile:10)
1788697234.027 10311 21865 22150 W AssetManager: 	at java.util.concurrent.ThreadPoolExecutor.runWorker(ThreadPoolExecutor.java:1100)
1788697234.027 10311 21865 22150 W AssetManager: 	at java.util.concurrent.ThreadPoolExecutor$Worker.run(ThreadPoolExecutor.java:624)
1788697234.027 10311 21865 22150 W AssetManager: 	at java.lang.Thread.run(Thread.java:1572)
1788697234.028 10311 21865 22150 E om.unique:vapp0: Failed to open APK '/data/resource-cache/com.android.systemui-accent-m9sI.frro': Invalid file
1788697234.028 10311 21865 22150 W AssetManager: Failed to load asset, key = ApkKey[lib: /data/resource-cache/com.android.systemui-accent-m9sI.frro]
1788697234.028 10311 21865 22150 W AssetManager: java.io.IOException: Failed to load asset path /data/resource-cache/com.android.systemui-accent-m9sI.frro
1788697234.028 10311 21865 22150 W AssetManager: 	at android.content.res.ApkAssets.nativeLoad(Native Method)
1788697234.028 10311 21865 22150 W AssetManager: 	at android.content.res.ApkAssets.<init>(ApkAssets.java:303)
1788697234.028 10311 21865 22150 W AssetManager: 	at android.content.res.ApkAssets.loadFromPath(ApkAssets.java:152)
1788697234.028 10311 21865 22150 W AssetManager: 	at android.app.ResourcesManager.loadApkAssets(ResourcesManager.java:607)
1788697234.028 10311 21865 22150 W AssetManager: 	at android.content.res.AssetManager.loadAssets(AssetManager.java:596)
1788697234.028 10311 21865 22150 W AssetManager: 	at android.content.res.AssetManager.addAssetPathInternal(AssetManager.java:542)
1788697234.028 10311 21865 22150 W AssetManager: 	at android.content.res.AssetManager.addAssetPathAsSharedLibrary(AssetManager.java:488)
1788697234.028 10311 21865 22150 W AssetManager: 	at android.webkit.WebViewFactory.getProviderClass(WebViewFactory.java:558)
1788697234.028 10311 21865 22150 W AssetManager: 	at android.webkit.WebViewFactory.getProvider(WebViewFactory.java:362)
1788697234.028 10311 21865 22150 W AssetManager: 	at android.webkit.WebSettings.getDefaultUserAgent(WebSettings.java:1407)
1788697234.028 10311 21865 22150 W AssetManager: 	at com.google.android.gms.internal.consent_sdk.zzw.zzd(SourceFile:20)
1788697234.028 10311 21865 22150 W AssetManager: 	at com.google.android.gms.internal.consent_sdk.zzw.zza(SourceFile:58)
1788697234.028 10311 21865 22150 W AssetManager: 	at com.google.android.gms.internal.consent_sdk.zzv.run(SourceFile:10)
1788697234.028 10311 21865 22150 W AssetManager: 	at java.util.concurrent.ThreadPoolExecutor.runWorker(ThreadPoolExecutor.java:1100)
1788697234.028 10311 21865 22150 W AssetManager: 	at java.util.concurrent.ThreadPoolExecutor$Worker.run(ThreadPoolExecutor.java:624)
1788697234.028 10311 21865 22150 W AssetManager: 	at java.lang.Thread.run(Thread.java:1572)
1788697234.029 10311 21865 22150 E om.unique:vapp0: Failed to open APK '/data/resource-cache/com.android.systemui-dynamic-gTnv.frro': Invalid file
1788697234.029 10311 21865 22150 W AssetManager: Failed to load asset, key = ApkKey[lib: /data/resource-cache/com.android.systemui-dynamic-gTnv.frro]
1788697234.029 10311 21865 22150 W AssetManager: java.io.IOException: Failed to load asset path /data/resource-cache/com.android.systemui-dynamic-gTnv.frro
1788697234.029 10311 21865 22150 W AssetManager: 	at android.content.res.ApkAssets.nativeLoad(Native Method)
1788697234.029 10311 21865 22150 W AssetManager: 	at android.content.res.ApkAssets.<init>(ApkAssets.java:303)
1788697234.029 10311 21865 22150 W AssetManager: 	at android.content.res.ApkAssets.loadFromPath(ApkAssets.java:152)
1788697234.029 10311 21865 22150 W AssetManager: 	at android.app.ResourcesManager.loadApkAssets(ResourcesManager.java:607)
1788697234.029 10311 21865 22150 W AssetManager: 	at android.content.res.AssetManager.loadAssets(AssetManager.java:596)
1788697234.029 10311 21865 22150 W AssetManager: 	at android.content.res.AssetManager.addAssetPathInternal(AssetManager.java:542)
1788697234.029 10311 21865 22150 W AssetManager: 	at android.content.res.AssetManager.addAssetPathAsSharedLibrary(AssetManager.java:488)
1788697234.029 10311 21865 22150 W AssetManager: 	at android.webkit.WebViewFactory.getProviderClass(WebViewFactory.java:558)
1788697234.029 10311 21865 22150 W AssetManager: 	at android.webkit.WebViewFactory.getProvider(WebViewFactory.java:362)
1788697234.029 10311 21865 22150 W AssetManager: 	at android.webkit.WebSettings.getDefaultUserAgent(WebSettings.java:1407)
1788697234.029 10311 21865 22150 W AssetManager: 	at com.google.android.gms.internal.consent_sdk.zzw.zzd(SourceFile:20)
1788697234.029 10311 21865 22150 W AssetManager: 	at com.google.android.gms.internal.consent_sdk.zzw.zza(SourceFile:58)
1788697234.029 10311 21865 22150 W AssetManager: 	at com.google.android.gms.internal.consent_sdk.zzv.run(SourceFile:10)
1788697234.029 10311 21865 22150 W AssetManager: 	at java.util.concurrent.ThreadPoolExecutor.runWorker(ThreadPoolExecutor.java:1100)
1788697234.029 10311 21865 22150 W AssetManager: 	at java.util.concurrent.ThreadPoolExecutor$Worker.run(ThreadPoolExecutor.java:624)
1788697234.029 10311 21865 22150 W AssetManager: 	at java.lang.Thread.run(Thread.java:1572)
1788697234.032 10311 21865 22150 D ApplicationLoaders: Returning zygote-cached class loader: /system/framework/android.test.base.jar
1788697234.032 10311 21865 22150 D ApplicationLoaders: Returning zygote-cached class loader: /system_ext/framework/androidx.window.extensions.jar
1788697234.050 10311 21865 22150 I UniqueNative: io_redirect installed: 0 slot(s) in 7/416 libraries (0 excluded, 7 total), 8 rule(s), page size 4096
1788697234.072 10311 21865 21958 W Unity   : [FMOD] loadFromWeb.  Path = jar:file:///data/user/0/com.unique/files/virtual/users/0/sdcard/Android/obb/com.axlebolt.standoff2/main.203908.com.axlebolt.standoff2.obb!/assets/MasterBank.bank, result = ERR_EVENT_ALREADY_LOADED.
1788697234.072 10311 21865 21958 W Unity   : UnityEngine.DebugLogHandler:Internal_Log(LogType, LogOption, String, Object)
1788697234.072 10311 21865 21958 W Unity   : FMODUnity.<loadFromWeb>d__61:MoveNext()
1788697234.072 10311 21865 21958 W Unity   : UnityEngine.SetupCoroutine:InvokeMoveNext(IEnumerator, IntPtr)
1788697234.073 10311 21865 21958 W Unity   : [FMOD] Unable to load MasterBank - bank already loaded. This may occur when attempting to load another localized bank before the first is unloaded, or if a bank has been loaded via the API.
1788697234.073 10311 21865 21958 W Unity   : UnityEngine.DebugLogHandler:Internal_Log(LogType, LogOption, String, Object)
1788697234.073 10311 21865 21958 W Unity   : FMODUnity.RuntimeManager:RegisterLoadedBank(LoadedBank, String, String, Boolean, RESULT)
1788697234.073 10311 21865 21958 W Unity   : FMODUnity.<loadFromWeb>d__61:MoveNext()
1788697234.073 10311 21865 21958 W Unity   : UnityEngine.SetupCoroutine:InvokeMoveNext(IEnumerator, IntPtr)
1788697234.101 10311 21865 22150 I cr_WVCFactoryProvider: version=151.0.7922.199 (792219903) minSdkVersion=29 multiprocess=true packageId=127 splits=<none>
1788697234.128 10311 21865 22150 I UniqueNative: io_redirect installed: 0 slot(s) in 7/417 libraries (0 excluded, 7 total), 8 rule(s), page size 4096
1788697234.155 10311 21865 22150 I UniqueNative: io_redirect installed: 0 slot(s) in 7/417 libraries (0 excluded, 7 total), 8 rule(s), page size 4096
1788697234.178 10311 21865 22159 I chromium: [0906/192034.178240:INFO:android_webview/browser/variations/variations_seed_loader.cc:67] Failed to open file for reading.: No such file or directory (2)
1788697234.178 10311 21865 22159 I chromium: [0906/192034.178665:INFO:android_webview/browser/variations/variations_seed_loader.cc:67] Failed to open file for reading.: No such file or directory (2)
1788697234.207 10311 21865 21865 I cr_LibraryLoader: Successfully loaded native library
1788697234.214 10311 21865 21865 I cr_CachingUmaRecorder: Flushed 40 samples from 22 histograms, 0 samples were dropped.
1788697234.217 10311 21865 21865 I cr_ChildProcLH: ScopedServiceBindingBatch.tryActivate: false
1788697234.218 10311 21865 21865 I cr_CombinedPProvider: #registerProvider() provider:WV.sj@2610ea8 isPolicyCacheEnabled:false policyProvidersSize:0
1788697234.218 10311 21865 21865 I cr_PolicyProvider: #setManagerAndSource() 0
1788697234.219 10311 21865 21865 I cr_DisplayManager: Is Display Topology available: false
1788697234.223 10311 21865 22157 I cr_policy: registerReceiver succeeded after 2ms
1788697234.226 10311 21865 22161 D Unique  : 2026-09-06 19:20:34.225 D PROCESS u0 com.axlebolt.standoff2 SERVICE_CONNECTION_WRAPPED connection=WV.nv
1788697234.236 10311 21865 22161 D Unique  : 2026-09-06 19:20:34.235 D PROCESS u0 com.axlebolt.standoff2 SERVICE_CONNECTION_WRAPPED connection=WV.nv
1788697234.252 10311 21865 21865 I cr_CombinedPProvider: #linkNativeInternal() 1
1788697234.254 10311 21865 21865 I cr_AppResProvider: #getApplicationRestrictionsFromUserManager() Only system may: get application restrictions for other user/app com.axlebolt.standoff2
1788697234.254 10311 21865 21865 I cr_PolicyProvider: #notifySettingsAvailable() 0
1788697234.254 10311 21865 21865 I cr_CombinedPProvider: #onSettingsAvailable() 0
1788697234.254 10311 21865 21865 I cr_CombinedPProvider: #flushPolicies()
1788697234.286 10311 21865 21958 W Unity   : [FMOD] loadFromWeb.  Path = jar:file:///data/user/0/com.unique/files/virtual/users/0/sdcard/Android/obb/com.axlebolt.standoff2/main.203908.com.axlebolt.standoff2.obb!/assets/MasterBank.strings.bank, result = ERR_EVENT_ALREADY_LOADED.
1788697234.286 10311 21865 21958 W Unity   : UnityEngine.DebugLogHandler:Internal_Log(LogType, LogOption, String, Object)
1788697234.286 10311 21865 21958 W Unity   : FMODUnity.<loadFromWeb>d__61:MoveNext()
1788697234.286 10311 21865 21958 W Unity   : UnityEngine.SetupCoroutine:InvokeMoveNext(IEnumerator, IntPtr)
1788697234.287 10311 21865 21958 W Unity   : [FMOD] Unable to load MasterBank.strings - bank already loaded. This may occur when attempting to load another localized bank before the first is unloaded, or if a bank has been loaded via the API.
1788697234.287 10311 21865 21958 W Unity   : UnityEngine.DebugLogHandler:Internal_Log(LogType, LogOption, String, Object)
1788697234.287 10311 21865 21958 W Unity   : FMODUnity.RuntimeManager:RegisterLoadedBank(LoadedBank, String, String, Boolean, RESULT)
1788697234.287 10311 21865 21958 W Unity   : FMODUnity.<loadFromWeb>d__61:MoveNext()
1788697234.287 10311 21865 21958 W Unity   : UnityEngine.SetupCoroutine:InvokeMoveNext(IEnumerator, IntPtr)
1788697234.322 10311 21865 22120 I firebase: Firebase Analytics API Initializing
1788697234.331 10311 21865 22120 I firebase: analytics API Initialized
1788697234.344 10311 21865 22165 D Unique  : 2026-09-06 19:20:34.339 D PROCESS u0 com.axlebolt.standoff2 PERMISSION_CHECK permission=android.permission.ACCESS_NETWORK_STATE result=GRANTED
1788697234.346 10311 21865 22120 W GooglePlayServicesUtil: com.axlebolt.standoff2 requires Google Play services, but they are missing.
1788697234.354 10311 21865 21865 W cr_PlatformSer-Internal: Unable to find GMS package on device
1788697234.358 10311 21865 21865 D Unique  : 2026-09-06 19:20:34.357 D PROCESS u0 com.axlebolt.standoff2 PERMISSION_CHECK permission=android.permission.ACCESS_NETWORK_STATE result=GRANTED
1788697234.358 10311 21865 22120 E firebase: Messaging already shut down.
1788697234.365 10311 21865 21958 I Unity   : Firebase Analytics API Initializing
1788697234.365 10311 21865 21958 I Unity   : UnityEngine.DebugLogHandler:Internal_Log(LogType, LogOption, String, Object)
1788697234.365 10311 21865 21958 I Unity   : Io.AppMetrica.Internal.JSONDecoder:.cctor()
1788697234.406 10311 21865 22120 W GooglePlayServicesUtil: com.axlebolt.standoff2 requires Google Play services, but they are missing.
1788697234.421 10311 21865 22183 D Unique  : 2026-09-06 19:20:34.420 D PROCESS u0 com.axlebolt.standoff2 PERMISSION_CHECK permission=android.permission.ACCESS_ADSERVICES_ATTRIBUTION result=DENIED
1788697234.432 10311 21865 21865 D Unique  : 2026-09-06 19:20:34.431 D PROCESS u0 com.axlebolt.standoff2 PERMISSION_CHECK permission=android.permission.INTERNET result=GRANTED
1788697234.441 10311 21865 21865 I cr_AppResProvider: #getApplicationRestrictionsFromUserManager() Only system may: get application restrictions for other user/app com.axlebolt.standoff2
1788697234.442 10311 21865 21865 I cr_PolicyProvider: #notifySettingsAvailable() 0
1788697234.442 10311 21865 21865 I cr_CombinedPProvider: #onSettingsAvailable() 0
1788697234.442 10311 21865 21865 I cr_CombinedPProvider: #flushPolicies()
1788697234.444 10311 21865 22196 I CameraManagerGlobal: Connecting to camera service
1788697234.447 10311 21865 21865 W GooglePlayServicesUtil: com.axlebolt.standoff2 requires Google Play services, but they are missing.
1788697234.452 10311 21865 21865 W GooglePlayServicesUtil: com.axlebolt.standoff2 requires Google Play services, but they are missing.
1788697234.459 10311 21865 21865 W GoogleApiAvailability: Creating dialog for Google Play services availability issue. ConnectionResult=1
1788697234.459 10311 21865 21865 W GoogleApiAvailability: java.lang.IllegalArgumentException
1788697234.459 10311 21865 21865 W GoogleApiAvailability: 	at com.google.android.gms.common.GoogleApiAvailability.zaa(SourceFile:101)
1788697234.459 10311 21865 21865 W GoogleApiAvailability: 	at com.google.android.gms.common.GoogleApiAvailability.zab(SourceFile:17)
1788697234.459 10311 21865 21865 W GoogleApiAvailability: 	at com.google.android.gms.common.api.internal.zao.run(SourceFile:81)
1788697234.459 10311 21865 21865 W GoogleApiAvailability: 	at android.os.Handler.handleCallback(Handler.java:959)
1788697234.459 10311 21865 21865 W GoogleApiAvailability: 	at android.os.Handler.dispatchMessage(Handler.java:100)
1788697234.459 10311 21865 21865 W GoogleApiAvailability: 	at android.os.Looper.loopOnce(Looper.java:249)
1788697234.459 10311 21865 21865 W GoogleApiAvailability: 	at android.os.Looper.loop(Looper.java:337)
1788697234.459 10311 21865 21865 W GoogleApiAvailability: 	at com.unique.core.vam.GuestLooperGuard.loopForever(GuestLooperGuard.kt:100)
1788697234.459 10311 21865 21865 W GoogleApiAvailability: 	at com.unique.core.vam.GuestLooperGuard.install$lambda$0(GuestLooperGuard.kt:94)
1788697234.459 10311 21865 21865 W GoogleApiAvailability: 	at com.unique.core.vam.GuestLooperGuard.$r8$lambda$_2Er0QksXq2eZVLqD2VIvtSUw2o(GuestLooperGuard.kt:0)
1788697234.459 10311 21865 21865 W GoogleApiAvailability: 	at com.unique.core.vam.GuestLooperGuard$$ExternalSyntheticLambda0.run(D8$$SyntheticClass:0)
1788697234.459 10311 21865 21865 W GoogleApiAvailability: 	at android.os.Handler.handleCallback(Handler.java:959)
1788697234.459 10311 21865 21865 W GoogleApiAvailability: 	at android.os.Handler.dispatchMessage(Handler.java:100)
1788697234.459 10311 21865 21865 W GoogleApiAvailability: 	at android.os.Looper.loopOnce(Looper.java:249)
1788697234.459 10311 21865 21865 W GoogleApiAvailability: 	at android.os.Looper.loop(Looper.java:337)
1788697234.459 10311 21865 21865 W GoogleApiAvailability: 	at android.app.ActivityThread.main(ActivityThread.java:9469)
1788697234.459 10311 21865 21865 W GoogleApiAvailability: 	at java.lang.reflect.Method.invoke(Native Method)
1788697234.459 10311 21865 21865 W GoogleApiAvailability: 	at com.android.internal.os.RuntimeInit$MethodAndArgsCaller.run(RuntimeInit.java:636)
1788697234.459 10311 21865 21865 W GoogleApiAvailability: 	at com.android.internal.os.ZygoteInit.main(ZygoteInit.java:1005)
1788697234.464 10311 21865 21865 V PhoneWindowStubImpl: modifyNavigationBarColor from -16777216 to -1
1788697234.467 10311 21865 22196 D CameraExtStub: init android.hardware.camera2.impl.CameraExtImplXiaoMi
1788697234.486 10311 20915 21799 W Unique  : 2026-09-06 19:20:34.484 W PROCESS PROVIDER_ROUTE_UNKNOWN vuid=0 authority=[redacted]
1788697234.511 10311 21865 21865 D ScrollerOptimizationManager: registerConfigChangedListener
1788697234.513 10311 21865 21865 W libc    : Access denied finding property "ro.vendor.mi_sf.new_dynamic_refresh_rate"
1788697234.517 10311 21865 21865 D SplineOverScroller: dynamic params is false
1788697234.542 10311 21865 21865 D MiuiCameraCoveredManager: java.lang.NullPointerException: Attempt to invoke virtual method 'java.lang.String android.provider.MiuiSettings$SettingsCloudData$CloudData.getString(java.lang.String, java.lang.String)' on a null object reference
1788697234.545 10311 21865 22013 W libc    : Access denied finding property "ro.vendor.display.iris_x7.support"
1788697234.547 10311 21865 21865 D VRI[MessagingUnityPlayerActivity]: hardware acceleration = true, forceHwAccelerated = false
1788697234.558 10311 21865 21865 D InputEventReceiver: Input log is disabled in InputEventReceiver.
1788697234.631 10311 21865 21865 D VRI[MessagingUnityPlayerActivity]: vri.reportNextDraw android.view.ViewRootImpl.performTraversals:4936 android.view.ViewRootImpl.doTraversal:3546 android.view.ViewRootImpl$TraversalRunnable.run:11690 android.view.Choreographer$CallbackRecord.run:1763 android.view.Choreographer$CallbackRecord.run:1772
1788697234.632 10311 21865 21865 D VRI[MessagingUnityPlayerActivity]: Setup new sync=wmsSync-VRI[MessagingUnityPlayerActivity]#6
1788697234.721 10311 21865 21865 D VRI[MessagingUnityPlayerActivity]: vri.reportDrawFinished
1788697234.741 10311 21865 21958 W Unity   : [LevelPlay]: Unexpected call to SetPauseGame on Android. This method is not implemented for Android.
1788697234.741 10311 21865 21958 W Unity   : UnityEngine.DebugLogHandler:Internal_Log(LogType, LogOption, String, Object)
1788697234.741 10311 21865 21958 W Unity   : JetBrains.Collections.Viewable.SignalBase`1:Fire(T)
1788697234.824 10311 21865 22196 W libc    : Access denied finding property "vendor.camera.aux.packagelist"
1788697234.827 10311 21865 22196 W libc    : Access denied finding property "vendor.camera.aux.packagelistext"
1788697234.827 10311 21865 22196 W CameraExtImplXiaoMi: ignore the status update of camera: 2
1788697234.828 10311 21865 22196 W libc    : Access denied finding property "vendor.camera.aux.packagelist"
1788697234.828 10311 21865 22196 W libc    : Access denied finding property "vendor.camera.aux.packagelistext"
1788697234.828 10311 21865 22196 W CameraExtImplXiaoMi: ignore the status update of camera: 3
1788697234.829 10311 21865 22196 W libc    : Access denied finding property "vendor.camera.aux.packagelist"
1788697234.829 10311 21865 22196 W libc    : Access denied finding property "vendor.camera.aux.packagelistext"
1788697234.829 10311 21865 22196 W CameraExtImplXiaoMi: ignore the status update of camera: 4
1788697234.831 10311 21865 21875 W om.unique:vapp0: Long monitor contention with owner ThreadPoolSingl (22196) at void android.hardware.camera2.CameraManager$CameraManagerGlobal.registerAvailabilityCallback(android.hardware.camera2.CameraManager$AvailabilityCallback, java.util.concurrent.Executor, boolean, int, int)(CameraManager.java:3221) waiters=0 in void android.hardware.camera2.CameraManager$CameraManagerGlobal.onTorchStatusChanged(int, java.lang.String, int) for 365ms
1788697234.831 10311 21865 21875 W om.unique:vapp0: PerfMonitor async binderTransact :  time=366ms interface=android.hardware.ICameraServiceListener code=3
1788697234.832 10311 21865 21875 W libc    : Access denied finding property "vendor.camera.aux.packagelist"
1788697234.832 10311 21865 21875 W libc    : Access denied finding property "vendor.camera.aux.packagelistext"
1788697234.832 10311 21865 21875 W CameraManagerGlobal: ignore the torch status update of camera: 2
1788697234.833 10311 21865 21875 W libc    : Access denied finding property "vendor.camera.aux.packagelist"
1788697234.833 10311 21865 21875 W libc    : Access denied finding property "vendor.camera.aux.packagelistext"
1788697234.833 10311 21865 21875 W CameraManagerGlobal: ignore the torch status update of camera: 3
1788697234.834 10311 21865 21875 W libc    : Access denied finding property "vendor.camera.aux.packagelist"
1788697234.834 10311 21865 21875 W libc    : Access denied finding property "vendor.camera.aux.packagelistext"
1788697234.834 10311 21865 21875 W CameraManagerGlobal: ignore the torch status update of camera: 4
1788697236.475 10311 21865 22053 D Unique  : 2026-09-06 19:20:36.474 D PROCESS u0 com.axlebolt.standoff2 SERVICE_INTENT_ROUTED service=io.appmetrica.analytics.internal.AppMetricaService stub=com.unique.stub.ServiceStub_p0_s0 action=io.appmetrica.analytics.IAppMetricaService
1788697236.497 10311 21865 22150 D UserMessagingPlatform: Action[clear]: {"keys":["UMP_eids"]}
1788697236.498 10311 21865 22150 D UserMessagingPlatform: Action[write]: {"UMP_consentModeValues":"4444","IABTCF_CmpSdkID":300,"IABTCF_gdprApplies":0}
1788697236.498 10311 21865 22150 D UserMessagingPlatform: Writing to storage: [UMP_consentModeValues] 4444
1788697236.498 10311 21865 22150 D UserMessagingPlatform: Writing to storage: [IABTCF_CmpSdkID] 300
1788697236.498 10311 21865 22150 D UserMessagingPlatform: Writing to storage: [IABTCF_gdprApplies] 0
1788697236.744 10311 21865 22165 D Unique  : 2026-09-06 19:20:36.743 D PROCESS u0 com.axlebolt.standoff2 SERVICE_CONNECTION_WRAPPED connection=WV.xx2
1788697236.751 10311 21865 22165 D Unique  : 2026-09-06 19:20:36.751 D PROCESS u0 com.axlebolt.standoff2 SERVICE_CONNECTION_WRAPPED connection=WV.ne
1788697236.776 10311 21865 21958 D Unique  : 2026-09-06 19:20:36.775 D PROCESS u0 com.axlebolt.standoff2 PERMISSION_CHECK permission=android.permission.POST_NOTIFICATIONS result=GRANTED
1788697236.777 10311 21865 21958 D Unique  : 2026-09-06 19:20:36.777 D PROCESS u0 com.axlebolt.standoff2 PERMISSION_CHECK permission=android.permission.POST_NOTIFICATIONS result=GRANTED
1788697239.820 10311 21865 21865 W MirrorManager: this model don't Support
1788697239.882 10311 21865 21865 W WindowOnBackDispatcher: sendCancelIfRunning: isInProgress=false callback=android.view.ViewRootImpl$$ExternalSyntheticLambda12@9abc0b0
1788697239.886 10311 21865 21865 D View    : [Warning] assignParent to null: this = DecorView@38d92d[MessagingUnityPlayerActivity]
1788697239.896 10311 21865 21865 W InputEventReceiver: Attempted to finish an input event but the input event receiver has already been disposed.
1788697239.914 10311 21865 22135 I firebase: Firebase Analytics API Initializing
1788697239.914 10311 21865 22135 I firebase: analytics API Initialized
1788697239.914 10311 21865 22135 E firebase: Messaging already shut down.
1788697239.930 10311 21865 21958 W Unity   : [LevelPlay]: Unexpected call to SetPauseGame on Android. This method is not implemented for Android.
1788697239.930 10311 21865 21958 W Unity   : UnityEngine.DebugLogHandler:Internal_Log(LogType, LogOption, String, Object)
1788697239.930 10311 21865 21958 W Unity   : JetBrains.Collections.Viewable.SignalBase`1:Fire(T)
1788697241.479 10311 21865 22053 D Unique  : 2026-09-06 19:20:41.478 D PROCESS u0 com.axlebolt.standoff2 SERVICE_INTENT_ROUTED service=io.appmetrica.analytics.internal.AppMetricaService stub=com.unique.stub.ServiceStub_p0_s0 action=io.appmetrica.analytics.IAppMetricaService
1788697246.106 10311 21865 21865 D Unique  : 2026-09-06 19:20:46.104 D LAUNCH u0 com.axlebolt.standoff2 NO_LAUNCH_ITEM transaction=android.app.servertransaction.ClientTransaction shape=CREATOR: mActivityCallbacks:[WindowStateInsetsControlChangeItem] mActivityToken:null mClient:null mLifecycleStateRequest:null mTransactionItems:[WindowStateInsetsControlChangeItem] seen=8
1788697246.112 10311 21865 21865 D Unique  : 2026-09-06 19:20:46.111 D LAUNCH u0 com.axlebolt.standoff2 NO_LAUNCH_ITEM transaction=android.app.servertransaction.ClientTransaction shape=CREATOR: mActivityCallbacks:[WindowStateResizeItem] mActivityToken:null mClient:null mLifecycleStateRequest:null mTransactionItems:[WindowStateResizeItem] seen=9
1788697246.483 10311 21865 22053 D Unique  : 2026-09-06 19:20:46.482 D PROCESS u0 com.axlebolt.standoff2 SERVICE_INTENT_ROUTED service=io.appmetrica.analytics.internal.AppMetricaService stub=com.unique.stub.ServiceStub_p0_s0 action=io.appmetrica.analytics.IAppMetricaService
1788697246.596 10311 21865 21865 D Unique  : 2026-09-06 19:20:46.596 D LAUNCH u0 com.axlebolt.standoff2 NO_LAUNCH_ITEM transaction=android.app.servertransaction.ClientTransaction shape=CREATOR: mActivityCallbacks:[TopResumedActivityChangeItem] mActivityToken:BinderProxy mClient:null mLifecycleStateRequest:null mTransactionItems:[TopResumedActivityChangeItem] seen=10
1788697246.801 10311 21865 21865 D Unique  : 2026-09-06 19:20:46.797 D LAUNCH u0 com.axlebolt.standoff2 NO_LAUNCH_ITEM transaction=android.app.servertransaction.ClientTransaction shape=CREATOR: mActivityCallbacks:[WindowStateInsetsControlChangeItem] mActivityToken:null mClient:null mLifecycleStateRequest:null mTransactionItems:[WindowStateInsetsControlChangeItem] seen=11
1788697246.829 10311 21865 21958 W Unity   : [LevelPlay]: Unexpected call to SetPauseGame on Android. This method is not implemented for Android.
1788697246.829 10311 21865 21958 W Unity   : UnityEngine.DebugLogHandler:Internal_Log(LogType, LogOption, String, Object)
1788697246.829 10311 21865 21958 W Unity   : JetBrains.Collections.Viewable.SignalBase`1:Fire(T)
1788697247.967 10311 21865 21865 D Unique  : 2026-09-06 19:20:47.948 D LAUNCH u0 com.axlebolt.standoff2 NO_LAUNCH_ITEM transaction=android.app.servertransaction.ClientTransaction shape=CREATOR: mActivityCallbacks:[WindowContextInfoChangeItem|ConfigurationChangeItem] mActivityToken:null mClient:null mLifecycleStateRequest:null mTransactionItems:[WindowContextInfoChangeItem|ConfigurationChangeItem] seen=12
1788697248.124 10311 21865 21865 D Unique  : 2026-09-06 19:20:48.121 D LAUNCH u0 com.axlebolt.standoff2 NO_LAUNCH_ITEM transaction=android.app.servertransaction.ClientTransaction shape=CREATOR: mActivityCallbacks:[WindowStateInsetsControlChangeItem] mActivityToken:null mClient:null mLifecycleStateRequest:null mTransactionItems:[WindowStateInsetsControlChangeItem] seen=13
1788697248.145 10311 21865 22013 W RenderInspector: DequeueBuffer time out on com.axlebolt.standoff2/com.google.firebase.MessagingUnityPlayerActivity, count=1, avg=17 ms, max=17 ms.
1788697248.251 10311 21865 21865 D Unique  : 2026-09-06 19:20:48.249 D LAUNCH u0 com.axlebolt.standoff2 NO_LAUNCH_ITEM transaction=android.app.servertransaction.ClientTransaction shape=CREATOR: mActivityCallbacks:null mActivityToken:BinderProxy mClient:null mLifecycleStateRequest:StopActivityItem mTransactionItems:[StopActivityItem] seen=14
1788697248.270 10311 21865 21865 D FirebaseSessions: App backgrounded on com.axlebolt.standoff2
1788697248.363 10311 21865 21958 D om.unique:vapp0: PlayerBase::stop() from IPlayer
1788697248.363 10311 21865 21958 D AudioTrackShared: this(0xb400007bab169410), mCblk(0x7ddc7dc000), front(773632), mIsOut 1, interrupt() FUTEX_WAKE
1788697248.368 10311 21865 21958 D AudioTrackShared: this(0xb400007bab169410), mCblk(0x7ddc7dc000), front(773888), mIsOut 1, interrupt() FUTEX_WAKE
1788697248.393 10311 21865 21958 W Unity   : [LevelPlay]: Unexpected call to SetPauseGame on Android. This method is not implemented for Android.
1788697248.393 10311 21865 21958 W Unity   : UnityEngine.DebugLogHandler:Internal_Log(LogType, LogOption, String, Object)
1788697248.393 10311 21865 21958 W Unity   : JetBrains.Collections.Viewable.SignalBase`1:Fire(T)
1788697248.396 10311 21865 21865 W Activity: PerfMonitor: Slow Operation: Activity com.axlebolt.standoff2/com.google.firebase.MessagingUnityPlayerActivity onPause took 126ms
1788697248.592 10311 21865 21865 D Unique  : 2026-09-06 19:20:48.589 D LAUNCH u0 com.axlebolt.standoff2 NO_LAUNCH_ITEM transaction=android.app.servertransaction.ClientTransaction shape=CREATOR: mActivityCallbacks:null mActivityToken:BinderProxy mClient:null mLifecycleStateRequest:DestroyActivityItem mTransactionItems:[DestroyActivityItem] seen=15
1788697248.600 10311 21865 21958 D libMEOW : meow delete tls: 0xb400007c7b260160
1788697248.612 10311 21865 21865 I Process : 	at android.os.Process.killProcess(Process.java:1465)
1788697248.612 10311 21865 21865 I Process : 	at com.unity3d.player.UnityPlayer.kill(SourceFile:11)
1788697248.612 10311 21865 21865 I Process : 	at com.unity3d.player.UnityPlayerForActivityOrService.cleanupResourcesForDestroy(SourceFile:60)
1788697248.612 10311 21865 21865 I Process : 	at com.unity3d.player.UnityPlayer.destroy(SourceFile:57)
1788697248.612 10311 21865 21865 I Process : 	at com.unity3d.player.UnityPlayerActivity.onDestroy(SourceFile:3)
1788697248.612 10311 21865 21865 I Process : 	at android.app.Activity.performDestroy(Activity.java:9531)
1788697248.612 10311 21865 21865 I Process : 	at android.app.Instrumentation.callActivityOnDestroy(Instrumentation.java:1572)
1788697248.612 10311 21865 21865 I Process : 	at android.app.ActivityThread.performDestroyActivity(ActivityThread.java:6397)
1788697248.612 10311 21865 21865 I Process : 	at android.app.ActivityThread.handleDestroyActivity(ActivityThread.java:6442)
1788697248.612 10311 21865 21865 I Process : 	at android.app.servertransaction.DestroyActivityItem.execute(DestroyActivityItem.java:46)
1788697248.612 10311 21865 21865 I Process : 	at android.app.servertransaction.ActivityTransactionItem.execute(ActivityTransactionItem.java:60)
1788697248.612 10311 21865 21865 I Process : 	at android.app.servertransaction.TransactionExecutor.executeLifecycleItem(TransactionExecutor.java:237)
1788697248.612 10311 21865 21865 I Process : 	at android.app.servertransaction.TransactionExecutor.executeTransactionItems(TransactionExecutor.java:110)
1788697248.612 10311 21865 21865 I Process : 	at android.app.servertransaction.TransactionExecutor.execute(TransactionExecutor.java:84)
1788697248.612 10311 21865 21865 I Process : 	at android.app.ActivityThread$H.handleMessage(ActivityThread.java:2878)
1788697248.612 10311 21865 21865 I Process : 	at android.os.Handler.dispatchMessage(Handler.java:107)
1788697248.612 10311 21865 21865 I Process : 	at android.os.Looper.loopOnce(Looper.java:249)
1788697248.612 10311 21865 21865 I Process : 	at android.os.Looper.loop(Looper.java:337)
1788697248.612 10311 21865 21865 I Process : 	at com.unique.core.vam.GuestLooperGuard.loopForever(GuestLooperGuard.kt:100)
1788697248.612 10311 21865 21865 I Process : 	at com.unique.core.vam.GuestLooperGuard.install$lambda$0(GuestLooperGuard.kt:94)
1788697248.612 10311 21865 21865 I Process : 	at com.unique.core.vam.GuestLooperGuard.$r8$lambda$_2Er0QksXq2eZVLqD2VIvtSUw2o(GuestLooperGuard.kt:0)
1788697248.612 10311 21865 21865 I Process : 	at com.unique.core.vam.GuestLooperGuard$$ExternalSyntheticLambda0.run(D8$$SyntheticClass:0)
1788697248.612 10311 21865 21865 I Process : 	at android.os.Handler.handleCallback(Handler.java:959)
1788697248.612 10311 21865 21865 I Process : 	at android.os.Handler.dispatchMessage(Handler.java:100)
1788697248.612 10311 21865 21865 I Process : 	at android.os.Looper.loopOnce(Looper.java:249)
1788697248.612 10311 21865 21865 I Process : 	at android.os.Looper.loop(Looper.java:337)
1788697248.612 10311 21865 21865 I Process : 	at android.app.ActivityThread.main(ActivityThread.java:9469)
1788697248.612 10311 21865 21865 I Process : 	at java.lang.reflect.Method.invoke(Native Method)
1788697248.612 10311 21865 21865 I Process : 	at com.android.internal.os.RuntimeInit$MethodAndArgsCaller.run(RuntimeInit.java:636)
1788697248.612 10311 21865 21865 I Process : 	at com.android.internal.os.ZygoteInit.main(ZygoteInit.java:1005)
1788697248.755 10311 20915 20960 E com.unique: checkIfsupportxIntfps do not binder to joyose
1788697248.786 10311 20915 20915 D SurfaceView: UPDATE Surface(name=SurfaceView[com.unique/com.unique.app.MainActivity]#59044)/@0xde8e975, mIsProjectionMode = false
1788697249.694 10311 20915 20918 W com.unique: Missing inline cache for void android.view.InputEventManagerImpl.logOnInputEvent(android.view.InputEvent, java.lang.String)
1788697250.950 10311 20915 20915 I ScrollIdentify: on fling
1788697251.325 10311 20915 20915 I ScrollIdentify: on fling
1788697253.695 10311 20915 20915 I ScrollIdentify: on fling
1788697254.045 10311 20915 20915 I ScrollIdentify: on fling
1788697254.441 10311 20915 20915 I ScrollIdentify: on fling
1788697255.531 10311 20915 20915 I ScrollIdentify: on fling
1788697255.906 10311 20915 20915 I ScrollIdentify: on fling
1788697256.454 10311 22781 22781 I om.unique:vapp0: Using generational CollectorTypeCMC GC.
1788697256.476 10311 22781 22781 I MessageMonitor: Load libmiui_runtime
1788697256.491 10311 22781 22781 D MiuiMonitorThread: Shared singleton Thread for stability monitor start
1788697256.499 10311 22781 22781 D ActivityThread: setEmbeddedParam packageName=com.unique processName=com.unique:vapp0 isEmbedded=false isIsolated=false
1788697256.501 10311 22781 22781 D ApplicationLoaders: Returning zygote-cached class loader: /system_ext/framework/androidx.window.extensions.jar
1788697256.501 10311 22781 22781 D ApplicationLoaders: Returning zygote-cached class loader: /system_ext/framework/androidx.window.sidecar.jar
1788697256.515 10311 22781 22781 I ActivityThread: TrafficStats init done
1788697256.518 10311 22781 22781 D ActivityThread: useGrowthLimitOutExpendMethod invoke error.
1788697256.523 10311 22781 22781 I MiuiForceDarkConfig: setConfig density:2.750000, mainRule:0, secondaryRule:0, tertiaryRule:0
1788697256.526 10311 22781 22781 I ActivityThread: Miui Feature Init done
1788697256.535 10311 22781 22781 I Unique  : 2026-09-06 19:20:56.532 I PROCESS PROCESS_START process=com.unique:vapp0 kind=VAPP sdk=35 abi=arm64-v8a,armeabi-v7a,armeabi
1788697256.536 10311 22781 22781 W om.unique:vapp0: Unsupported class loader: java.lang.Class<org.lsposed.hiddenapibypass.CoreOjClassLoader>
1788697256.586 10311 22781 22781 W om.unique:vapp0: Unsupported class loader: java.lang.Class<org.lsposed.hiddenapibypass.CoreOjClassLoader>
1788697256.587 10311 22781 22781 W om.unique:vapp0: Unsupported class loader: java.lang.Class<org.lsposed.hiddenapibypass.CoreOjClassLoader>
1788697256.589 10311 22781 22781 I Unique  : 2026-09-06 19:20:56.588 I HOOK HIDDEN_API_GRANTED via=HiddenApiBypass
1788697256.595 10311 22781 22781 I UniqueNative: libunique_native loaded (page size 4096)
1788697256.596 10311 22781 22781 I Unique  : 2026-09-06 19:20:56.596 I LAUNCH INTERCEPTOR_INSTALLED executeTransaction=159
1788697256.597 10311 22781 22781 I Unique  : 2026-09-06 19:20:56.596 I PROCESS VAPP_READY slot=0
1788697256.598 10311 22781 22781 I ResMonitorStub: Get RMS proxy takes 1 ms
1788697256.599 10311 22781 22781 I Unique  : 2026-09-06 19:20:56.598 I PROCESS STUB_PROVIDER_CREATED slot=0
1788697256.606 10311 22781 22781 D Unique  : 2026-09-06 19:20:56.605 D LAUNCH CALLBACK_ALIVE what=114 obj=android.app.ActivityThread$CreateServiceData
1788697256.607 10311 22781 22781 D Unique  : 2026-09-06 19:20:56.606 D PROCESS CREATE_SERVICE_UNMAPPED stub=com.unique.stub.JobStub_p0
1788697256.608 10311 22781 22781 D Unique  : 2026-09-06 19:20:56.607 D LAUNCH CALLBACK_ALIVE what=121 obj=android.app.ActivityThread$BindServiceData
1788697256.674 10311 22781 22781 I Unique  : 2026-09-06 19:20:56.673 I PROCESS PROCESS_RENAMED argv0=com.axlebolt.standoff2
1788697257.395 10311 22781 22781 I Unique  : 2026-09-06 19:20:57.394 I PROCESS PROFILE_BOUND profile=e492aa24-71e1-4873-8ded-6f73876fcfe1 androidId=26fd6dc8e336b2c7 generation=1
1788697257.399 10311 22781 22781 I Unique  : 2026-09-06 19:20:57.398 I PROCESS BUILD_OVERRIDES_APPLIED applied=1 requested=1
1788697257.401 10311 22781 22781 I Unique  : 2026-09-06 19:20:57.400 I LAUNCH PROFILE_BOUND profileId=e492aa24-71e1-4873-8ded-6f73876fcfe1 generation=1
1788697257.419 10311 22781 22781 I Unique  : 2026-09-06 19:20:57.417 I PROCESS PERMISSION_CACHE_DISABLED disabled=disablePackageNamePermissionCache,disablePermissionCache,disableApplicationInfoCache,disablePackageInfoCache,disableGetPackagesForUidCache failed=android.app.ActivityManager: no disable*Cache()
1788697257.437 10311 22781 22781 I Unique  : 2026-09-06 19:20:57.434 I PROCESS PERMISSIONS_BOUND package=com.axlebolt.standoff2 vuid=0 declared=28 restored=4 runtime=6 installTime=22 selfDefined=2
1788697257.482 10311 22781 22781 I Unique  : 2026-09-06 19:20:57.477 I HOOK SERVICE_HOOKED service=package cache=true singletons=1 managers=1 bound=permissionCheck,getActivityInfo,applicationEnabledSetting,getApplicationInfo,componentEnabledSetting,installedPackages,getInstallerPackageName,getNameForUid,getPackageUid,getPackageInfo,getPackagesForUid,getProviderInfo,getReceiverInfo,getServiceInfo,queryIntent,resolveContentProvider,resolveIntent matched=permissionCheck=checkPermission+checkUidPermission,getActivityInfo,applicationEnabledSetting=getApplicationEnabledSetting+setApplicationEnabledSetting,getApplicationInfo,componentEnabledSetting=getComponentEnabledSetting+setComponentEnabledSetting,installedPackages=getInstalledApplications+getInstalledPackages,getInstallerPackageName,getNameForUid,getPackageUid=getPackageGids+getPackageUid,getPack
1788697257.485 10311 22781 22781 I Unique  : 2026-09-06 19:20:57.483 I LAUNCH VPM_HOOK_INSTALLED package=com.axlebolt.standoff2 bound=permissionCheck,getActivityInfo,applicationEnabledSetting,getApplicationInfo,componentEnabledSetting,installedPackages,getInstallerPackageName,getNameForUid,getPackageUid,getPackageInfo,getPackagesForUid,getProviderInfo,getReceiverInfo,getServiceInfo,queryIntent,resolveContentProvider,resolveIntent
1788697257.534 10311 22781 22781 I Unique  : 2026-09-06 19:20:57.530 I HOOK SERVICE_HOOKED service=activity cache=true singletons=1 managers=0 bound=serviceDispatch,callerIdentity,permissionCheck,getContentProvider,intentSender,runningProcesses,registerReceiver,foregroundService matched=serviceDispatch=bindService+bindServiceInstance+peekService+publishService+startService+stopService+unbindFinished,callerIdentity=broadcastIntent+broadcastIntentWithFeature+getBindingUidProcessState+getContentProviderExternal+getHistoricalProcessExitReasons+getHistoricalProcessStartReasons+getPackageProcessState+getTagForIntentSender+getUidLastIdleElapsedTime+getUidProcessCapabilities+getUidProces
1788697257.539 10311 22781 22781 I Unique  : 2026-09-06 19:20:57.535 I LAUNCH VAM_HOOK_INSTALLED package=com.axlebolt.standoff2 host=com.unique methods=8 matched=serviceDispatch=bindService+bindServiceInstance+peekService+publishService+startService+stopService+unbindFinished,callerIdentity=broadcastIntent+broadcastIntentWithFeature+getBindingUidProcessState+getContentProviderExternal+getHistoricalProcessExitReasons+getHistoricalProcessStartReasons+getPackageProcessState+getTagForIntentSender+getUidLastIdleElapsedTime+getUidProcessCapabilities+getUidProcessState+grantUriPermission+isBackgroundRestricted+isUidActive+moveTaskToFront+revokeUriPermission+sendIntentSender+startActivity+startActivityAsUser+startActivityAsUserWithFeature+startActivityWithFeature,permissionCheck=checkPermission+checkPermissionForDevice,getContentProvider,intentSender=getIntentSender+getIntentSenderWithFeature,runningProcesses=getRunningAppProcesses+getServices,registerReceiver=registerReceiver+registerReceiverWithFeature,foregroundService=setServiceForeground
1788697257.555 10311 22781 22781 I Unique  : 2026-09-06 19:20:57.551 I HOOK SERVICE_HOOKED service=activity_task cache=true singletons=1 managers=0 bound=activityStart matched=activityStart=startActivities+startActivity+startActivityAndWait+startActivityAsCaller+startActivityAsUser+startActivityFromGameSession+startActivityIntentSender+startActivityWithConfig
1788697257.558 10311 22781 22781 I Unique  : 2026-09-06 19:20:57.555 I LAUNCH ATM_HOOK_INSTALLED package=com.axlebolt.standoff2 host=com.unique matched=activityStart=startActivities+startActivity+startActivityAndWait+startActivityAsCaller+startActivityAsUser+startActivityFromGameSession+startActivityIntentSender+startActivityWithConfig
1788697257.567 10311 22781 22781 I Unique  : 2026-09-06 19:20:57.564 I HOOK SERVICE_HOOKED service=permissionmgr cache=true singletons=1 managers=1 bound=shouldShowRequestPermissionRationale matched=shouldShowRequestPermissionRationale
1788697257.569 10311 22781 22781 I Unique  : 2026-09-06 19:20:57.567 I HOOK PERMISSION_MANAGER_HOOKED matched=shouldShowRequestPermissionRationale
1788697257.582 10311 22781 22781 I Unique  : 2026-09-06 19:20:57.578 I HOOK SERVICE_HOOKED service=appops cache=true singletons=0 managers=2 bound=appOpIdentity matched=appOpIdentity=checkAudioOperation+checkOperation+checkOperationForDevice+checkOperationRaw+checkOperationRawForDevice+checkPackage+collectNoteOpCallsForValidation+extractAsyncOps+finishOperation+finishOperationForDevice+getHistoricalOps+getHistoricalOpsFromDiskRaw+getOpsForPackage+getPackagesForOpsForDevice+isOperationActive+isProxying+noteOperation+noteOperationForDevice+noteProxyOperation+notePr
1788697257.586 10311 22781 22781 I Unique  : 2026-09-06 19:20:57.582 I HOOK APPOPS_HOOKED package=com.axlebolt.standoff2 host=com.unique matched=appOpIdentity=checkAudioOperation+checkOperation+checkOperationForDevice+checkOperationRaw+checkOperationRawForDevice+checkPackage+collectNoteOpCallsForValidation+extractAsyncOps+finishOperation+finishOperationForDevice+getHistoricalOps+getHistoricalOpsFromDiskRaw+getOpsForPackage+getPackagesForOpsForDevice+isOperationActive+isProxying+noteOperation+noteOperationForDevice+noteProxyOperation+notePr
1788697257.600 10311 22781 22781 I Unique  : 2026-09-06 19:20:57.598 I PROCESS SETTINGS_CACHES_PRIMED wrappedByHand=0 alreadyWrapped=3 empty=1
1788697257.604 10311 22781 22781 I Unique  : 2026-09-06 19:20:57.600 I PROCESS PROVIDER_CACHES_EVICTED activityThreadProviders=2 providerRefCounts=1 settingsCaches=4 settingsWrapped=3 hostSource=com.unique hostSourceUid=10311
1788697257.620 10311 22781 22781 I Unique  : 2026-09-06 19:20:57.618 I LAUNCH GOOGLE_STACK_HIDDEN hidden=true reason=AUTO_HIDDEN_AFTER_CRASH detail=this instance died of "Unknown calling package name" once; Play services is hidden from it so its SDK takes the path it has for a phone without one packages=com.google.android.gms,com.google.android.gsf
1788697257.624 10311 22781 22781 I Unique  : 2026-09-06 19:20:57.622 I PROCESS NETWORK_SECURITY_INSTALLED package=com.axlebolt.standoff2 configRes=0 targetSdk=36
1788697257.626 10311 22781 22781 I UniqueNative: redirect table set: 8 rule(s)
1788697257.628 10311 22781 22781 I UniqueNative: io_redirect: 2 exclusion(s) set
1788697257.629 10311 22781 22781 I UniqueNative: io_redirect installed: 0 slot(s) in 0/389 libraries (0 excluded, 0 total), 8 rule(s), page size 4096
1788697257.629 10311 22781 22781 W UniqueNative: io_redirect: filter did not match: /data/user/0/com.unique/files/virtual/apk/com.axlebolt.standoff2/203908/lib/arm64-v8a
1788697257.630 10311 22781 22781 W UniqueNative: io_redirect: filter did not match: /data/data/com.unique/files/virtual/apk/com.axlebolt.standoff2/203908/lib/arm64-v8a
1788697257.630 10311 22781 22781 W UniqueNative: io_redirect: filter did not match: /data/user/0/com.unique/files/virtual/apk/com.axlebolt.standoff2/203908
1788697257.630 10311 22781 22781 W UniqueNative: io_redirect: filter did not match: /data/data/com.unique/files/virtual/apk/com.axlebolt.standoff2/203908
1788697257.630 10311 22781 22781 W UniqueNative: io_redirect: app-private library seen: /data/misc/apexdata/com.android.art/dalvik-cache/arm64/boot.oat
1788697257.630 10311 22781 22781 W UniqueNative: io_redirect: app-private library seen: /data/misc/apexdata/com.android.art/dalvik-cache/arm64/boot-framework-adservices.oat
1788697257.630 10311 22781 22781 W UniqueNative: io_redirect: app-private library seen: /data/app/~~CoUHsKCRsYdpp67Um5HWkw==/com.unique-fIAs6w0Pm5EDqt_WqssjCA==/oat/arm64/base.odex
1788697257.630 10311 22781 22781 W UniqueNative: io_redirect: app-private library seen: /data/app/~~CoUHsKCRsYdpp67Um5HWkw==/com.unique-fIAs6w0Pm5EDqt_WqssjCA==/base.apk!/lib/arm64-v8a/libunique_native.so
1788697257.633 10311 22781 22781 I UniqueNative: io_redirect: library-load watch installed (3 slot(s) in 2 libraries)
1788697257.633 10311 22781 22781 W UniqueNative: io_redirect: watch saw but did not match: /data/misc/apexdata/com.android.art/dalvik-cache/arm64/boot.oat
1788697257.633 10311 22781 22781 W UniqueNative: io_redirect: watch saw but did not match: /data/misc/apexdata/com.android.art/dalvik-cache/arm64/boot-framework-adservices.oat
1788697257.633 10311 22781 22781 W UniqueNative: io_redirect: watch saw but did not match: /data/app/~~CoUHsKCRsYdpp67Um5HWkw==/com.unique-fIAs6w0Pm5EDqt_WqssjCA==/oat/arm64/base.odex
1788697257.633 10311 22781 22781 W UniqueNative: io_redirect: watch saw but did not match: /data/app/~~CoUHsKCRsYdpp67Um5HWkw==/com.unique-fIAs6w0Pm5EDqt_WqssjCA==/base.apk!/lib/arm64-v8a/libunique_native.so
1788697257.637 10311 22781 22781 I Unique  : 2026-09-06 19:20:57.634 I NATIVE IO_REDIRECT_INSTALLED status=NOTHING_TO_HOOK watch=OK rules=8 slots=0 scope=/data/user/0/com.unique/files/virtual/apk/com.axlebolt.standoff2/203908/lib/arm64-v8a,/data/data/com.unique/files/virtual/apk/com.axlebolt.standoff2/203908/lib/arm64-v8a,/data/user/0/com.unique/files/ excluded=libgrave.so,libunique_native.so
1788697257.639 10311 22781 22781 I Unique  : 2026-09-06 19:20:57.637 I WEBVIEW WEBVIEW_DATA_DIR_SUFFIX suffix=vapp0 slot=0
1788697257.642 10311 22781 22781 I UniqueNative: crash: recording 6 signal(s) to /data/user/0/com.unique/files/virtual/runtime/diagnostics/0/com.axlebolt.standoff2/native-crash-22781.properties
1788697257.644 10311 22781 22781 I Unique  : 2026-09-06 19:20:57.642 I NATIVE NATIVE_CRASH_HANDLER status=OK file=/data/user/0/com.unique/files/virtual/runtime/diagnostics/0/com.axlebolt.standoff2/native-crash-22781.properties
1788697257.652 10311 22781 22781 I Unique  : 2026-09-06 19:20:57.650 I PROCESS COMPONENT_STATE_RESTORED package=com.axlebolt.standoff2 vuid=0 entries=1
1788697257.655 10311 22781 22781 I Unique  : 2026-09-06 19:20:57.653 I STORAGE EXTERNAL_STORAGE_REDIRECTED package=com.axlebolt.standoff2 vuid=0 root=/data/user/0/com.unique/files/virtual/users/0/sdcard
1788697257.663 10311 22781 22781 I Unique  : 2026-09-06 19:20:57.660 I HOOK SERVICE_HOOKED service=alarm cache=true singletons=0 managers=0 bound=callerPackage matched=callerPackage=canScheduleExactAlarms+cancelPoweroffAlarm+hasScheduleExactAlarm+removeAll+set+setTimeZone
1788697257.666 10311 22781 22781 I Unique  : 2026-09-06 19:20:57.664 I HOOK IDENTITY_HOOK_INSTALLED service=alarm package=com.axlebolt.standoff2 matched=callerPackage=canScheduleExactAlarms+cancelPoweroffAlarm+hasScheduleExactAlarm+removeAll+set+setTimeZone
1788697257.674 10311 22781 22781 I Unique  : 2026-09-06 19:20:57.671 I HOOK SERVICE_HOOKED service=clipboard cache=true singletons=0 managers=0 bound=callerPackage matched=callerPackage=addPrimaryClipChangedListener+clearPrimaryClip+getPrimaryClip+getPrimaryClipDescription+getPrimaryClipSource+getUserPrimaryClip+hasClipboardText+hasPrimaryClip+removePrimaryClipChangedListener+setPrimaryClip+setPrimaryClipAsPackage
1788697257.677 10311 22781 22781 I Unique  : 2026-09-06 19:20:57.675 I HOOK IDENTITY_HOOK_INSTALLED service=clipboard package=com.axlebolt.standoff2 matched=callerPackage=addPrimaryClipChangedListener+clearPrimaryClip+getPrimaryClip+getPrimaryClipDescription+getPrimaryClipSource+getUserPrimaryClip+hasClipboardText+hasPrimaryClip+removePrimaryClipChangedListener+setPrimaryClip+setPrimaryClipAsPackage
1788697257.685 10311 22781 22781 I Unique  : 2026-09-06 19:20:57.682 I HOOK SERVICE_HOOKED service=restrictions cache=true singletons=0 managers=0 bound=callerPackage matched=callerPackage=getApplicationRestrictions+getApplicationRestrictionsPerAdminForUser+notifyPermissionResponse+requestPermission
1788697257.688 10311 22781 22781 I Unique  : 2026-09-06 19:20:57.686 I HOOK IDENTITY_HOOK_INSTALLED service=restrictions package=com.axlebolt.standoff2 matched=callerPackage=getApplicationRestrictions+getApplicationRestrictionsPerAdminForUser+notifyPermissionResponse+requestPermission
1788697257.696 10311 22781 22781 I Unique  : 2026-09-06 19:20:57.693 I HOOK SERVICE_HOOKED service=locale cache=true singletons=0 managers=0 bound=callerPackage,setApplicationLocales matched=callerPackage=getApplicationLocales+getOverrideLocaleConfig+setOverrideLocaleConfig,setApplicationLocales
1788697257.699 10311 22781 22781 I Unique  : 2026-09-06 19:20:57.697 I HOOK IDENTITY_HOOK_INSTALLED service=locale package=com.axlebolt.standoff2 matched=callerPackage=getApplicationLocales+getOverrideLocaleConfig+setOverrideLocaleConfig,setApplicationLocales
1788697257.710 10311 22781 22781 I Unique  : 2026-09-06 19:20:57.706 I HOOK SERVICE_HOOKED service=connectivity cache=true singletons=0 managers=0 bound=callerPackage matched=callerPackage=getDefaultNetworkCapabilitiesForUser+getLastTetherError+getNetworkCapabilities+getRedactedLinkPropertiesForPackage+getRedactedNetworkCapabilitiesForPackage+isConnectivityServiceFeatureEnabledForTesting+listenForNetwork+pendingListenForNetwork+pendingRequestForNetwork+registerConnectivityDiagnosticsCallback+registerNetworkProvider+requestNetwork+requestRouteToHostAddress+setProvisioni
1788697257.712 10311 22781 22781 I Unique  : 2026-09-06 19:20:57.710 I HOOK IDENTITY_HOOK_INSTALLED service=connectivity package=com.axlebolt.standoff2 matched=callerPackage=getDefaultNetworkCapabilitiesForUser+getLastTetherError+getNetworkCapabilities+getRedactedLinkPropertiesForPackage+getRedactedNetworkCapabilitiesForPackage+isConnectivityServiceFeatureEnabledForTesting+listenForNetwork+pendingListenForNetwork+pendingRequestForNetwork+registerConnectivi
1788697257.721 10311 22781 22781 I Unique  : 2026-09-06 19:20:57.718 I HOOK SERVICE_HOOKED service=power cache=true singletons=0 managers=0 bound=callerPackage matched=callerPackage=acquireWakeLock+acquireWakeLockAsync+acquireWakeLockWithUid+crash+isAmbientDisplaySuppressedForToken+isAmbientDisplaySuppressedForTokenByApp+isFeatureAllowedInLowPowerStandby+reboot+shutdown+suppressAmbientDisplay+updateWakeLockWorkSource+wakeUp
1788697257.723 10311 22781 22781 I Unique  : 2026-09-06 19:20:57.721 I HOOK IDENTITY_HOOK_INSTALLED service=power package=com.axlebolt.standoff2 matched=callerPackage=acquireWakeLock+acquireWakeLockAsync+acquireWakeLockWithUid+crash+isAmbientDisplaySuppressedForToken+isAmbientDisplaySuppressedForTokenByApp+isFeatureAllowedInLowPowerStandby+reboot+shutdown+suppressAmbientDisplay+updateWakeLockWorkSource+wakeUp
1788697257.752 10311 22781 22781 I Unique  : 2026-09-06 19:20:57.748 I HOOK SERVICE_HOOKED service=wifi cache=true singletons=0 managers=0 bound=callerPackage matched=callerPackage=acquireMulticastLock+acquireWifiLock+addLocalOnlyConnectionStatusListener+addNetworkSuggestions+addOrUpdateNetwork+addOrUpdateNetworkPrivileged+addOrUpdatePasspointConfiguration+addQosPolicies+addSuggestionUserApprovalStatusListener+allowAutojoinGlobal+allowAutojoinPasspoint+connect+disableEphemeralNetwork+disableNetwork+disconnect+enableNetwork+enableTdls+enableTdlsWithMacAddress+en
1788697257.755 10311 22781 22781 I Unique  : 2026-09-06 19:20:57.753 I HOOK IDENTITY_HOOK_INSTALLED service=wifi package=com.axlebolt.standoff2 matched=callerPackage=acquireMulticastLock+acquireWifiLock+addLocalOnlyConnectionStatusListener+addNetworkSuggestions+addOrUpdateNetwork+addOrUpdateNetworkPrivileged+addOrUpdatePasspointConfiguration+addQosPolicies+addSuggestionUserApprovalStatusListener+allowAutojoinGlobal+allowAutojoinPasspoint+connect+di
1788697257.766 10311 22781 22781 I Unique  : 2026-09-06 19:20:57.762 I HOOK SERVICE_HOOKED service=location cache=true singletons=0 managers=0 bound=callerPackage matched=callerPackage=addGnssAntennaInfoListener+addGnssMeasurementsListener+addGnssNavigationMessageListener+addTestProvider+getCurrentLocation+getLastLocation+getProviderPackages+getProviderProperties+hasProvider+isProviderEnabledForUser+isProviderPackage+registerGnssNmeaCallback+registerGnssStatusCallback+registerLocationListener+registerLocationPendingIntent+removeTestProvider+requestGeofence+requestL
1788697257.769 10311 22781 22781 I Unique  : 2026-09-06 19:20:57.766 I HOOK IDENTITY_HOOK_INSTALLED service=location package=com.axlebolt.standoff2 matched=callerPackage=addGnssAntennaInfoListener+addGnssMeasurementsListener+addGnssNavigationMessageListener+addTestProvider+getCurrentLocation+getLastLocation+getProviderPackages+getProviderProperties+hasProvider+isProviderEnabledForUser+isProviderPackage+registerGnssNmeaCallback+registerGnssStatusCallbac
1788697257.790 10311 22781 22781 I Unique  : 2026-09-06 19:20:57.786 I HOOK SERVICE_HOOKED service=audio cache=true singletons=0 managers=0 bound=callerPackage matched=callerPackage=abandonAudioFocus+abandonAudioFocusForTest+adjustStreamVolume+adjustStreamVolumeForUid+adjustStreamVolumeWithAttribution+adjustSuggestedStreamVolumeForUid+adjustVolumeGroupVolume+cacheParameters+disableSafeMediaVolume+getBluetoothAudioDeviceCategory+getBluetoothAudioDeviceCategory_legacy+getCacheParameters+getDeviceVolume+getNotificationUri+getPlayerVolume+handleVolumeKey+isBluetooth
1788697257.792 10311 22781 22781 I Unique  : 2026-09-06 19:20:57.790 I HOOK IDENTITY_HOOK_INSTALLED service=audio package=com.axlebolt.standoff2 matched=callerPackage=abandonAudioFocus+abandonAudioFocusForTest+adjustStreamVolume+adjustStreamVolumeForUid+adjustStreamVolumeWithAttribution+adjustSuggestedStreamVolumeForUid+adjustVolumeGroupVolume+cacheParameters+disableSafeMediaVolume+getBluetoothAudioDeviceCategory+getBluetoothAudioDeviceCategory_lega
1788697257.799 10311 22781 22781 I Unique  : 2026-09-06 19:20:57.796 I HOOK SERVICE_HOOKED service=vibrator_manager cache=true singletons=0 managers=0 bound=callerPackage matched=callerPackage=performHapticFeedback+setAlwaysOnEffect+vibrate
1788697257.802 10311 22781 22781 I Unique  : 2026-09-06 19:20:57.799 I HOOK IDENTITY_HOOK_INSTALLED service=vibrator_manager package=com.axlebolt.standoff2 matched=callerPackage=performHapticFeedback+setAlwaysOnEffect+vibrate
1788697257.811 10311 22781 22781 I Unique  : 2026-09-06 19:20:57.808 I HOOK SERVICE_HOOKED service=usagestats cache=true singletons=0 managers=0 bound=callerPackage matched=callerPackage=clearBroadcastEvents+clearBroadcastResponseStats+getAppMinStandbyBucket+getAppStandbyBucket+getAppStandbyBuckets+getAppStandbyConstant+getLastTimeAnyComponentUsed+isAppInactive+isPackageExemptedFromBroadcastResponseStats+queryBroadcastResponseStats+queryConfigurationStats+queryEventStats+queryEvents+queryEventsForPackage+queryEventsForPackageForUser+queryEventsForUser+queryEventsWith
1788697257.814 10311 22781 22781 I Unique  : 2026-09-06 19:20:57.812 I HOOK IDENTITY_HOOK_INSTALLED service=usagestats package=com.axlebolt.standoff2 matched=callerPackage=clearBroadcastEvents+clearBroadcastResponseStats+getAppMinStandbyBucket+getAppStandbyBucket+getAppStandbyBuckets+getAppStandbyConstant+getLastTimeAnyComponentUsed+isAppInactive+isPackageExemptedFromBroadcastResponseStats+queryBroadcastResponseStats+queryConfigurationStats+queryEventSta
1788697257.821 10311 22781 22781 I Unique  : 2026-09-06 19:20:57.818 I HOOK SERVICE_HOOKED service=netstats cache=true singletons=0 managers=0 bound=callerPackage matched=callerPackage=getIfaceStats+notifyNetworkStatus+openSessionForUsageStats+registerNetworkStatsProvider+registerUsageCallback+setStatsProviderWarningAndLimitAsync
1788697257.824 10311 22781 22781 I Unique  : 2026-09-06 19:20:57.822 I HOOK IDENTITY_HOOK_INSTALLED service=netstats package=com.axlebolt.standoff2 matched=callerPackage=getIfaceStats+notifyNetworkStatus+openSessionForUsageStats+registerNetworkStatsProvider+registerUsageCallback+setStatsProviderWarningAndLimitAsync
1788697257.827 10311 22781 22796 W PackageParsing: Ignoring duplicate uses-permissions/uses-permissions-sdk-m: android.permission.INTERNET in package: com.axlebolt.standoff2 at: Binary XML file line #21
1788697257.833 10311 22781 22781 I Unique  : 2026-09-06 19:20:57.829 I HOOK SERVICE_HOOKED service=content cache=true singletons=0 managers=0 bound=callerPackage matched=callerPackage=addPeriodicSync+cancelSync+cancelSyncAsUser+getCache+getIsSyncable+getIsSyncableAsUser+getPeriodicSyncs+getSyncAdapterPackageAsUser+getSyncAdapterPackagesForAuthorityAsUser+getSyncAutomatically+getSyncAutomaticallyAsUser+getSyncStatus+getSyncStatusAsUser+isSyncActive+isSyncPending+isSyncPendingAsUser+notifyChange+onDbCorruption+putCache+removePeriodicSync+requestSync+setIsSyncable+se
1788697257.836 10311 22781 22781 I Unique  : 2026-09-06 19:20:57.833 I HOOK IDENTITY_HOOK_INSTALLED service=content package=com.axlebolt.standoff2 matched=callerPackage=addPeriodicSync+cancelSync+cancelSyncAsUser+getCache+getIsSyncable+getIsSyncableAsUser+getPeriodicSyncs+getSyncAdapterPackageAsUser+getSyncAdapterPackagesForAuthorityAsUser+getSyncAutomatically+getSyncAutomaticallyAsUser+getSyncStatus+getSyncStatusAsUser+isSyncActive+isSyncPending+isSy
1788697257.845 10311 22781 22781 I Unique  : 2026-09-06 19:20:57.842 I HOOK SERVICE_HOOKED service=shortcut cache=true singletons=0 managers=0 bound=shortcutPublish,callerPackage matched=shortcutPublish=addDynamicShortcuts+createShortcutResultIntent+pushDynamicShortcut+requestPinShortcut+setDynamicShortcuts+updateShortcuts,callerPackage=disableShortcuts+enableShortcuts+getIconMaxDimensions+getMaxShortcutCountPerActivity+getRateLimitResetTime+getRemainingCallCount+getShareTargets+getShortcuts+hasShareTargets+onApplicationActive+removeAllDynamicShortcuts+removeDynamicShortcuts+remov
1788697257.847 10311 22781 22781 I Unique  : 2026-09-06 19:20:57.845 I HOOK IDENTITY_HOOK_INSTALLED service=shortcut package=com.axlebolt.standoff2 matched=shortcutPublish=addDynamicShortcuts+createShortcutResultIntent+pushDynamicShortcut+requestPinShortcut+setDynamicShortcuts+updateShortcuts,callerPackage=disableShortcuts+enableShortcuts+getIconMaxDimensions+getMaxShortcutCountPerActivity+getRateLimitResetTime+getRemainingCallCount+getShareTargets+get
1788697257.858 10311 22781 22781 I Unique  : 2026-09-06 19:20:57.854 I HOOK SERVICE_HOOKED service=mount cache=true singletons=0 managers=0 bound=callerPackage,volumeList matched=callerPackage=abortChanges+allocateBytes+benchmark+destroyUserStorage+disableAppDataIsolation+fixupAppDir+fixupAppDirRecursive+fixupSysfsFile+forgetVolume+format+getAllocatableBytes+getCacheQuotaBytes+getCacheSizeBytes+getExternalStorageMountMode+getManageSpaceActivityIntent+getMountedObbPath+isAppIoBlocked+isObbMounted+mkdirs+mount+mountObb+moveStorageQuickly+notifyAppIoBlocked+notifyAppIoResumed
1788697257.861 10311 22781 22781 I Unique  : 2026-09-06 19:20:57.858 I HOOK IDENTITY_HOOK_INSTALLED service=mount package=com.axlebolt.standoff2 matched=callerPackage=abortChanges+allocateBytes+benchmark+destroyUserStorage+disableAppDataIsolation+fixupAppDir+fixupAppDirRecursive+fixupSysfsFile+forgetVolume+format+getAllocatableBytes+getCacheQuotaBytes+getCacheSizeBytes+getExternalStorageMountMode+getManageSpaceActivityIntent+getMountedObbPath+isAppI
1788697257.870 10311 22781 22781 I Unique  : 2026-09-06 19:20:57.867 I HOOK SERVICE_HOOKED service=account cache=true singletons=0 managers=0 bound=callerPackage matched=callerPackage=addAccount+addAccountAsUser+addAccountExplicitly+addAccountExplicitlyWithVisibility+addSharedAccountsFromParentUser+createRequestAccountAccessIntentSenderAsUser+editProperties+getAccountByTypeAndFeatures+getAccountVisibility+getAccountsAndVisibilityForPackage+getAccountsAsUser+getAccountsByFeatures+getAccountsByTypeForPackage+getAccountsForPackage+getAuthToken+getAuthTokenLabel+getUs
1788697257.873 10311 22781 22781 I Unique  : 2026-09-06 19:20:57.871 I HOOK IDENTITY_HOOK_INSTALLED service=account package=com.axlebolt.standoff2 matched=callerPackage=addAccount+addAccountAsUser+addAccountExplicitly+addAccountExplicitlyWithVisibility+addSharedAccountsFromParentUser+createRequestAccountAccessIntentSenderAsUser+editProperties+getAccountByTypeAndFeatures+getAccountVisibility+getAccountsAndVisibilityForPackage+getAccountsAsUser+getAccou
1788697257.903 10311 22781 22781 I Unique  : 2026-09-06 19:20:57.899 I HOOK SERVICE_HOOKED service=phone cache=true singletons=0 managers=0 bound=callerPackage matched=callerPackage=call+canChangeDtmfToneLength+changeIccLockPassword+checkCarrierPrivilegesForPackage+checkCarrierPrivilegesForPackageAnyPhone+clearSignalStrengthUpdateRequest+deprovisionSatelliteService+dial+disableDataConnectivity+disableVisualVoicemailSmsFilter+doesSwitchMultiSimConfigTriggerReboot+enableDataConnectivity+enableVisualVoicemailSmsFilter+enqueueSmsPickResult+factoryReset+getAllCellInf
1788697257.907 10311 22781 22781 I Unique  : 2026-09-06 19:20:57.904 I HOOK IDENTITY_HOOK_INSTALLED service=phone package=com.axlebolt.standoff2 matched=callerPackage=call+canChangeDtmfToneLength+changeIccLockPassword+checkCarrierPrivilegesForPackage+checkCarrierPrivilegesForPackageAnyPhone+clearSignalStrengthUpdateRequest+deprovisionSatelliteService+dial+disableDataConnectivity+disableVisualVoicemailSmsFilter+doesSwitchMultiSimConfigTriggerReboot+e
1788697257.935 10311 22781 22781 I Unique  : 2026-09-06 19:20:57.931 I HOOK SERVICE_HOOKED service=device_policy cache=true singletons=0 managers=0 bound=callerPackage matched=callerPackage=addCrossProfileIntentFilter+addCrossProfileWidgetProvider+addPersistentPreferredActivity+approveCaCert+checkDeviceIdentifierAccess+checkProvisioningPrecondition+choosePrivateKeyAlias+clearApplicationUserData+clearCrossProfileIntentFilters+clearDeviceOwner+clearPackagePersistentPreferredActivities+clearResetPasswordToken+createAdminSupportIntent+createAndManageUser+createAndProvisionM
1788697257.938 10311 22781 22781 I Unique  : 2026-09-06 19:20:57.936 I HOOK IDENTITY_HOOK_INSTALLED service=device_policy package=com.axlebolt.standoff2 matched=callerPackage=addCrossProfileIntentFilter+addCrossProfileWidgetProvider+addPersistentPreferredActivity+approveCaCert+checkDeviceIdentifierAccess+checkProvisioningPrecondition+choosePrivateKeyAlias+clearApplicationUserData+clearCrossProfileIntentFilters+clearDeviceOwner+clearPackagePersistentPreferre
1788697257.947 10311 22781 22781 I Unique  : 2026-09-06 19:20:57.944 I HOOK SERVICE_HOOKED service=media.camera cache=true singletons=0 managers=0 bound=callerPackage matched=callerPackage=connect+connectDevice+createDefaultRequest+getCameraCharacteristics+getSessionCharacteristics+getTorchStrengthLevel+injectCamera+injectSessionParams+isHiddenPhysicalCamera+isSessionConfigurationWithParametersSupported+setTorchMode+supportsCameraApi+turnOnTorchWithStrengthLevel
1788697257.950 10311 22781 22781 I Unique  : 2026-09-06 19:20:57.947 I HOOK IDENTITY_HOOK_INSTALLED service=media.camera package=com.axlebolt.standoff2 matched=callerPackage=connect+connectDevice+createDefaultRequest+getCameraCharacteristics+getSessionCharacteristics+getTorchStrengthLevel+injectCamera+injectSessionParams+isHiddenPhysicalCamera+isSessionConfigurationWithParametersSupported+setTorchMode+supportsCameraApi+turnOnTorchWithStrengthLevel
1788697257.961 10311 22781 22781 I Unique  : 2026-09-06 19:20:57.957 I HOOK SERVICE_HOOKED service=telecom cache=true singletons=0 managers=0 bound=callerPackage matched=callerPackage=acceptHandover+acceptRingingCall+acceptRingingCallWithVideoState+addCall+addNewIncomingCall+addNewIncomingConference+addOrRemoveTestCallCompanionApp+cancelMissedCallsNotification+clearAccounts+createLaunchEmergencyDialerIntent+createManageBlockedNumbersIntent+endCall+getAdnUriForPhoneAccount+getCallCapablePhoneAccounts+getCallStateUsingPackage+getCurrentTtyMode+getDefaultDialerPackag
1788697257.965 10311 22781 22781 I Unique  : 2026-09-06 19:20:57.961 I HOOK IDENTITY_HOOK_INSTALLED service=telecom package=com.axlebolt.standoff2 matched=callerPackage=acceptHandover+acceptRingingCall+acceptRingingCallWithVideoState+addCall+addNewIncomingCall+addNewIncomingConference+addOrRemoveTestCallCompanionApp+cancelMissedCallsNotification+clearAccounts+createLaunchEmergencyDialerIntent+createManageBlockedNumbersIntent+endCall+getAdnUriForPhoneA
1788697257.973 10311 22781 22781 I Unique  : 2026-09-06 19:20:57.970 I HOOK SERVICE_HOOKED service=media_router cache=true singletons=0 managers=0 bound=callerPackage matched=callerPackage=deselectRouteWithManager+deselectRouteWithRouter2+getSystemRoutes+getSystemSessionInfoForPackage+registerClientAsUser+registerClientGroupId+registerManager+registerProxyRouter+registerRouter2+releaseSessionWithManager+releaseSessionWithRouter2+requestCreateSessionWithManager+requestSetVolume+requestUpdateVolume+selectRouteWithManager+selectRouteWithRouter2+setSelectedRoute+setSession
1788697257.977 10311 22781 22781 I Unique  : 2026-09-06 19:20:57.974 I HOOK IDENTITY_HOOK_INSTALLED service=media_router package=com.axlebolt.standoff2 matched=callerPackage=deselectRouteWithManager+deselectRouteWithRouter2+getSystemRoutes+getSystemSessionInfoForPackage+registerClientAsUser+registerClientGroupId+registerManager+registerProxyRouter+registerRouter2+releaseSessionWithManager+releaseSessionWithRouter2+requestCreateSessionWithManager+requestSet
1788697257.984 10311 22781 22781 I Unique  : 2026-09-06 19:20:57.981 I HOOK SERVICE_HOOKED service=media_session cache=true singletons=0 managers=0 bound=callerPackage matched=callerPackage=addOnMediaKeyEventSessionChangedListener+createSession+dispatchAdjustVolume+dispatchMediaKeyEvent+dispatchMediaKeyEventToSessionAsSystemService+dispatchVolumeKeyEvent+dispatchVolumeKeyEventToSessionAsSystemService+getMediaKeyEventSession+getMediaKeyEventSessionPackageName+hasCustomMediaKeyDispatcher+hasCustomMediaSessionPolicyProvider+isTrusted+setCustomMediaKeyDispatcher+setCustomMe
1788697257.988 10311 22781 22781 I Unique  : 2026-09-06 19:20:57.985 I HOOK IDENTITY_HOOK_INSTALLED service=media_session package=com.axlebolt.standoff2 matched=callerPackage=addOnMediaKeyEventSessionChangedListener+createSession+dispatchAdjustVolume+dispatchMediaKeyEvent+dispatchMediaKeyEventToSessionAsSystemService+dispatchVolumeKeyEvent+dispatchVolumeKeyEventToSessionAsSystemService+getMediaKeyEventSession+getMediaKeyEventSessionPackageName+hasCustomMedi
1788697257.998 10311 22781 22781 I Unique  : 2026-09-06 19:20:57.995 I HOOK SERVICE_HOOKED service=appwidget cache=true singletons=0 managers=0 bound=callerPackage,appWidgetIdentity matched=callerPackage=allocateAppWidgetId+bindRemoteViewsService+createAppWidgetConfigIntentSender+deleteAppWidgetId+deleteHost+getAppWidgetIdsForHost+getAppWidgetInfo+getAppWidgetOfHost+getAppWidgetOptions+getAppWidgetViews+getInstalledProvidersForProfile+hasBindAppWidgetPermission+isBoundWidgetPackage+noteAppWidgetTapped+notifyAppWidgetViewDataChanged+partiallyUpdateAppWidgetIds+setAppWidgetHidden+setBi
1788697258.001 10311 22781 22781 I Unique  : 2026-09-06 19:20:57.999 I HOOK IDENTITY_HOOK_INSTALLED service=appwidget package=com.axlebolt.standoff2 matched=callerPackage=allocateAppWidgetId+bindRemoteViewsService+createAppWidgetConfigIntentSender+deleteAppWidgetId+deleteHost+getAppWidgetIdsForHost+getAppWidgetInfo+getAppWidgetOfHost+getAppWidgetOptions+getAppWidgetViews+getInstalledProvidersForProfile+hasBindAppWidgetPermission+isBoundWidgetPackage+not
1788697258.010 10311 22781 22781 I Unique  : 2026-09-06 19:20:58.007 I HOOK SERVICE_HOOKED service=input_method cache=true singletons=1 managers=0 bound=callerPackage,editorIdentity matched=callerPackage=acceptStylusHandwritingDelegation+acceptStylusHandwritingDelegationAsync+getEnabledInputMethodSubtypeList+prepareStylusHandwritingDelegation+setAdditionalInputMethodSubtypes+setExplicitlyEnabledInputMethodSubtypes+startConnectionlessStylusHandwriting+startProtoDump,editorIdentity=startInputOrWindowGainedFocus+startInputOrWindowGainedFocusAsync
1788697258.013 10311 22781 22781 I Unique  : 2026-09-06 19:20:58.011 I HOOK IDENTITY_HOOK_INSTALLED service=input_method package=com.axlebolt.standoff2 matched=callerPackage=acceptStylusHandwritingDelegation+acceptStylusHandwritingDelegationAsync+getEnabledInputMethodSubtypeList+prepareStylusHandwritingDelegation+setAdditionalInputMethodSubtypes+setExplicitlyEnabledInputMethodSubtypes+startConnectionlessStylusHandwriting+startProtoDump,editorIdentity=start
1788697258.015 10311 22781 22781 I Unique  : 2026-09-06 19:20:58.013 I HOOK IDENTITY_HOOKS_INSTALLED package=com.axlebolt.standoff2 installed=alarm,clipboard,restrictions,locale,connectivity,power,wifi,location,audio,vibrator_manager,usagestats,netstats,content,shortcut,mount,account,phone,device_policy,media.camera,telecom,media_router,media_session,appwidget,input_method skipped=
1788697258.019 10311 22781 22781 W Unique  : 2026-09-06 19:20:58.018 W PROCESS ALARM_EXACT_UNAVAILABLE detail=UNIQUE does not hold SCHEDULE_EXACT_ALARM; a guest asking for an exact alarm will get the platform's SecurityException
1788697258.027 10311 22781 22781 I Unique  : 2026-09-06 19:20:58.024 I HOOK SERVICE_HOOKED service=jobscheduler cache=true singletons=0 managers=0 bound=jobById,scheduleJob,pendingJobs matched=jobById=cancel+getPendingJob+getPendingJobReason,scheduleJob=enqueue+schedule+scheduleAsPackage,pendingJobs=getAllPendingJobs+getAllPendingJobsInNamespace
1788697258.028 10311 22781 22781 I Unique  : 2026-09-06 19:20:58.027 I HOOK JOB_HOOKED package=com.axlebolt.standoff2 slot=0 matched=jobById=cancel+getPendingJob+getPendingJobReason,scheduleJob=enqueue+schedule+scheduleAsPackage,pendingJobs=getAllPendingJobs+getAllPendingJobsInNamespace
1788697258.047 10311 22781 22781 I Unique  : 2026-09-06 19:20:58.043 I HOOK SERVICE_HOOKED service=notification cache=true singletons=1 managers=0 bound=notificationIdentity,enqueue,channels matched=notificationIdentity=addAutomaticZenRule+areBubblesAllowed+areNotificationsEnabled+areNotificationsEnabledForPackage+buzzBeepBlinkForNotification+canNotifyAsPackage+canShowBadge+cancelAllNotifications+cancelNotificationFromListener+cancelToast+clearData+deleteNotificationHistoryItem+enqueueTextToast+enqueueToast+finishToken+getActiveNotifications+getActiveNotificationsWithAttribution+getAllowedAss
1788697258.050 10311 22781 22781 I Unique  : 2026-09-06 19:20:58.047 I HOOK NOTIFICATION_HOOKED package=com.axlebolt.standoff2 vuid=0 matched=notificationIdentity=addAutomaticZenRule+areBubblesAllowed+areNotificationsEnabled+areNotificationsEnabledForPackage+buzzBeepBlinkForNotification+canNotifyAsPackage+canShowBadge+cancelAllNotifications+cancelNotificationFromListener+cancelToast+clearData+deleteNotificationHistoryItem+enqueueTextToast+enqueueToast+finishToken+getActiveNotifications+getActiveNotificationsWithAttribution+getAllowedAss
1788697258.073 10311 22781 22781 I Unique  : 2026-09-06 19:20:58.070 I PROCESS RECEIVERS_REGISTERED package=com.axlebolt.standoff2 declared=9 registered=12 actions=com.adjust.sdk.AdjustPreinstallReferrerReceiver#com.attribution.SYSTEM_INSTALLER_REFERRER;com.adjust.sdk.AdjustReferrerReceiver#com.android.vending.INSTALL_REFERRER;com.facebook.CurrentAccessTokenExpirationBroadcastReceiver#com.facebook.sdk.ACTION_CURRENT_ACCESS_TOKEN_CHANGED;com.facebook.AuthenticationTokenManager$CurrentAuthenticationTokenChangedBroadcastReceiver#com.facebook.sdk.ACTION_CURRENT_ exported=6
1788697258.075 10311 22781 22781 I Unique  : 2026-09-06 19:20:58.074 I LAUNCH ACTIVITY_LIFECYCLE_INSTALLED package=com.axlebolt.standoff2
1788697258.095 10311 22781 22781 W com.facebook.UserSettingsManager: You haven't set a value for AdvertiserIDCollectionEnabled. Set the flag to TRUE if you want to collect Advertiser ID for better advertising and analytics results. To request user consent before collecting data, set the flag value to FALSE, then change to TRUE once user consent is received. Learn more: https://developers.facebook.com/docs/app-events/getting-started-app-events-android#disable-auto-events.
1788697258.108 10311 22781 22805 W com.facebook.internal.NativeProtocol: Apps that target Android API 30+ (Android 11+) cannot call Facebook native apps unless the package visibility needs are declared. Please follow https://developers.facebook.com/docs/android/troubleshooting/#faq_267321845055988 to make the declaration.
1788697258.148 10311 22781 22781 D FirebaseSessions: Dependency to CRASHLYTICS added.
1788697258.155 10311 22781 22803 E FeatureFlagsImplExport: android.os.flagging.AconfigStorageReadException: ERROR_PACKAGE_NOT_FOUND: package com.android.libcore cannot be found on the device
1788697258.157 10311 22781 22781 I FirebaseApp: Device unlocked: initializing all Firebase APIs for app [DEFAULT]
1788697258.159 10311 22781 22799 E FeatureFlagsImplExport: android.os.flagging.AconfigStorageReadException: ERROR_PACKAGE_NOT_FOUND: package com.android.libcore cannot be found on the device
1788697258.185 10311 22781 22781 I UniqueNative: io_redirect installed: 0 slot(s) in 1/390 libraries (0 excluded, 0 total), 8 rule(s), page size 4096
1788697258.206 10311 22781 22781 D FirebaseSessions: Initializing Firebase Sessions 3.0.1.
1788697258.209 10311 22781 22781 I FirebaseCrashlytics: Initializing Firebase Crashlytics 20.0.1 for com.axlebolt.standoff2
1788697258.230 10311 22781 22781 I UniqueNative: io_redirect installed: 0 slot(s) in 2/391 libraries (0 excluded, 0 total), 8 rule(s), page size 4096
1788697258.243 10311 22781 22781 D FirebaseSessions: Subscriber CRASHLYTICS registered.
1788697258.244 10311 22781 22821 I Unique  : 2026-09-06 19:20:58.242 I LAUNCH GOOGLE_STACK_HIDDEN package=com.google.android.gms hidden=true reason=AUTO_HIDDEN_AFTER_CRASH detail=this instance died of "Unknown calling package name" once; Play services is hidden from it so its SDK takes the path it has for a phone without one
1788697258.245 10311 22781 22819 D FirebaseSessions: Notified CRASHLYTICS of new session 3f0d2f36dc464302994c025b1ad95e62
1788697258.252 10311 22781 22821 W GooglePlayServicesUtil: com.axlebolt.standoff2 requires Google Play services, but they are missing.
1788697258.254 10311 22781 22821 E DynamiteModule: Invalid GmsCore APK, remote loading disabled.
1788697258.254 10311 22781 22821 I DynamiteModule: Considering local module com.google.android.gms.measurement.dynamite:155 and remote module com.google.android.gms.measurement.dynamite:0
1788697258.255 10311 22781 22821 I DynamiteModule: Selected local version of com.google.android.gms.measurement.dynamite
1788697258.257 10311 22781 22821 E DynamiteModule: Invalid GmsCore APK, remote loading disabled.
1788697258.292 10311 22781 22781 I FirebaseInitProvider: FirebaseApp initialization successful
1788697258.299 10311 22781 22824 W Metadata: Failed to find package android.content.pm.PackageManager$NameNotFoundException: com.google.android.gms
1788697258.299 10311 22781 22822 I FA      : App measurement initialized, version: 133005
1788697258.300 10311 22781 22822 I FA      : To enable debug logging run: adb shell setprop log.tag.FA VERBOSE
1788697258.300 10311 22781 22822 I FA      : To enable faster debug mode event logging run:
1788697258.300 10311 22781 22822 I FA      :   adb shell setprop debug.firebase.analytics.app com.axlebolt.standoff2
1788697258.300 10311 22781 22796 I Unique  : 2026-09-06 19:20:58.299 I LAUNCH SIGNATURES_LOADED package=com.axlebolt.standoff2 signers=1 hasSigningInfo=true
1788697258.301 10311 22781 22824 W Metadata: Failed to find package android.content.pm.PackageManager$NameNotFoundException: com.google.android.gms
1788697258.312 10311 22781 22820 I FirebaseCrashlytics: Saved version control info
1788697258.313 10311 22781 22822 D Unique  : 2026-09-06 19:20:58.311 D PROCESS PERMISSION_CHECK permission=android.permission.ACCESS_NETWORK_STATE result=GRANTED
1788697258.325 10311 22781 22781 D WM-WrkMgrInitializer: Initializing WorkManager with default configuration.
1788697258.336 10311 22781 22822 W GooglePlayServicesUtil: com.axlebolt.standoff2 requires Google Play services, but they are missing.
1788697258.340 10311 22781 22781 D WM-PackageManagerHelper: Skipping component enablement for androidx.work.impl.background.systemjob.SystemJobService
1788697258.341 10311 22781 22781 D WM-Schedulers: Created SystemJobScheduler and enabled SystemJobService
1788697258.341 10311 22781 22822 D Unique  : 2026-09-06 19:20:58.339 D PROCESS SERVICE_CONNECTION_WRAPPED connection=com.google.android.gms.measurement.internal.lb
1788697258.344 10311 22781 22822 E FA      : Task exception on worker thread: java.lang.SecurityException: Not allowed to bind to service Intent { act=com.google.android.gms.measurement.START cmp=com.axlebolt.standoff2/com.google.android.gms.measurement.AppMeasurementService }: com.google.android.gms.measurement.internal.lb.d(SourceFile:68)
1788697258.359 10311 22781 22832 W GooglePlayServicesUtil: com.axlebolt.standoff2 requires Google Play services, but they are missing.
1788697258.365 10311 22781 22832 E AppLovinSdk: [DataCollector] Could not collect Google Advertising ID - this will negatively impact your eCPMs! Please integrate the Google Play Services SDK into your application. More info can be found online at http://developer.android.com/google/play-services/setup.html. If you're sure you've integrated the SDK and are still seeing this message, you may need to add a ProGuard exception: -keep public class com.google.android.gms.** { public protected *; }
1788697258.365 10311 22781 22832 E AppLovinSdk: java.io.IOException: Google Play services not available
1788697258.365 10311 22781 22832 E AppLovinSdk: 	at com.google.android.gms.ads.identifier.AdvertisingIdClient.zzb(SourceFile:51)
1788697258.365 10311 22781 22832 E AppLovinSdk: 	at com.google.android.gms.ads.identifier.AdvertisingIdClient.getAdvertisingIdInfo(SourceFile:16)
1788697258.365 10311 22781 22832 E AppLovinSdk: 	at com.applovin.impl.v.collectGoogleAdvertisingInfo(SourceFile:19)
1788697258.365 10311 22781 22832 E AppLovinSdk: 	at com.applovin.impl.v.c(SourceFile:1)
1788697258.365 10311 22781 22832 E AppLovinSdk: 	at com.applovin.impl.v.a(SourceFile:9)
1788697258.365 10311 22781 22832 E AppLovinSdk: 	at com.applovin.impl.v.b(SourceFile:1)
1788697258.365 10311 22781 22832 E AppLovinSdk: 	at com.applovin.impl.i1.b(SourceFile:1)
1788697258.365 10311 22781 22832 E AppLovinSdk: 	at com.applovin.impl.i1.c(SourceFile:1)
1788697258.365 10311 22781 22832 E AppLovinSdk: 	at com.applovin.impl.ya.run(SourceFile:1)
1788697258.365 10311 22781 22832 E AppLovinSdk: 	at java.lang.Thread.run(Thread.java:1572)
1788697258.367 10311 22781 22781 I Unique  : 2026-09-06 19:20:58.365 I PROCESS PROVIDERS_PUBLISHED package=com.axlebolt.standoff2 process=com.axlebolt.standoff2 declared=21 authorities=[redacted]
1788697258.370 10311 22781 22832 E AppLovinSdk: [DataCollector] Unable to determine if Fire OS limited ad tracking is turned on
1788697258.370 10311 22781 22832 E AppLovinSdk: android.provider.Settings$SettingNotFoundException: limit_ad_tracking
1788697258.370 10311 22781 22832 E AppLovinSdk: 	at android.provider.Settings.parseIntSetting(Settings.java:3975)
1788697258.370 10311 22781 22832 E AppLovinSdk: 	at android.provider.Settings.-$$Nest$smparseIntSetting(Settings.java:0)
1788697258.370 10311 22781 22832 E AppLovinSdk: 	at android.provider.Settings$Secure.getIntForUser(Settings.java:7212)
1788697258.370 10311 22781 22832 E AppLovinSdk: 	at android.provider.Settings$Secure.getInt(Settings.java:7205)
1788697258.370 10311 22781 22832 E AppLovinSdk: 	at com.applovin.impl.v.collectFireOSAdvertisingInfo(SourceFile:32)
1788697258.370 10311 22781 22832 E AppLovinSdk: 	at com.applovin.impl.v.c(SourceFile:7)
1788697258.370 10311 22781 22832 E AppLovinSdk: 	at com.applovin.impl.v.a(SourceFile:9)
1788697258.370 10311 22781 22832 E AppLovinSdk: 	at com.applovin.impl.v.b(SourceFile:1)
1788697258.370 10311 22781 22832 E AppLovinSdk: 	at com.applovin.impl.i1.b(SourceFile:1)
1788697258.370 10311 22781 22832 E AppLovinSdk: 	at com.applovin.impl.i1.c(SourceFile:1)
1788697258.370 10311 22781 22832 E AppLovinSdk: 	at com.applovin.impl.ya.run(SourceFile:1)
1788697258.370 10311 22781 22832 E AppLovinSdk: 	at java.lang.Thread.run(Thread.java:1572)
1788697258.373 10311 22781 22781 I UniqueNative: redirect table set: 8 rule(s)
1788697258.374 10311 22781 22781 I UniqueNative: io_redirect: 2 exclusion(s) set
1788697258.375 10311 22781 22781 I UniqueNative: io_redirect installed: 0 slot(s) in 2/391 libraries (0 excluded, 0 total), 8 rule(s), page size 4096
1788697258.378 10311 22781 22832 W GooglePlayServicesUtil: com.axlebolt.standoff2 requires Google Play services, but they are missing.
1788697258.379 10311 22781 22781 I Unique  : 2026-09-06 19:20:58.376 I NATIVE u0 com.axlebolt.standoff2 IO_REDIRECT_INSTALLED status=NOTHING_TO_HOOK watch=OK rules=8 slots=0 scope=/data/user/0/com.unique/files/virtual/apk/com.axlebolt.standoff2/203908/lib/arm64-v8a,/data/data/com.unique/files/virtual/apk/com.axlebolt.standoff2/203908/lib/arm64-v8a,/data/user/0/com.unique/files/ excluded=libgrave.so,libunique_native.so
1788697258.383 10311 22781 22781 I Unique  : 2026-09-06 19:20:58.379 I LAUNCH u0 com.axlebolt.standoff2 BOOTSTRAP_OK package=com.axlebolt.standoff2 vuid=0 slot=0 applicationClass=android.app.Application dataDir=/data/user/0/com.unique/files/virtual/users/0/data/com.axlebolt.standoff2 sourceDir=/data/user/0/com.unique/files/virtual/apk/com.axlebolt.standoff2/203908/base.apk nativeLibraryDir=/data/user/0/com.unique/files/virtual/apk/com.axlebolt.standoff2/203908/lib/arm64-v8a targetSdk=36 observedPackageName=com.axlebolt.standoff2 observedFilesDir=/data/user/0/com.unique/files/virtual/users/0/data/com.axlebolt.standoff2/files millis=1763
1788697258.384 10311 22781 22834 D Unique  : 2026-09-06 19:20:58.383 D PROCESS u0 com.axlebolt.standoff2 SERVICE_CONNECTION_WRAPPED connection=com.google.android.gms.common.internal.j1
1788697258.389 10311 22781 22781 I Unique  : 2026-09-06 19:20:58.387 I PROCESS u0 com.axlebolt.standoff2 JOB_STARTED service=com.google.android.datatransport.runtime.scheduling.jobscheduling.JobInfoSchedulerService virtualJobId=-1954795185 hostJobId=799055 stillRunning=true
1788697258.391 10311 22781 22838 W GooglePlayServicesUtil: com.axlebolt.standoff2 requires Google Play services, but they are missing.
1788697258.391 10311 20915 20923 I Unique  : 2026-09-06 19:20:58.390 I PROCESS PROVIDER_SLOT_READY slot=0 vuid=0 pid=22781
1788697258.391 10311 22781 22781 W libc    : Access denied finding property "ro.vendor.perf.scroll_opt"
1788697258.393 10311 22781 22838 E GooglePlayServicesUtil: GooglePlayServices not available due to error 1
1788697258.400 10311 22781 22834 W GooglePlayServicesUtil: com.axlebolt.standoff2 requires Google Play services, but they are missing.
1788697258.402 10311 22781 22834 W GoogleApiManager: The service for com.google.android.gms.internal.appset.zzd is not available: ConnectionResult{statusCode=SERVICE_MISSING, resolution=null, message=null, clientMethodKey=null}
1788697258.413 10311 22781 22781 I PowerHalWrapper: PowerHalWrapper.getInstance
1788697258.414 10311 22781 22781 I M-ProMotion: M-ProMotion is disabled
1788697258.419 10311 22781 22823 I TRuntime.CctTransportBackend: Making request to: https://firebaselogging-pa.googleapis.com/v1/firelog/legacy/batchlog
1788697258.421 10311 22781 22781 W Looper  : Loop again would have the queued messages be executed before this one completed.
1788697258.426 10311 22781 22781 I Unique  : 2026-09-06 19:20:58.425 I PROCESS u0 com.axlebolt.standoff2 BROADCAST_DELIVERED receiver=com.mbridge.msdk.foundation.same.broadcast.NetWorkChangeReceiver action=android.net.conn.CONNECTIVITY_CHANGE
1788697258.436 10311 22781 22781 I Unique  : 2026-09-06 19:20:58.434 I LAUNCH u0 com.axlebolt.standoff2 GMS_BROKER_WRAPPED descriptor=com.google.android.gms.common.internal.IGmsServiceBroker package=com.axlebolt.standoff2
1788697258.438 10311 22781 22834 E Parcel  : Attempt to read from protected data in Parcel 0xb400007b7b144aa0
1788697258.438 10311 22781 22834 E Parcel  : Attempt to read from protected data in Parcel 0xb400007b7b144aa0
1788697258.438 10311 22781 22834 E Parcel  : Attempt to read from protected data in Parcel 0xb400007b7b144aa0
1788697258.438 10311 22781 22834 E Parcel  : Attempt to read from protected data in Parcel 0xb400007b7b144aa0
1788697258.438 10311 22781 22834 E Parcel  : Attempt to read from protected data in Parcel 0xb400007b7b144aa0
1788697258.438 10311 22781 22834 E Parcel  : Attempt to read from protected data in Parcel 0xb400007b7b144aa0
1788697258.441 10311 22781 22834 D Unique  : 2026-09-06 19:20:58.439 D LAUNCH u0 com.axlebolt.standoff2 GMS_CALLING_PACKAGE_REWRITTEN from=com.axlebolt.standoff2 to=com.unique fields=1
1788697258.451 10311 22781 22847 I AppMetrica: AppMetrica [3436-IAA-CDE-1] Initializing of AppMetrica, Release type, Version 7.12.0, API Level 115, Dated 04.09.2025.
1788697258.505 10311 22781 22828 W GooglePlayServicesUtil: com.axlebolt.standoff2 requires Google Play services, but they are missing.
1788697258.507 10311 22781 22854 I Unique  : 2026-09-06 19:20:58.504 I PROCESS u0 com.axlebolt.standoff2 SERVICE_STUB_RESERVED slot=0 stub=0 service=io.appmetrica.analytics.internal.AppMetricaService vuid=0
1788697258.509 10311 22781 22854 D Unique  : 2026-09-06 19:20:58.507 D PROCESS u0 com.axlebolt.standoff2 SERVICE_INTENT_ROUTED service=io.appmetrica.analytics.internal.AppMetricaService stub=com.unique.stub.ServiceStub_p0_s0 action=io.appmetrica.analytics.IAppMetricaService
1788697258.509 10311 22781 22847 I AppMetrica: AppMetrica [3436-IAA-CDE-1] Activate AppMetrica in anonymous mode
1788697258.511 10311 22781 22854 D Unique  : 2026-09-06 19:20:58.509 D PROCESS u0 com.axlebolt.standoff2 SERVICE_CONNECTION_WRAPPED connection=io.appmetrica.analytics.impl.n0
1788697258.513 10311 22781 22847 I AppMetrica: AppMetrica [3436-IAA-CDE-1] Activate reporter with APIKey 20799a27-xxxx-xxxx-xxxx-xxxxxxxx4180
1788697258.515 10311 22781 22781 D Unique  : 2026-09-06 19:20:58.514 D LAUNCH u0 com.axlebolt.standoff2 CALLBACK_ALIVE what=114 obj=android.app.ActivityThread$CreateServiceData
1788697258.518 10311 22781 22781 I Unique  : 2026-09-06 19:20:58.517 I PROCESS u0 com.axlebolt.standoff2 CREATE_SERVICE_REWRITTEN stub=com.unique.stub.ServiceStub_p0_s0 service=io.appmetrica.analytics.internal.AppMetricaService
1788697258.529 10311 22781 22833 D FBAudienceNetwork: SDK dex loading time: 171
1788697258.532 10311 22781 22781 D Unique  : 2026-09-06 19:20:58.530 D PROCESS u0 com.axlebolt.standoff2 SERVICE_INTENT_ROUTED service=io.appmetrica.analytics.internal.AppMetricaService stub=com.unique.stub.ServiceStub_p0_s0 action=io.appmetrica.analytics.IAppMetricaService
1788697258.640 10311 22781 22785 I om.unique:vapp0: Background concurrent mark compact GC freed 23MB AllocSpace bytes, 67(10MB) LOS objects, 49% free, 18MB/37MB, paused 2.508ms,2.875ms total 149.243ms
1788697259.470 10311 22781 22805 W GooglePlayServicesUtil: com.axlebolt.standoff2 requires Google Play services, but they are missing.
1788697259.472 10311 22781 22805 W GooglePlayServicesUtil: com.axlebolt.standoff2 requires Google Play services, but they are missing.
1788697259.572 10311 20915 20915 I ScrollIdentify: on fling
1788697260.001 10311 20915 20915 I ScrollIdentify: on fling
1788697260.264 10311 20915 20915 I ScrollIdentify: on fling
1788697260.524 10311 22781 22827 I YandexAds: [Integration] Yandex Mobile Ads 7.16.1 initialized successfully
1788697260.526 10311 22781 22847 I AppMetrica: AppMetrica [3436-IAA-CDE-1] Activate reporter with APIKey 478cb909-xxxx-xxxx-xxxx-xxxxxxxx9f93
1788697260.932 10311 20915 20915 W WindowOnBackDispatcher: sendCancelIfRunning: isInProgress=false callback=io.flutter.embedding.android.FlutterActivity$1@a3b05e9
1788697262.383 10311 20915 20935 I Unique  : 2026-09-06 19:21:02.382 I PROCESS SLOT_PROCESS_STOPPED slot=:vapp0 pids=22781 reason=removed
1788697262.383 10311 20915 20935 I Unique  : 2026-09-06 19:21:02.383 I PROCESS PROCESS_RELEASED slot=:vapp0 reason=removed
1788697262.385 10311 20915 20915 W WindowOnBackDispatcher: sendCancelIfRunning: isInProgress=false callback=io.flutter.embedding.android.FlutterActivity$1@a3b05e9
1788697262.701 10311 20915 20937 I Unique  : 2026-09-06 19:21:02.698 I PROCESS BROADCAST_ROUTER_READY instances=0 actions=76 authorities=[redacted]
1788697263.613 10311 22896 22896 I om.unique:vapp0: Using generational CollectorTypeCMC GC.
1788697263.641 10311 22896 22896 I MessageMonitor: Load libmiui_runtime
1788697263.659 10311 22896 22896 D MiuiMonitorThread: Shared singleton Thread for stability monitor start
1788697263.675 10311 22896 22896 D ActivityThread: setEmbeddedParam packageName=com.unique processName=com.unique:vapp0 isEmbedded=false isIsolated=false
1788697263.677 10311 22896 22896 D ApplicationLoaders: Returning zygote-cached class loader: /system_ext/framework/androidx.window.extensions.jar
1788697263.677 10311 22896 22896 D ApplicationLoaders: Returning zygote-cached class loader: /system_ext/framework/androidx.window.sidecar.jar
1788697263.692 10311 22896 22896 I ActivityThread: TrafficStats init done
1788697263.697 10311 22896 22896 D ActivityThread: useGrowthLimitOutExpendMethod invoke error.
1788697263.702 10311 22896 22896 I MiuiForceDarkConfig: setConfig density:2.750000, mainRule:0, secondaryRule:0, tertiaryRule:0
1788697263.709 10311 22896 22896 I ActivityThread: Miui Feature Init done
1788697263.735 10311 22896 22896 I Unique  : 2026-09-06 19:21:03.721 I PROCESS PROCESS_START process=com.unique:vapp0 kind=VAPP sdk=35 abi=arm64-v8a,armeabi-v7a,armeabi
1788697263.735 10311 22896 22896 W om.unique:vapp0: Unsupported class loader: java.lang.Class<org.lsposed.hiddenapibypass.CoreOjClassLoader>
1788697263.824 10311 22896 22896 W om.unique:vapp0: Unsupported class loader: java.lang.Class<org.lsposed.hiddenapibypass.CoreOjClassLoader>
1788697263.824 10311 22896 22896 W om.unique:vapp0: Unsupported class loader: java.lang.Class<org.lsposed.hiddenapibypass.CoreOjClassLoader>
1788697263.826 10311 22896 22896 I Unique  : 2026-09-06 19:21:03.825 I HOOK HIDDEN_API_GRANTED via=HiddenApiBypass
1788697263.834 10311 22896 22896 I UniqueNative: libunique_native loaded (page size 4096)
1788697263.835 10311 22896 22896 I Unique  : 2026-09-06 19:21:03.835 I LAUNCH INTERCEPTOR_INSTALLED executeTransaction=159
1788697263.836 10311 22896 22896 I Unique  : 2026-09-06 19:21:03.836 I PROCESS VAPP_READY slot=0
1788697263.837 10311 22896 22896 I ResMonitorStub: Get RMS proxy takes 1 ms
1788697263.842 10311 22896 22896 I Unique  : 2026-09-06 19:21:03.839 I PROCESS STUB_PROVIDER_CREATED slot=0
1788697263.848 10311 22896 22896 D Unique  : 2026-09-06 19:21:03.848 D LAUNCH CALLBACK_ALIVE what=114 obj=android.app.ActivityThread$CreateServiceData
1788697263.855 10311 22896 22896 D Unique  : 2026-09-06 19:21:03.855 D PROCESS CREATE_SERVICE_UNMAPPED stub=com.unique.stub.JobStub_p0
1788697263.857 10311 22896 22896 D Unique  : 2026-09-06 19:21:03.856 D LAUNCH CALLBACK_ALIVE what=121 obj=android.app.ActivityThread$BindServiceData
1788697263.933 10311 22896 22896 I Unique  : 2026-09-06 19:21:03.932 I PROCESS PROCESS_RENAMED argv0=com.axlebolt.standoff2
1788697264.581 10311 22896 22896 I Unique  : 2026-09-06 19:21:04.580 I PROCESS PROFILE_BOUND profile=e492aa24-71e1-4873-8ded-6f73876fcfe1 androidId=26fd6dc8e336b2c7 generation=1
1788697264.584 10311 22896 22896 I Unique  : 2026-09-06 19:21:04.583 I PROCESS BUILD_OVERRIDES_APPLIED applied=1 requested=1
1788697264.586 10311 22896 22896 I Unique  : 2026-09-06 19:21:04.585 I LAUNCH PROFILE_BOUND profileId=e492aa24-71e1-4873-8ded-6f73876fcfe1 generation=1
1788697264.599 10311 22896 22896 I Unique  : 2026-09-06 19:21:04.597 I PROCESS PERMISSION_CACHE_DISABLED disabled=disablePackageNamePermissionCache,disablePermissionCache,disableApplicationInfoCache,disablePackageInfoCache,disableGetPackagesForUidCache failed=android.app.ActivityManager: no disable*Cache()
1788697264.610 10311 22896 22896 I Unique  : 2026-09-06 19:21:04.608 I PROCESS PERMISSIONS_BOUND package=com.axlebolt.standoff2 vuid=0 declared=28 restored=4 runtime=6 installTime=22 selfDefined=2
1788697264.636 10311 22896 22896 I Unique  : 2026-09-06 19:21:04.634 I HOOK SERVICE_HOOKED service=package cache=true singletons=1 managers=1 bound=permissionCheck,getActivityInfo,applicationEnabledSetting,getApplicationInfo,componentEnabledSetting,installedPackages,getInstallerPackageName,getNameForUid,getPackageUid,getPackageInfo,getPackagesForUid,getProviderInfo,getReceiverInfo,getServiceInfo,queryIntent,resolveContentProvider,resolveIntent matched=permissionCheck=checkPermission+checkUidPermission,getActivityInfo,applicationEnabledSetting=getApplicationEnabledSetting+setApplicationEnabledSetting,getApplicationInfo,componentEnabledSetting=getComponentEnabledSetting+setComponentEnabledSetting,installedPackages=getInstalledApplications+getInstalledPackages,getInstallerPackageName,getNameForUid,getPackageUid=getPackageGids+getPackageUid,getPack
1788697264.638 10311 22896 22896 I Unique  : 2026-09-06 19:21:04.637 I LAUNCH VPM_HOOK_INSTALLED package=com.axlebolt.standoff2 bound=permissionCheck,getActivityInfo,applicationEnabledSetting,getApplicationInfo,componentEnabledSetting,installedPackages,getInstallerPackageName,getNameForUid,getPackageUid,getPackageInfo,getPackagesForUid,getProviderInfo,getReceiverInfo,getServiceInfo,queryIntent,resolveContentProvider,resolveIntent
1788697264.673 10311 22896 22896 I Unique  : 2026-09-06 19:21:04.670 I HOOK SERVICE_HOOKED service=activity cache=true singletons=1 managers=0 bound=serviceDispatch,callerIdentity,permissionCheck,getContentProvider,intentSender,runningProcesses,registerReceiver,foregroundService matched=serviceDispatch=bindService+bindServiceInstance+peekService+publishService+startService+stopService+unbindFinished,callerIdentity=broadcastIntent+broadcastIntentWithFeature+getBindingUidProcessState+getContentProviderExternal+getHistoricalProcessExitReasons+getHistoricalProcessStartReasons+getPackageProcessState+getTagForIntentSender+getUidLastIdleElapsedTime+getUidProcessCapabilities+getUidProces
1788697264.676 10311 22896 22896 I Unique  : 2026-09-06 19:21:04.673 I LAUNCH VAM_HOOK_INSTALLED package=com.axlebolt.standoff2 host=com.unique methods=8 matched=serviceDispatch=bindService+bindServiceInstance+peekService+publishService+startService+stopService+unbindFinished,callerIdentity=broadcastIntent+broadcastIntentWithFeature+getBindingUidProcessState+getContentProviderExternal+getHistoricalProcessExitReasons+getHistoricalProcessStartReasons+getPackageProcessState+getTagForIntentSender+getUidLastIdleElapsedTime+getUidProcessCapabilities+getUidProcessState+grantUriPermission+isBackgroundRestricted+isUidActive+moveTaskToFront+revokeUriPermission+sendIntentSender+startActivity+startActivityAsUser+startActivityAsUserWithFeature+startActivityWithFeature,permissionCheck=checkPermission+checkPermissionForDevice,getContentProvider,intentSender=getIntentSender+getIntentSenderWithFeature,runningProcesses=getRunningAppProcesses+getServices,registerReceiver=registerReceiver+registerReceiverWithFeature,foregroundService=setServiceForeground
1788697264.686 10311 22896 22896 I Unique  : 2026-09-06 19:21:04.684 I HOOK SERVICE_HOOKED service=activity_task cache=true singletons=1 managers=0 bound=activityStart matched=activityStart=startActivities+startActivity+startActivityAndWait+startActivityAsCaller+startActivityAsUser+startActivityFromGameSession+startActivityIntentSender+startActivityWithConfig
1788697264.688 10311 22896 22896 I Unique  : 2026-09-06 19:21:04.686 I LAUNCH ATM_HOOK_INSTALLED package=com.axlebolt.standoff2 host=com.unique matched=activityStart=startActivities+startActivity+startActivityAndWait+startActivityAsCaller+startActivityAsUser+startActivityFromGameSession+startActivityIntentSender+startActivityWithConfig
1788697264.695 10311 22896 22896 I Unique  : 2026-09-06 19:21:04.692 I HOOK SERVICE_HOOKED service=permissionmgr cache=true singletons=1 managers=1 bound=shouldShowRequestPermissionRationale matched=shouldShowRequestPermissionRationale
1788697264.697 10311 22896 22896 I Unique  : 2026-09-06 19:21:04.695 I HOOK PERMISSION_MANAGER_HOOKED matched=shouldShowRequestPermissionRationale
1788697264.706 10311 22896 22896 I Unique  : 2026-09-06 19:21:04.703 I HOOK SERVICE_HOOKED service=appops cache=true singletons=0 managers=2 bound=appOpIdentity matched=appOpIdentity=checkAudioOperation+checkOperation+checkOperationForDevice+checkOperationRaw+checkOperationRawForDevice+checkPackage+collectNoteOpCallsForValidation+extractAsyncOps+finishOperation+finishOperationForDevice+getHistoricalOps+getHistoricalOpsFromDiskRaw+getOpsForPackage+getPackagesForOpsForDevice+isOperationActive+isProxying+noteOperation+noteOperationForDevice+noteProxyOperation+notePr
1788697264.709 10311 22896 22896 I Unique  : 2026-09-06 19:21:04.707 I HOOK APPOPS_HOOKED package=com.axlebolt.standoff2 host=com.unique matched=appOpIdentity=checkAudioOperation+checkOperation+checkOperationForDevice+checkOperationRaw+checkOperationRawForDevice+checkPackage+collectNoteOpCallsForValidation+extractAsyncOps+finishOperation+finishOperationForDevice+getHistoricalOps+getHistoricalOpsFromDiskRaw+getOpsForPackage+getPackagesForOpsForDevice+isOperationActive+isProxying+noteOperation+noteOperationForDevice+noteProxyOperation+notePr
1788697264.719 10311 22896 22896 I Unique  : 2026-09-06 19:21:04.718 I PROCESS SETTINGS_CACHES_PRIMED wrappedByHand=0 alreadyWrapped=3 empty=1
1788697264.722 10311 22896 22896 I Unique  : 2026-09-06 19:21:04.720 I PROCESS PROVIDER_CACHES_EVICTED activityThreadProviders=2 providerRefCounts=1 settingsCaches=4 settingsWrapped=3 hostSource=com.unique hostSourceUid=10311
1788697264.727 10311 22896 22896 W ContextImpl: Failed to ensure /data/user/0/com.unique/files/virtual/users/0/data/com.axlebolt.standoff2/shared_prefs: mkdir failed: ENOENT (No such file or directory)
1788697264.732 10311 22896 22896 I Unique  : 2026-09-06 19:21:04.731 I LAUNCH GOOGLE_STACK_HIDDEN hidden=true reason=AUTO_HIDDEN_AFTER_CRASH detail=this instance died of "Unknown calling package name" once; Play services is hidden from it so its SDK takes the path it has for a phone without one packages=com.google.android.gms,com.google.android.gsf
1788697264.735 10311 22896 22896 I Unique  : 2026-09-06 19:21:04.734 I PROCESS NETWORK_SECURITY_INSTALLED package=com.axlebolt.standoff2 configRes=0 targetSdk=36
1788697264.736 10311 22896 22896 I UniqueNative: redirect table set: 8 rule(s)
1788697264.738 10311 22896 22896 I UniqueNative: io_redirect: 2 exclusion(s) set
1788697264.739 10311 22896 22896 I UniqueNative: io_redirect installed: 0 slot(s) in 0/389 libraries (0 excluded, 0 total), 8 rule(s), page size 4096
1788697264.739 10311 22896 22896 W UniqueNative: io_redirect: filter did not match: /data/user/0/com.unique/files/virtual/apk/com.axlebolt.standoff2/203908/lib/arm64-v8a
1788697264.739 10311 22896 22896 W UniqueNative: io_redirect: filter did not match: /data/data/com.unique/files/virtual/apk/com.axlebolt.standoff2/203908/lib/arm64-v8a
1788697264.739 10311 22896 22896 W UniqueNative: io_redirect: filter did not match: /data/user/0/com.unique/files/virtual/apk/com.axlebolt.standoff2/203908
1788697264.739 10311 22896 22896 W UniqueNative: io_redirect: filter did not match: /data/data/com.unique/files/virtual/apk/com.axlebolt.standoff2/203908
1788697264.739 10311 22896 22896 W UniqueNative: io_redirect: app-private library seen: /data/misc/apexdata/com.android.art/dalvik-cache/arm64/boot.oat
1788697264.739 10311 22896 22896 W UniqueNative: io_redirect: app-private library seen: /data/misc/apexdata/com.android.art/dalvik-cache/arm64/boot-framework-adservices.oat
1788697264.739 10311 22896 22896 W UniqueNative: io_redirect: app-private library seen: /data/app/~~CoUHsKCRsYdpp67Um5HWkw==/com.unique-fIAs6w0Pm5EDqt_WqssjCA==/oat/arm64/base.odex
1788697264.739 10311 22896 22896 W UniqueNative: io_redirect: app-private library seen: /data/app/~~CoUHsKCRsYdpp67Um5HWkw==/com.unique-fIAs6w0Pm5EDqt_WqssjCA==/base.apk!/lib/arm64-v8a/libunique_native.so
1788697264.741 10311 22896 22896 I UniqueNative: io_redirect: library-load watch installed (3 slot(s) in 2 libraries)
1788697264.742 10311 22896 22896 W UniqueNative: io_redirect: watch saw but did not match: /data/misc/apexdata/com.android.art/dalvik-cache/arm64/boot.oat
1788697264.742 10311 22896 22896 W UniqueNative: io_redirect: watch saw but did not match: /data/misc/apexdata/com.android.art/dalvik-cache/arm64/boot-framework-adservices.oat
1788697264.742 10311 22896 22896 W UniqueNative: io_redirect: watch saw but did not match: /data/app/~~CoUHsKCRsYdpp67Um5HWkw==/com.unique-fIAs6w0Pm5EDqt_WqssjCA==/oat/arm64/base.odex
1788697264.742 10311 22896 22896 W UniqueNative: io_redirect: watch saw but did not match: /data/app/~~CoUHsKCRsYdpp67Um5HWkw==/com.unique-fIAs6w0Pm5EDqt_WqssjCA==/base.apk!/lib/arm64-v8a/libunique_native.so
1788697264.744 10311 22896 22896 I Unique  : 2026-09-06 19:21:04.742 I NATIVE IO_REDIRECT_INSTALLED status=NOTHING_TO_HOOK watch=OK rules=8 slots=0 scope=/data/user/0/com.unique/files/virtual/apk/com.axlebolt.standoff2/203908/lib/arm64-v8a,/data/data/com.unique/files/virtual/apk/com.axlebolt.standoff2/203908/lib/arm64-v8a,/data/user/0/com.unique/files/ excluded=libgrave.so,libunique_native.so
1788697264.746 10311 22896 22896 I Unique  : 2026-09-06 19:21:04.745 I WEBVIEW WEBVIEW_DATA_DIR_SUFFIX suffix=vapp0 slot=0
1788697264.747 10311 22896 22896 I UniqueNative: crash: recording 6 signal(s) to /data/user/0/com.unique/files/virtual/runtime/diagnostics/0/com.axlebolt.standoff2/native-crash-22896.properties
1788697264.749 10311 22896 22896 I Unique  : 2026-09-06 19:21:04.748 I NATIVE NATIVE_CRASH_HANDLER status=OK file=/data/user/0/com.unique/files/virtual/runtime/diagnostics/0/com.axlebolt.standoff2/native-crash-22896.properties
1788697264.752 10311 22896 22896 I Unique  : 2026-09-06 19:21:04.751 I PROCESS COMPONENT_STATE_RESTORED package=com.axlebolt.standoff2 vuid=0 entries=1
1788697264.755 10311 22896 22896 I Unique  : 2026-09-06 19:21:04.753 I STORAGE EXTERNAL_STORAGE_REDIRECTED package=com.axlebolt.standoff2 vuid=0 root=/data/user/0/com.unique/files/virtual/users/0/sdcard
1788697264.762 10311 22896 22896 I Unique  : 2026-09-06 19:21:04.760 I HOOK SERVICE_HOOKED service=alarm cache=true singletons=0 managers=0 bound=callerPackage matched=callerPackage=canScheduleExactAlarms+cancelPoweroffAlarm+hasScheduleExactAlarm+removeAll+set+setTimeZone
1788697264.764 10311 22896 22896 I Unique  : 2026-09-06 19:21:04.763 I HOOK IDENTITY_HOOK_INSTALLED service=alarm package=com.axlebolt.standoff2 matched=callerPackage=canScheduleExactAlarms+cancelPoweroffAlarm+hasScheduleExactAlarm+removeAll+set+setTimeZone
1788697264.770 10311 22896 22896 I Unique  : 2026-09-06 19:21:04.768 I HOOK SERVICE_HOOKED service=clipboard cache=true singletons=0 managers=0 bound=callerPackage matched=callerPackage=addPrimaryClipChangedListener+clearPrimaryClip+getPrimaryClip+getPrimaryClipDescription+getPrimaryClipSource+getUserPrimaryClip+hasClipboardText+hasPrimaryClip+removePrimaryClipChangedListener+setPrimaryClip+setPrimaryClipAsPackage
1788697264.772 10311 22896 22896 I Unique  : 2026-09-06 19:21:04.771 I HOOK IDENTITY_HOOK_INSTALLED service=clipboard package=com.axlebolt.standoff2 matched=callerPackage=addPrimaryClipChangedListener+clearPrimaryClip+getPrimaryClip+getPrimaryClipDescription+getPrimaryClipSource+getUserPrimaryClip+hasClipboardText+hasPrimaryClip+removePrimaryClipChangedListener+setPrimaryClip+setPrimaryClipAsPackage
1788697264.777 10311 22896 22896 I Unique  : 2026-09-06 19:21:04.775 I HOOK SERVICE_HOOKED service=restrictions cache=true singletons=0 managers=0 bound=callerPackage matched=callerPackage=getApplicationRestrictions+getApplicationRestrictionsPerAdminForUser+notifyPermissionResponse+requestPermission
1788697264.778 10311 22896 22896 I Unique  : 2026-09-06 19:21:04.777 I HOOK IDENTITY_HOOK_INSTALLED service=restrictions package=com.axlebolt.standoff2 matched=callerPackage=getApplicationRestrictions+getApplicationRestrictionsPerAdminForUser+notifyPermissionResponse+requestPermission
1788697264.783 10311 22896 22896 I Unique  : 2026-09-06 19:21:04.781 I HOOK SERVICE_HOOKED service=locale cache=true singletons=0 managers=0 bound=callerPackage,setApplicationLocales matched=callerPackage=getApplicationLocales+getOverrideLocaleConfig+setOverrideLocaleConfig,setApplicationLocales
1788697264.785 10311 22896 22896 I Unique  : 2026-09-06 19:21:04.783 I HOOK IDENTITY_HOOK_INSTALLED service=locale package=com.axlebolt.standoff2 matched=callerPackage=getApplicationLocales+getOverrideLocaleConfig+setOverrideLocaleConfig,setApplicationLocales
1788697264.792 10311 22896 22896 I Unique  : 2026-09-06 19:21:04.789 I HOOK SERVICE_HOOKED service=connectivity cache=true singletons=0 managers=0 bound=callerPackage matched=callerPackage=getDefaultNetworkCapabilitiesForUser+getLastTetherError+getNetworkCapabilities+getRedactedLinkPropertiesForPackage+getRedactedNetworkCapabilitiesForPackage+isConnectivityServiceFeatureEnabledForTesting+listenForNetwork+pendingListenForNetwork+pendingRequestForNetwork+registerConnectivityDiagnosticsCallback+registerNetworkProvider+requestNetwork+requestRouteToHostAddress+setProvisioni
1788697264.794 10311 22896 22896 I Unique  : 2026-09-06 19:21:04.792 I HOOK IDENTITY_HOOK_INSTALLED service=connectivity package=com.axlebolt.standoff2 matched=callerPackage=getDefaultNetworkCapabilitiesForUser+getLastTetherError+getNetworkCapabilities+getRedactedLinkPropertiesForPackage+getRedactedNetworkCapabilitiesForPackage+isConnectivityServiceFeatureEnabledForTesting+listenForNetwork+pendingListenForNetwork+pendingRequestForNetwork+registerConnectivi
1788697264.800 10311 22896 22896 I Unique  : 2026-09-06 19:21:04.798 I HOOK SERVICE_HOOKED service=power cache=true singletons=0 managers=0 bound=callerPackage matched=callerPackage=acquireWakeLock+acquireWakeLockAsync+acquireWakeLockWithUid+crash+isAmbientDisplaySuppressedForToken+isAmbientDisplaySuppressedForTokenByApp+isFeatureAllowedInLowPowerStandby+reboot+shutdown+suppressAmbientDisplay+updateWakeLockWorkSource+wakeUp
1788697264.801 10311 22896 22896 I Unique  : 2026-09-06 19:21:04.800 I HOOK IDENTITY_HOOK_INSTALLED service=power package=com.axlebolt.standoff2 matched=callerPackage=acquireWakeLock+acquireWakeLockAsync+acquireWakeLockWithUid+crash+isAmbientDisplaySuppressedForToken+isAmbientDisplaySuppressedForTokenByApp+isFeatureAllowedInLowPowerStandby+reboot+shutdown+suppressAmbientDisplay+updateWakeLockWorkSource+wakeUp
1788697264.818 10311 22896 22896 I Unique  : 2026-09-06 19:21:04.816 I HOOK SERVICE_HOOKED service=wifi cache=true singletons=0 managers=0 bound=callerPackage matched=callerPackage=acquireMulticastLock+acquireWifiLock+addLocalOnlyConnectionStatusListener+addNetworkSuggestions+addOrUpdateNetwork+addOrUpdateNetworkPrivileged+addOrUpdatePasspointConfiguration+addQosPolicies+addSuggestionUserApprovalStatusListener+allowAutojoinGlobal+allowAutojoinPasspoint+connect+disableEphemeralNetwork+disableNetwork+disconnect+enableNetwork+enableTdls+enableTdlsWithMacAddress+en
1788697264.820 10311 22896 22896 I Unique  : 2026-09-06 19:21:04.819 I HOOK IDENTITY_HOOK_INSTALLED service=wifi package=com.axlebolt.standoff2 matched=callerPackage=acquireMulticastLock+acquireWifiLock+addLocalOnlyConnectionStatusListener+addNetworkSuggestions+addOrUpdateNetwork+addOrUpdateNetworkPrivileged+addOrUpdatePasspointConfiguration+addQosPolicies+addSuggestionUserApprovalStatusListener+allowAutojoinGlobal+allowAutojoinPasspoint+connect+di
1788697264.829 10311 22896 22896 I Unique  : 2026-09-06 19:21:04.826 I HOOK SERVICE_HOOKED service=location cache=true singletons=0 managers=0 bound=callerPackage matched=callerPackage=addGnssAntennaInfoListener+addGnssMeasurementsListener+addGnssNavigationMessageListener+addTestProvider+getCurrentLocation+getLastLocation+getProviderPackages+getProviderProperties+hasProvider+isProviderEnabledForUser+isProviderPackage+registerGnssNmeaCallback+registerGnssStatusCallback+registerLocationListener+registerLocationPendingIntent+removeTestProvider+requestGeofence+requestL
1788697264.830 10311 22896 22911 W PackageParsing: Ignoring duplicate uses-permissions/uses-permissions-sdk-m: android.permission.INTERNET in package: com.axlebolt.standoff2 at: Binary XML file line #21
1788697264.831 10311 22896 22896 I Unique  : 2026-09-06 19:21:04.829 I HOOK IDENTITY_HOOK_INSTALLED service=location package=com.axlebolt.standoff2 matched=callerPackage=addGnssAntennaInfoListener+addGnssMeasurementsListener+addGnssNavigationMessageListener+addTestProvider+getCurrentLocation+getLastLocation+getProviderPackages+getProviderProperties+hasProvider+isProviderEnabledForUser+isProviderPackage+registerGnssNmeaCallback+registerGnssStatusCallbac
1788697264.846 10311 22896 22896 I Unique  : 2026-09-06 19:21:04.844 I HOOK SERVICE_HOOKED service=audio cache=true singletons=0 managers=0 bound=callerPackage matched=callerPackage=abandonAudioFocus+abandonAudioFocusForTest+adjustStreamVolume+adjustStreamVolumeForUid+adjustStreamVolumeWithAttribution+adjustSuggestedStreamVolumeForUid+adjustVolumeGroupVolume+cacheParameters+disableSafeMediaVolume+getBluetoothAudioDeviceCategory+getBluetoothAudioDeviceCategory_legacy+getCacheParameters+getDeviceVolume+getNotificationUri+getPlayerVolume+handleVolumeKey+isBluetooth
1788697264.850 10311 22896 22896 I Unique  : 2026-09-06 19:21:04.847 I HOOK IDENTITY_HOOK_INSTALLED service=audio package=com.axlebolt.standoff2 matched=callerPackage=abandonAudioFocus+abandonAudioFocusForTest+adjustStreamVolume+adjustStreamVolumeForUid+adjustStreamVolumeWithAttribution+adjustSuggestedStreamVolumeForUid+adjustVolumeGroupVolume+cacheParameters+disableSafeMediaVolume+getBluetoothAudioDeviceCategory+getBluetoothAudioDeviceCategory_lega
1788697264.854 10311 22896 22896 I Unique  : 2026-09-06 19:21:04.853 I HOOK SERVICE_HOOKED service=vibrator_manager cache=true singletons=0 managers=0 bound=callerPackage matched=callerPackage=performHapticFeedback+setAlwaysOnEffect+vibrate
1788697264.856 10311 22896 22896 I Unique  : 2026-09-06 19:21:04.855 I HOOK IDENTITY_HOOK_INSTALLED service=vibrator_manager package=com.axlebolt.standoff2 matched=callerPackage=performHapticFeedback+setAlwaysOnEffect+vibrate
1788697264.863 10311 22896 22896 I Unique  : 2026-09-06 19:21:04.860 I HOOK SERVICE_HOOKED service=usagestats cache=true singletons=0 managers=0 bound=callerPackage matched=callerPackage=clearBroadcastEvents+clearBroadcastResponseStats+getAppMinStandbyBucket+getAppStandbyBucket+getAppStandbyBuckets+getAppStandbyConstant+getLastTimeAnyComponentUsed+isAppInactive+isPackageExemptedFromBroadcastResponseStats+queryBroadcastResponseStats+queryConfigurationStats+queryEventStats+queryEvents+queryEventsForPackage+queryEventsForPackageForUser+queryEventsForUser+queryEventsWith
1788697264.864 10311 22896 22896 I Unique  : 2026-09-06 19:21:04.863 I HOOK IDENTITY_HOOK_INSTALLED service=usagestats package=com.axlebolt.standoff2 matched=callerPackage=clearBroadcastEvents+clearBroadcastResponseStats+getAppMinStandbyBucket+getAppStandbyBucket+getAppStandbyBuckets+getAppStandbyConstant+getLastTimeAnyComponentUsed+isAppInactive+isPackageExemptedFromBroadcastResponseStats+queryBroadcastResponseStats+queryConfigurationStats+queryEventSta
1788697264.869 10311 22896 22896 I Unique  : 2026-09-06 19:21:04.867 I HOOK SERVICE_HOOKED service=netstats cache=true singletons=0 managers=0 bound=callerPackage matched=callerPackage=getIfaceStats+notifyNetworkStatus+openSessionForUsageStats+registerNetworkStatsProvider+registerUsageCallback+setStatsProviderWarningAndLimitAsync
1788697264.871 10311 22896 22896 I Unique  : 2026-09-06 19:21:04.869 I HOOK IDENTITY_HOOK_INSTALLED service=netstats package=com.axlebolt.standoff2 matched=callerPackage=getIfaceStats+notifyNetworkStatus+openSessionForUsageStats+registerNetworkStatsProvider+registerUsageCallback+setStatsProviderWarningAndLimitAsync
1788697264.877 10311 22896 22896 I Unique  : 2026-09-06 19:21:04.875 I HOOK SERVICE_HOOKED service=content cache=true singletons=0 managers=0 bound=callerPackage matched=callerPackage=addPeriodicSync+cancelSync+cancelSyncAsUser+getCache+getIsSyncable+getIsSyncableAsUser+getPeriodicSyncs+getSyncAdapterPackageAsUser+getSyncAdapterPackagesForAuthorityAsUser+getSyncAutomatically+getSyncAutomaticallyAsUser+getSyncStatus+getSyncStatusAsUser+isSyncActive+isSyncPending+isSyncPendingAsUser+notifyChange+onDbCorruption+putCache+removePeriodicSync+requestSync+setIsSyncable+se
1788697264.879 10311 22896 22896 I Unique  : 2026-09-06 19:21:04.877 I HOOK IDENTITY_HOOK_INSTALLED service=content package=com.axlebolt.standoff2 matched=callerPackage=addPeriodicSync+cancelSync+cancelSyncAsUser+getCache+getIsSyncable+getIsSyncableAsUser+getPeriodicSyncs+getSyncAdapterPackageAsUser+getSyncAdapterPackagesForAuthorityAsUser+getSyncAutomatically+getSyncAutomaticallyAsUser+getSyncStatus+getSyncStatusAsUser+isSyncActive+isSyncPending+isSy
1788697264.885 10311 22896 22896 I Unique  : 2026-09-06 19:21:04.883 I HOOK SERVICE_HOOKED service=shortcut cache=true singletons=0 managers=0 bound=shortcutPublish,callerPackage matched=shortcutPublish=addDynamicShortcuts+createShortcutResultIntent+pushDynamicShortcut+requestPinShortcut+setDynamicShortcuts+updateShortcuts,callerPackage=disableShortcuts+enableShortcuts+getIconMaxDimensions+getMaxShortcutCountPerActivity+getRateLimitResetTime+getRemainingCallCount+getShareTargets+getShortcuts+hasShareTargets+onApplicationActive+removeAllDynamicShortcuts+removeDynamicShortcuts+remov
1788697264.887 10311 22896 22896 I Unique  : 2026-09-06 19:21:04.885 I HOOK IDENTITY_HOOK_INSTALLED service=shortcut package=com.axlebolt.standoff2 matched=shortcutPublish=addDynamicShortcuts+createShortcutResultIntent+pushDynamicShortcut+requestPinShortcut+setDynamicShortcuts+updateShortcuts,callerPackage=disableShortcuts+enableShortcuts+getIconMaxDimensions+getMaxShortcutCountPerActivity+getRateLimitResetTime+getRemainingCallCount+getShareTargets+get
1788697264.895 10311 22896 22896 I Unique  : 2026-09-06 19:21:04.892 I HOOK SERVICE_HOOKED service=mount cache=true singletons=0 managers=0 bound=callerPackage,volumeList matched=callerPackage=abortChanges+allocateBytes+benchmark+destroyUserStorage+disableAppDataIsolation+fixupAppDir+fixupAppDirRecursive+fixupSysfsFile+forgetVolume+format+getAllocatableBytes+getCacheQuotaBytes+getCacheSizeBytes+getExternalStorageMountMode+getManageSpaceActivityIntent+getMountedObbPath+isAppIoBlocked+isObbMounted+mkdirs+mount+mountObb+moveStorageQuickly+notifyAppIoBlocked+notifyAppIoResumed
1788697264.898 10311 22896 22896 I Unique  : 2026-09-06 19:21:04.895 I HOOK IDENTITY_HOOK_INSTALLED service=mount package=com.axlebolt.standoff2 matched=callerPackage=abortChanges+allocateBytes+benchmark+destroyUserStorage+disableAppDataIsolation+fixupAppDir+fixupAppDirRecursive+fixupSysfsFile+forgetVolume+format+getAllocatableBytes+getCacheQuotaBytes+getCacheSizeBytes+getExternalStorageMountMode+getManageSpaceActivityIntent+getMountedObbPath+isAppI
1788697264.904 10311 22896 22896 I Unique  : 2026-09-06 19:21:04.902 I HOOK SERVICE_HOOKED service=account cache=true singletons=0 managers=0 bound=callerPackage matched=callerPackage=addAccount+addAccountAsUser+addAccountExplicitly+addAccountExplicitlyWithVisibility+addSharedAccountsFromParentUser+createRequestAccountAccessIntentSenderAsUser+editProperties+getAccountByTypeAndFeatures+getAccountVisibility+getAccountsAndVisibilityForPackage+getAccountsAsUser+getAccountsByFeatures+getAccountsByTypeForPackage+getAccountsForPackage+getAuthToken+getAuthTokenLabel+getUs
1788697264.906 10311 22896 22896 I Unique  : 2026-09-06 19:21:04.904 I HOOK IDENTITY_HOOK_INSTALLED service=account package=com.axlebolt.standoff2 matched=callerPackage=addAccount+addAccountAsUser+addAccountExplicitly+addAccountExplicitlyWithVisibility+addSharedAccountsFromParentUser+createRequestAccountAccessIntentSenderAsUser+editProperties+getAccountByTypeAndFeatures+getAccountVisibility+getAccountsAndVisibilityForPackage+getAccountsAsUser+getAccou
1788697264.926 10311 22896 22896 I Unique  : 2026-09-06 19:21:04.924 I HOOK SERVICE_HOOKED service=phone cache=true singletons=0 managers=0 bound=callerPackage matched=callerPackage=call+canChangeDtmfToneLength+changeIccLockPassword+checkCarrierPrivilegesForPackage+checkCarrierPrivilegesForPackageAnyPhone+clearSignalStrengthUpdateRequest+deprovisionSatelliteService+dial+disableDataConnectivity+disableVisualVoicemailSmsFilter+doesSwitchMultiSimConfigTriggerReboot+enableDataConnectivity+enableVisualVoicemailSmsFilter+enqueueSmsPickResult+factoryReset+getAllCellInf
1788697264.929 10311 22896 22896 I Unique  : 2026-09-06 19:21:04.927 I HOOK IDENTITY_HOOK_INSTALLED service=phone package=com.axlebolt.standoff2 matched=callerPackage=call+canChangeDtmfToneLength+changeIccLockPassword+checkCarrierPrivilegesForPackage+checkCarrierPrivilegesForPackageAnyPhone+clearSignalStrengthUpdateRequest+deprovisionSatelliteService+dial+disableDataConnectivity+disableVisualVoicemailSmsFilter+doesSwitchMultiSimConfigTriggerReboot+e
1788697264.952 10311 22896 22896 I Unique  : 2026-09-06 19:21:04.949 I HOOK SERVICE_HOOKED service=device_policy cache=true singletons=0 managers=0 bound=callerPackage matched=callerPackage=addCrossProfileIntentFilter+addCrossProfileWidgetProvider+addPersistentPreferredActivity+approveCaCert+checkDeviceIdentifierAccess+checkProvisioningPrecondition+choosePrivateKeyAlias+clearApplicationUserData+clearCrossProfileIntentFilters+clearDeviceOwner+clearPackagePersistentPreferredActivities+clearResetPasswordToken+createAdminSupportIntent+createAndManageUser+createAndProvisionM
1788697264.954 10311 22896 22896 I Unique  : 2026-09-06 19:21:04.953 I HOOK IDENTITY_HOOK_INSTALLED service=device_policy package=com.axlebolt.standoff2 matched=callerPackage=addCrossProfileIntentFilter+addCrossProfileWidgetProvider+addPersistentPreferredActivity+approveCaCert+checkDeviceIdentifierAccess+checkProvisioningPrecondition+choosePrivateKeyAlias+clearApplicationUserData+clearCrossProfileIntentFilters+clearDeviceOwner+clearPackagePersistentPreferre
1788697264.962 10311 22896 22896 I Unique  : 2026-09-06 19:21:04.959 I HOOK SERVICE_HOOKED service=media.camera cache=true singletons=0 managers=0 bound=callerPackage matched=callerPackage=connect+connectDevice+createDefaultRequest+getCameraCharacteristics+getSessionCharacteristics+getTorchStrengthLevel+injectCamera+injectSessionParams+isHiddenPhysicalCamera+isSessionConfigurationWithParametersSupported+setTorchMode+supportsCameraApi+turnOnTorchWithStrengthLevel
1788697264.964 10311 22896 22896 I Unique  : 2026-09-06 19:21:04.962 I HOOK IDENTITY_HOOK_INSTALLED service=media.camera package=com.axlebolt.standoff2 matched=callerPackage=connect+connectDevice+createDefaultRequest+getCameraCharacteristics+getSessionCharacteristics+getTorchStrengthLevel+injectCamera+injectSessionParams+isHiddenPhysicalCamera+isSessionConfigurationWithParametersSupported+setTorchMode+supportsCameraApi+turnOnTorchWithStrengthLevel
1788697264.972 10311 22896 22896 I Unique  : 2026-09-06 19:21:04.969 I HOOK SERVICE_HOOKED service=telecom cache=true singletons=0 managers=0 bound=callerPackage matched=callerPackage=acceptHandover+acceptRingingCall+acceptRingingCallWithVideoState+addCall+addNewIncomingCall+addNewIncomingConference+addOrRemoveTestCallCompanionApp+cancelMissedCallsNotification+clearAccounts+createLaunchEmergencyDialerIntent+createManageBlockedNumbersIntent+endCall+getAdnUriForPhoneAccount+getCallCapablePhoneAccounts+getCallStateUsingPackage+getCurrentTtyMode+getDefaultDialerPackag
1788697264.975 10311 22896 22896 I Unique  : 2026-09-06 19:21:04.972 I HOOK IDENTITY_HOOK_INSTALLED service=telecom package=com.axlebolt.standoff2 matched=callerPackage=acceptHandover+acceptRingingCall+acceptRingingCallWithVideoState+addCall+addNewIncomingCall+addNewIncomingConference+addOrRemoveTestCallCompanionApp+cancelMissedCallsNotification+clearAccounts+createLaunchEmergencyDialerIntent+createManageBlockedNumbersIntent+endCall+getAdnUriForPhoneA
1788697264.981 10311 22896 22896 I Unique  : 2026-09-06 19:21:04.979 I HOOK SERVICE_HOOKED service=media_router cache=true singletons=0 managers=0 bound=callerPackage matched=callerPackage=deselectRouteWithManager+deselectRouteWithRouter2+getSystemRoutes+getSystemSessionInfoForPackage+registerClientAsUser+registerClientGroupId+registerManager+registerProxyRouter+registerRouter2+releaseSessionWithManager+releaseSessionWithRouter2+requestCreateSessionWithManager+requestSetVolume+requestUpdateVolume+selectRouteWithManager+selectRouteWithRouter2+setSelectedRoute+setSession
1788697264.983 10311 22896 22896 I Unique  : 2026-09-06 19:21:04.981 I HOOK IDENTITY_HOOK_INSTALLED service=media_router package=com.axlebolt.standoff2 matched=callerPackage=deselectRouteWithManager+deselectRouteWithRouter2+getSystemRoutes+getSystemSessionInfoForPackage+registerClientAsUser+registerClientGroupId+registerManager+registerProxyRouter+registerRouter2+releaseSessionWithManager+releaseSessionWithRouter2+requestCreateSessionWithManager+requestSet
1788697264.989 10311 22896 22896 I Unique  : 2026-09-06 19:21:04.987 I HOOK SERVICE_HOOKED service=media_session cache=true singletons=0 managers=0 bound=callerPackage matched=callerPackage=addOnMediaKeyEventSessionChangedListener+createSession+dispatchAdjustVolume+dispatchMediaKeyEvent+dispatchMediaKeyEventToSessionAsSystemService+dispatchVolumeKeyEvent+dispatchVolumeKeyEventToSessionAsSystemService+getMediaKeyEventSession+getMediaKeyEventSessionPackageName+hasCustomMediaKeyDispatcher+hasCustomMediaSessionPolicyProvider+isTrusted+setCustomMediaKeyDispatcher+setCustomMe
1788697264.991 10311 22896 22896 I Unique  : 2026-09-06 19:21:04.989 I HOOK IDENTITY_HOOK_INSTALLED service=media_session package=com.axlebolt.standoff2 matched=callerPackage=addOnMediaKeyEventSessionChangedListener+createSession+dispatchAdjustVolume+dispatchMediaKeyEvent+dispatchMediaKeyEventToSessionAsSystemService+dispatchVolumeKeyEvent+dispatchVolumeKeyEventToSessionAsSystemService+getMediaKeyEventSession+getMediaKeyEventSessionPackageName+hasCustomMedi
1788697264.998 10311 22896 22896 I Unique  : 2026-09-06 19:21:04.995 I HOOK SERVICE_HOOKED service=appwidget cache=true singletons=0 managers=0 bound=callerPackage,appWidgetIdentity matched=callerPackage=allocateAppWidgetId+bindRemoteViewsService+createAppWidgetConfigIntentSender+deleteAppWidgetId+deleteHost+getAppWidgetIdsForHost+getAppWidgetInfo+getAppWidgetOfHost+getAppWidgetOptions+getAppWidgetViews+getInstalledProvidersForProfile+hasBindAppWidgetPermission+isBoundWidgetPackage+noteAppWidgetTapped+notifyAppWidgetViewDataChanged+partiallyUpdateAppWidgetIds+setAppWidgetHidden+setBi
1788697265.000 10311 22896 22896 I Unique  : 2026-09-06 19:21:04.998 I HOOK IDENTITY_HOOK_INSTALLED service=appwidget package=com.axlebolt.standoff2 matched=callerPackage=allocateAppWidgetId+bindRemoteViewsService+createAppWidgetConfigIntentSender+deleteAppWidgetId+deleteHost+getAppWidgetIdsForHost+getAppWidgetInfo+getAppWidgetOfHost+getAppWidgetOptions+getAppWidgetViews+getInstalledProvidersForProfile+hasBindAppWidgetPermission+isBoundWidgetPackage+not
1788697265.006 10311 22896 22896 I Unique  : 2026-09-06 19:21:05.004 I HOOK SERVICE_HOOKED service=input_method cache=true singletons=1 managers=0 bound=callerPackage,editorIdentity matched=callerPackage=acceptStylusHandwritingDelegation+acceptStylusHandwritingDelegationAsync+getEnabledInputMethodSubtypeList+prepareStylusHandwritingDelegation+setAdditionalInputMethodSubtypes+setExplicitlyEnabledInputMethodSubtypes+startConnectionlessStylusHandwriting+startProtoDump,editorIdentity=startInputOrWindowGainedFocus+startInputOrWindowGainedFocusAsync
1788697265.008 10311 22896 22896 I Unique  : 2026-09-06 19:21:05.007 I HOOK IDENTITY_HOOK_INSTALLED service=input_method package=com.axlebolt.standoff2 matched=callerPackage=acceptStylusHandwritingDelegation+acceptStylusHandwritingDelegationAsync+getEnabledInputMethodSubtypeList+prepareStylusHandwritingDelegation+setAdditionalInputMethodSubtypes+setExplicitlyEnabledInputMethodSubtypes+startConnectionlessStylusHandwriting+startProtoDump,editorIdentity=start
1788697265.010 10311 22896 22896 I Unique  : 2026-09-06 19:21:05.009 I HOOK IDENTITY_HOOKS_INSTALLED package=com.axlebolt.standoff2 installed=alarm,clipboard,restrictions,locale,connectivity,power,wifi,location,audio,vibrator_manager,usagestats,netstats,content,shortcut,mount,account,phone,device_policy,media.camera,telecom,media_router,media_session,appwidget,input_method skipped=
1788697265.012 10311 22896 22896 W Unique  : 2026-09-06 19:21:05.011 W PROCESS ALARM_EXACT_UNAVAILABLE detail=UNIQUE does not hold SCHEDULE_EXACT_ALARM; a guest asking for an exact alarm will get the platform's SecurityException
1788697265.018 10311 22896 22896 I Unique  : 2026-09-06 19:21:05.016 I HOOK SERVICE_HOOKED service=jobscheduler cache=true singletons=0 managers=0 bound=jobById,scheduleJob,pendingJobs matched=jobById=cancel+getPendingJob+getPendingJobReason,scheduleJob=enqueue+schedule+scheduleAsPackage,pendingJobs=getAllPendingJobs+getAllPendingJobsInNamespace
1788697265.019 10311 22896 22896 I Unique  : 2026-09-06 19:21:05.018 I HOOK JOB_HOOKED package=com.axlebolt.standoff2 slot=0 matched=jobById=cancel+getPendingJob+getPendingJobReason,scheduleJob=enqueue+schedule+scheduleAsPackage,pendingJobs=getAllPendingJobs+getAllPendingJobsInNamespace
1788697265.032 10311 22896 22896 I Unique  : 2026-09-06 19:21:05.030 I HOOK SERVICE_HOOKED service=notification cache=true singletons=1 managers=0 bound=notificationIdentity,enqueue,channels matched=notificationIdentity=addAutomaticZenRule+areBubblesAllowed+areNotificationsEnabled+areNotificationsEnabledForPackage+buzzBeepBlinkForNotification+canNotifyAsPackage+canShowBadge+cancelAllNotifications+cancelNotificationFromListener+cancelToast+clearData+deleteNotificationHistoryItem+enqueueTextToast+enqueueToast+finishToken+getActiveNotifications+getActiveNotificationsWithAttribution+getAllowedAss
1788697265.035 10311 22896 22896 I Unique  : 2026-09-06 19:21:05.033 I HOOK NOTIFICATION_HOOKED package=com.axlebolt.standoff2 vuid=0 matched=notificationIdentity=addAutomaticZenRule+areBubblesAllowed+areNotificationsEnabled+areNotificationsEnabledForPackage+buzzBeepBlinkForNotification+canNotifyAsPackage+canShowBadge+cancelAllNotifications+cancelNotificationFromListener+cancelToast+clearData+deleteNotificationHistoryItem+enqueueTextToast+enqueueToast+finishToken+getActiveNotifications+getActiveNotificationsWithAttribution+getAllowedAss
1788697265.053 10311 22896 22896 I Unique  : 2026-09-06 19:21:05.050 I PROCESS RECEIVERS_REGISTERED package=com.axlebolt.standoff2 declared=9 registered=12 actions=com.adjust.sdk.AdjustPreinstallReferrerReceiver#com.attribution.SYSTEM_INSTALLER_REFERRER;com.adjust.sdk.AdjustReferrerReceiver#com.android.vending.INSTALL_REFERRER;com.facebook.CurrentAccessTokenExpirationBroadcastReceiver#com.facebook.sdk.ACTION_CURRENT_ACCESS_TOKEN_CHANGED;com.facebook.AuthenticationTokenManager$CurrentAuthenticationTokenChangedBroadcastReceiver#com.facebook.sdk.ACTION_CURRENT_ exported=6
1788697265.054 10311 22896 22896 I Unique  : 2026-09-06 19:21:05.053 I LAUNCH ACTIVITY_LIFECYCLE_INSTALLED package=com.axlebolt.standoff2
1788697265.066 10311 22896 22896 W ContextImpl: Failed to ensure /data/user/0/com.unique/files/virtual/users/0/data/com.axlebolt.standoff2/shared_prefs: mkdir failed: ENOENT (No such file or directory)
1788697265.072 10311 22896 22896 W ContextImpl: Failed to ensure /data/user/0/com.unique/files/virtual/users/0/data/com.axlebolt.standoff2/shared_prefs: mkdir failed: ENOENT (No such file or directory)
1788697265.075 10311 22896 22896 W com.facebook.UserSettingsManager: You haven't set a value for AdvertiserIDCollectionEnabled. Set the flag to TRUE if you want to collect Advertiser ID for better advertising and analytics results. To request user consent before collecting data, set the flag value to FALSE, then change to TRUE once user consent is received. Learn more: https://developers.facebook.com/docs/app-events/getting-started-app-events-android#disable-auto-events.
1788697265.078 10311 22896 22896 W ContextImpl: Failed to ensure /data/user/0/com.unique/files/virtual/users/0/data/com.axlebolt.standoff2/shared_prefs: mkdir failed: ENOENT (No such file or directory)
1788697265.080 10311 22896 22896 W ContextImpl: Failed to ensure /data/user/0/com.unique/files/virtual/users/0/data/com.axlebolt.standoff2/shared_prefs: mkdir failed: ENOENT (No such file or directory)
1788697265.086 10311 22896 22896 W ContextImpl: Failed to ensure /data/user/0/com.unique/files/virtual/users/0/data/com.axlebolt.standoff2/shared_prefs: mkdir failed: ENOENT (No such file or directory)
1788697265.093 10311 22896 22896 W ContextImpl: Failed to ensure /data/user/0/com.unique/files/virtual/users/0/data/com.axlebolt.standoff2/shared_prefs: mkdir failed: ENOENT (No such file or directory)
1788697265.099 10311 22896 22920 W com.facebook.internal.NativeProtocol: Apps that target Android API 30+ (Android 11+) cannot call Facebook native apps unless the package visibility needs are declared. Please follow https://developers.facebook.com/docs/android/troubleshooting/#faq_267321845055988 to make the declaration.
1788697265.100 10311 22896 22921 W ContextImpl: Failed to ensure /data/user/0/com.unique/files/virtual/users/0/data/com.axlebolt.standoff2/cache: mkdir failed: ENOENT (No such file or directory)
1788697265.100 10311 22896 22921 W ContextImpl: Failed to update user.inode_cache: stat failed: ENOENT (No such file or directory)
1788697265.112 10311 22896 22918 I Unique  : 2026-09-06 19:21:05.111 I LAUNCH GOOGLE_STACK_HIDDEN package=com.google.android.gms hidden=true reason=AUTO_HIDDEN_AFTER_CRASH detail=this instance died of "Unknown calling package name" once; Play services is hidden from it so its SDK takes the path it has for a phone without one
1788697265.125 10311 22896 22918 W GooglePlayServicesUtil: com.axlebolt.standoff2 requires Google Play services, but they are missing.
1788697265.130 10311 22896 22918 W GooglePlayServicesUtil: com.axlebolt.standoff2 requires Google Play services, but they are missing.
1788697265.135 10311 22896 22918 W ContextImpl: Failed to ensure /data/user/0/com.unique/files/virtual/users/0/data/com.axlebolt.standoff2/files: mkdir failed: ENOENT (No such file or directory)
1788697265.136 10311 22896 22918 W ContextImpl: Failed to ensure /data/user/0/com.unique/files/virtual/users/0/data/com.axlebolt.standoff2/files: mkdir failed: ENOENT (No such file or directory)
1788697265.138 10311 22896 22917 E FeatureFlagsImplExport: android.os.flagging.AconfigStorageReadException: ERROR_PACKAGE_NOT_FOUND: package com.android.libcore cannot be found on the device
1788697265.138 10311 22896 22915 E FeatureFlagsImplExport: android.os.flagging.AconfigStorageReadException: ERROR_PACKAGE_NOT_FOUND: package com.android.libcore cannot be found on the device
1788697265.147 10311 22896 22896 D FirebaseSessions: Dependency to CRASHLYTICS added.
1788697265.153 10311 22896 22896 I FirebaseApp: Device unlocked: initializing all Firebase APIs for app [DEFAULT]
1788697265.158 10311 22896 22896 I FirebaseCrashlytics: Initializing Firebase Crashlytics 20.0.1 for com.axlebolt.standoff2
1788697265.161 10311 22896 22896 W ContextImpl: Failed to ensure /data/user/0/com.unique/files/virtual/users/0/data/com.axlebolt.standoff2/files: mkdir failed: ENOENT (No such file or directory)
1788697265.176 10311 22896 22911 I Unique  : 2026-09-06 19:21:05.175 I LAUNCH SIGNATURES_LOADED package=com.axlebolt.standoff2 signers=1 hasSigningInfo=true
1788697265.179 10311 22896 22896 I UniqueNative: io_redirect installed: 0 slot(s) in 1/390 libraries (0 excluded, 0 total), 8 rule(s), page size 4096
1788697265.191 10311 22896 22896 D FirebaseSessions: Subscriber CRASHLYTICS registered.
1788697265.191 10311 22896 22928 W GooglePlayServicesUtil: com.axlebolt.standoff2 requires Google Play services, but they are missing.
1788697265.194 10311 22896 22928 E DynamiteModule: Invalid GmsCore APK, remote loading disabled.
1788697265.194 10311 22896 22928 I DynamiteModule: Considering local module com.google.android.gms.measurement.dynamite:155 and remote module com.google.android.gms.measurement.dynamite:0
1788697265.194 10311 22896 22928 I DynamiteModule: Selected local version of com.google.android.gms.measurement.dynamite
1788697265.196 10311 22896 22928 E DynamiteModule: Invalid GmsCore APK, remote loading disabled.
1788697265.234 10311 22896 22931 I FA      : App measurement initialized, version: 133005
1788697265.234 10311 22896 22931 I FA      : To enable debug logging run: adb shell setprop log.tag.FA VERBOSE
1788697265.234 10311 22896 22931 I FA      : To enable faster debug mode event logging run:
1788697265.234 10311 22896 22931 I FA      :   adb shell setprop debug.firebase.analytics.app com.axlebolt.standoff2
1788697265.250 10311 22896 22896 I UniqueNative: io_redirect installed: 0 slot(s) in 2/391 libraries (0 excluded, 0 total), 8 rule(s), page size 4096
1788697265.250 10311 22896 22941 I FirebaseCrashlytics: Saved version control info
1788697265.260 10311 22896 22896 D FirebaseSessions: Initializing Firebase Sessions 3.0.1.
1788697265.267 10311 22896 22896 I FirebaseInitProvider: FirebaseApp initialization successful
1788697265.271 10311 22896 22948 D Unique  : 2026-09-06 19:21:05.270 D PROCESS PERMISSION_CHECK permission=android.permission.WAKE_LOCK result=GRANTED
1788697265.273 10311 22896 22945 W Metadata: Failed to find package android.content.pm.PackageManager$NameNotFoundException: com.google.android.gms
1788697265.275 10311 22896 22945 W Metadata: Failed to find package android.content.pm.PackageManager$NameNotFoundException: com.google.android.gms
1788697265.276 10311 22896 22948 W FirebaseInstanceId: Failed to resolve IID implementation package, falling back
1788697265.293 10311 22896 22896 D WM-WrkMgrInitializer: Initializing WorkManager with default configuration.
1788697265.298 10311 22896 22950 W FirebaseInstanceId: Failed to find package android.content.pm.PackageManager$NameNotFoundException: com.google.android.gms
1788697265.305 10311 22896 22896 D WM-PackageManagerHelper: Skipping component enablement for androidx.work.impl.background.systemjob.SystemJobService
1788697265.305 10311 22896 22896 D WM-Schedulers: Created SystemJobScheduler and enabled SystemJobService
1788697265.315 10311 22896 22953 W GooglePlayServicesUtil: com.axlebolt.standoff2 requires Google Play services, but they are missing.
1788697265.317 10311 22896 22953 E GooglePlayServicesUtil: GooglePlayServices not available due to error 1
1788697265.321 10311 22896 22955 W GooglePlayServicesUtil: com.axlebolt.standoff2 requires Google Play services, but they are missing.
1788697265.322 10311 22896 22955 E AppLovinSdk: [DataCollector] Could not collect Google Advertising ID - this will negatively impact your eCPMs! Please integrate the Google Play Services SDK into your application. More info can be found online at http://developer.android.com/google/play-services/setup.html. If you're sure you've integrated the SDK and are still seeing this message, you may need to add a ProGuard exception: -keep public class com.google.android.gms.** { public protected *; }
1788697265.322 10311 22896 22955 E AppLovinSdk: java.io.IOException: Google Play services not available
1788697265.322 10311 22896 22955 E AppLovinSdk: 	at com.google.android.gms.ads.identifier.AdvertisingIdClient.zzb(SourceFile:51)
1788697265.322 10311 22896 22955 E AppLovinSdk: 	at com.google.android.gms.ads.identifier.AdvertisingIdClient.getAdvertisingIdInfo(SourceFile:16)
1788697265.322 10311 22896 22955 E AppLovinSdk: 	at com.applovin.impl.v.collectGoogleAdvertisingInfo(SourceFile:19)
1788697265.322 10311 22896 22955 E AppLovinSdk: 	at com.applovin.impl.v.c(SourceFile:1)
1788697265.322 10311 22896 22955 E AppLovinSdk: 	at com.applovin.impl.v.a(SourceFile:9)
1788697265.322 10311 22896 22955 E AppLovinSdk: 	at com.applovin.impl.v.b(SourceFile:1)
1788697265.322 10311 22896 22955 E AppLovinSdk: 	at com.applovin.impl.i1.b(SourceFile:1)
1788697265.322 10311 22896 22955 E AppLovinSdk: 	at com.applovin.impl.i1.c(SourceFile:1)
1788697265.322 10311 22896 22955 E AppLovinSdk: 	at com.applovin.impl.ya.run(SourceFile:1)
1788697265.322 10311 22896 22955 E AppLovinSdk: 	at java.lang.Thread.run(Thread.java:1572)
1788697265.325 10311 22896 22936 D FirebaseSessions: Notified CRASHLYTICS of new session 34e0b9f4922645ed911235739e965f95
1788697265.325 10311 22896 22896 I Unique  : 2026-09-06 19:21:05.323 I PROCESS PROVIDERS_PUBLISHED package=com.axlebolt.standoff2 process=com.axlebolt.standoff2 declared=21 authorities=[redacted]
1788697265.325 10311 22896 22955 E AppLovinSdk: [DataCollector] Unable to determine if Fire OS limited ad tracking is turned on
1788697265.325 10311 22896 22955 E AppLovinSdk: android.provider.Settings$SettingNotFoundException: limit_ad_tracking
1788697265.325 10311 22896 22955 E AppLovinSdk: 	at android.provider.Settings.parseIntSetting(Settings.java:3975)
1788697265.325 10311 22896 22955 E AppLovinSdk: 	at android.provider.Settings.-$$Nest$smparseIntSetting(Settings.java:0)
1788697265.325 10311 22896 22955 E AppLovinSdk: 	at android.provider.Settings$Secure.getIntForUser(Settings.java:7212)
1788697265.325 10311 22896 22955 E AppLovinSdk: 	at android.provider.Settings$Secure.getInt(Settings.java:7205)
1788697265.325 10311 22896 22955 E AppLovinSdk: 	at com.applovin.impl.v.collectFireOSAdvertisingInfo(SourceFile:32)
1788697265.325 10311 22896 22955 E AppLovinSdk: 	at com.applovin.impl.v.c(SourceFile:7)
1788697265.325 10311 22896 22955 E AppLovinSdk: 	at com.applovin.impl.v.a(SourceFile:9)
1788697265.325 10311 22896 22955 E AppLovinSdk: 	at com.applovin.impl.v.b(SourceFile:1)
1788697265.325 10311 22896 22955 E AppLovinSdk: 	at com.applovin.impl.i1.b(SourceFile:1)
1788697265.325 10311 22896 22955 E AppLovinSdk: 	at com.applovin.impl.i1.c(SourceFile:1)
1788697265.325 10311 22896 22955 E AppLovinSdk: 	at com.applovin.impl.ya.run(SourceFile:1)
1788697265.325 10311 22896 22955 E AppLovinSdk: 	at java.lang.Thread.run(Thread.java:1572)
1788697265.328 10311 22896 22896 I UniqueNative: redirect table set: 8 rule(s)
1788697265.328 10311 22896 22896 I UniqueNative: io_redirect: 2 exclusion(s) set
1788697265.330 10311 22896 22896 I UniqueNative: io_redirect installed: 0 slot(s) in 2/391 libraries (0 excluded, 0 total), 8 rule(s), page size 4096
1788697265.332 10311 22896 22896 I Unique  : 2026-09-06 19:21:05.330 I NATIVE u0 com.axlebolt.standoff2 IO_REDIRECT_INSTALLED status=NOTHING_TO_HOOK watch=OK rules=8 slots=0 scope=/data/user/0/com.unique/files/virtual/apk/com.axlebolt.standoff2/203908/lib/arm64-v8a,/data/data/com.unique/files/virtual/apk/com.axlebolt.standoff2/203908/lib/arm64-v8a,/data/user/0/com.unique/files/ excluded=libgrave.so,libunique_native.so
1788697265.335 10311 22896 22896 I Unique  : 2026-09-06 19:21:05.333 I LAUNCH u0 com.axlebolt.standoff2 BOOTSTRAP_OK package=com.axlebolt.standoff2 vuid=0 slot=0 applicationClass=android.app.Application dataDir=/data/user/0/com.unique/files/virtual/users/0/data/com.axlebolt.standoff2 sourceDir=/data/user/0/com.unique/files/virtual/apk/com.axlebolt.standoff2/203908/base.apk nativeLibraryDir=/data/user/0/com.unique/files/virtual/apk/com.axlebolt.standoff2/203908/lib/arm64-v8a targetSdk=36 observedPackageName=com.axlebolt.standoff2 observedFilesDir=/data/user/0/com.unique/files/virtual/users/0/data/com.axlebolt.standoff2/files millis=1468
1788697265.338 10311 22896 22955 W GooglePlayServicesUtil: com.axlebolt.standoff2 requires Google Play services, but they are missing.
1788697265.340 10311 22896 22896 I Unique  : 2026-09-06 19:21:05.338 I PROCESS u0 com.axlebolt.standoff2 JOB_STARTED service=com.google.android.datatransport.runtime.scheduling.jobscheduling.JobInfoSchedulerService virtualJobId=-1954795185 hostJobId=799055 stillRunning=true
1788697265.341 10311 20915 20923 I Unique  : 2026-09-06 19:21:05.340 I PROCESS PROVIDER_SLOT_READY slot=0 vuid=0 pid=22896
1788697265.342 10311 22896 22896 W libc    : Access denied finding property "ro.vendor.perf.scroll_opt"
1788697265.348 10311 22896 22959 D Unique  : 2026-09-06 19:21:05.346 D PROCESS u0 com.axlebolt.standoff2 SERVICE_INTENT_CROSS_APP action=com.google.android.gms.games.internal.appshortcuts.service.START target=com.google.android.gms
1788697265.349 10311 22896 22959 D Unique  : 2026-09-06 19:21:05.348 D PROCESS u0 com.axlebolt.standoff2 SERVICE_CONNECTION_WRAPPED connection=com.google.android.gms.common.internal.j1
1788697265.356 10311 22896 22896 I PowerHalWrapper: PowerHalWrapper.getInstance
1788697265.356 10311 22896 22896 I M-ProMotion: M-ProMotion is disabled
1788697265.361 10311 22896 22896 W Looper  : Loop again would have the queued messages be executed before this one completed.
1788697265.361 10311 22896 22959 W GooglePlayServicesUtil: com.axlebolt.standoff2 requires Google Play services, but they are missing.
1788697265.362 10311 22896 22959 W GoogleApiManager: The service for com.google.android.gms.internal.appset.zzd is not available: ConnectionResult{statusCode=SERVICE_MISSING, resolution=null, message=null, clientMethodKey=null}
1788697265.363 10311 22896 22931 W GooglePlayServicesUtil: com.axlebolt.standoff2 requires Google Play services, but they are missing.
1788697265.364 10311 22896 22952 I Unique  : 2026-09-06 19:21:05.362 I LAUNCH u0 com.axlebolt.standoff2 PENDING_INTENT_RECEIVER_ROUTED receiver=androidx.work.impl.utils.ForceStopRunnable$BroadcastReceiver package=com.axlebolt.standoff2 vuid=0 stub=com.unique.app.runtime.BroadcastStub
1788697265.365 10311 22896 22896 I Unique  : 2026-09-06 19:21:05.364 I PROCESS u0 com.axlebolt.standoff2 BROADCAST_DELIVERED receiver=com.mbridge.msdk.foundation.same.broadcast.NetWorkChangeReceiver action=android.net.conn.CONNECTIVITY_CHANGE
1788697265.367 10311 22896 22931 I Unique  : 2026-09-06 19:21:05.365 I PROCESS u0 com.axlebolt.standoff2 SERVICE_STUB_RESERVED slot=0 stub=0 service=com.google.android.gms.measurement.AppMeasurementService vuid=0
1788697265.369 10311 22896 22931 D Unique  : 2026-09-06 19:21:05.367 D PROCESS u0 com.axlebolt.standoff2 SERVICE_INTENT_ROUTED service=com.google.android.gms.measurement.AppMeasurementService stub=com.unique.stub.ServiceStub_p0_s0 action=com.google.android.gms.measurement.START
1788697265.371 10311 22896 22931 D Unique  : 2026-09-06 19:21:05.370 D PROCESS u0 com.axlebolt.standoff2 SERVICE_CONNECTION_WRAPPED connection=com.google.android.gms.measurement.internal.lb
1788697265.374 10311 22896 22896 I Unique  : 2026-09-06 19:21:05.372 I LAUNCH u0 com.axlebolt.standoff2 GMS_BROKER_WRAPPED descriptor=com.google.android.gms.common.internal.IGmsServiceBroker package=com.axlebolt.standoff2
1788697265.376 10311 22896 22896 D Unique  : 2026-09-06 19:21:05.375 D LAUNCH u0 com.axlebolt.standoff2 CALLBACK_ALIVE what=122 obj=android.app.ActivityThread$BindServiceData
1788697265.378 10311 22896 22959 E Parcel  : Attempt to read from protected data in Parcel 0xb400007b7b14ba00
1788697265.379 10311 22896 22959 E Parcel  : Attempt to read from protected data in Parcel 0xb400007b7b14ba00
1788697265.379 10311 22896 22959 E Parcel  : Attempt to read from protected data in Parcel 0xb400007b7b14ba00
1788697265.379 10311 22896 22959 E Parcel  : Attempt to read from protected data in Parcel 0xb400007b7b14ba00
1788697265.379 10311 22896 22959 E Parcel  : Attempt to read from protected data in Parcel 0xb400007b7b14ba00
1788697265.379 10311 22896 22959 E Parcel  : Attempt to read from protected data in Parcel 0xb400007b7b14ba00
1788697265.381 10311 22896 22959 D Unique  : 2026-09-06 19:21:05.380 D LAUNCH u0 com.axlebolt.standoff2 GMS_CALLING_PACKAGE_REWRITTEN from=com.axlebolt.standoff2 to=com.unique fields=1
1788697265.384 10311 22896 22896 I Unique  : 2026-09-06 19:21:05.383 I PROCESS u0 com.axlebolt.standoff2 CREATE_SERVICE_REWRITTEN stub=com.unique.stub.ServiceStub_p0_s0 service=com.google.android.gms.measurement.AppMeasurementService
1788697265.385 10311 22896 22896 V FA      : AppMeasurementService is starting up.
1788697265.386 10311 22896 22969 I AppMetrica: AppMetrica [3442-IAA-CDE-1] Initializing of AppMetrica, Release type, Version 7.12.0, API Level 115, Dated 04.09.2025.
1788697265.392 10311 22896 22896 D Unique  : 2026-09-06 19:21:05.390 D PROCESS u0 com.axlebolt.standoff2 SERVICE_INTENT_ROUTED service=com.google.android.gms.measurement.AppMeasurementService stub=com.unique.stub.ServiceStub_p0_s0 action=com.google.android.gms.measurement.START
1788697265.394 10311 22896 22931 I Unique  : 2026-09-06 19:21:05.392 I LAUNCH u0 com.axlebolt.standoff2 PENDING_INTENT_RECEIVER_ROUTED receiver=com.google.android.gms.measurement.AppMeasurementReceiver package=com.axlebolt.standoff2 vuid=0 stub=com.unique.app.runtime.BroadcastStub
1788697265.413 10311 22896 22896 D Unique  : 2026-09-06 19:21:05.412 D PROCESS u0 com.axlebolt.standoff2 SERVICE_CONNECTION_RENAMED stub=com.unique.stub.ServiceStub_p0_s0 service=com.google.android.gms.measurement.AppMeasurementService
1788697265.430 10311 22896 22956 D FBAudienceNetwork: SDK dex loading time: 110
1788697265.442 10311 22896 22969 I AppMetrica: AppMetrica [3442-IAA-CDE-1] Activate AppMetrica in anonymous mode
1788697265.443 10311 22896 22949 W GooglePlayServicesUtil: com.axlebolt.standoff2 requires Google Play services, but they are missing.
1788697265.445 10311 22896 22972 I Unique  : 2026-09-06 19:21:05.443 I PROCESS u0 com.axlebolt.standoff2 SERVICE_STUB_RESERVED slot=0 stub=1 service=io.appmetrica.analytics.internal.AppMetricaService vuid=0
1788697265.445 10311 22896 22969 I AppMetrica: AppMetrica [3442-IAA-CDE-1] Activate reporter with APIKey 20799a27-xxxx-xxxx-xxxx-xxxxxxxx4180
1788697265.450 10311 22896 22972 D Unique  : 2026-09-06 19:21:05.448 D PROCESS u0 com.axlebolt.standoff2 SERVICE_INTENT_ROUTED service=io.appmetrica.analytics.internal.AppMetricaService stub=com.unique.stub.ServiceStub_p0_s1 action=io.appmetrica.analytics.IAppMetricaService
1788697265.451 10311 22896 22972 D Unique  : 2026-09-06 19:21:05.450 D PROCESS u0 com.axlebolt.standoff2 SERVICE_CONNECTION_WRAPPED connection=io.appmetrica.analytics.impl.n0
1788697265.458 10311 22896 22896 I Unique  : 2026-09-06 19:21:05.457 I PROCESS u0 com.axlebolt.standoff2 CREATE_SERVICE_REWRITTEN stub=com.unique.stub.ServiceStub_p0_s1 service=io.appmetrica.analytics.internal.AppMetricaService
1788697265.460 10311 22896 22969 I AppMetrica: AppMetrica [3442-IAA-CDE-1] Activate reporter with APIKey 478cb909-xxxx-xxxx-xxxx-xxxxxxxx9f93
1788697265.468 10311 22896 22896 D Unique  : 2026-09-06 19:21:05.466 D PROCESS u0 com.axlebolt.standoff2 SERVICE_INTENT_ROUTED service=io.appmetrica.analytics.internal.AppMetricaService stub=com.unique.stub.ServiceStub_p0_s1 action=io.appmetrica.analytics.IAppMetricaService
1788697265.601 10311 22896 22931 I Unique  : 2026-09-06 19:21:05.600 I LAUNCH u0 com.axlebolt.standoff2 PENDING_INTENT_RECEIVER_ROUTED receiver=com.google.android.gms.measurement.AppMeasurementReceiver package=com.axlebolt.standoff2 vuid=0 stub=com.unique.app.runtime.BroadcastStub
1788697265.611 10311 22896 22931 W GooglePlayServicesUtil: com.axlebolt.standoff2 requires Google Play services, but they are missing.
1788697265.623 10311 22896 22931 D Unique  : 2026-09-06 19:21:05.622 D PROCESS u0 com.axlebolt.standoff2 SERVICE_CONNECTION_WRAPPED connection=com.google.android.gms.measurement.internal.b6
1788697265.648 10311 20915 20991 W Unique  : 2026-09-06 19:21:05.647 W PROCESS PROVIDER_ROUTE_UNKNOWN vuid=0 authority=[redacted]
1788697265.698 10311 22896 22931 I Unique  : 2026-09-06 19:21:05.696 I LAUNCH u0 com.axlebolt.standoff2 PENDING_INTENT_RECEIVER_ROUTED receiver=com.google.android.gms.measurement.AppMeasurementReceiver package=com.axlebolt.standoff2 vuid=0 stub=com.unique.app.runtime.BroadcastStub
1788697265.701 10311 22896 22931 W JobInfo : Job 'com.axlebolt.standoff2/com.google.android.gms.measurement.AppMeasurementJobService#208855449' has a deadline with no functional constraints. The deadline won't improve job execution latency. Consider removing the deadline.
1788697265.709 10311 22896 22931 I Unique  : 2026-09-06 19:21:05.707 I PROCESS u0 com.axlebolt.standoff2 JOB_SCHEDULED service=com.google.android.gms.measurement.AppMeasurementJobService virtualJobId=208855449 hostJobId=188825 stub=com.unique.stub.JobStub_p0
1788697265.722 10311 22896 22931 W FA      : Callable skipped the worker queue.
1788697265.728 10311 20915 20915 W WindowOnBackDispatcher: sendCancelIfRunning: isInProgress=false callback=io.flutter.embedding.android.FlutterActivity$1@a3b05e9
1788697265.733 10311 22896 22931 E FA      : Task exception on worker thread: java.lang.IllegalStateException: Unexpected call on client side: com.google.android.gms.measurement.internal.s6.q(SourceFile:5)
1788697266.520 10311 22896 22915 W GooglePlayServicesUtil: com.axlebolt.standoff2 requires Google Play services, but they are missing.
1788697266.523 10311 22896 22915 W GooglePlayServicesUtil: com.axlebolt.standoff2 requires Google Play services, but they are missing.
1788697266.523 10311 22896 22918 D Unique  : 2026-09-06 19:21:06.522 D PROCESS u0 com.axlebolt.standoff2 SERVICE_CONNECTION_WRAPPED connection=com.android.installreferrer.api.InstallReferrerClientImpl$InstallReferrerServiceConnection
1788697266.535 10311 22896 22918 W AnalyticsUserIDStore: initStore should have been called before calling setUserID
1788697266.551 10311 22896 22918 I Unique  : 2026-09-06 19:21:06.549 I STORAGE u0 com.axlebolt.standoff2 EXTERNAL_VOLUME_REPOINTED path=/data/user/0/com.unique/files/virtual/users/0/sdcard fields=mPath,mInternalPath
1788697266.554 10311 22896 22918 I Unique  : 2026-09-06 19:21:06.552 I STORAGE u0 com.axlebolt.standoff2 EXTERNAL_VOLUME_REPOINTED path=/data/user/0/com.unique/files/virtual/users/0/sdcard fields=mPath,mInternalPath
1788697266.557 10311 22896 22918 I Unique  : 2026-09-06 19:21:06.555 I STORAGE u0 com.axlebolt.standoff2 EXTERNAL_VOLUME_REPOINTED path=/data/user/0/com.unique/files/virtual/users/0/sdcard fields=mPath,mInternalPath
1788697266.559 10311 22896 22918 I Unique  : 2026-09-06 19:21:06.558 I STORAGE u0 com.axlebolt.standoff2 EXTERNAL_VOLUME_REPOINTED path=/data/user/0/com.unique/files/virtual/users/0/sdcard fields=mPath,mInternalPath
1788697266.561 10311 22896 22918 I Unique  : 2026-09-06 19:21:06.560 I STORAGE u0 com.axlebolt.standoff2 EXTERNAL_VOLUME_REPOINTED path=/data/user/0/com.unique/files/virtual/users/0/sdcard fields=mPath,mInternalPath
1788697266.564 10311 22896 22918 I Unique  : 2026-09-06 19:21:06.563 I STORAGE u0 com.axlebolt.standoff2 EXTERNAL_VOLUME_REPOINTED path=/data/user/0/com.unique/files/virtual/users/0/sdcard fields=mPath,mInternalPath
1788697267.014 10311 22896 22941 D FirebaseSessions: Fetching settings from server.
1788697267.016 10311 22896 22950 W Metadata: Failed to find package android.content.pm.PackageManager$NameNotFoundException: com.google.android.gms
1788697267.018 10311 22896 22950 W Metadata: Failed to resolve IID implementation package, falling back
1788697267.461 10311 22896 22949 I YandexAds: [Integration] Yandex Mobile Ads 7.16.1 initialized successfully
1788697268.211 10311 22896 22930 D FirebaseSessions: Fetched settings: {"settings_version":3,"cache_duration":176148,"features":{"collect_logged_exceptions":true,"collect_reports":true,"collect_analytics":false,"prompt_enabled":false,"push_enabled":false,"firebase_crashlytics_enabled":false,"collect_anrs":true,"collect_metric_kit":false,"collect_build_ids":true},"app":{"status":"activated","update_required":false,"report_upload_variant":2,"native_report_upload_variant":2},"fabric":{"org_id":"637f343add22d1b353c6cc57","bundle_id":"com.axlebolt.standoff2"},"on_demand_upload_rate_per_minute":10,"on_demand_backoff_base":1.2,"on_demand_backoff_step_duration_seconds":60,"app_quality":{"sessions_enabled":true,"sampling_rate":1,"session_timeout_seconds":1800},"on_demand_thread_recording_suspension_enabled":true}
1788697268.501 10311 22896 22950 I Unique  : 2026-09-06 19:21:08.500 I PROCESS u0 com.axlebolt.standoff2 SERVICE_INTENT_RESOLVED_IN_GUEST action=com.google.firebase.MESSAGING_EVENT service=com.google.firebase.messaging.cpp.ListenerService matches=2
1788697268.504 10311 22896 22950 I Unique  : 2026-09-06 19:21:08.502 I PROCESS u0 com.axlebolt.standoff2 SERVICE_STUB_RESERVED slot=0 stub=2 service=com.google.firebase.messaging.cpp.ListenerService vuid=0
1788697268.506 10311 22896 22950 D Unique  : 2026-09-06 19:21:08.505 D PROCESS u0 com.axlebolt.standoff2 SERVICE_INTENT_ROUTED service=com.google.firebase.messaging.cpp.ListenerService stub=com.unique.stub.ServiceStub_p0_s2 action=com.google.firebase.MESSAGING_EVENT
1788697268.507 10311 22896 22950 D Unique  : 2026-09-06 19:21:08.506 D PROCESS u0 com.axlebolt.standoff2 SERVICE_CONNECTION_WRAPPED connection=com.google.firebase.messaging.WithinAppServiceConnection
1788697268.512 10311 22896 22896 I Unique  : 2026-09-06 19:21:08.511 I PROCESS u0 com.axlebolt.standoff2 CREATE_SERVICE_REWRITTEN stub=com.unique.stub.ServiceStub_p0_s2 service=com.google.firebase.messaging.cpp.ListenerService
1788697268.517 10311 22896 22896 D Unique  : 2026-09-06 19:21:08.515 D PROCESS u0 com.axlebolt.standoff2 SERVICE_INTENT_ROUTED service=com.google.firebase.messaging.cpp.ListenerService stub=com.unique.stub.ServiceStub_p0_s2 action=com.google.firebase.MESSAGING_EVENT
1788697270.394 10311 20915 20921 W com.unique: ApkAssets: Deleting an ApkAssets object '<empty> and /data/user/0/com.unique/files/virtual/apk/com.axlebolt.standoff2/203908/base.apk' with 1 weak references
1788697270.460 10311 22896 22972 D Unique  : 2026-09-06 19:21:10.459 D PROCESS u0 com.axlebolt.standoff2 SERVICE_INTENT_ROUTED service=io.appmetrica.analytics.internal.AppMetricaService stub=com.unique.stub.ServiceStub_p0_s1 action=io.appmetrica.analytics.IAppMetricaService
