1788691473.751 10311 30962 31039 D Unique  : 2026-09-06 17:44:33.749 D PROCESS u0 com.axlebolt.standoff2 SERVICE_INTENT_ROUTED service=io.appmetrica.analytics.internal.AppMetricaService stub=com.unique.stub.ServiceStub_p0_s0 action=io.appmetrica.analytics.IAppMetricaService
1788691474.354 10311 30573 30641 E com.unique: checkIfsupportxIntfps do not binder to joyose
1788691474.384 10311 30573 30573 D SurfaceView: UPDATE Surface(name=SurfaceView[com.unique/com.unique.app.MainActivity]#53196)/@0x942d2c5, mIsProjectionMode = false
1788691474.396 10311 30573 30620 E com.unique: DynamicFPS DF open fail: No such file or directory
1788691474.396 10311 30573 30620 E com.unique: FrameInsert open fail: No such file or directory
1788691475.538 10311 30573 30573 I ScrollIdentify: on fling
1788691478.757 10311 30962 31039 D Unique  : 2026-09-06 17:44:38.755 D PROCESS u0 com.axlebolt.standoff2 SERVICE_INTENT_ROUTED service=io.appmetrica.analytics.internal.AppMetricaService stub=com.unique.stub.ServiceStub_p0_s0 action=io.appmetrica.analytics.IAppMetricaService
1788691479.606 10311 30573 30573 I ScrollIdentify: on fling
1788691480.099 10311 30573 30573 I ScrollIdentify: on fling
1788691481.207 10311 30573 30573 I ScrollIdentify: on fling
1788691483.763 10311 30962 31039 D Unique  : 2026-09-06 17:44:43.762 D PROCESS u0 com.axlebolt.standoff2 SERVICE_INTENT_ROUTED service=io.appmetrica.analytics.internal.AppMetricaService stub=com.unique.stub.ServiceStub_p0_s0 action=io.appmetrica.analytics.IAppMetricaService
1788691484.296 10311 30573 30573 I ScrollIdentify: on fling
1788691485.196 10311 30573 30573 I ScrollIdentify: on fling
1788691485.701 10311 30573 30573 W WindowOnBackDispatcher: sendCancelIfRunning: isInProgress=false callback=io.flutter.embedding.android.FlutterActivity$1@97ce0f3
1788691487.308 10311 30573 30604 I Unique  : 2026-09-06 17:44:47.307 I PROCESS SLOT_PROCESS_STOPPED slot=:vapp0 pids=30962 reason=removed
1788691487.308 10311 30573 30604 I Unique  : 2026-09-06 17:44:47.308 I PROCESS PROCESS_RELEASED slot=:vapp0 reason=removed
1788691487.309 10311 30573 30573 W WindowOnBackDispatcher: sendCancelIfRunning: isInProgress=false callback=io.flutter.embedding.android.FlutterActivity$1@97ce0f3
1788691487.357 10311 30573 30604 I Unique  : 2026-09-06 17:44:47.356 I PROCESS BROADCAST_ROUTES_REGISTERED package=com.a0soft.gphone.acc.free vuid=1 routes=26 actions=androidx.work.impl.background.systemalarm.UpdateProxies,android.intent.action.MEDIA_MOUNTED,androidx.profileinstaller.action.SKIP_FILE,com.facebook.sdk.ACTION_CURRENT_ACCESS_TOKEN_CHANGED,com.a0soft.gphone.acc.ActionClearAppCachesFinished,android.intent.action.MY_PACKAGE_SUSPENDED,androidx.profilein
1788691487.358 10311 30573 30604 I Unique  : 2026-09-06 17:44:47.357 I PROCESS PROVIDER_ROUTES_REGISTERED package=com.a0soft.gphone.acc.free vuid=1 authorities=[redacted]
1788691487.358 10311 30573 30604 I Unique  : 2026-09-06 17:44:47.358 I PROCESS BROADCAST_ROUTER_READY instances=1 actions=26 authorities=[redacted]
1788691488.168 10311 30573 30682 I Unique  : 2026-09-06 17:44:48.166 I GOOGLE GOOGLE_ENVIRONMENT gmsPresent=true gmsEnabled=true gmsVersionCode=263234035 gmsVersionName=26.32.34 (260400-968093310) vendingPresent=true gsfPresent=true customTabs=com.android.chrome hostGmsAvailable=true virtualGmsInstalled=false customTabsAvailable=true
1788691488.203 10311 30573 30685 I Unique  : 2026-09-06 17:44:48.199 I GOOGLE GOOGLE_ENVIRONMENT gmsPresent=true gmsEnabled=true gmsVersionCode=263234035 gmsVersionName=26.32.34 (260400-968093310) vendingPresent=true gsfPresent=true customTabs=com.android.chrome hostGmsAvailable=true virtualGmsInstalled=false customTabsAvailable=true
1788691488.205 10311 30573 30685 I Unique  : 2026-09-06 17:44:48.204 I GOOGLE GOOGLE_ROUTE package=com.a0soft.gphone.acc.free flow=SIGN_IN mode=UNSUPPORTED why=Legacy Google Sign-In requires in-space Google Play services. Enable them for this space, or use an app that supports Sign in with Google.
1788691488.205 10311 30573 30685 I Unique  : 2026-09-06 17:44:48.205 I GOOGLE GOOGLE_ROUTE package=com.a0soft.gphone.acc.free flow=CREDENTIAL_MANAGER mode=HOST_BRIDGE why=Unverified: Sign in with Google issues a token for the app's server client, so the device's own Google Play services should be able to answer. Not yet confirmed against a real sample.
1788691488.206 10311 30573 30685 I Unique  : 2026-09-06 17:44:48.206 I GOOGLE GOOGLE_ROUTE package=com.a0soft.gphone.acc.free flow=ACCOUNT_MANAGER mode=HOST_BRIDGE why=Account access is bridged to the device's accounts; consent is shown as UNIQUE.
1788691488.207 10311 30573 30685 I Unique  : 2026-09-06 17:44:48.206 I GOOGLE GOOGLE_ROUTE package=com.a0soft.gphone.acc.free flow=FIREBASE_AUTH mode=HOST_BRIDGE why=Firebase Auth consumes a token from Sign in with Google, which the host bridge can provide.
1788691488.209 10311 30573 30685 I Unique  : 2026-09-06 17:44:48.207 I GOOGLE GOOGLE_ROUTE package=com.a0soft.gphone.acc.free flow=OAUTH_WEB mode=PASSTHROUGH why=The app declares no redirect scheme, so nothing has to come back into this instance.
1788691488.209 10311 30573 30685 I Unique  : 2026-09-06 17:44:48.209 I GOOGLE GOOGLE_ROUTE package=com.a0soft.gphone.acc.free flow=FCM mode=HOST_BRIDGE why=Experimental: push registration is bridged through the host. Whether Google Play services accepts it varies by version; the result is recorded per device.
1788691488.210 10311 30573 30685 I Unique  : 2026-09-06 17:44:48.210 I GOOGLE GOOGLE_ROUTE package=com.a0soft.gphone.acc.free flow=PLAY_GAMES mode=UNSUPPORTED why=Not supported yet: Play Games checks an attested app identity, and UNIQUE has not been tested against it.
1788691489.060 10311 30573 30573 I ScrollIdentify: on fling
1788691489.620 10311 30573 30685 I Unique  : 2026-09-06 17:44:49.619 I STORAGE GUEST_OBB_IMPORT outcome=SOURCE_UNREADABLE files=0 bytes=0 source=/storage/emulated/0/Android/obb/com.a0soft.gphone.acc.free detail=/storage/emulated/0/Android/obb is not readable by UNIQUE; grant all-files access, or add the files by hand package=com.a0soft.gphone.acc.free vuid=1
1788691489.621 10311 30573 30685 I Unique  : 2026-09-06 17:44:49.621 I PROCESS PROCESS_ASSIGNED slot=:vapp0 vuid=1 process=com.a0soft.gphone.acc.free
1788691489.645 10311 30573 30685 I Unique  : 2026-09-06 17:44:49.644 I LAUNCH LAUNCH_REQUESTED package=com.a0soft.gphone.acc.free vuid=1 activity=com.a0soft.gphone.acc.free.MainWnd slot=:vapp0 launchMode=0
1788691489.645 10311 30573 30685 W Unique  : 2026-09-06 17:44:49.645 W STORAGE LAUNCHED_WITHOUT_ASSETS package=com.a0soft.gphone.acc.free vuid=1 detail=/storage/emulated/0/Android/obb is not readable by UNIQUE; grant all-files access, or add the files by hand
1788691489.685 10311 31420 31420 I om.unique:vapp0: Using generational CollectorTypeCMC GC.
1788691489.702 10311 31420 31420 I MessageMonitor: Load libmiui_runtime
1788691489.721 10311 31420 31420 D MiuiMonitorThread: Shared singleton Thread for stability monitor start
1788691489.734 10311 31420 31420 D ActivityThread: setEmbeddedParam packageName=com.unique processName=com.unique:vapp0 isEmbedded=false isIsolated=false
1788691489.737 10311 31420 31420 D ApplicationLoaders: Returning zygote-cached class loader: /system_ext/framework/androidx.window.extensions.jar
1788691489.737 10311 31420 31420 D ApplicationLoaders: Returning zygote-cached class loader: /system_ext/framework/androidx.window.sidecar.jar
1788691489.752 10311 31420 31420 I ActivityThread: TrafficStats init done
1788691489.757 10311 31420 31420 D ActivityThread: useGrowthLimitOutExpendMethod invoke error.
1788691489.763 10311 31420 31420 I MiuiForceDarkConfig: setConfig density:2.750000, mainRule:0, secondaryRule:0, tertiaryRule:0
1788691489.769 10311 31420 31420 I ActivityThread: Miui Feature Init done
1788691489.781 10311 31420 31420 I Unique  : 2026-09-06 17:44:49.775 I PROCESS PROCESS_START process=com.unique:vapp0 kind=VAPP sdk=35 abi=arm64-v8a,armeabi-v7a,armeabi
1788691489.782 10311 31420 31420 W om.unique:vapp0: Unsupported class loader: java.lang.Class<org.lsposed.hiddenapibypass.CoreOjClassLoader>
1788691489.833 10311 31420 31420 W om.unique:vapp0: Unsupported class loader: java.lang.Class<org.lsposed.hiddenapibypass.CoreOjClassLoader>
1788691489.833 10311 31420 31420 W om.unique:vapp0: Unsupported class loader: java.lang.Class<org.lsposed.hiddenapibypass.CoreOjClassLoader>
1788691489.836 10311 31420 31420 I Unique  : 2026-09-06 17:44:49.835 I HOOK HIDDEN_API_GRANTED via=HiddenApiBypass
1788691489.838 10311 31420 31420 I UniqueNative: libunique_native loaded (page size 4096)
1788691489.840 10311 31420 31420 I Unique  : 2026-09-06 17:44:49.839 I LAUNCH INTERCEPTOR_INSTALLED executeTransaction=159
1788691489.840 10311 31420 31420 I Unique  : 2026-09-06 17:44:49.840 I PROCESS VAPP_READY slot=0
1788691489.843 10311 31420 31420 I ResMonitorStub: Get RMS proxy takes 2 ms
1788691489.845 10311 31420 31420 I Unique  : 2026-09-06 17:44:49.844 I PROCESS STUB_PROVIDER_CREATED slot=0
1788691489.857 10311 31420 31420 D Unique  : 2026-09-06 17:44:49.857 D LAUNCH CALLBACK_ALIVE what=164 obj=java.lang.String
1788691489.860 10311 31420 31420 D Unique  : 2026-09-06 17:44:49.858 D LAUNCH CALLBACK_ALIVE what=159 obj=android.app.servertransaction.ClientTransaction
1788691489.886 10311 31420 31420 I Unique  : 2026-09-06 17:44:49.885 I PROCESS PROCESS_RENAMED argv0=com.a0soft.gphone.acc.free
1788691489.890 10311 31420 31420 W om.unique:vapp0: Failed to find entry 'classes.dex': Entry not found
1788691489.891 10311 31420 31420 W om.unique:vapp0: Failed to find entry 'classes.dex': Entry not found
1788691489.894 10311 31420 31420 W Unique  : 2026-09-06 17:44:49.894 W PROCESS META_DATA_NOT_RESOLVED name=com.google.android.gms.version id=0x7f0a000e reason=the guest's resources were not available yet
1788691489.898 10311 31420 31420 I Unique  : 2026-09-06 17:44:49.896 I PROCESS PROFILE_BOUND profile=36b2ed38-5dae-408f-8ed9-fd23a1cf2bd7 androidId=8b35f5de4d8da14e generation=1
1788691489.900 10311 31420 31420 I Unique  : 2026-09-06 17:44:49.899 I PROCESS BUILD_OVERRIDES_APPLIED applied=1 requested=1
1788691489.900 10311 31420 31420 I Unique  : 2026-09-06 17:44:49.900 I LAUNCH PROFILE_BOUND profileId=36b2ed38-5dae-408f-8ed9-fd23a1cf2bd7 generation=1
1788691489.905 10311 31420 31420 I Unique  : 2026-09-06 17:44:49.905 I PROCESS PERMISSION_CACHE_DISABLED disabled=disablePackageNamePermissionCache,disablePermissionCache,disableApplicationInfoCache,disablePackageInfoCache,disableGetPackagesForUidCache failed=android.app.ActivityManager: no disable*Cache()
1788691489.914 10311 31420 31420 I Unique  : 2026-09-06 17:44:49.913 I PROCESS PERMISSIONS_BOUND package=com.a0soft.gphone.acc.free vuid=1 declared=25 restored=3 runtime=3 installTime=22 selfDefined=1
1788691489.927 10311 31420 31420 I Unique  : 2026-09-06 17:44:49.925 I HOOK SERVICE_HOOKED service=package cache=true singletons=1 managers=1 bound=permissionCheck,getActivityInfo,applicationEnabledSetting,getApplicationInfo,componentEnabledSetting,installedPackages,getInstallerPackageName,getNameForUid,getPackageUid,getPackageInfo,getPackagesForUid,getProviderInfo,getReceiverInfo,getServiceInfo,queryIntent,resolveContentProvider,resolveIntent matched=permissionCheck=checkPermission+checkUidPermission,getActivityInfo,applicationEnabledSetting=getApplicationEnabledSetting+setApplicationEnabledSetting,getApplicationInfo,componentEnabledSetting=getComponentEnabledSetting+setComponentEnabledSetting,installedPackages=getInstalledApplications+getInstalledPackages,getInstallerPackageName,getNameForUid,getPackageUid=getPackageGids+getPackageUid,getPack
1788691489.927 10311 31420 31420 I Unique  : 2026-09-06 17:44:49.927 I LAUNCH VPM_HOOK_INSTALLED package=com.a0soft.gphone.acc.free bound=permissionCheck,getActivityInfo,applicationEnabledSetting,getApplicationInfo,componentEnabledSetting,installedPackages,getInstallerPackageName,getNameForUid,getPackageUid,getPackageInfo,getPackagesForUid,getProviderInfo,getReceiverInfo,getServiceInfo,queryIntent,resolveContentProvider,resolveIntent
1788691489.943 10311 31420 31420 I Unique  : 2026-09-06 17:44:49.941 I HOOK SERVICE_HOOKED service=activity cache=true singletons=1 managers=0 bound=serviceDispatch,callerIdentity,permissionCheck,getContentProvider,intentSender,runningProcesses,registerReceiver,foregroundService matched=serviceDispatch=bindService+bindServiceInstance+peekService+publishService+startService+stopService+unbindFinished,callerIdentity=broadcastIntent+broadcastIntentWithFeature+getBindingUidProcessState+getContentProviderExternal+getHistoricalProcessExitReasons+getHistoricalProcessStartReasons+getPackageProcessState+getTagForIntentSender+getUidLastIdleElapsedTime+getUidProcessCapabilities+getUidProces
1788691489.945 10311 31420 31420 I Unique  : 2026-09-06 17:44:49.944 I LAUNCH VAM_HOOK_INSTALLED package=com.a0soft.gphone.acc.free host=com.unique methods=8 matched=serviceDispatch=bindService+bindServiceInstance+peekService+publishService+startService+stopService+unbindFinished,callerIdentity=broadcastIntent+broadcastIntentWithFeature+getBindingUidProcessState+getContentProviderExternal+getHistoricalProcessExitReasons+getHistoricalProcessStartReasons+getPackageProcessState+getTagForIntentSender+getUidLastIdleElapsedTime+getUidProcessCapabilities+getUidProcessState+grantUriPermission+isBackgroundRestricted+isUidActive+moveTaskToFront+revokeUriPermission+sendIntentSender+startActivity+startActivityAsUser+startActivityAsUserWithFeature+startActivityWithFeature,permissionCheck=checkPermission+checkPermissionForDevice,getContentProvider,intentSender=getIntentSender+getIntentSenderWithFeature,runningProcesses=getRunningAppProcesses+getServices,registerReceiver=registerReceiver+registerReceiverWithFeature,foregroundService=setServiceForeground
1788691489.949 10311 31420 31420 I Unique  : 2026-09-06 17:44:49.948 I HOOK SERVICE_HOOKED service=activity_task cache=true singletons=1 managers=0 bound=activityStart matched=activityStart=startActivities+startActivity+startActivityAndWait+startActivityAsCaller+startActivityAsUser+startActivityFromGameSession+startActivityIntentSender+startActivityWithConfig
1788691489.950 10311 31420 31420 I Unique  : 2026-09-06 17:44:49.949 I LAUNCH ATM_HOOK_INSTALLED package=com.a0soft.gphone.acc.free host=com.unique matched=activityStart=startActivities+startActivity+startActivityAndWait+startActivityAsCaller+startActivityAsUser+startActivityFromGameSession+startActivityIntentSender+startActivityWithConfig
1788691489.952 10311 31420 31420 I Unique  : 2026-09-06 17:44:49.951 I HOOK SERVICE_HOOKED service=permissionmgr cache=true singletons=1 managers=1 bound=shouldShowRequestPermissionRationale matched=shouldShowRequestPermissionRationale
1788691489.954 10311 31420 31420 I Unique  : 2026-09-06 17:44:49.952 I HOOK PERMISSION_MANAGER_HOOKED matched=shouldShowRequestPermissionRationale
1788691489.958 10311 31420 31420 I Unique  : 2026-09-06 17:44:49.957 I HOOK SERVICE_HOOKED service=appops cache=true singletons=0 managers=2 bound=appOpIdentity matched=appOpIdentity=checkAudioOperation+checkOperation+checkOperationForDevice+checkOperationRaw+checkOperationRawForDevice+checkPackage+collectNoteOpCallsForValidation+extractAsyncOps+finishOperation+finishOperationForDevice+getHistoricalOps+getHistoricalOpsFromDiskRaw+getOpsForPackage+getPackagesForOpsForDevice+isOperationActive+isProxying+noteOperation+noteOperationForDevice+noteProxyOperation+notePr
1788691489.959 10311 31420 31420 I Unique  : 2026-09-06 17:44:49.958 I HOOK APPOPS_HOOKED package=com.a0soft.gphone.acc.free host=com.unique matched=appOpIdentity=checkAudioOperation+checkOperation+checkOperationForDevice+checkOperationRaw+checkOperationRawForDevice+checkPackage+collectNoteOpCallsForValidation+extractAsyncOps+finishOperation+finishOperationForDevice+getHistoricalOps+getHistoricalOpsFromDiskRaw+getOpsForPackage+getPackagesForOpsForDevice+isOperationActive+isProxying+noteOperation+noteOperationForDevice+noteProxyOperation+notePr
1788691489.965 10311 31420 31420 I Unique  : 2026-09-06 17:44:49.963 I PROCESS SETTINGS_CACHES_PRIMED wrappedByHand=0 alreadyWrapped=3 empty=1
1788691489.967 10311 31420 31420 I Unique  : 2026-09-06 17:44:49.965 I PROCESS PROVIDER_CACHES_EVICTED activityThreadProviders=2 providerRefCounts=1 settingsCaches=4 settingsWrapped=3 hostSource=com.unique hostSourceUid=10311
1788691490.037 10311 31420 31420 I Unique  : 2026-09-06 17:44:50.036 I LAUNCH GOOGLE_STACK_HIDDEN hidden=true reason=SDK_TOO_OLD gmsVersion=12451000 detail=Play services client older than 18: a refused broker reaches the caller's looper and kills the app, so the stack is hidden and the SDK takes its own no-Google-services path packages=com.google.android.gms,com.google.android.gsf
1788691490.038 10311 31420 31420 I Unique  : 2026-09-06 17:44:50.037 I PROCESS NETWORK_SECURITY_INSTALLED package=com.a0soft.gphone.acc.free configRes=2132082706 targetSdk=36
1788691490.039 10311 31420 31420 I UniqueNative: redirect table set: 8 rule(s)
1788691490.040 10311 31420 31420 I UniqueNative: io_redirect: 2 exclusion(s) set
1788691490.041 10311 31420 31420 I UniqueNative: io_redirect installed: 10 slot(s) in 1/390 libraries (0 excluded, 10 total), 8 rule(s), page size 4096
1788691490.043 10311 31420 31420 I UniqueNative: io_redirect: library-load watch installed (4 slot(s) in 3 libraries)
1788691490.043 10311 31420 31420 W UniqueNative: io_redirect: watch saw but did not match: /data/misc/apexdata/com.android.art/dalvik-cache/arm64/boot.oat
1788691490.043 10311 31420 31420 W UniqueNative: io_redirect: watch saw but did not match: /data/misc/apexdata/com.android.art/dalvik-cache/arm64/boot-framework-adservices.oat
1788691490.043 10311 31420 31420 W UniqueNative: io_redirect: watch saw but did not match: /data/app/~~ndyqWXJvVY1zeZZFUEYANw==/com.unique-0o8juLvjB-FcRKZSrpSxNg==/oat/arm64/base.odex
1788691490.043 10311 31420 31420 W UniqueNative: io_redirect: watch saw but did not match: /data/app/~~ndyqWXJvVY1zeZZFUEYANw==/com.unique-0o8juLvjB-FcRKZSrpSxNg==/base.apk!/lib/arm64-v8a/libunique_native.so
1788691490.046 10311 31420 31420 I Unique  : 2026-09-06 17:44:50.045 I NATIVE IO_REDIRECT_INSTALLED status=OK watch=OK rules=8 slots=10 scope=/data/user/0/com.unique/files/virtual/apk/com.a0soft.gphone.acc.free/240005239/lib/arm64-v8a,/data/data/com.unique/files/virtual/apk/com.a0soft.gphone.acc.free/240005239/lib/arm64-v8a,/data/user/0/com excluded=libgrave.so,libunique_native.so
1788691490.047 10311 31420 31420 I Unique  : 2026-09-06 17:44:50.046 I WEBVIEW WEBVIEW_DATA_DIR_SUFFIX suffix=vapp0 slot=0
1788691490.048 10311 31420 31420 I UniqueNative: crash: recording 6 signal(s) to /data/user/0/com.unique/files/virtual/runtime/diagnostics/1/com.a0soft.gphone.acc.free/native-crash-31420.properties
1788691490.049 10311 31420 31420 I Unique  : 2026-09-06 17:44:50.048 I NATIVE NATIVE_CRASH_HANDLER status=OK file=/data/user/0/com.unique/files/virtual/runtime/diagnostics/1/com.a0soft.gphone.acc.free/native-crash-31420.properties
1788691490.054 10311 31420 31420 I Unique  : 2026-09-06 17:44:50.052 I PROCESS COMPONENT_STATE_RESTORED package=com.a0soft.gphone.acc.free vuid=1 entries=2
1788691490.055 10311 31420 31420 I Unique  : 2026-09-06 17:44:50.054 I STORAGE EXTERNAL_STORAGE_REDIRECTED package=com.a0soft.gphone.acc.free vuid=1 root=/data/user/0/com.unique/files/virtual/users/1/sdcard
1788691490.057 10311 31420 31420 I Unique  : 2026-09-06 17:44:50.057 I HOOK SERVICE_HOOKED service=alarm cache=true singletons=0 managers=0 bound=callerPackage matched=callerPackage=canScheduleExactAlarms+cancelPoweroffAlarm+hasScheduleExactAlarm+removeAll+set+setTimeZone
1788691490.058 10311 31420 31420 I Unique  : 2026-09-06 17:44:50.058 I HOOK IDENTITY_HOOK_INSTALLED service=alarm package=com.a0soft.gphone.acc.free matched=callerPackage=canScheduleExactAlarms+cancelPoweroffAlarm+hasScheduleExactAlarm+removeAll+set+setTimeZone
1788691490.062 10311 31420 31420 I Unique  : 2026-09-06 17:44:50.061 I HOOK SERVICE_HOOKED service=clipboard cache=true singletons=0 managers=0 bound=callerPackage matched=callerPackage=addPrimaryClipChangedListener+clearPrimaryClip+getPrimaryClip+getPrimaryClipDescription+getPrimaryClipSource+getUserPrimaryClip+hasClipboardText+hasPrimaryClip+removePrimaryClipChangedListener+setPrimaryClip+setPrimaryClipAsPackage
1788691490.062 10311 31420 31420 I Unique  : 2026-09-06 17:44:50.062 I HOOK IDENTITY_HOOK_INSTALLED service=clipboard package=com.a0soft.gphone.acc.free matched=callerPackage=addPrimaryClipChangedListener+clearPrimaryClip+getPrimaryClip+getPrimaryClipDescription+getPrimaryClipSource+getUserPrimaryClip+hasClipboardText+hasPrimaryClip+removePrimaryClipChangedListener+setPrimaryClip+setPrimaryClipAsPackage
1788691490.066 10311 31420 31420 I Unique  : 2026-09-06 17:44:50.065 I HOOK SERVICE_HOOKED service=restrictions cache=true singletons=0 managers=0 bound=callerPackage matched=callerPackage=getApplicationRestrictions+getApplicationRestrictionsPerAdminForUser+notifyPermissionResponse+requestPermission
1788691490.067 10311 31420 31420 I Unique  : 2026-09-06 17:44:50.066 I HOOK IDENTITY_HOOK_INSTALLED service=restrictions package=com.a0soft.gphone.acc.free matched=callerPackage=getApplicationRestrictions+getApplicationRestrictionsPerAdminForUser+notifyPermissionResponse+requestPermission
1788691490.069 10311 31420 31420 I Unique  : 2026-09-06 17:44:50.068 I HOOK SERVICE_HOOKED service=locale cache=true singletons=0 managers=1 bound=callerPackage,setApplicationLocales matched=callerPackage=getApplicationLocales+getOverrideLocaleConfig+setOverrideLocaleConfig,setApplicationLocales
1788691490.070 10311 31420 31420 I Unique  : 2026-09-06 17:44:50.069 I HOOK IDENTITY_HOOK_INSTALLED service=locale package=com.a0soft.gphone.acc.free matched=callerPackage=getApplicationLocales+getOverrideLocaleConfig+setOverrideLocaleConfig,setApplicationLocales
1788691490.073 10311 31420 31420 I Unique  : 2026-09-06 17:44:50.072 I HOOK SERVICE_HOOKED service=connectivity cache=true singletons=0 managers=0 bound=callerPackage matched=callerPackage=getDefaultNetworkCapabilitiesForUser+getLastTetherError+getNetworkCapabilities+getRedactedLinkPropertiesForPackage+getRedactedNetworkCapabilitiesForPackage+isConnectivityServiceFeatureEnabledForTesting+listenForNetwork+pendingListenForNetwork+pendingRequestForNetwork+registerConnectivityDiagnosticsCallback+registerNetworkProvider+requestNetwork+requestRouteToHostAddress+setProvisioni
1788691490.074 10311 31420 31420 I Unique  : 2026-09-06 17:44:50.073 I HOOK IDENTITY_HOOK_INSTALLED service=connectivity package=com.a0soft.gphone.acc.free matched=callerPackage=getDefaultNetworkCapabilitiesForUser+getLastTetherError+getNetworkCapabilities+getRedactedLinkPropertiesForPackage+getRedactedNetworkCapabilitiesForPackage+isConnectivityServiceFeatureEnabledForTesting+listenForNetwork+pendingListenForNetwork+pendingRequestForNetwork+registerConnectivi
1788691490.078 10311 31420 31420 I Unique  : 2026-09-06 17:44:50.077 I HOOK SERVICE_HOOKED service=power cache=true singletons=0 managers=0 bound=callerPackage matched=callerPackage=acquireWakeLock+acquireWakeLockAsync+acquireWakeLockWithUid+crash+isAmbientDisplaySuppressedForToken+isAmbientDisplaySuppressedForTokenByApp+isFeatureAllowedInLowPowerStandby+reboot+shutdown+suppressAmbientDisplay+updateWakeLockWorkSource+wakeUp
1788691490.078 10311 31420 31420 I Unique  : 2026-09-06 17:44:50.078 I HOOK IDENTITY_HOOK_INSTALLED service=power package=com.a0soft.gphone.acc.free matched=callerPackage=acquireWakeLock+acquireWakeLockAsync+acquireWakeLockWithUid+crash+isAmbientDisplaySuppressedForToken+isAmbientDisplaySuppressedForTokenByApp+isFeatureAllowedInLowPowerStandby+reboot+shutdown+suppressAmbientDisplay+updateWakeLockWorkSource+wakeUp
1788691490.087 10311 31420 31420 I Unique  : 2026-09-06 17:44:50.085 I HOOK SERVICE_HOOKED service=wifi cache=true singletons=0 managers=0 bound=callerPackage matched=callerPackage=acquireMulticastLock+acquireWifiLock+addLocalOnlyConnectionStatusListener+addNetworkSuggestions+addOrUpdateNetwork+addOrUpdateNetworkPrivileged+addOrUpdatePasspointConfiguration+addQosPolicies+addSuggestionUserApprovalStatusListener+allowAutojoinGlobal+allowAutojoinPasspoint+connect+disableEphemeralNetwork+disableNetwork+disconnect+enableNetwork+enableTdls+enableTdlsWithMacAddress+en
1788691490.088 10311 31420 31420 I Unique  : 2026-09-06 17:44:50.087 I HOOK IDENTITY_HOOK_INSTALLED service=wifi package=com.a0soft.gphone.acc.free matched=callerPackage=acquireMulticastLock+acquireWifiLock+addLocalOnlyConnectionStatusListener+addNetworkSuggestions+addOrUpdateNetwork+addOrUpdateNetworkPrivileged+addOrUpdatePasspointConfiguration+addQosPolicies+addSuggestionUserApprovalStatusListener+allowAutojoinGlobal+allowAutojoinPasspoint+connect+di
1788691490.092 10311 31420 31420 I Unique  : 2026-09-06 17:44:50.091 I HOOK SERVICE_HOOKED service=location cache=true singletons=0 managers=0 bound=callerPackage matched=callerPackage=addGnssAntennaInfoListener+addGnssMeasurementsListener+addGnssNavigationMessageListener+addTestProvider+getCurrentLocation+getLastLocation+getProviderPackages+getProviderProperties+hasProvider+isProviderEnabledForUser+isProviderPackage+registerGnssNmeaCallback+registerGnssStatusCallback+registerLocationListener+registerLocationPendingIntent+removeTestProvider+requestGeofence+requestL
1788691490.093 10311 31420 31420 I Unique  : 2026-09-06 17:44:50.092 I HOOK IDENTITY_HOOK_INSTALLED service=location package=com.a0soft.gphone.acc.free matched=callerPackage=addGnssAntennaInfoListener+addGnssMeasurementsListener+addGnssNavigationMessageListener+addTestProvider+getCurrentLocation+getLastLocation+getProviderPackages+getProviderProperties+hasProvider+isProviderEnabledForUser+isProviderPackage+registerGnssNmeaCallback+registerGnssStatusCallbac
1788691490.100 10311 31420 31420 I Unique  : 2026-09-06 17:44:50.099 I HOOK SERVICE_HOOKED service=audio cache=true singletons=0 managers=0 bound=callerPackage matched=callerPackage=abandonAudioFocus+abandonAudioFocusForTest+adjustStreamVolume+adjustStreamVolumeForUid+adjustStreamVolumeWithAttribution+adjustSuggestedStreamVolumeForUid+adjustVolumeGroupVolume+cacheParameters+disableSafeMediaVolume+getBluetoothAudioDeviceCategory+getBluetoothAudioDeviceCategory_legacy+getCacheParameters+getDeviceVolume+getNotificationUri+getPlayerVolume+handleVolumeKey+isBluetooth
1788691490.101 10311 31420 31420 I Unique  : 2026-09-06 17:44:50.100 I HOOK IDENTITY_HOOK_INSTALLED service=audio package=com.a0soft.gphone.acc.free matched=callerPackage=abandonAudioFocus+abandonAudioFocusForTest+adjustStreamVolume+adjustStreamVolumeForUid+adjustStreamVolumeWithAttribution+adjustSuggestedStreamVolumeForUid+adjustVolumeGroupVolume+cacheParameters+disableSafeMediaVolume+getBluetoothAudioDeviceCategory+getBluetoothAudioDeviceCategory_lega
1788691490.104 10311 31420 31420 I Unique  : 2026-09-06 17:44:50.103 I HOOK SERVICE_HOOKED service=vibrator_manager cache=true singletons=0 managers=0 bound=callerPackage matched=callerPackage=performHapticFeedback+setAlwaysOnEffect+vibrate
1788691490.104 10311 31420 31420 I Unique  : 2026-09-06 17:44:50.104 I HOOK IDENTITY_HOOK_INSTALLED service=vibrator_manager package=com.a0soft.gphone.acc.free matched=callerPackage=performHapticFeedback+setAlwaysOnEffect+vibrate
1788691490.108 10311 31420 31420 I Unique  : 2026-09-06 17:44:50.107 I HOOK SERVICE_HOOKED service=usagestats cache=true singletons=0 managers=0 bound=callerPackage matched=callerPackage=clearBroadcastEvents+clearBroadcastResponseStats+getAppMinStandbyBucket+getAppStandbyBucket+getAppStandbyBuckets+getAppStandbyConstant+getLastTimeAnyComponentUsed+isAppInactive+isPackageExemptedFromBroadcastResponseStats+queryBroadcastResponseStats+queryConfigurationStats+queryEventStats+queryEvents+queryEventsForPackage+queryEventsForPackageForUser+queryEventsForUser+queryEventsWith
1788691490.110 10311 31420 31420 I Unique  : 2026-09-06 17:44:50.108 I HOOK IDENTITY_HOOK_INSTALLED service=usagestats package=com.a0soft.gphone.acc.free matched=callerPackage=clearBroadcastEvents+clearBroadcastResponseStats+getAppMinStandbyBucket+getAppStandbyBucket+getAppStandbyBuckets+getAppStandbyConstant+getLastTimeAnyComponentUsed+isAppInactive+isPackageExemptedFromBroadcastResponseStats+queryBroadcastResponseStats+queryConfigurationStats+queryEventSta
1788691490.112 10311 31420 31420 I Unique  : 2026-09-06 17:44:50.112 I HOOK SERVICE_HOOKED service=netstats cache=true singletons=0 managers=0 bound=callerPackage matched=callerPackage=getIfaceStats+notifyNetworkStatus+openSessionForUsageStats+registerNetworkStatsProvider+registerUsageCallback+setStatsProviderWarningAndLimitAsync
1788691490.113 10311 31420 31420 I Unique  : 2026-09-06 17:44:50.113 I HOOK IDENTITY_HOOK_INSTALLED service=netstats package=com.a0soft.gphone.acc.free matched=callerPackage=getIfaceStats+notifyNetworkStatus+openSessionForUsageStats+registerNetworkStatsProvider+registerUsageCallback+setStatsProviderWarningAndLimitAsync
1788691490.116 10311 31420 31420 I Unique  : 2026-09-06 17:44:50.115 I HOOK SERVICE_HOOKED service=content cache=true singletons=0 managers=0 bound=callerPackage matched=callerPackage=addPeriodicSync+cancelSync+cancelSyncAsUser+getCache+getIsSyncable+getIsSyncableAsUser+getPeriodicSyncs+getSyncAdapterPackageAsUser+getSyncAdapterPackagesForAuthorityAsUser+getSyncAutomatically+getSyncAutomaticallyAsUser+getSyncStatus+getSyncStatusAsUser+isSyncActive+isSyncPending+isSyncPendingAsUser+notifyChange+onDbCorruption+putCache+removePeriodicSync+requestSync+setIsSyncable+se
1788691490.117 10311 31420 31420 I Unique  : 2026-09-06 17:44:50.116 I HOOK IDENTITY_HOOK_INSTALLED service=content package=com.a0soft.gphone.acc.free matched=callerPackage=addPeriodicSync+cancelSync+cancelSyncAsUser+getCache+getIsSyncable+getIsSyncableAsUser+getPeriodicSyncs+getSyncAdapterPackageAsUser+getSyncAdapterPackagesForAuthorityAsUser+getSyncAutomatically+getSyncAutomaticallyAsUser+getSyncStatus+getSyncStatusAsUser+isSyncActive+isSyncPending+isSy
1788691490.122 10311 31420 31420 I Unique  : 2026-09-06 17:44:50.121 I HOOK SERVICE_HOOKED service=shortcut cache=true singletons=0 managers=0 bound=shortcutPublish,callerPackage matched=shortcutPublish=addDynamicShortcuts+createShortcutResultIntent+pushDynamicShortcut+requestPinShortcut+setDynamicShortcuts+updateShortcuts,callerPackage=disableShortcuts+enableShortcuts+getIconMaxDimensions+getMaxShortcutCountPerActivity+getRateLimitResetTime+getRemainingCallCount+getShareTargets+getShortcuts+hasShareTargets+onApplicationActive+removeAllDynamicShortcuts+removeDynamicShortcuts+remov
1788691490.123 10311 31420 31420 I Unique  : 2026-09-06 17:44:50.122 I HOOK IDENTITY_HOOK_INSTALLED service=shortcut package=com.a0soft.gphone.acc.free matched=shortcutPublish=addDynamicShortcuts+createShortcutResultIntent+pushDynamicShortcut+requestPinShortcut+setDynamicShortcuts+updateShortcuts,callerPackage=disableShortcuts+enableShortcuts+getIconMaxDimensions+getMaxShortcutCountPerActivity+getRateLimitResetTime+getRemainingCallCount+getShareTargets+get
1788691490.126 10311 31420 31420 I Unique  : 2026-09-06 17:44:50.125 I HOOK SERVICE_HOOKED service=mount cache=true singletons=0 managers=0 bound=callerPackage,volumeList matched=callerPackage=abortChanges+allocateBytes+benchmark+destroyUserStorage+disableAppDataIsolation+fixupAppDir+fixupAppDirRecursive+fixupSysfsFile+forgetVolume+format+getAllocatableBytes+getCacheQuotaBytes+getCacheSizeBytes+getExternalStorageMountMode+getManageSpaceActivityIntent+getMountedObbPath+isAppIoBlocked+isObbMounted+mkdirs+mount+mountObb+moveStorageQuickly+notifyAppIoBlocked+notifyAppIoResumed
1788691490.127 10311 31420 31420 I Unique  : 2026-09-06 17:44:50.126 I HOOK IDENTITY_HOOK_INSTALLED service=mount package=com.a0soft.gphone.acc.free matched=callerPackage=abortChanges+allocateBytes+benchmark+destroyUserStorage+disableAppDataIsolation+fixupAppDir+fixupAppDirRecursive+fixupSysfsFile+forgetVolume+format+getAllocatableBytes+getCacheQuotaBytes+getCacheSizeBytes+getExternalStorageMountMode+getManageSpaceActivityIntent+getMountedObbPath+isAppI
1788691490.130 10311 31420 31420 I Unique  : 2026-09-06 17:44:50.129 I HOOK SERVICE_HOOKED service=account cache=true singletons=0 managers=0 bound=callerPackage matched=callerPackage=addAccount+addAccountAsUser+addAccountExplicitly+addAccountExplicitlyWithVisibility+addSharedAccountsFromParentUser+createRequestAccountAccessIntentSenderAsUser+editProperties+getAccountByTypeAndFeatures+getAccountVisibility+getAccountsAndVisibilityForPackage+getAccountsAsUser+getAccountsByFeatures+getAccountsByTypeForPackage+getAccountsForPackage+getAuthToken+getAuthTokenLabel+getUs
1788691490.132 10311 31420 31420 I Unique  : 2026-09-06 17:44:50.130 I HOOK IDENTITY_HOOK_INSTALLED service=account package=com.a0soft.gphone.acc.free matched=callerPackage=addAccount+addAccountAsUser+addAccountExplicitly+addAccountExplicitlyWithVisibility+addSharedAccountsFromParentUser+createRequestAccountAccessIntentSenderAsUser+editProperties+getAccountByTypeAndFeatures+getAccountVisibility+getAccountsAndVisibilityForPackage+getAccountsAsUser+getAccou
1788691490.135 10311 31420 31440 I om.unique:vapp0: MiResources: find entry failed for resource 7f080105
1788691490.139 10311 31420 31420 I Unique  : 2026-09-06 17:44:50.138 I HOOK SERVICE_HOOKED service=phone cache=true singletons=0 managers=0 bound=callerPackage matched=callerPackage=call+canChangeDtmfToneLength+changeIccLockPassword+checkCarrierPrivilegesForPackage+checkCarrierPrivilegesForPackageAnyPhone+clearSignalStrengthUpdateRequest+deprovisionSatelliteService+dial+disableDataConnectivity+disableVisualVoicemailSmsFilter+doesSwitchMultiSimConfigTriggerReboot+enableDataConnectivity+enableVisualVoicemailSmsFilter+enqueueSmsPickResult+factoryReset+getAllCellInf
1788691490.140 10311 31420 31420 I Unique  : 2026-09-06 17:44:50.139 I HOOK IDENTITY_HOOK_INSTALLED service=phone package=com.a0soft.gphone.acc.free matched=callerPackage=call+canChangeDtmfToneLength+changeIccLockPassword+checkCarrierPrivilegesForPackage+checkCarrierPrivilegesForPackageAnyPhone+clearSignalStrengthUpdateRequest+deprovisionSatelliteService+dial+disableDataConnectivity+disableVisualVoicemailSmsFilter+doesSwitchMultiSimConfigTriggerReboot+e
1788691490.149 10311 31420 31420 I Unique  : 2026-09-06 17:44:50.147 I HOOK SERVICE_HOOKED service=device_policy cache=true singletons=0 managers=0 bound=callerPackage matched=callerPackage=addCrossProfileIntentFilter+addCrossProfileWidgetProvider+addPersistentPreferredActivity+approveCaCert+checkDeviceIdentifierAccess+checkProvisioningPrecondition+choosePrivateKeyAlias+clearApplicationUserData+clearCrossProfileIntentFilters+clearDeviceOwner+clearPackagePersistentPreferredActivities+clearResetPasswordToken+createAdminSupportIntent+createAndManageUser+createAndProvisionM
1788691490.149 10311 31420 31420 I Unique  : 2026-09-06 17:44:50.149 I HOOK IDENTITY_HOOK_INSTALLED service=device_policy package=com.a0soft.gphone.acc.free matched=callerPackage=addCrossProfileIntentFilter+addCrossProfileWidgetProvider+addPersistentPreferredActivity+approveCaCert+checkDeviceIdentifierAccess+checkProvisioningPrecondition+choosePrivateKeyAlias+clearApplicationUserData+clearCrossProfileIntentFilters+clearDeviceOwner+clearPackagePersistentPreferre
1788691490.154 10311 31420 31420 I Unique  : 2026-09-06 17:44:50.152 I HOOK SERVICE_HOOKED service=media.camera cache=true singletons=0 managers=0 bound=callerPackage matched=callerPackage=connect+connectDevice+createDefaultRequest+getCameraCharacteristics+getSessionCharacteristics+getTorchStrengthLevel+injectCamera+injectSessionParams+isHiddenPhysicalCamera+isSessionConfigurationWithParametersSupported+setTorchMode+supportsCameraApi+turnOnTorchWithStrengthLevel
1788691490.155 10311 31420 31420 I Unique  : 2026-09-06 17:44:50.154 I HOOK IDENTITY_HOOK_INSTALLED service=media.camera package=com.a0soft.gphone.acc.free matched=callerPackage=connect+connectDevice+createDefaultRequest+getCameraCharacteristics+getSessionCharacteristics+getTorchStrengthLevel+injectCamera+injectSessionParams+isHiddenPhysicalCamera+isSessionConfigurationWithParametersSupported+setTorchMode+supportsCameraApi+turnOnTorchWithStrengthLevel
1788691490.160 10311 31420 31420 I Unique  : 2026-09-06 17:44:50.159 I HOOK SERVICE_HOOKED service=telecom cache=true singletons=0 managers=0 bound=callerPackage matched=callerPackage=acceptHandover+acceptRingingCall+acceptRingingCallWithVideoState+addCall+addNewIncomingCall+addNewIncomingConference+addOrRemoveTestCallCompanionApp+cancelMissedCallsNotification+clearAccounts+createLaunchEmergencyDialerIntent+createManageBlockedNumbersIntent+endCall+getAdnUriForPhoneAccount+getCallCapablePhoneAccounts+getCallStateUsingPackage+getCurrentTtyMode+getDefaultDialerPackag
1788691490.161 10311 31420 31420 I Unique  : 2026-09-06 17:44:50.160 I HOOK IDENTITY_HOOK_INSTALLED service=telecom package=com.a0soft.gphone.acc.free matched=callerPackage=acceptHandover+acceptRingingCall+acceptRingingCallWithVideoState+addCall+addNewIncomingCall+addNewIncomingConference+addOrRemoveTestCallCompanionApp+cancelMissedCallsNotification+clearAccounts+createLaunchEmergencyDialerIntent+createManageBlockedNumbersIntent+endCall+getAdnUriForPhoneA
1788691490.167 10311 31420 31420 I Unique  : 2026-09-06 17:44:50.165 I HOOK SERVICE_HOOKED service=media_router cache=true singletons=0 managers=0 bound=callerPackage matched=callerPackage=deselectRouteWithManager+deselectRouteWithRouter2+getSystemRoutes+getSystemSessionInfoForPackage+registerClientAsUser+registerClientGroupId+registerManager+registerProxyRouter+registerRouter2+releaseSessionWithManager+releaseSessionWithRouter2+requestCreateSessionWithManager+requestSetVolume+requestUpdateVolume+selectRouteWithManager+selectRouteWithRouter2+setSelectedRoute+setSession
1788691490.168 10311 31420 31420 I Unique  : 2026-09-06 17:44:50.167 I HOOK IDENTITY_HOOK_INSTALLED service=media_router package=com.a0soft.gphone.acc.free matched=callerPackage=deselectRouteWithManager+deselectRouteWithRouter2+getSystemRoutes+getSystemSessionInfoForPackage+registerClientAsUser+registerClientGroupId+registerManager+registerProxyRouter+registerRouter2+releaseSessionWithManager+releaseSessionWithRouter2+requestCreateSessionWithManager+requestSet
1788691490.171 10311 31420 31420 I Unique  : 2026-09-06 17:44:50.170 I HOOK SERVICE_HOOKED service=media_session cache=true singletons=0 managers=0 bound=callerPackage matched=callerPackage=addOnMediaKeyEventSessionChangedListener+createSession+dispatchAdjustVolume+dispatchMediaKeyEvent+dispatchMediaKeyEventToSessionAsSystemService+dispatchVolumeKeyEvent+dispatchVolumeKeyEventToSessionAsSystemService+getMediaKeyEventSession+getMediaKeyEventSessionPackageName+hasCustomMediaKeyDispatcher+hasCustomMediaSessionPolicyProvider+isTrusted+setCustomMediaKeyDispatcher+setCustomMe
1788691490.172 10311 31420 31420 I Unique  : 2026-09-06 17:44:50.171 I HOOK IDENTITY_HOOK_INSTALLED service=media_session package=com.a0soft.gphone.acc.free matched=callerPackage=addOnMediaKeyEventSessionChangedListener+createSession+dispatchAdjustVolume+dispatchMediaKeyEvent+dispatchMediaKeyEventToSessionAsSystemService+dispatchVolumeKeyEvent+dispatchVolumeKeyEventToSessionAsSystemService+getMediaKeyEventSession+getMediaKeyEventSessionPackageName+hasCustomMedi
1788691490.176 10311 31420 31420 I Unique  : 2026-09-06 17:44:50.174 I HOOK SERVICE_HOOKED service=appwidget cache=true singletons=0 managers=0 bound=callerPackage,appWidgetIdentity matched=callerPackage=allocateAppWidgetId+bindRemoteViewsService+createAppWidgetConfigIntentSender+deleteAppWidgetId+deleteHost+getAppWidgetIdsForHost+getAppWidgetInfo+getAppWidgetOfHost+getAppWidgetOptions+getAppWidgetViews+getInstalledProvidersForProfile+hasBindAppWidgetPermission+isBoundWidgetPackage+noteAppWidgetTapped+notifyAppWidgetViewDataChanged+partiallyUpdateAppWidgetIds+setAppWidgetHidden+setBi
1788691490.177 10311 31420 31420 I Unique  : 2026-09-06 17:44:50.176 I HOOK IDENTITY_HOOK_INSTALLED service=appwidget package=com.a0soft.gphone.acc.free matched=callerPackage=allocateAppWidgetId+bindRemoteViewsService+createAppWidgetConfigIntentSender+deleteAppWidgetId+deleteHost+getAppWidgetIdsForHost+getAppWidgetInfo+getAppWidgetOfHost+getAppWidgetOptions+getAppWidgetViews+getInstalledProvidersForProfile+hasBindAppWidgetPermission+isBoundWidgetPackage+not
1788691490.181 10311 31420 31420 I Unique  : 2026-09-06 17:44:50.180 I HOOK SERVICE_HOOKED service=input_method cache=true singletons=1 managers=0 bound=callerPackage,editorIdentity matched=callerPackage=acceptStylusHandwritingDelegation+acceptStylusHandwritingDelegationAsync+getEnabledInputMethodSubtypeList+prepareStylusHandwritingDelegation+setAdditionalInputMethodSubtypes+setExplicitlyEnabledInputMethodSubtypes+startConnectionlessStylusHandwriting+startProtoDump,editorIdentity=startInputOrWindowGainedFocus+startInputOrWindowGainedFocusAsync
1788691490.181 10311 31420 31420 I Unique  : 2026-09-06 17:44:50.181 I HOOK IDENTITY_HOOK_INSTALLED service=input_method package=com.a0soft.gphone.acc.free matched=callerPackage=acceptStylusHandwritingDelegation+acceptStylusHandwritingDelegationAsync+getEnabledInputMethodSubtypeList+prepareStylusHandwritingDelegation+setAdditionalInputMethodSubtypes+setExplicitlyEnabledInputMethodSubtypes+startConnectionlessStylusHandwriting+startProtoDump,editorIdentity=start
1788691490.182 10311 31420 31420 I Unique  : 2026-09-06 17:44:50.182 I HOOK IDENTITY_HOOKS_INSTALLED package=com.a0soft.gphone.acc.free installed=alarm,clipboard,restrictions,locale,connectivity,power,wifi,location,audio,vibrator_manager,usagestats,netstats,content,shortcut,mount,account,phone,device_policy,media.camera,telecom,media_router,media_session,appwidget,input_method skipped=
1788691490.183 10311 31420 31420 W Unique  : 2026-09-06 17:44:50.183 W PROCESS ALARM_EXACT_UNAVAILABLE detail=UNIQUE does not hold SCHEDULE_EXACT_ALARM; a guest asking for an exact alarm will get the platform's SecurityException
1788691490.187 10311 31420 31420 I Unique  : 2026-09-06 17:44:50.185 I HOOK SERVICE_HOOKED service=jobscheduler cache=true singletons=0 managers=0 bound=jobById,scheduleJob,pendingJobs matched=jobById=cancel+getPendingJob+getPendingJobReason,scheduleJob=enqueue+schedule+scheduleAsPackage,pendingJobs=getAllPendingJobs+getAllPendingJobsInNamespace
1788691490.188 10311 31420 31420 I Unique  : 2026-09-06 17:44:50.187 I HOOK JOB_HOOKED package=com.a0soft.gphone.acc.free slot=0 matched=jobById=cancel+getPendingJob+getPendingJobReason,scheduleJob=enqueue+schedule+scheduleAsPackage,pendingJobs=getAllPendingJobs+getAllPendingJobsInNamespace
1788691490.193 10311 31420 31440 I Unique  : 2026-09-06 17:44:50.193 I LAUNCH SIGNATURES_LOADED package=com.a0soft.gphone.acc.free signers=1 hasSigningInfo=true
1788691490.194 10311 31420 31420 I Unique  : 2026-09-06 17:44:50.193 I HOOK SERVICE_HOOKED service=notification cache=true singletons=1 managers=0 bound=notificationIdentity,enqueue,channels matched=notificationIdentity=addAutomaticZenRule+areBubblesAllowed+areNotificationsEnabled+areNotificationsEnabledForPackage+buzzBeepBlinkForNotification+canNotifyAsPackage+canShowBadge+cancelAllNotifications+cancelNotificationFromListener+cancelToast+clearData+deleteNotificationHistoryItem+enqueueTextToast+enqueueToast+finishToken+getActiveNotifications+getActiveNotificationsWithAttribution+getAllowedAss
1788691490.195 10311 31420 31420 I Unique  : 2026-09-06 17:44:50.194 I HOOK NOTIFICATION_HOOKED package=com.a0soft.gphone.acc.free vuid=1 matched=notificationIdentity=addAutomaticZenRule+areBubblesAllowed+areNotificationsEnabled+areNotificationsEnabledForPackage+buzzBeepBlinkForNotification+canNotifyAsPackage+canShowBadge+cancelAllNotifications+cancelNotificationFromListener+cancelToast+clearData+deleteNotificationHistoryItem+enqueueTextToast+enqueueToast+finishToken+getActiveNotifications+getActiveNotificationsWithAttribution+getAllowedAss
1788691490.210 10311 31420 31420 I Unique  : 2026-09-06 17:44:50.209 I PROCESS RECEIVERS_REGISTERED package=com.a0soft.gphone.acc.free declared=12 registered=18 actions=com.a0soft.gphone.base.content.blSelfPkgRecvV12#android.intent.action.MY_PACKAGE_REPLACED;com.a0soft.gphone.acc.main.SysRecv#android.intent.action.BOOT_COMPLETED,android.intent.action.DEVICE_STORAGE_LOW;com.a0soft.gphone.acc.widget.WidgetProvider#android.appwidget.action.APPWIDGET_UPDATE,com.a0soft.gphone.acc.widget.AppMgrSrvc.ActionStatusUpdated,com.a0soft.gphone.acc.widget.ActionRefresh,com.a0so exported=2
1788691490.211 10311 31420 31420 I Unique  : 2026-09-06 17:44:50.210 I LAUNCH ACTIVITY_LIFECYCLE_INSTALLED package=com.a0soft.gphone.acc.free
1788691490.214 10311 31420 31420 I Unique  : 2026-09-06 17:44:50.213 I STORAGE EXTERNAL_VOLUME_REPOINTED path=/data/user/0/com.unique/files/virtual/users/1/sdcard fields=mPath,mInternalPath
1788691490.257 10311 31420 31447 I Unique  : 2026-09-06 17:44:50.256 I LAUNCH GOOGLE_STACK_HIDDEN package=com.google.android.gms hidden=true reason=SDK_TOO_OLD gmsVersion=12451000 detail=Play services client older than 18: a refused broker reaches the caller's looper and kills the app, so the stack is hidden and the SDK takes its own no-Google-services path
1788691490.259 10311 31420 31420 I UniqueNative: io_redirect installed: 0 slot(s) in 2/391 libraries (0 excluded, 10 total), 8 rule(s), page size 4096
1788691490.282 10311 31420 31451 W om.unique:vapp0: Monitor::Inflate: Install failed 0x31a2318
1788691490.295 10311 31420 31420 I Unique  : 2026-09-06 17:44:50.294 I PROCESS PROVIDERS_PUBLISHED package=com.a0soft.gphone.acc.free process=com.a0soft.gphone.acc.free declared=6 authorities=[redacted]
1788691490.303 10311 31420 31454 W EpFrameworkFactory: activated: false jar exist: false
1788691490.315 10311 31420 31420 D Unique  : 2026-09-06 17:44:50.314 D PROCESS u1 com.a0soft.gphone.acc.free PERMISSION_CHECK permission=com.google.android.finsky.permission.BIND_GET_INSTALL_REFERRER_SERVICE result=GRANTED
1788691490.315 10311 31420 31454 D Unique  : 2026-09-06 17:44:50.313 D PROCESS u1 com.a0soft.gphone.acc.free NOTIFICATION_ADAPTED package=com.a0soft.gphone.acc.free vuid=1 channel=vu1:com.a0soft.gphone.acc.free:com.google.android.gms.availability icon=1
1788691490.320 10311 31420 31420 D Unique  : 2026-09-06 17:44:50.318 D PROCESS u1 com.a0soft.gphone.acc.free PERMISSION_CHECK permission=android.permission.INTERNET result=GRANTED
1788691490.324 10311 31420 31456 D Unique  : 2026-09-06 17:44:50.322 D PROCESS u1 com.a0soft.gphone.acc.free PERMISSION_CHECK permission=android.permission.INTERNET result=GRANTED
1788691490.326 10311 31420 31456 D Unique  : 2026-09-06 17:44:50.325 D PROCESS u1 com.a0soft.gphone.acc.free PERMISSION_CHECK permission=android.permission.ACCESS_NETWORK_STATE result=GRANTED
1788691490.326 10311 31420 31420 I UniqueNative: redirect table set: 8 rule(s)
1788691490.327 10311 31420 31420 I UniqueNative: io_redirect: 2 exclusion(s) set
1788691490.327 10311 31420 31420 I UniqueNative: io_redirect installed: 0 slot(s) in 2/391 libraries (0 excluded, 10 total), 8 rule(s), page size 4096
1788691490.331 10311 31420 31420 I Unique  : 2026-09-06 17:44:50.327 I NATIVE u1 com.a0soft.gphone.acc.free IO_REDIRECT_INSTALLED status=NOTHING_TO_HOOK watch=OK rules=8 slots=10 scope=/data/user/0/com.unique/files/virtual/apk/com.a0soft.gphone.acc.free/240005239/lib/arm64-v8a,/data/data/com.unique/files/virtual/apk/com.a0soft.gphone.acc.free/240005239/lib/arm64-v8a,/data/user/0/com excluded=libgrave.so,libunique_native.so
1788691490.333 10311 31420 31420 I Unique  : 2026-09-06 17:44:50.331 I LAUNCH u1 com.a0soft.gphone.acc.free BOOTSTRAP_OK package=com.a0soft.gphone.acc.free vuid=1 slot=0 applicationClass=com.pairip.application.Application dataDir=/data/user/0/com.unique/files/virtual/users/1/data/com.a0soft.gphone.acc.free sourceDir=/data/user/0/com.unique/files/virtual/apk/com.a0soft.gphone.acc.free/240005239/base.apk nativeLibraryDir=/data/user/0/com.unique/files/virtual/apk/com.a0soft.gphone.acc.free/240005239/lib/arm64-v8a targetSdk=36 observedPackageName=com.a0soft.gphone.acc.free observedFilesDir=/data/user/0/com.unique/files/virtual/users/1/data/com.a0soft.gphone.acc.free/files millis=470
1788691490.340 10311 31420 31420 I Unique  : 2026-09-06 17:44:50.334 I LAUNCH u1 com.a0soft.gphone.acc.free TRANSACTION_REWRITTEN package=com.a0soft.gphone.acc.free activity=com.a0soft.gphone.acc.free.MainWnd vuid=1 item=LaunchActivityItem theme=2131952551
1788691490.346 10311 31420 31420 I ActivityThread: HardwareRenderer preload  done
1788691490.355 10311 30573 30590 I Unique  : 2026-09-06 17:44:50.352 I PROCESS PROVIDER_SLOT_READY slot=0 vuid=1 pid=31420
1788691490.358 10311 31420 31456 I Unique  : 2026-09-06 17:44:50.356 I PROCESS u1 com.a0soft.gphone.acc.free SERVICE_STUB_RESERVED slot=0 stub=0 service=com.google.android.gms.measurement.AppMeasurementService vuid=1
1788691490.360 10311 31420 31456 D Unique  : 2026-09-06 17:44:50.359 D PROCESS u1 com.a0soft.gphone.acc.free SERVICE_INTENT_ROUTED service=com.google.android.gms.measurement.AppMeasurementService stub=com.unique.stub.ServiceStub_p0_s0 action=com.google.android.gms.measurement.START
1788691490.361 10311 31420 31456 D Unique  : 2026-09-06 17:44:50.360 D PROCESS u1 com.a0soft.gphone.acc.free SERVICE_CONNECTION_WRAPPED connection=qa1
1788691490.379 10311 31420 31475 D MMUD    : mtk_memory_debug_init com.a0soft.gphone.acc.free 0xb400007ddc12a400
1788691490.384 10311 31420 31489 E om.unique:vapp0: setpriority success to 100 : mali-cmar-backend
1788691490.388 10311 31420 31420 I Unique  : 2026-09-06 17:44:50.387 I LAUNCH u1 com.a0soft.gphone.acc.free ACTIVITY_HARDWARE_ACCELERATED activity=com.a0soft.gphone.acc.free.MainWnd fromActivityInfo=false applied=true
1788691490.402 10311 31420 31420 W libc    : Access denied finding property "persist.vendor.camera.IsVariableApertureSupported"
1788691490.402 10311 31420 31420 W libc    : Access denied finding property "persist.vendor.camera.IsStreetModeSupported"
1788691490.409 10311 31420 31420 V PhoneWindowStubImpl: modifyNavigationBarColor from -16777216 to -1
1788691490.444 10311 31420 31420 W libc    : Access denied finding property "ro.vendor.df.effect.conflict"
1788691490.456 10311 31420 31420 W WindowOnBackDispatcher: OnBackInvokedCallback is not enabled for the application.
1788691490.456 10311 31420 31420 W WindowOnBackDispatcher: Set 'android:enableOnBackInvokedCallback="true"' in the application manifest.
1788691490.482 10311 31420 31479 D MMUD    : get_leak_baseline 3246391296
1788691490.491 10311 31420 31420 I PowerHalWrapper: PowerHalWrapper.getInstance
1788691490.491 10311 31420 31420 I M-ProMotion: M-ProMotion is disabled
1788691490.493 10311 31420 31420 W libc    : Access denied finding property "ro.vendor.perf.scroll_opt"
1788691490.494 10311 31420 31459 I Unique  : 2026-09-06 17:44:50.491 I PROCESS u1 com.a0soft.gphone.acc.free JOB_SCHEDULED service=com.google.android.datatransport.runtime.scheduling.jobscheduling.JobInfoSchedulerService virtualJobId=641086048 hostJobId=1454688 stub=com.unique.stub.JobStub_p0
1788691490.494 10311 31420 31490 I PowerHalWrapper: PowerHalWrapper.getInstance
1788691490.496 10311 31420 31420 D Unique  : 2026-09-06 17:44:50.495 D LAUNCH u1 com.a0soft.gphone.acc.free CALLBACK_ALIVE what=159 obj=android.app.servertransaction.ClientTransaction
1788691490.497 10311 31420 31420 D Unique  : 2026-09-06 17:44:50.496 D LAUNCH u1 com.a0soft.gphone.acc.free NO_LAUNCH_ITEM transaction=android.app.servertransaction.ClientTransaction shape=CREATOR: mActivityCallbacks:[TopResumedActivityChangeItem] mActivityToken:BinderProxy mClient:null mLifecycleStateRequest:null mTransactionItems:[TopResumedActivityChangeItem] seen=2
1788691490.504 10311 31420 31420 D Unique  : 2026-09-06 17:44:50.503 D LAUNCH u1 com.a0soft.gphone.acc.free CALLBACK_ALIVE what=114 obj=android.app.ActivityThread$CreateServiceData
1788691490.506 10311 31420 31420 I Unique  : 2026-09-06 17:44:50.505 I PROCESS u1 com.a0soft.gphone.acc.free CREATE_SERVICE_REWRITTEN stub=com.unique.stub.ServiceStub_p0_s0 service=com.google.android.gms.measurement.AppMeasurementService
1788691490.509 10311 31420 31473 D Unique  : 2026-09-06 17:44:50.507 D PROCESS u1 com.a0soft.gphone.acc.free SERVICE_CONNECTION_WRAPPED connection=fq0
1788691490.514 10311 31420 31420 D Unique  : 2026-09-06 17:44:50.513 D PROCESS u1 com.a0soft.gphone.acc.free SERVICE_INTENT_ROUTED service=com.google.android.gms.measurement.AppMeasurementService stub=com.unique.stub.ServiceStub_p0_s0 action=com.google.android.gms.measurement.START
1788691490.525 10311 31420 31420 V PhoneWindowStubImpl: modifyNavigationBarColor from -16777216 to -1
1788691490.535 10311 31420 31456 I Unique  : 2026-09-06 17:44:50.532 I LAUNCH u1 com.a0soft.gphone.acc.free PENDING_INTENT_RECEIVER_ROUTED receiver=com.google.android.gms.measurement.AppMeasurementReceiver package=com.a0soft.gphone.acc.free vuid=1 stub=com.unique.app.runtime.BroadcastStub
1788691490.538 10311 31420 31420 D ScrollerOptimizationManager: registerConfigChangedListener
1788691490.540 10311 31420 31420 W libc    : Access denied finding property "ro.vendor.mi_sf.new_dynamic_refresh_rate"
1788691490.540 10311 31420 31420 D SplineOverScroller: dynamic params is false
1788691490.550 10311 31420 31420 D ScrollerOptimizationManager: registerConfigChangedListener
1788691490.565 10311 31420 31456 I Unique  : 2026-09-06 17:44:50.561 I LAUNCH u1 com.a0soft.gphone.acc.free PENDING_INTENT_RECEIVER_ROUTED receiver=com.google.android.gms.measurement.AppMeasurementReceiver package=com.a0soft.gphone.acc.free vuid=1 stub=com.unique.app.runtime.BroadcastStub
1788691490.568 10311 31420 31420 I SurfaceFactory: [static] sSurfaceFactory = com.mediatek.view.impl.SurfaceFactoryImpl@d809ce0
1788691490.575 10311 31420 31420 D MiuiCameraCoveredManager: java.lang.NullPointerException: Attempt to invoke virtual method 'java.lang.String android.provider.MiuiSettings$SettingsCloudData$CloudData.getString(java.lang.String, java.lang.String)' on a null object reference
1788691490.578 10311 31420 31475 W libc    : Access denied finding property "ro.vendor.display.iris_x7.support"
1788691490.587 10311 31420 31420 D InputEventReceiver: Input log is disabled in InputEventReceiver.
1788691490.590 10311 31420 31420 D Unique  : 2026-09-06 17:44:50.588 D LAUNCH u1 com.a0soft.gphone.acc.free NO_LAUNCH_ITEM transaction=android.app.servertransaction.ClientTransaction shape=CREATOR: mActivityCallbacks:[TopResumedActivityChangeItem] mActivityToken:BinderProxy mClient:null mLifecycleStateRequest:PauseActivityItem mTransactionItems:[TopResumedActivityChangeItem|PauseActivityItem] seen=3
1788691490.606 10311 31420 31420 D LicenseClient: Connecting to the main licensing service...
1788691490.607 10311 31420 31420 D Unique  : 2026-09-06 17:44:50.606 D PROCESS u1 com.a0soft.gphone.acc.free SERVICE_INTENT_CROSS_APP action=com.android.vending.licensing.ILicensingService target=com.android.vending
1788691490.609 10311 31420 31420 D Unique  : 2026-09-06 17:44:50.607 D PROCESS u1 com.a0soft.gphone.acc.free SERVICE_CONNECTION_WRAPPED connection=com.pairip.licensecheck.LicenseClient
1788691490.628 10311 30573 30641 E com.unique: checkIfsupportxIntfps do not binder to joyose
1788691490.632 10311 31420 31420 D Unique  : 2026-09-06 17:44:50.632 D PROCESS u1 com.a0soft.gphone.acc.free SERVICE_CONNECTION_WRAPPED connection=gdv
1788691490.643 10311 31420 31420 D Unique  : 2026-09-06 17:44:50.641 D PROCESS u1 com.a0soft.gphone.acc.free SERVICE_CONNECTION_RENAMED stub=com.unique.stub.ServiceStub_p0_s0 service=com.google.android.gms.measurement.AppMeasurementService
1788691490.643 10311 30573 30573 D SurfaceView: UPDATE Surface(name=SurfaceView[com.unique/com.unique.app.MainActivity]#53217)/@0x93f6696, mIsProjectionMode = false
1788691490.668 10311 30573 30590 E FrameEvents: addRelease: Did not find frame.
1788691490.748 10311 31420 31420 W libc    : Access denied finding property "ro.vendor.display.iris_x7.support"
1788691490.753 10311 31420 31475 D om.unique:vapp0: MiuiProcessManagerServiceStub setSchedFifo
1788691490.753 10311 31420 31475 I MiuiProcessManagerImpl: setSchedFifo pid:31420, mode:3
1788691490.754 10311 31420 31475 D MAGT_SYNC_FRAME: MAGT Sync: MAGT is not supported. Disabling Sync.
1788691490.762 10311 31420 31475 I GrallocExtra: gralloc_extra_query:is_SW3D 0
1788691490.764 10311 31420 31475 W libc    : Access denied finding property "ro.vendor.display.iris_x7.support"
1788691490.807 10311 31420 31475 E LB      : fail to open file: No such file or directory
1788691490.807 10311 31420 31475 E LB      : fail to open node: No such file or directory
1788691490.807 10311 31420 31475 E LB      : fail to open node: No such file or directory
1788691490.807 10311 31420 31475 I GrallocExtra: gralloc_extra_query:is_SW3D 0
1788691490.809 10311 31420 31475 W libc    : Access denied finding property "ro.vendor.display.iris_x7.support"
1788691490.816 10311 31420 31420 D LicenseClient: Connected to the licensing service.
1788691490.818 10311 31420 31507 D LicenseClient: Sending request to license reporting service...
1788691490.820 10311 31420 31507 D LicenseClient: Request to licensing reporting service sent.
1788691490.837 10311 31420 31506 D LibMBrainProxy: Init Paramters
1788691490.951 10311 31420 31510 E emoji2.text.DefaultEmojiConfig: com.google.android.gms
1788691490.951 10311 31420 31510 E emoji2.text.DefaultEmojiConfig: android.content.pm.PackageManager$NameNotFoundException: com.google.android.gms
1788691490.951 10311 31420 31510 E emoji2.text.DefaultEmojiConfig: 	at android.app.ApplicationPackageManager.getPackageInfoAsUser(ApplicationPackageManager.java:276)
1788691490.951 10311 31420 31510 E emoji2.text.DefaultEmojiConfig: 	at android.app.ApplicationPackageManager.getPackageInfo(ApplicationPackageManager.java:236)
1788691490.951 10311 31420 31510 E emoji2.text.DefaultEmojiConfig: 	at android.app.ApplicationPackageManager.getPackageInfo(ApplicationPackageManager.java:230)
1788691490.951 10311 31420 31510 E emoji2.text.DefaultEmojiConfig: 	at bpb.灗(SAM:3)
1788691490.951 10311 31420 31510 E emoji2.text.DefaultEmojiConfig: 	at anx.躣(dex-id-b9da204002bfd4299192d95858da458f23bf30aa:82)
1788691490.951 10311 31420 31510 E emoji2.text.DefaultEmojiConfig: 	at csy.run(SAM:430)
1788691490.951 10311 31420 31510 E emoji2.text.DefaultEmojiConfig: 	at java.util.concurrent.ThreadPoolExecutor.runWorker(ThreadPoolExecutor.java:1100)
1788691490.951 10311 31420 31510 E emoji2.text.DefaultEmojiConfig: 	at java.util.concurrent.ThreadPoolExecutor$Worker.run(ThreadPoolExecutor.java:624)
1788691490.951 10311 31420 31510 E emoji2.text.DefaultEmojiConfig: 	at java.lang.Thread.run(Thread.java:1572)
1788691491.514 10311 31420 31420 D Unique  : 2026-09-06 17:44:51.513 D LAUNCH u1 com.a0soft.gphone.acc.free NO_LAUNCH_ITEM transaction=android.app.servertransaction.ClientTransaction shape=CREATOR: mActivityCallbacks:null mActivityToken:BinderProxy mClient:null mLifecycleStateRequest:DestroyActivityItem mTransactionItems:[DestroyActivityItem] seen=4
1788691491.533 10311 31420 31420 D Unique  : 2026-09-06 17:44:51.532 D PROCESS u1 com.a0soft.gphone.acc.free PERMISSION_CHECK permission=android.permission.INTERNET result=GRANTED
1788691491.538 10311 31420 31420 W WindowOnBackDispatcher: sendCancelIfRunning: isInProgress=false callback=android.view.ViewRootImpl$$ExternalSyntheticLambda12@44f892f
1788691491.552 10311 31420 31420 D View    : [Warning] assignParent to null: this = DecorView@1bb2e5e[MainWnd]
1788691491.649 10311 31420 31469 I om.unique:vapp0: Explicit concurrent mark compact GC freed 19MB AllocSpace bytes, 38(1924KB) LOS objects, 24% free, 6542KB/8723KB, paused 642us,2.315ms total 109.075ms
1788691492.330 10311 30573 30573 W WindowOnBackDispatcher: sendCancelIfRunning: isInProgress=false callback=io.flutter.embedding.android.FlutterActivity$1@97ce0f3
1788691493.744 10311 30573 30609 I Unique  : 2026-09-06 17:44:53.744 I PROCESS SLOT_PROCESS_STOPPED slot=:vapp0 pids=31420 reason=removed
1788691493.745 10311 30573 30609 I Unique  : 2026-09-06 17:44:53.744 I PROCESS PROCESS_RELEASED slot=:vapp0 reason=removed
1788691493.751 10311 30573 30573 W WindowOnBackDispatcher: sendCancelIfRunning: isInProgress=false callback=io.flutter.embedding.android.FlutterActivity$1@97ce0f3
1788691493.762 10311 30573 30609 I Unique  : 2026-09-06 17:44:53.761 I PROCESS BROADCAST_ROUTER_READY instances=0 actions=26 authorities=[redacted]
1788691494.573 10311 30573 30588 W com.unique: ApkAssets: Deleting an ApkAssets object '<empty> and /data/app/~~dIzM8R2VKNcseUPYkR7YfA==/com.google.android.marvin.talkback-RoQSRwhE9YHg1ajuoB0gqg==/base.apk' with 1 weak references
1788691494.573 10311 30573 30588 W com.unique: ApkAssets: Deleting an ApkAssets object '<empty> and /data/app/~~dIzM8R2VKNcseUPYkR7YfA==/com.google.android.marvin.talkback-RoQSRwhE9YHg1ajuoB0gqg==/split_config.arm64_v8a.apk' with 1 weak references
1788691494.573 10311 30573 30588 W com.unique: ApkAssets: Deleting an ApkAssets object '<empty> and /data/app/~~ItA4ATnc7x5tZxxil8RoQQ==/com.google.android.googlequicksearchbox-B34OqsIBVDUACIIcm8JfnA==/base.apk' with 1 weak references
1788691494.575 10311 30573 30588 W com.unique: ApkAssets: Deleting an ApkAssets object '<empty> and /data/app/~~XQmPOPV_XxINA_jPcGmsIQ==/com.miui.screenrecorder-G-XBxKJvovi92jNh9l3JIQ==/base.apk' with 1 weak references
1788691494.576 10311 30573 30588 W com.unique: ApkAssets: Deleting an ApkAssets object '<empty> and /system_ext/priv-app/RtMiCloudSDK/RtMiCloudSDK.apk' with 4 weak references
1788691494.576 10311 30573 30588 W com.unique: ApkAssets: Deleting an ApkAssets object '<empty> and /system_ext/app/miuisystem/miuisystem.apk' with 6 weak references
1788691494.576 10311 30573 30588 W com.unique: ApkAssets: Deleting an ApkAssets object '<empty> and /data/app/~~-USux0I649yeK8kjLtUs6w==/io.hitray.android-yz9_YgFveD2eh2-uVfEvTQ==/base.apk' with 1 weak references
1788691494.576 10311 30573 30588 W com.unique: ApkAssets: Deleting an ApkAssets object '<empty> and /data/app/~~-USux0I649yeK8kjLtUs6w==/io.hitray.android-yz9_YgFveD2eh2-uVfEvTQ==/split_config.arm64_v8a.apk' with 1 weak references
1788691494.576 10311 30573 30588 W com.unique: ApkAssets: Deleting an ApkAssets object '<empty> and /data/app/~~-USux0I649yeK8kjLtUs6w==/io.hitray.android-yz9_YgFveD2eh2-uVfEvTQ==/split_config.ru.apk' with 1 weak references
1788691494.576 10311 30573 30588 W com.unique: ApkAssets: Deleting an ApkAssets object '<empty> and /data/app/~~-USux0I649yeK8kjLtUs6w==/io.hitray.android-yz9_YgFveD2eh2-uVfEvTQ==/split_config.xxhdpi.apk' with 1 weak references
1788691494.576 10311 30573 30588 W com.unique: ApkAssets: Deleting an ApkAssets object '<empty> and /data/app/GlobalWPSLITE/base.apk' with 1 weak references
1788691494.577 10311 30573 30588 W com.unique: ApkAssets: Deleting an ApkAssets object '<empty> and /data/app/~~rg2DbhTU1ND5cF8h23oQew==/org.telegram.messenger-ssp6zHI1umWAqjB0ibq88A==/base.apk' with 1 weak references
1788691494.577 10311 30573 30588 W com.unique: ApkAssets: Deleting an ApkAssets object '<empty> and /data/app/~~ItA4ATnc7x5tZxxil8RoQQ==/com.google.android.googlequicksearchbox-B34OqsIBVDUACIIcm8JfnA==/split_config.xxhdpi.apk' with 1 weak references
1788691494.577 10311 30573 30588 W com.unique: ApkAssets: Deleting an ApkAssets object '<empty> and /data/app/~~rg2DbhTU1ND5cF8h23oQew==/org.telegram.messenger-ssp6zHI1umWAqjB0ibq88A==/split_config.arm64_v8a.apk' with 1 weak references
1788691494.577 10311 30573 30588 W com.unique: ApkAssets: Deleting an ApkAssets object '<empty> and /data/app/~~rg2DbhTU1ND5cF8h23oQew==/org.telegram.messenger-ssp6zHI1umWAqjB0ibq88A==/split_config.ru.apk' with 1 weak references
1788691494.577 10311 30573 30588 W com.unique: ApkAssets: Deleting an ApkAssets object '<empty> and /data/app/~~ItA4ATnc7x5tZxxil8RoQQ==/com.google.android.googlequicksearchbox-B34OqsIBVDUACIIcm8JfnA==/split_lens_ondevice_engine_feature_module.apk' with 1 weak references
1788691494.577 10311 30573 30588 W com.unique: ApkAssets: Deleting an ApkAssets object '<empty> and /data/app/~~rg2DbhTU1ND5cF8h23oQew==/org.telegram.messenger-ssp6zHI1umWAqjB0ibq88A==/split_config.xxhdpi.apk' with 1 weak references
1788691494.578 10311 30573 30588 W com.unique: ApkAssets: Deleting an ApkAssets object '<empty> and /data/app/~~ItA4ATnc7x5tZxxil8RoQQ==/com.google.android.googlequicksearchbox-B34OqsIBVDUACIIcm8JfnA==/split_lens_ondevice_engine_play_ml_module.apk' with 1 weak references
1788691494.578 10311 30573 30588 W com.unique: ApkAssets: Deleting an ApkAssets object '<empty> and /data/app/~~KJXAelHloRLMhXRuCgXfsA==/com.termux.x11-osj7xncZ_M4TKFTgtNfUvQ==/base.apk' with 1 weak references
1788691494.578 10311 30573 30588 W com.unique: ApkAssets: Deleting an ApkAssets object '<empty> and /data/app/~~QQHHYxwNPykiSC3FoxXBWw==/com.gordey.standarling-qi6-h5086vrmRTcPTW755g==/base.apk' with 1 weak references
1788691494.578 10311 30573 30588 W com.unique: ApkAssets: Deleting an ApkAssets object '<empty> and /data/app/~~hmK1R5MXm77mIxebqB1UWg==/de.szalkowski.activitylauncher-U8OB-FYSopjrnRHsZdEEww==/base.apk' with 1 weak references
1788691494.578 10311 30573 30588 W com.unique: ApkAssets: Deleting an ApkAssets object '<empty> and /data/app/~~hmK1R5MXm77mIxebqB1UWg==/de.szalkowski.activitylauncher-U8OB-FYSopjrnRHsZdEEww==/split_config.arm64_v8a.apk' with 1 weak references
1788691494.578 10311 30573 30588 W com.unique: ApkAssets: Deleting an ApkAssets object '<empty> and /data/app/~~hmK1R5MXm77mIxebqB1UWg==/de.szalkowski.activitylauncher-U8OB-FYSopjrnRHsZdEEww==/split_config.xxhdpi.apk' with 1 weak references
1788691494.579 10311 30573 30588 W com.unique: ApkAssets: Deleting an ApkAssets object '<empty> and /data/app/~~LvuV9aG6AJttZ9KZG9DfUQ==/nu.gpu.nagram-piHbsnG6qKY0S-0pb2n_mg==/base.apk' with 1 weak references
1788691494.579 10311 30573 30588 W com.unique: ApkAssets: Deleting an ApkAssets object '<empty> and /data/app/~~ZqdvqHIQdj2aYGnH1VRJ2g==/clear.una-9D8IYmbsSYbrHCFNhktz7g==/base.apk' with 1 weak references
1788691494.579 10311 30573 30588 W com.unique: ApkAssets: Deleting an ApkAssets object '<empty> and /data/app/MIUISoundRecorderTargetSdk30Global/base.apk' with 1 weak references
1788691494.580 10311 30573 30588 W com.unique: ApkAssets: Deleting an ApkAssets object '<empty> and /data/app/~~jD-_UzuxAsOgbh6KR6hmBQ==/moe.shizuku.privileged.api-cQKJ66hF6rbFA6IGkaIRVQ==/base.apk' with 1 weak references
1788691494.580 10311 30573 30588 W com.unique: ApkAssets: Deleting an ApkAssets object '<empty> and /data/app/~~ybthXu1lfLhXH0A_ezjXOQ==/com.Chillow.CustomRise-jbRzsHDPDsDqtF4ya8mKFQ==/base.apk' with 1 weak references
1788691494.580 10311 30573 30588 W com.unique: ApkAssets: Deleting an ApkAssets object '<empty> and /data/app/~~5UvyUty5uHV3AXEdZmqD2w==/com.pinterest-lPffnbjAGLKDxKewLDe9fA==/base.apk' with 1 weak references
1788691494.581 10311 30573 30588 W com.unique: ApkAssets: Deleting an ApkAssets object '<empty> and /data/app/~~5UvyUty5uHV3AXEdZmqD2w==/com.pinterest-lPffnbjAGLKDxKewLDe9fA==/split_config.arm64_v8a.apk' with 1 weak references
1788691494.581 10311 30573 30588 W com.unique: ApkAssets: Deleting an ApkAssets object '<empty> and /data/app/~~5UvyUty5uHV3AXEdZmqD2w==/com.pinterest-lPffnbjAGLKDxKewLDe9fA==/split_config.ru.apk' with 1 weak references
1788691494.581 10311 30573 30588 W com.unique: ApkAssets: Deleting an ApkAssets object '<empty> and /data/app/~~5UvyUty5uHV3AXEdZmqD2w==/com.pinterest-lPffnbjAGLKDxKewLDe9fA==/split_config.xxhdpi.apk' with 1 weak references
1788691494.581 10311 30573 30588 W com.unique: ApkAssets: Deleting an ApkAssets object '<empty> and /data/app/~~dLYsOqWzTnFcjo2aHD3xSQ==/bin.mt.plus-R6p8RfoCeLQWL_mDoMlBsw==/base.apk' with 1 weak references
1788691494.584 10311 30573 30588 W com.unique: ApkAssets: Deleting an ApkAssets object '<empty> and /data/app/MIUICompassGlobal/base.apk' with 1 weak references
1788691494.585 10311 30573 30588 W com.unique: ApkAssets: Deleting an ApkAssets object '<empty> and /data/app/~~FbRqAr85vnOKgdJeIwPSHg==/com.f0x1d.logfox-3E_m6EooCJ8N7AUdxRJEng==/base.apk' with 1 weak references
1788691494.585 10311 30573 30588 W com.unique: ApkAssets: Deleting an ApkAssets object '<empty> and /data/app/~~R3xOm83wV6nXDxL1np_JpQ==/com.axlebolt.standoff2-1qyH-RbRcbkMQBQ-x5XKyg==/base.apk' with 1 weak references
1788691494.586 10311 30573 30588 W com.unique: ApkAssets: Deleting an ApkAssets object '<empty> and /data/app/~~fDqH7SpA32dU_mxStcmXBQ==/com.emanuelef.remote_capture-5WExiOcv_yR73wMh7w64Zg==/base.apk' with 1 weak references
1788691494.586 10311 30573 30588 W com.unique: ApkAssets: Deleting an ApkAssets object '<empty> and /data/app/~~fDqH7SpA32dU_mxStcmXBQ==/com.emanuelef.remote_capture-5WExiOcv_yR73wMh7w64Zg==/split_config.arm64_v8a.apk' with 1 weak references
1788691494.586 10311 30573 30588 W com.unique: ApkAssets: Deleting an ApkAssets object '<empty> and /data/app/~~fDqH7SpA32dU_mxStcmXBQ==/com.emanuelef.remote_capture-5WExiOcv_yR73wMh7w64Zg==/split_config.ru.apk' with 1 weak references
1788691494.586 10311 30573 30588 W com.unique: ApkAssets: Deleting an ApkAssets object '<empty> and /data/app/~~fDqH7SpA32dU_mxStcmXBQ==/com.emanuelef.remote_capture-5WExiOcv_yR73wMh7w64Zg==/split_config.xxhdpi.apk' with 1 weak references
1788691494.586 10311 30573 30588 W com.unique: ApkAssets: Deleting an ApkAssets object '<empty> and /data/app/MIUINotes/base.apk' with 1 weak references
1788691494.587 10311 30573 30588 W com.unique: ApkAssets: Deleting an ApkAssets object '<empty> and /data/app/~~ToEzooAkrU67onkDMsOz-A==/com.xiaomi.midrop-QRwPNiaj1B-KMGM4I2vZlg==/base.apk' with 1 weak references
1788691494.587 10311 30573 30588 W com.unique: ApkAssets: Deleting an ApkAssets object '<empty> and /data/app/~~HlE7G1zZsYmJdyiSJ5bWPg==/com.xiaomi.wearable-mw4unPETK0LMg7u69qppjA==/base.apk' with 1 weak references
1788691494.588 10311 30573 30588 W com.unique: ApkAssets: Deleting an ApkAssets object '<empty> and /data/app/~~HlE7G1zZsYmJdyiSJ5bWPg==/com.xiaomi.wearable-mw4unPETK0LMg7u69qppjA==/split_config.arm64_v8a.apk' with 1 weak references
1788691494.588 10311 30573 30588 W com.unique: ApkAssets: Deleting an ApkAssets object '<empty> and /data/app/~~HlE7G1zZsYmJdyiSJ5bWPg==/com.xiaomi.wearable-mw4unPETK0LMg7u69qppjA==/split_config.ru.apk' with 1 weak references
1788691494.589 10311 30573 30588 W com.unique: ApkAssets: Deleting an ApkAssets object '<empty> and /data/app/~~HlE7G1zZsYmJdyiSJ5bWPg==/com.xiaomi.wearable-mw4unPETK0LMg7u69qppjA==/split_config.xxhdpi.apk' with 1 weak references
1788691494.589 10311 30573 30588 W com.unique: ApkAssets: Deleting an ApkAssets object '<empty> and /data/app/MIUICalculatorGlobal/base.apk' with 1 weak references
1788691494.589 10311 30573 30588 W com.unique: ApkAssets: Deleting an ApkAssets object '<empty> and /data/app/~~0uKMRni55eIeGuBA-UdIqg==/llc.itdev.incy-mpenI8rpAkCFByZR5jO9gg==/base.apk' with 1 weak references
1788691494.590 10311 30573 30588 W com.unique: ApkAssets: Deleting an ApkAssets object '<empty> and /data/app/MIUIWeatherGlobal/base.apk' with 1 weak references
1788691494.591 10311 30573 30588 W com.unique: ApkAssets: Deleting an ApkAssets object '<empty> and /data/app/~~aWOPbtkIcfivimg0lCNOxw==/com.termux-PK0SDb6b5-Yp-w60yEc5cg==/base.apk' with 1 weak references
1788691494.592 10311 30573 30588 W com.unique: ApkAssets: Deleting an ApkAssets object '<empty> and /data/app/MiuiScanner/base.apk' with 1 weak references
1788691494.592 10311 30573 30588 W com.unique: ApkAssets: Deleting an ApkAssets object '<empty> and /data/app/~~Cw5RUU5MGia-dEV1d9CLeg==/net.typeblog.shelter-UAvs0yASnxf_3imb0u9Fdg==/base.apk' with 1 weak references
1788691494.592 10311 30573 30588 W com.unique: ApkAssets: Deleting an ApkAssets object '<empty> and /data/app/~~NmUPXoeRez3BkcM6j2MOgw==/com.a0soft.gphone.acc.free-uuG90v9LfwZVYmH_KzucCw==/base.apk' with 1 weak references
1788691494.593 10311 30573 30588 W com.unique: ApkAssets: Deleting an ApkAssets object '<empty> and /data/app/~~NmUPXoeRez3BkcM6j2MOgw==/com.a0soft.gphone.acc.free-uuG90v9LfwZVYmH_KzucCw==/split_config.arm64_v8a.apk' with 1 weak references
1788691494.593 10311 30573 30588 W com.unique: ApkAssets: Deleting an ApkAssets object '<empty> and /data/app/~~NmUPXoeRez3BkcM6j2MOgw==/com.a0soft.gphone.acc.free-uuG90v9LfwZVYmH_KzucCw==/split_config.xxhdpi.apk' with 1 weak references
1788691494.593 10311 30573 30588 W com.unique: ApkAssets: Deleting an ApkAssets object '<empty> and /data/app/~~wmE2oqYZyY7aIsry4NiImg==/com.miui.mediaeditor-LsfNStuNXHsHhzEvN6SaPg==/base.apk' with 1 weak references
1788691494.594 10311 30573 30588 W com.unique: ApkAssets: Deleting an ApkAssets object '<empty> and /data/app/~~jeF1Np_NXFV0Nk3IsGvrCw==/com.google.android.apps.adm-fbP92EYBU7Wwf2yJcdIUfg==/base.apk' with 1 weak references
1788691494.594 10311 30573 30588 W com.unique: ApkAssets: Deleting an ApkAssets object '<empty> and /data/app/~~jeF1Np_NXFV0Nk3IsGvrCw==/com.google.android.apps.adm-fbP92EYBU7Wwf2yJcdIUfg==/split_config.arm64_v8a.apk' with 1 weak references
1788691494.594 10311 30573 30588 W com.unique: ApkAssets: Deleting an ApkAssets object '<empty> and /data/app/~~jeF1Np_NXFV0Nk3IsGvrCw==/com.google.android.apps.adm-fbP92EYBU7Wwf2yJcdIUfg==/split_config.ru.apk' with 1 weak references
1788691494.594 10311 30573 30588 W com.unique: ApkAssets: Deleting an ApkAssets object '<empty> and /data/app/~~jeF1Np_NXFV0Nk3IsGvrCw==/com.google.android.apps.adm-fbP92EYBU7Wwf2yJcdIUfg==/split_config.xxhdpi.apk' with 1 weak references
1788691496.542 10311 30573 30573 I ScrollIdentify: on fling
1788691497.551 10311 30573 30573 I ScrollIdentify: on fling
1788691497.903 10311 30573 31528 I Unique  : 2026-09-06 17:44:57.903 I STORAGE IMPORT_STARTED package=com.openai.chatgpt files=4
1788691497.919 10311 30573 30586 W com.unique: Cleared Reference was only reachable from finalizer (only reported once)
1788691498.556 10311 30573 31528 I Unique  : 2026-09-06 17:44:58.555 I STORAGE PACKAGE_IMPORTED package=com.openai.chatgpt versionCode=2623716 splits=4 libs=11 abi=arm64-v8a bytes=87916736 readOnlyApks=4
1788691498.575 10311 30573 31528 I Unique  : 2026-09-06 17:44:58.574 I STORAGE INSTANCE_PREPARED vuid=0 package=com.openai.chatgpt created=12
1788691498.576 10311 30573 30573 D InputMethodManager: showSoftInput() view=io.flutter.embedding.android.FlutterView{9fce7f VFE...... .F....ID 0,0-1080,2400 #1 aid=1073741824} flags=0 reason=SHOW_SOFT_INPUT
1788691498.577 10311 30573 31528 I Unique  : 2026-09-06 17:44:58.577 I STORAGE INSTANCE_CREATED package=com.openai.chatgpt vuid=0 name=Profile 1 androidId=9717502639b41c61
1788691498.579 10311 30573 31528 I Unique  : 2026-09-06 17:44:58.579 I STORAGE GUEST_OBB_IMPORT outcome=SOURCE_UNREADABLE files=0 bytes=0 source=/storage/emulated/0/Android/obb/com.openai.chatgpt detail=/storage/emulated/0/Android/obb is not readable by UNIQUE; grant all-files access, or add the files by hand package=com.openai.chatgpt vuid=0
1788691498.610 10311 30573 31531 I Unique  : 2026-09-06 17:44:58.608 I PROCESS BROADCAST_ROUTES_REGISTERED package=com.openai.chatgpt vuid=0 routes=9 actions=androidx.work.impl.background.systemalarm.UpdateProxies,android.intent.action.MEDIA_MOUNTED,androidx.profileinstaller.action.SKIP_FILE,com.facebook.sdk.ACTION_CURRENT_ACCESS_TOKEN_CHANGED,com.a0soft.gphone.acc.ActionClearAppCachesFinished,android.intent.action.MY_PACKAGE_SUSPENDED,androidx.profilein
1788691498.611 10311 30573 31531 I Unique  : 2026-09-06 17:44:58.610 I PROCESS PROVIDER_ROUTES_REGISTERED package=com.openai.chatgpt vuid=0 authorities=[redacted]
1788691498.612 10311 30573 31531 I Unique  : 2026-09-06 17:44:58.612 I PROCESS BROADCAST_ROUTER_READY instances=1 actions=27 authorities=[redacted]
1788691498.642 10311 30573 31528 I Unique  : 2026-09-06 17:44:58.641 I STORAGE GUEST_INFO_RESOLVED package=com.openai.chatgpt label=ChatGPT icon=true
1788691498.662 10311 30573 30573 W WindowOnBackDispatcher: sendCancelIfRunning: isInProgress=false callback=io.flutter.embedding.android.FlutterActivity$1@97ce0f3
1788691498.778 10311 30573 30573 W RemoteInputConnectionImpl: requestCursorUpdates on inactive InputConnection
1788691498.881 10311 30573 30573 W InteractionJankMonitor: Initializing without READ_DEVICE_CONFIG permission. enabled=false, interval=1, missedFrameThreshold=3, frameTimeThreshold=64, package=com.unique
1788691498.978 10311 30573 30573 W WindowOnBackDispatcher: sendCancelIfRunning: isInProgress=false callback=ImeCallback=ImeOnBackInvokedCallback@97807084 Callback=android.window.IOnBackInvokedCallback$Stub$Proxy@898514
1788691500.225 10311 30573 30573 D InputMethodManager: showSoftInput() view=io.flutter.embedding.android.FlutterView{9fce7f VFE...... .F...... 0,0-1080,2400 #1 aid=1073741824} flags=0 reason=SHOW_SOFT_INPUT
1788691502.686 10311 30573 30573 W WindowOnBackDispatcher: sendCancelIfRunning: isInProgress=false callback=ImeCallback=ImeOnBackInvokedCallback@97807084 Callback=android.window.IOnBackInvokedCallback$Stub$Proxy@4fe7017
1788691504.506 10311 30573 31527 I Unique  : 2026-09-06 17:45:04.505 I STORAGE IMPORT_STARTED package=com.gordey.standarling files=1
1788691505.483 10311 30573 30603 I Unique  : 2026-09-06 17:45:05.483 I STORAGE IMPORT_STARTED package=com.axlebolt.standoff2 files=1
1788691505.532 10311 30573 30588 W com.unique: ApkAssets: Deleting an ApkAssets object '<empty> and /data/user/0/com.unique/files/virtual/apk/com.openai.chatgpt/2623716/base.apk' with 1 weak references
1788691505.533 10311 30573 30588 W com.unique: ApkAssets: Deleting an ApkAssets object '<empty> and /data/user/0/com.unique/files/virtual/apk/com.openai.chatgpt/2623716/split_config.arm64_v8a.apk' with 1 weak references
1788691505.533 10311 30573 30588 W com.unique: ApkAssets: Deleting an ApkAssets object '<empty> and /data/user/0/com.unique/files/virtual/apk/com.openai.chatgpt/2623716/split_config.ru.apk' with 1 weak references
1788691505.534 10311 30573 30588 W com.unique: ApkAssets: Deleting an ApkAssets object '<empty> and /data/user/0/com.unique/files/virtual/apk/com.openai.chatgpt/2623716/split_config.xxhdpi.apk' with 1 weak references
1788691505.534 10311 30573 30588 W com.unique: ApkAssets: Deleting an ApkAssets object '<empty> and /data/app/~~fbMIfb5bQRSeDV4qN5JbrQ==/com.openai.chatgpt-yAR_zbiyMnEL0nkU87BC5A==/base.apk' with 1 weak references
1788691505.536 10311 30573 30588 W com.unique: ApkAssets: Deleting an ApkAssets object '<empty> and /data/app/~~fbMIfb5bQRSeDV4qN5JbrQ==/com.openai.chatgpt-yAR_zbiyMnEL0nkU87BC5A==/split_config.arm64_v8a.apk' with 1 weak references
1788691505.536 10311 30573 30588 W com.unique: ApkAssets: Deleting an ApkAssets object '<empty> and /data/app/~~fbMIfb5bQRSeDV4qN5JbrQ==/com.openai.chatgpt-yAR_zbiyMnEL0nkU87BC5A==/split_config.ru.apk' with 1 weak references
1788691505.537 10311 30573 30588 W com.unique: ApkAssets: Deleting an ApkAssets object '<empty> and /data/app/~~fbMIfb5bQRSeDV4qN5JbrQ==/com.openai.chatgpt-yAR_zbiyMnEL0nkU87BC5A==/split_config.xxhdpi.apk' with 1 weak references
1788691505.537 10311 30573 30588 W com.unique: ApkAssets: Deleting an ApkAssets object '<empty> and /data/app/~~dIzM8R2VKNcseUPYkR7YfA==/com.google.android.marvin.talkback-RoQSRwhE9YHg1ajuoB0gqg==/base.apk' with 1 weak references
1788691505.538 10311 30573 30588 W com.unique: ApkAssets: Deleting an ApkAssets object '<empty> and /data/app/~~dIzM8R2VKNcseUPYkR7YfA==/com.google.android.marvin.talkback-RoQSRwhE9YHg1ajuoB0gqg==/split_config.arm64_v8a.apk' with 1 weak references
1788691505.538 10311 30573 30588 W com.unique: ApkAssets: Deleting an ApkAssets object '<empty> and /data/app/~~ItA4ATnc7x5tZxxil8RoQQ==/com.google.android.googlequicksearchbox-B34OqsIBVDUACIIcm8JfnA==/base.apk' with 1 weak references
1788691505.541 10311 30573 30588 W com.unique: ApkAssets: Deleting an ApkAssets object '<empty> and /data/app/~~ItA4ATnc7x5tZxxil8RoQQ==/com.google.android.googlequicksearchbox-B34OqsIBVDUACIIcm8JfnA==/split_config.xxhdpi.apk' with 1 weak references
1788691505.541 10311 30573 30588 W com.unique: ApkAssets: Deleting an ApkAssets object '<empty> and /data/app/~~ItA4ATnc7x5tZxxil8RoQQ==/com.google.android.googlequicksearchbox-B34OqsIBVDUACIIcm8JfnA==/split_lens_ondevice_engine_feature_module.apk' with 1 weak references
1788691505.541 10311 30573 30588 W com.unique: ApkAssets: Deleting an ApkAssets object '<empty> and /data/app/~~ItA4ATnc7x5tZxxil8RoQQ==/com.google.android.googlequicksearchbox-B34OqsIBVDUACIIcm8JfnA==/split_lens_ondevice_engine_play_ml_module.apk' with 1 weak references
1788691505.542 10311 30573 30588 W com.unique: ApkAssets: Deleting an ApkAssets object '<empty> and /data/app/~~XQmPOPV_XxINA_jPcGmsIQ==/com.miui.screenrecorder-G-XBxKJvovi92jNh9l3JIQ==/base.apk' with 1 weak references
1788691505.543 10311 30573 30588 W com.unique: ApkAssets: Deleting an ApkAssets object '<empty> and /system_ext/priv-app/RtMiCloudSDK/RtMiCloudSDK.apk' with 4 weak references
1788691505.543 10311 30573 30588 W com.unique: ApkAssets: Deleting an ApkAssets object '<empty> and /system_ext/app/miuisystem/miuisystem.apk' with 6 weak references
1788691505.544 10311 30573 30588 W com.unique: ApkAssets: Deleting an ApkAssets object '<empty> and /data/app/~~-USux0I649yeK8kjLtUs6w==/io.hitray.android-yz9_YgFveD2eh2-uVfEvTQ==/base.apk' with 1 weak references
1788691505.544 10311 30573 30588 W com.unique: ApkAssets: Deleting an ApkAssets object '<empty> and /data/app/~~-USux0I649yeK8kjLtUs6w==/io.hitray.android-yz9_YgFveD2eh2-uVfEvTQ==/split_config.arm64_v8a.apk' with 1 weak references
1788691505.544 10311 30573 30588 W com.unique: ApkAssets: Deleting an ApkAssets object '<empty> and /data/app/~~-USux0I649yeK8kjLtUs6w==/io.hitray.android-yz9_YgFveD2eh2-uVfEvTQ==/split_config.ru.apk' with 1 weak references
1788691505.544 10311 30573 30588 W com.unique: ApkAssets: Deleting an ApkAssets object '<empty> and /data/app/~~-USux0I649yeK8kjLtUs6w==/io.hitray.android-yz9_YgFveD2eh2-uVfEvTQ==/split_config.xxhdpi.apk' with 1 weak references
1788691505.545 10311 30573 30588 W com.unique: ApkAssets: Deleting an ApkAssets object '<empty> and /data/app/GlobalWPSLITE/base.apk' with 1 weak references
1788691505.545 10311 30573 30588 W com.unique: ApkAssets: Deleting an ApkAssets object '<empty> and /data/app/~~rg2DbhTU1ND5cF8h23oQew==/org.telegram.messenger-ssp6zHI1umWAqjB0ibq88A==/base.apk' with 1 weak references
1788691505.545 10311 30573 30588 W com.unique: ApkAssets: Deleting an ApkAssets object '<empty> and /data/app/~~rg2DbhTU1ND5cF8h23oQew==/org.telegram.messenger-ssp6zHI1umWAqjB0ibq88A==/split_config.arm64_v8a.apk' with 1 weak references
1788691505.545 10311 30573 30588 W com.unique: ApkAssets: Deleting an ApkAssets object '<empty> and /data/app/~~rg2DbhTU1ND5cF8h23oQew==/org.telegram.messenger-ssp6zHI1umWAqjB0ibq88A==/split_config.ru.apk' with 1 weak references
1788691505.545 10311 30573 30588 W com.unique: ApkAssets: Deleting an ApkAssets object '<empty> and /data/app/~~rg2DbhTU1ND5cF8h23oQew==/org.telegram.messenger-ssp6zHI1umWAqjB0ibq88A==/split_config.xxhdpi.apk' with 1 weak references
1788691505.546 10311 30573 30588 W com.unique: ApkAssets: Deleting an ApkAssets object '<empty> and /data/app/~~KJXAelHloRLMhXRuCgXfsA==/com.termux.x11-osj7xncZ_M4TKFTgtNfUvQ==/base.apk' with 1 weak references
1788691505.546 10311 30573 30588 W com.unique: ApkAssets: Deleting an ApkAssets object '<empty> and /data/app/~~QQHHYxwNPykiSC3FoxXBWw==/com.gordey.standarling-qi6-h5086vrmRTcPTW755g==/base.apk' with 1 weak references
1788691505.546 10311 30573 30588 W com.unique: ApkAssets: Deleting an ApkAssets object '<empty> and /data/app/~~hmK1R5MXm77mIxebqB1UWg==/de.szalkowski.activitylauncher-U8OB-FYSopjrnRHsZdEEww==/base.apk' with 1 weak references
1788691505.547 10311 30573 30588 W com.unique: ApkAssets: Deleting an ApkAssets object '<empty> and /data/app/~~hmK1R5MXm77mIxebqB1UWg==/de.szalkowski.activitylauncher-U8OB-FYSopjrnRHsZdEEww==/split_config.arm64_v8a.apk' with 1 weak references
1788691505.547 10311 30573 30588 W com.unique: ApkAssets: Deleting an ApkAssets object '<empty> and /data/app/~~hmK1R5MXm77mIxebqB1UWg==/de.szalkowski.activitylauncher-U8OB-FYSopjrnRHsZdEEww==/split_config.xxhdpi.apk' with 1 weak references
1788691505.547 10311 30573 30588 W com.unique: ApkAssets: Deleting an ApkAssets object '<empty> and /data/app/~~LvuV9aG6AJttZ9KZG9DfUQ==/nu.gpu.nagram-piHbsnG6qKY0S-0pb2n_mg==/base.apk' with 1 weak references
1788691505.548 10311 30573 30588 W com.unique: ApkAssets: Deleting an ApkAssets object '<empty> and /data/app/~~FbOmbJprFej1zimcVmUamg==/com.google.android.apps.authenticator2-spHVZ5FEndpJKCz3wWEkSA==/base.apk' with 1 weak references
1788691505.548 10311 30573 30588 W com.unique: ApkAssets: Deleting an ApkAssets object '<empty> and /data/app/~~FbOmbJprFej1zimcVmUamg==/com.google.android.apps.authenticator2-spHVZ5FEndpJKCz3wWEkSA==/split_config.ru.apk' with 1 weak references
1788691505.548 10311 30573 30588 W com.unique: ApkAssets: Deleting an ApkAssets object '<empty> and /data/app/~~FbOmbJprFej1zimcVmUamg==/com.google.android.apps.authenticator2-spHVZ5FEndpJKCz3wWEkSA==/split_config.xxhdpi.apk' with 1 weak references
1788691505.549 10311 30573 30588 W com.unique: ApkAssets: Deleting an ApkAssets object '<empty> and /data/app/~~ZqdvqHIQdj2aYGnH1VRJ2g==/clear.una-9D8IYmbsSYbrHCFNhktz7g==/base.apk' with 1 weak references
1788691505.549 10311 30573 30588 W com.unique: ApkAssets: Deleting an ApkAssets object '<empty> and /data/app/MIUISoundRecorderTargetSdk30Global/base.apk' with 1 weak references
1788691505.549 10311 30573 30588 W com.unique: ApkAssets: Deleting an ApkAssets object '<empty> and /data/app/~~jD-_UzuxAsOgbh6KR6hmBQ==/moe.shizuku.privileged.api-cQKJ66hF6rbFA6IGkaIRVQ==/base.apk' with 1 weak references
1788691505.550 10311 30573 30588 W com.unique: ApkAssets: Deleting an ApkAssets object '<empty> and /data/app/~~e73com6-x5yH2jsqLP0xmw==/com.preff.kb.xm-KpegMO3lV97rVDDSSmsbFg==/base.apk' with 1 weak references
1788691505.550 10311 30573 30588 W com.unique: ApkAssets: Deleting an ApkAssets object '<empty> and /data/app/~~ybthXu1lfLhXH0A_ezjXOQ==/com.Chillow.CustomRise-jbRzsHDPDsDqtF4ya8mKFQ==/base.apk' with 1 weak references
1788691505.551 10311 30573 30588 W com.unique: ApkAssets: Deleting an ApkAssets object '<empty> and /data/app/~~5UvyUty5uHV3AXEdZmqD2w==/com.pinterest-lPffnbjAGLKDxKewLDe9fA==/base.apk' with 1 weak references
1788691505.551 10311 30573 30588 W com.unique: ApkAssets: Deleting an ApkAssets object '<empty> and /data/app/~~5UvyUty5uHV3AXEdZmqD2w==/com.pinterest-lPffnbjAGLKDxKewLDe9fA==/split_config.arm64_v8a.apk' with 1 weak references
1788691505.551 10311 30573 30588 W com.unique: ApkAssets: Deleting an ApkAssets object '<empty> and /data/app/~~5UvyUty5uHV3AXEdZmqD2w==/com.pinterest-lPffnbjAGLKDxKewLDe9fA==/split_config.ru.apk' with 1 weak references
1788691505.551 10311 30573 30588 W com.unique: ApkAssets: Deleting an ApkAssets object '<empty> and /data/app/~~5UvyUty5uHV3AXEdZmqD2w==/com.pinterest-lPffnbjAGLKDxKewLDe9fA==/split_config.xxhdpi.apk' with 1 weak references
1788691505.552 10311 30573 30588 W com.unique: ApkAssets: Deleting an ApkAssets object '<empty> and /data/app/~~dLYsOqWzTnFcjo2aHD3xSQ==/bin.mt.plus-R6p8RfoCeLQWL_mDoMlBsw==/base.apk' with 1 weak references
1788691505.552 10311 30573 30588 W com.unique: ApkAssets: Deleting an ApkAssets object '<empty> and /data/app/MIUICompassGlobal/base.apk' with 1 weak references
1788691505.552 10311 30573 30588 W com.unique: ApkAssets: Deleting an ApkAssets object '<empty> and /data/app/~~FbRqAr85vnOKgdJeIwPSHg==/com.f0x1d.logfox-3E_m6EooCJ8N7AUdxRJEng==/base.apk' with 1 weak references
1788691505.553 10311 30573 30588 W com.unique: ApkAssets: Deleting an ApkAssets object '<empty> and /data/app/~~R3xOm83wV6nXDxL1np_JpQ==/com.axlebolt.standoff2-1qyH-RbRcbkMQBQ-x5XKyg==/base.apk' with 1 weak references
1788691505.553 10311 30573 30588 W com.unique: ApkAssets: Deleting an ApkAssets object '<empty> and /data/app/~~J39jRrIsqrfa_ve43AGRfA==/com.google.android.apps.bard-tjj9Z_NgMfNFo9NyS1eyrw==/base.apk' with 1 weak references
1788691505.553 10311 30573 30588 W com.unique: ApkAssets: Deleting an ApkAssets object '<empty> and /data/app/~~J39jRrIsqrfa_ve43AGRfA==/com.google.android.apps.bard-tjj9Z_NgMfNFo9NyS1eyrw==/split_config.arm64_v8a.apk' with 1 weak references
1788691505.553 10311 30573 30588 W com.unique: ApkAssets: Deleting an ApkAssets object '<empty> and /data/app/~~J39jRrIsqrfa_ve43AGRfA==/com.google.android.apps.bard-tjj9Z_NgMfNFo9NyS1eyrw==/split_config.bn.apk' with 1 weak references
1788691505.553 10311 30573 30588 W com.unique: ApkAssets: Deleting an ApkAssets object '<empty> and /data/app/~~J39jRrIsqrfa_ve43AGRfA==/com.google.android.apps.bard-tjj9Z_NgMfNFo9NyS1eyrw==/split_config.en.apk' with 1 weak references
1788691505.553 10311 30573 30588 W com.unique: ApkAssets: Deleting an ApkAssets object '<empty> and /data/app/~~J39jRrIsqrfa_ve43AGRfA==/com.google.android.apps.bard-tjj9Z_NgMfNFo9NyS1eyrw==/split_config.gu.apk' with 1 weak references
1788691505.554 10311 30573 30588 W com.unique: ApkAssets: Deleting an ApkAssets object '<empty> and /data/app/~~J39jRrIsqrfa_ve43AGRfA==/com.google.android.apps.bard-tjj9Z_NgMfNFo9NyS1eyrw==/split_config.hi.apk' with 1 weak references
1788691505.554 10311 30573 30588 W com.unique: ApkAssets: Deleting an ApkAssets object '<empty> and /data/app/~~J39jRrIsqrfa_ve43AGRfA==/com.google.android.apps.bard-tjj9Z_NgMfNFo9NyS1eyrw==/split_config.kn.apk' with 1 weak references
1788691505.554 10311 30573 30588 W com.unique: ApkAssets: Deleting an ApkAssets object '<empty> and /data/app/~~J39jRrIsqrfa_ve43AGRfA==/com.google.android.apps.bard-tjj9Z_NgMfNFo9NyS1eyrw==/split_config.mr.apk' with 1 weak references
1788691505.556 10311 30573 30588 W com.unique: ApkAssets: Deleting an ApkAssets object '<empty> and /data/app/~~J39jRrIsqrfa_ve43AGRfA==/com.google.android.apps.bard-tjj9Z_NgMfNFo9NyS1eyrw==/split_config.ru.apk' with 1 weak references
1788691505.556 10311 30573 30588 W com.unique: ApkAssets: Deleting an ApkAssets object '<empty> and /data/app/~~J39jRrIsqrfa_ve43AGRfA==/com.google.android.apps.bard-tjj9Z_NgMfNFo9NyS1eyrw==/split_config.ta.apk' with 1 weak references
1788691505.556 10311 30573 30588 W com.unique: ApkAssets: Deleting an ApkAssets object '<empty> and /data/app/~~J39jRrIsqrfa_ve43AGRfA==/com.google.android.apps.bard-tjj9Z_NgMfNFo9NyS1eyrw==/split_config.te.apk' with 1 weak references
1788691505.556 10311 30573 30588 W com.unique: ApkAssets: Deleting an ApkAssets object '<empty> and /data/app/~~J39jRrIsqrfa_ve43AGRfA==/com.google.android.apps.bard-tjj9Z_NgMfNFo9NyS1eyrw==/split_config.xxhdpi.apk' with 1 weak references
1788691505.557 10311 30573 30588 W com.unique: ApkAssets: Deleting an ApkAssets object '<empty> and /data/app/~~fDqH7SpA32dU_mxStcmXBQ==/com.emanuelef.remote_capture-5WExiOcv_yR73wMh7w64Zg==/base.apk' with 1 weak references
1788691505.558 10311 30573 30588 W com.unique: ApkAssets: Deleting an ApkAssets object '<empty> and /data/app/~~fDqH7SpA32dU_mxStcmXBQ==/com.emanuelef.remote_capture-5WExiOcv_yR73wMh7w64Zg==/split_config.arm64_v8a.apk' with 1 weak references
1788691505.558 10311 30573 30588 W com.unique: ApkAssets: Deleting an ApkAssets object '<empty> and /data/app/~~fDqH7SpA32dU_mxStcmXBQ==/com.emanuelef.remote_capture-5WExiOcv_yR73wMh7w64Zg==/split_config.ru.apk' with 1 weak references
1788691505.558 10311 30573 30588 W com.unique: ApkAssets: Deleting an ApkAssets object '<empty> and /data/app/~~fDqH7SpA32dU_mxStcmXBQ==/com.emanuelef.remote_capture-5WExiOcv_yR73wMh7w64Zg==/split_config.xxhdpi.apk' with 1 weak references
1788691505.559 10311 30573 30588 W com.unique: ApkAssets: Deleting an ApkAssets object '<empty> and /data/app/MIUINotes/base.apk' with 1 weak references
1788691505.560 10311 30573 30588 W com.unique: ApkAssets: Deleting an ApkAssets object '<empty> and /data/app/~~ToEzooAkrU67onkDMsOz-A==/com.xiaomi.midrop-QRwPNiaj1B-KMGM4I2vZlg==/base.apk' with 1 weak references
1788691505.561 10311 30573 30588 W com.unique: ApkAssets: Deleting an ApkAssets object '<empty> and /data/app/~~znQWjrS88Ohx8dtGgw8_cg==/com.avo.vpn-Qnj7RP4c8L4ASKYHsR0wRg==/base.apk' with 1 weak references
1788691505.561 10311 30573 30588 W com.unique: ApkAssets: Deleting an ApkAssets object '<empty> and /data/app/~~znQWjrS88Ohx8dtGgw8_cg==/com.avo.vpn-Qnj7RP4c8L4ASKYHsR0wRg==/split_config.arm64_v8a.apk' with 1 weak references
1788691505.562 10311 30573 30588 W com.unique: ApkAssets: Deleting an ApkAssets object '<empty> and /data/app/~~znQWjrS88Ohx8dtGgw8_cg==/com.avo.vpn-Qnj7RP4c8L4ASKYHsR0wRg==/split_config.ru.apk' with 1 weak references
1788691505.562 10311 30573 30588 W com.unique: ApkAssets: Deleting an ApkAssets object '<empty> and /data/app/~~znQWjrS88Ohx8dtGgw8_cg==/com.avo.vpn-Qnj7RP4c8L4ASKYHsR0wRg==/split_config.xxhdpi.apk' with 1 weak references
1788691505.562 10311 30573 30588 W com.unique: ApkAssets: Deleting an ApkAssets object '<empty> and /data/app/~~HlE7G1zZsYmJdyiSJ5bWPg==/com.xiaomi.wearable-mw4unPETK0LMg7u69qppjA==/base.apk' with 1 weak references
1788691505.563 10311 30573 30588 W com.unique: ApkAssets: Deleting an ApkAssets object '<empty> and /data/app/~~HlE7G1zZsYmJdyiSJ5bWPg==/com.xiaomi.wearable-mw4unPETK0LMg7u69qppjA==/split_config.arm64_v8a.apk' with 1 weak references
1788691505.563 10311 30573 30588 W com.unique: ApkAssets: Deleting an ApkAssets object '<empty> and /data/app/~~HlE7G1zZsYmJdyiSJ5bWPg==/com.xiaomi.wearable-mw4unPETK0LMg7u69qppjA==/split_config.ru.apk' with 1 weak references
1788691505.563 10311 30573 30588 W com.unique: ApkAssets: Deleting an ApkAssets object '<empty> and /data/app/~~HlE7G1zZsYmJdyiSJ5bWPg==/com.xiaomi.wearable-mw4unPETK0LMg7u69qppjA==/split_config.xxhdpi.apk' with 1 weak references
1788691505.563 10311 30573 30588 W com.unique: ApkAssets: Deleting an ApkAssets object '<empty> and /data/app/MIUICalculatorGlobal/base.apk' with 1 weak references
1788691505.564 10311 30573 30588 W com.unique: ApkAssets: Deleting an ApkAssets object '<empty> and /data/app/~~0P94X6q7hQFnvISy4kIBtA==/org.mozilla.firefox-V-RMBJjuN885jasHsv697A==/base.apk' with 1 weak references
1788691505.565 10311 30573 30588 W com.unique: ApkAssets: Deleting an ApkAssets object '<empty> and /data/app/~~0P94X6q7hQFnvISy4kIBtA==/org.mozilla.firefox-V-RMBJjuN885jasHsv697A==/split_config.arm64_v8a.apk' with 1 weak references
1788691505.565 10311 30573 30588 W com.unique: ApkAssets: Deleting an ApkAssets object '<empty> and /data/app/~~0P94X6q7hQFnvISy4kIBtA==/org.mozilla.firefox-V-RMBJjuN885jasHsv697A==/split_config.xxhdpi.apk' with 1 weak references
1788691505.566 10311 30573 30588 W com.unique: ApkAssets: Deleting an ApkAssets object '<empty> and /data/app/~~0uKMRni55eIeGuBA-UdIqg==/llc.itdev.incy-mpenI8rpAkCFByZR5jO9gg==/base.apk' with 1 weak references
1788691505.566 10311 30573 30588 W com.unique: ApkAssets: Deleting an ApkAssets object '<empty> and /data/app/MIUIWeatherGlobal/base.apk' with 1 weak references
1788691505.567 10311 30573 30588 W com.unique: ApkAssets: Deleting an ApkAssets object '<empty> and /data/app/~~aWOPbtkIcfivimg0lCNOxw==/com.termux-PK0SDb6b5-Yp-w60yEc5cg==/base.apk' with 1 weak references
1788691505.569 10311 30573 30588 W com.unique: ApkAssets: Deleting an ApkAssets object '<empty> and /data/app/MiuiScanner/base.apk' with 1 weak references
1788691505.570 10311 30573 30588 W com.unique: ApkAssets: Deleting an ApkAssets object '<empty> and /data/app/~~czZ5M9QoNKe1-aNwTzx9sA==/com.exteragram.messenger-NDtal6OMkucurs3uXfhA7A==/base.apk' with 1 weak references
1788691505.570 10311 30573 30588 W com.unique: ApkAssets: Deleting an ApkAssets object '<empty> and /data/app/~~Cw5RUU5MGia-dEV1d9CLeg==/net.typeblog.shelter-UAvs0yASnxf_3imb0u9Fdg==/base.apk' with 1 weak references
1788691505.571 10311 30573 30588 W com.unique: ApkAssets: Deleting an ApkAssets object '<empty> and /data/app/~~NmUPXoeRez3BkcM6j2MOgw==/com.a0soft.gphone.acc.free-uuG90v9LfwZVYmH_KzucCw==/base.apk' with 1 weak references
1788691505.572 10311 30573 30588 W com.unique: ApkAssets: Deleting an ApkAssets object '<empty> and /data/app/~~NmUPXoeRez3BkcM6j2MOgw==/com.a0soft.gphone.acc.free-uuG90v9LfwZVYmH_KzucCw==/split_config.arm64_v8a.apk' with 1 weak references
1788691505.572 10311 30573 30588 W com.unique: ApkAssets: Deleting an ApkAssets object '<empty> and /data/app/~~NmUPXoeRez3BkcM6j2MOgw==/com.a0soft.gphone.acc.free-uuG90v9LfwZVYmH_KzucCw==/split_config.xxhdpi.apk' with 1 weak references
1788691505.572 10311 30573 30588 W com.unique: ApkAssets: Deleting an ApkAssets object '<empty> and /data/app/~~wmE2oqYZyY7aIsry4NiImg==/com.miui.mediaeditor-LsfNStuNXHsHhzEvN6SaPg==/base.apk' with 1 weak references
1788691505.572 10311 30573 30588 W com.unique: ApkAssets: Deleting an ApkAssets object '<empty> and /data/app/~~b9TjLo4gS3fKmrh4CgsMJQ==/com.google.android.apps.work.clouddpc-ax2up3DCBKFKlcjxKXhiAA==/base.apk' with 1 weak references
1788691505.573 10311 30573 30588 W com.unique: ApkAssets: Deleting an ApkAssets object '<empty> and /data/app/~~b9TjLo4gS3fKmrh4CgsMJQ==/com.google.android.apps.work.clouddpc-ax2up3DCBKFKlcjxKXhiAA==/split_config.arm64_v8a.apk' with 1 weak references
1788691505.573 10311 30573 30588 W com.unique: ApkAssets: Deleting an ApkAssets object '<empty> and /data/app/~~b9TjLo4gS3fKmrh4CgsMJQ==/com.google.android.apps.work.clouddpc-ax2up3DCBKFKlcjxKXhiAA==/split_config.ru.apk' with 1 weak references
1788691505.573 10311 30573 30588 W com.unique: ApkAssets: Deleting an ApkAssets object '<empty> and /data/app/~~b9TjLo4gS3fKmrh4CgsMJQ==/com.google.android.apps.work.clouddpc-ax2up3DCBKFKlcjxKXhiAA==/split_config.xxhdpi.apk' with 1 weak references
1788691505.573 10311 30573 30588 W com.unique: ApkAssets: Deleting an ApkAssets object '<empty> and /data/app/~~jeF1Np_NXFV0Nk3IsGvrCw==/com.google.android.apps.adm-fbP92EYBU7Wwf2yJcdIUfg==/base.apk' with 1 weak references
1788691505.574 10311 30573 30588 W com.unique: ApkAssets: Deleting an ApkAssets object '<empty> and /data/app/~~jeF1Np_NXFV0Nk3IsGvrCw==/com.google.android.apps.adm-fbP92EYBU7Wwf2yJcdIUfg==/split_config.arm64_v8a.apk' with 1 weak references
1788691505.574 10311 30573 30588 W com.unique: ApkAssets: Deleting an ApkAssets object '<empty> and /data/app/~~jeF1Np_NXFV0Nk3IsGvrCw==/com.google.android.apps.adm-fbP92EYBU7Wwf2yJcdIUfg==/split_config.ru.apk' with 1 weak references
1788691505.574 10311 30573 30588 W com.unique: ApkAssets: Deleting an ApkAssets object '<empty> and /data/app/~~jeF1Np_NXFV0Nk3IsGvrCw==/com.google.android.apps.adm-fbP92EYBU7Wwf2yJcdIUfg==/split_config.xxhdpi.apk' with 1 weak references
1788691508.968 10311 30573 30573 W WindowOnBackDispatcher: sendCancelIfRunning: isInProgress=false callback=io.flutter.embedding.android.FlutterActivity$1@97ce0f3
1788691509.877 10311 30573 30603 I Unique  : 2026-09-06 17:45:09.876 I STORAGE PACKAGE_IMPORTED package=com.axlebolt.standoff2 versionCode=203908 splits=1 libs=21 abi=arm64-v8a bytes=110086616 readOnlyApks=1
1788691509.898 10311 30573 30603 I Unique  : 2026-09-06 17:45:09.897 I STORAGE INSTANCE_PREPARED vuid=1 package=com.axlebolt.standoff2 created=12
1788691509.901 10311 30573 30603 I Unique  : 2026-09-06 17:45:09.900 I STORAGE INSTANCE_CREATED package=com.axlebolt.standoff2 vuid=1 name=Profile 1 androidId=f5973843b8ac906c
1788691509.907 10311 30573 30603 I Unique  : 2026-09-06 17:45:09.906 I STORAGE GUEST_OBB_IMPORT outcome=SOURCE_UNREADABLE files=0 bytes=0 source=/storage/emulated/0/Android/obb/com.axlebolt.standoff2 detail=/storage/emulated/0/Android/obb is not readable by UNIQUE; grant all-files access, or add the files by hand package=com.axlebolt.standoff2 vuid=1
1788691509.926 10311 30573 31531 I Unique  : 2026-09-06 17:45:09.926 I PROCESS BROADCAST_ROUTES_REGISTERED package=com.openai.chatgpt vuid=0 routes=9 actions=androidx.work.impl.background.systemalarm.UpdateProxies,android.intent.action.MEDIA_MOUNTED,androidx.profileinstaller.action.SKIP_FILE,com.facebook.sdk.ACTION_CURRENT_ACCESS_TOKEN_CHANGED,com.a0soft.gphone.acc.ActionClearAppCachesFinished,android.intent.action.MY_PACKAGE_SUSPENDED,androidx.profilein
1788691509.927 10311 30573 31531 I Unique  : 2026-09-06 17:45:09.927 I PROCESS PROVIDER_ROUTES_REGISTERED package=com.openai.chatgpt vuid=0 authorities=[redacted]
1788691509.935 10311 30573 31531 I Unique  : 2026-09-06 17:45:09.934 I PROCESS BROADCAST_ROUTES_REGISTERED package=com.axlebolt.standoff2 vuid=1 routes=12 actions=androidx.work.impl.background.systemalarm.UpdateProxies,android.intent.action.MEDIA_MOUNTED,androidx.profileinstaller.action.SKIP_FILE,com.facebook.sdk.ACTION_CURRENT_ACCESS_TOKEN_CHANGED,com.a0soft.gphone.acc.ActionClearAppCachesFinished,android.intent.action.MY_PACKAGE_SUSPENDED,androidx.profilein
1788691509.935 10311 30573 31531 I Unique  : 2026-09-06 17:45:09.935 I PROCESS PROVIDER_ROUTES_REGISTERED package=com.axlebolt.standoff2 vuid=1 authorities=[redacted]
1788691509.936 10311 30573 31531 I Unique  : 2026-09-06 17:45:09.935 I PROCESS BROADCAST_ROUTER_READY instances=2 actions=27 authorities=[redacted]
1788691510.308 10311 30573 30603 I Unique  : 2026-09-06 17:45:10.306 I GOOGLE GOOGLE_ENVIRONMENT gmsPresent=true gmsEnabled=true gmsVersionCode=263234035 gmsVersionName=26.32.34 (260400-968093310) vendingPresent=true gsfPresent=true customTabs=com.android.chrome hostGmsAvailable=true virtualGmsInstalled=false customTabsAvailable=true
1788691510.338 10311 30573 31523 I Unique  : 2026-09-06 17:45:10.335 I GOOGLE GOOGLE_ENVIRONMENT gmsPresent=true gmsEnabled=true gmsVersionCode=263234035 gmsVersionName=26.32.34 (260400-968093310) vendingPresent=true gsfPresent=true customTabs=com.android.chrome hostGmsAvailable=true virtualGmsInstalled=false customTabsAvailable=true
1788691510.339 10311 30573 31523 I Unique  : 2026-09-06 17:45:10.338 I GOOGLE GOOGLE_ROUTE package=com.openai.chatgpt flow=SIGN_IN mode=UNSUPPORTED why=Legacy Google Sign-In requires in-space Google Play services. Enable them for this space, or use an app that supports Sign in with Google.
1788691510.340 10311 30573 31523 I Unique  : 2026-09-06 17:45:10.339 I GOOGLE GOOGLE_ROUTE package=com.openai.chatgpt flow=CREDENTIAL_MANAGER mode=HOST_BRIDGE why=Unverified: Sign in with Google issues a token for the app's server client, so the device's own Google Play services should be able to answer. Not yet confirmed against a real sample.
1788691510.340 10311 30573 31523 I Unique  : 2026-09-06 17:45:10.340 I GOOGLE GOOGLE_ROUTE package=com.openai.chatgpt flow=ACCOUNT_MANAGER mode=HOST_BRIDGE why=Account access is bridged to the device's accounts; consent is shown as UNIQUE.
1788691510.341 10311 30573 31523 I Unique  : 2026-09-06 17:45:10.340 I GOOGLE GOOGLE_ROUTE package=com.openai.chatgpt flow=FIREBASE_AUTH mode=HOST_BRIDGE why=Firebase Auth consumes a token from Sign in with Google, which the host bridge can provide.
1788691510.342 10311 30573 31523 I Unique  : 2026-09-06 17:45:10.341 I GOOGLE GOOGLE_ROUTE package=com.openai.chatgpt flow=OAUTH_WEB mode=UNSUPPORTED why=The browser can be opened, but the redirect back to com.openai.chat:// cannot arrive: that scheme is declared by a package the device has not installed, so nothing resolves it. Use in-space Google Play services, or a sign-in the app can complete without leaving itself.
1788691510.342 10311 30573 31523 I Unique  : 2026-09-06 17:45:10.342 I GOOGLE GOOGLE_ROUTE package=com.openai.chatgpt flow=FCM mode=HOST_BRIDGE why=Experimental: push registration is bridged through the host. Whether Google Play services accepts it varies by version; the result is recorded per device.
1788691510.343 10311 30573 31523 I Unique  : 2026-09-06 17:45:10.343 I GOOGLE GOOGLE_ROUTE package=com.openai.chatgpt flow=PLAY_GAMES mode=UNSUPPORTED why=Not supported yet: Play Games checks an attested app identity, and UNIQUE has not been tested against it.
1788691510.928 10311 30573 31531 I Unique  : 2026-09-06 17:45:10.927 I STORAGE GUEST_OBB_IMPORT outcome=SOURCE_UNREADABLE files=0 bytes=0 source=/storage/emulated/0/Android/obb/com.openai.chatgpt detail=/storage/emulated/0/Android/obb is not readable by UNIQUE; grant all-files access, or add the files by hand package=com.openai.chatgpt vuid=0
1788691510.929 10311 30573 31531 I Unique  : 2026-09-06 17:45:10.929 I PROCESS PROCESS_ASSIGNED slot=:vapp0 vuid=0 process=com.openai.chatgpt
1788691510.962 10311 30573 31531 I Unique  : 2026-09-06 17:45:10.960 I LAUNCH LAUNCH_REQUESTED package=com.openai.chatgpt vuid=0 activity=com.openai.chatgpt.MainActivity slot=:vapp0 launchMode=1
1788691510.962 10311 30573 31531 W Unique  : 2026-09-06 17:45:10.962 W STORAGE LAUNCHED_WITHOUT_ASSETS package=com.openai.chatgpt vuid=0 detail=/storage/emulated/0/Android/obb is not readable by UNIQUE; grant all-files access, or add the files by hand
1788691511.016 10311 31552 31552 I om.unique:vapp0: Using generational CollectorTypeCMC GC.
1788691511.032 10311 31552 31552 I MessageMonitor: Load libmiui_runtime
1788691511.061 10311 31552 31552 D MiuiMonitorThread: Shared singleton Thread for stability monitor start
1788691511.077 10311 31552 31552 D ActivityThread: setEmbeddedParam packageName=com.unique processName=com.unique:vapp0 isEmbedded=false isIsolated=false
1788691511.095 10311 31552 31552 D ApplicationLoaders: Returning zygote-cached class loader: /system_ext/framework/androidx.window.extensions.jar
1788691511.096 10311 31552 31552 D ApplicationLoaders: Returning zygote-cached class loader: /system_ext/framework/androidx.window.sidecar.jar
1788691511.113 10311 31552 31552 I ActivityThread: TrafficStats init done
1788691511.118 10311 31552 31552 D ActivityThread: useGrowthLimitOutExpendMethod invoke error.
1788691511.124 10311 31552 31552 I MiuiForceDarkConfig: setConfig density:2.750000, mainRule:0, secondaryRule:0, tertiaryRule:0
1788691511.133 10311 31552 31552 I ActivityThread: Miui Feature Init done
1788691511.147 10311 31552 31552 I Unique  : 2026-09-06 17:45:11.140 I PROCESS PROCESS_START process=com.unique:vapp0 kind=VAPP sdk=35 abi=arm64-v8a,armeabi-v7a,armeabi
1788691511.148 10311 31552 31552 W om.unique:vapp0: Unsupported class loader: java.lang.Class<org.lsposed.hiddenapibypass.CoreOjClassLoader>
1788691511.218 10311 31552 31552 W om.unique:vapp0: Unsupported class loader: java.lang.Class<org.lsposed.hiddenapibypass.CoreOjClassLoader>
1788691511.219 10311 31552 31552 W om.unique:vapp0: Unsupported class loader: java.lang.Class<org.lsposed.hiddenapibypass.CoreOjClassLoader>
1788691511.221 10311 31552 31552 I Unique  : 2026-09-06 17:45:11.220 I HOOK HIDDEN_API_GRANTED via=HiddenApiBypass
1788691511.223 10311 31552 31552 I UniqueNative: libunique_native loaded (page size 4096)
1788691511.227 10311 31552 31552 I Unique  : 2026-09-06 17:45:11.226 I LAUNCH INTERCEPTOR_INSTALLED executeTransaction=159
1788691511.228 10311 31552 31552 I Unique  : 2026-09-06 17:45:11.227 I PROCESS VAPP_READY slot=0
1788691511.229 10311 31552 31552 I ResMonitorStub: Get RMS proxy takes 1 ms
1788691511.230 10311 31552 31552 I Unique  : 2026-09-06 17:45:11.230 I PROCESS STUB_PROVIDER_CREATED slot=0
1788691511.247 10311 31552 31552 D Unique  : 2026-09-06 17:45:11.246 D LAUNCH CALLBACK_ALIVE what=164 obj=java.lang.String
1788691511.251 10311 31552 31552 D Unique  : 2026-09-06 17:45:11.249 D LAUNCH CALLBACK_ALIVE what=159 obj=android.app.servertransaction.ClientTransaction
1788691511.288 10311 31552 31552 I Unique  : 2026-09-06 17:45:11.288 I PROCESS PROCESS_RENAMED argv0=com.openai.chatgpt
1788691511.620 10311 31552 31552 W om.unique:vapp0: Failed to find entry 'classes.dex': Entry not found
1788691511.621 10311 31552 31552 W om.unique:vapp0: Failed to find entry 'classes.dex': Entry not found
1788691511.622 10311 31552 31552 W om.unique:vapp0: Failed to find entry 'classes.dex': Entry not found
1788691511.628 10311 31552 31552 W Unique  : 2026-09-06 17:45:11.627 W PROCESS META_DATA_NOT_RESOLVED name=com.google.android.gms.version id=0x7f0c000b reason=the guest's resources were not available yet
1788691511.635 10311 31552 31552 I Unique  : 2026-09-06 17:45:11.633 I PROCESS PROFILE_BOUND profile=ece78238-501c-4b1e-beca-7d20030f88ac androidId=9717502639b41c61 generation=1
1788691511.636 10311 31552 31552 I Unique  : 2026-09-06 17:45:11.635 I PROCESS BUILD_OVERRIDES_APPLIED applied=1 requested=1
1788691511.637 10311 31552 31552 I Unique  : 2026-09-06 17:45:11.637 I LAUNCH PROFILE_BOUND profileId=ece78238-501c-4b1e-beca-7d20030f88ac generation=1
1788691511.643 10311 31552 31552 I Unique  : 2026-09-06 17:45:11.642 I PROCESS PERMISSION_CACHE_DISABLED disabled=disablePackageNamePermissionCache,disablePermissionCache,disableApplicationInfoCache,disablePackageInfoCache,disableGetPackagesForUidCache failed=android.app.ActivityManager: no disable*Cache()
1788691511.662 10311 31552 31552 I Unique  : 2026-09-06 17:45:11.661 I PROCESS PERMISSIONS_BOUND package=com.openai.chatgpt vuid=0 declared=31 restored=0 runtime=7 installTime=24 selfDefined=1
1788691511.675 10311 31552 31552 I Unique  : 2026-09-06 17:45:11.674 I HOOK SERVICE_HOOKED service=package cache=true singletons=1 managers=1 bound=permissionCheck,getActivityInfo,applicationEnabledSetting,getApplicationInfo,componentEnabledSetting,installedPackages,getInstallerPackageName,getNameForUid,getPackageUid,getPackageInfo,getPackagesForUid,getProviderInfo,getReceiverInfo,getServiceInfo,queryIntent,resolveContentProvider,resolveIntent matched=permissionCheck=checkPermission+checkUidPermission,getActivityInfo,applicationEnabledSetting=getApplicationEnabledSetting+setApplicationEnabledSetting,getApplicationInfo,componentEnabledSetting=getComponentEnabledSetting+setComponentEnabledSetting,installedPackages=getInstalledApplications+getInstalledPackages,getInstallerPackageName,getNameForUid,getPackageUid=getPackageGids+getPackageUid,getPack
1788691511.676 10311 31552 31552 I Unique  : 2026-09-06 17:45:11.675 I LAUNCH VPM_HOOK_INSTALLED package=com.openai.chatgpt bound=permissionCheck,getActivityInfo,applicationEnabledSetting,getApplicationInfo,componentEnabledSetting,installedPackages,getInstallerPackageName,getNameForUid,getPackageUid,getPackageInfo,getPackagesForUid,getProviderInfo,getReceiverInfo,getServiceInfo,queryIntent,resolveContentProvider,resolveIntent
1788691511.693 10311 31552 31552 I Unique  : 2026-09-06 17:45:11.691 I HOOK SERVICE_HOOKED service=activity cache=true singletons=1 managers=0 bound=serviceDispatch,callerIdentity,permissionCheck,getContentProvider,intentSender,runningProcesses,registerReceiver,foregroundService matched=serviceDispatch=bindService+bindServiceInstance+peekService+publishService+startService+stopService+unbindFinished,callerIdentity=broadcastIntent+broadcastIntentWithFeature+getBindingUidProcessState+getContentProviderExternal+getHistoricalProcessExitReasons+getHistoricalProcessStartReasons+getPackageProcessState+getTagForIntentSender+getUidLastIdleElapsedTime+getUidProcessCapabilities+getUidProces
1788691511.696 10311 31552 31552 I Unique  : 2026-09-06 17:45:11.694 I LAUNCH VAM_HOOK_INSTALLED package=com.openai.chatgpt host=com.unique methods=8 matched=serviceDispatch=bindService+bindServiceInstance+peekService+publishService+startService+stopService+unbindFinished,callerIdentity=broadcastIntent+broadcastIntentWithFeature+getBindingUidProcessState+getContentProviderExternal+getHistoricalProcessExitReasons+getHistoricalProcessStartReasons+getPackageProcessState+getTagForIntentSender+getUidLastIdleElapsedTime+getUidProcessCapabilities+getUidProcessState+grantUriPermission+isBackgroundRestricted+isUidActive+moveTaskToFront+revokeUriPermission+sendIntentSender+startActivity+startActivityAsUser+startActivityAsUserWithFeature+startActivityWithFeature,permissionCheck=checkPermission+checkPermissionForDevice,getContentProvider,intentSender=getIntentSender+getIntentSenderWithFeature,runningProcesses=getRunningAppProcesses+getServices,registerReceiver=registerReceiver+registerReceiverWithFeature,foregroundService=setServiceForeground
1788691511.705 10311 31552 31552 I Unique  : 2026-09-06 17:45:11.703 I HOOK SERVICE_HOOKED service=activity_task cache=true singletons=1 managers=0 bound=activityStart matched=activityStart=startActivities+startActivity+startActivityAndWait+startActivityAsCaller+startActivityAsUser+startActivityFromGameSession+startActivityIntentSender+startActivityWithConfig
1788691511.706 10311 31552 31552 I Unique  : 2026-09-06 17:45:11.705 I LAUNCH ATM_HOOK_INSTALLED package=com.openai.chatgpt host=com.unique matched=activityStart=startActivities+startActivity+startActivityAndWait+startActivityAsCaller+startActivityAsUser+startActivityFromGameSession+startActivityIntentSender+startActivityWithConfig
1788691511.710 10311 31552 31552 I Unique  : 2026-09-06 17:45:11.708 I HOOK SERVICE_HOOKED service=permissionmgr cache=true singletons=1 managers=1 bound=shouldShowRequestPermissionRationale matched=shouldShowRequestPermissionRationale
1788691511.712 10311 31552 31552 I Unique  : 2026-09-06 17:45:11.710 I HOOK PERMISSION_MANAGER_HOOKED matched=shouldShowRequestPermissionRationale
1788691511.722 10311 31552 31552 I Unique  : 2026-09-06 17:45:11.718 I HOOK SERVICE_HOOKED service=appops cache=true singletons=0 managers=2 bound=appOpIdentity matched=appOpIdentity=checkAudioOperation+checkOperation+checkOperationForDevice+checkOperationRaw+checkOperationRawForDevice+checkPackage+collectNoteOpCallsForValidation+extractAsyncOps+finishOperation+finishOperationForDevice+getHistoricalOps+getHistoricalOpsFromDiskRaw+getOpsForPackage+getPackagesForOpsForDevice+isOperationActive+isProxying+noteOperation+noteOperationForDevice+noteProxyOperation+notePr
1788691511.725 10311 31552 31552 I Unique  : 2026-09-06 17:45:11.722 I HOOK APPOPS_HOOKED package=com.openai.chatgpt host=com.unique matched=appOpIdentity=checkAudioOperation+checkOperation+checkOperationForDevice+checkOperationRaw+checkOperationRawForDevice+checkPackage+collectNoteOpCallsForValidation+extractAsyncOps+finishOperation+finishOperationForDevice+getHistoricalOps+getHistoricalOpsFromDiskRaw+getOpsForPackage+getPackagesForOpsForDevice+isOperationActive+isProxying+noteOperation+noteOperationForDevice+noteProxyOperation+notePr
1788691511.738 10311 31552 31552 I Unique  : 2026-09-06 17:45:11.737 I PROCESS SETTINGS_CACHES_PRIMED wrappedByHand=0 alreadyWrapped=3 empty=1
1788691511.740 10311 31552 31552 I Unique  : 2026-09-06 17:45:11.738 I PROCESS PROVIDER_CACHES_EVICTED activityThreadProviders=2 providerRefCounts=1 settingsCaches=4 settingsWrapped=3 hostSource=com.unique hostSourceUid=10311
1788691511.924 10311 31552 31552 I Unique  : 2026-09-06 17:45:11.923 I LAUNCH GOOGLE_STACK_HIDDEN hidden=true reason=SDK_TOO_OLD gmsVersion=12451000 detail=Play services client older than 18: a refused broker reaches the caller's looper and kills the app, so the stack is hidden and the SDK takes its own no-Google-services path packages=com.google.android.gms,com.google.android.gsf
1788691511.926 10311 31552 31552 I Unique  : 2026-09-06 17:45:11.925 I PROCESS NETWORK_SECURITY_INSTALLED package=com.openai.chatgpt configRes=0 targetSdk=37
1788691511.926 10311 31552 31552 I UniqueNative: redirect table set: 8 rule(s)
1788691511.927 10311 31552 31552 I UniqueNative: io_redirect: 2 exclusion(s) set
1788691511.928 10311 31552 31552 I UniqueNative: io_redirect installed: 0 slot(s) in 0/389 libraries (0 excluded, 0 total), 8 rule(s), page size 4096
1788691511.928 10311 31552 31552 W UniqueNative: io_redirect: filter did not match: /data/user/0/com.unique/files/virtual/apk/com.openai.chatgpt/2623716/lib/arm64-v8a
1788691511.928 10311 31552 31552 W UniqueNative: io_redirect: filter did not match: /data/data/com.unique/files/virtual/apk/com.openai.chatgpt/2623716/lib/arm64-v8a
1788691511.928 10311 31552 31552 W UniqueNative: io_redirect: filter did not match: /data/user/0/com.unique/files/virtual/apk/com.openai.chatgpt/2623716
1788691511.928 10311 31552 31552 W UniqueNative: io_redirect: filter did not match: /data/data/com.unique/files/virtual/apk/com.openai.chatgpt/2623716
1788691511.928 10311 31552 31552 W UniqueNative: io_redirect: app-private library seen: /data/misc/apexdata/com.android.art/dalvik-cache/arm64/boot.oat
1788691511.928 10311 31552 31552 W UniqueNative: io_redirect: app-private library seen: /data/misc/apexdata/com.android.art/dalvik-cache/arm64/boot-framework-adservices.oat
1788691511.928 10311 31552 31552 W UniqueNative: io_redirect: app-private library seen: /data/app/~~ndyqWXJvVY1zeZZFUEYANw==/com.unique-0o8juLvjB-FcRKZSrpSxNg==/oat/arm64/base.odex
1788691511.928 10311 31552 31552 W UniqueNative: io_redirect: app-private library seen: /data/app/~~ndyqWXJvVY1zeZZFUEYANw==/com.unique-0o8juLvjB-FcRKZSrpSxNg==/base.apk!/lib/arm64-v8a/libunique_native.so
1788691511.929 10311 31552 31552 I UniqueNative: io_redirect: library-load watch installed (3 slot(s) in 2 libraries)
1788691511.929 10311 31552 31552 W UniqueNative: io_redirect: watch saw but did not match: /data/misc/apexdata/com.android.art/dalvik-cache/arm64/boot.oat
1788691511.929 10311 31552 31552 W UniqueNative: io_redirect: watch saw but did not match: /data/misc/apexdata/com.android.art/dalvik-cache/arm64/boot-framework-adservices.oat
1788691511.929 10311 31552 31552 W UniqueNative: io_redirect: watch saw but did not match: /data/app/~~ndyqWXJvVY1zeZZFUEYANw==/com.unique-0o8juLvjB-FcRKZSrpSxNg==/oat/arm64/base.odex
1788691511.929 10311 31552 31552 W UniqueNative: io_redirect: watch saw but did not match: /data/app/~~ndyqWXJvVY1zeZZFUEYANw==/com.unique-0o8juLvjB-FcRKZSrpSxNg==/base.apk!/lib/arm64-v8a/libunique_native.so
1788691511.930 10311 31552 31552 I Unique  : 2026-09-06 17:45:11.929 I NATIVE IO_REDIRECT_INSTALLED status=NOTHING_TO_HOOK watch=OK rules=8 slots=0 scope=/data/user/0/com.unique/files/virtual/apk/com.openai.chatgpt/2623716/lib/arm64-v8a,/data/data/com.unique/files/virtual/apk/com.openai.chatgpt/2623716/lib/arm64-v8a,/data/user/0/com.unique/files/virtua excluded=libgrave.so,libunique_native.so
1788691511.939 10311 31552 31552 I Unique  : 2026-09-06 17:45:11.931 I WEBVIEW WEBVIEW_DATA_DIR_SUFFIX suffix=vapp0 slot=0
1788691511.945 10311 31552 31552 I UniqueNative: crash: recording 6 signal(s) to /data/user/0/com.unique/files/virtual/runtime/diagnostics/0/com.openai.chatgpt/native-crash-31552.properties
1788691511.946 10311 31552 31552 I Unique  : 2026-09-06 17:45:11.945 I NATIVE NATIVE_CRASH_HANDLER status=OK file=/data/user/0/com.unique/files/virtual/runtime/diagnostics/0/com.openai.chatgpt/native-crash-31552.properties
1788691511.948 10311 31552 31552 I Unique  : 2026-09-06 17:45:11.948 I PROCESS COMPONENT_STATE_RESTORED package=com.openai.chatgpt vuid=0 entries=4
1788691511.949 10311 31552 31552 I Unique  : 2026-09-06 17:45:11.949 I STORAGE EXTERNAL_STORAGE_REDIRECTED package=com.openai.chatgpt vuid=0 root=/data/user/0/com.unique/files/virtual/users/0/sdcard
1788691511.953 10311 31552 31552 I Unique  : 2026-09-06 17:45:11.952 I HOOK SERVICE_HOOKED service=alarm cache=true singletons=0 managers=0 bound=callerPackage matched=callerPackage=canScheduleExactAlarms+cancelPoweroffAlarm+hasScheduleExactAlarm+removeAll+set+setTimeZone
1788691511.953 10311 31552 31552 I Unique  : 2026-09-06 17:45:11.953 I HOOK IDENTITY_HOOK_INSTALLED service=alarm package=com.openai.chatgpt matched=callerPackage=canScheduleExactAlarms+cancelPoweroffAlarm+hasScheduleExactAlarm+removeAll+set+setTimeZone
1788691511.956 10311 31552 31552 I Unique  : 2026-09-06 17:45:11.955 I HOOK SERVICE_HOOKED service=clipboard cache=true singletons=0 managers=0 bound=callerPackage matched=callerPackage=addPrimaryClipChangedListener+clearPrimaryClip+getPrimaryClip+getPrimaryClipDescription+getPrimaryClipSource+getUserPrimaryClip+hasClipboardText+hasPrimaryClip+removePrimaryClipChangedListener+setPrimaryClip+setPrimaryClipAsPackage
1788691511.957 10311 31552 31552 I Unique  : 2026-09-06 17:45:11.956 I HOOK IDENTITY_HOOK_INSTALLED service=clipboard package=com.openai.chatgpt matched=callerPackage=addPrimaryClipChangedListener+clearPrimaryClip+getPrimaryClip+getPrimaryClipDescription+getPrimaryClipSource+getUserPrimaryClip+hasClipboardText+hasPrimaryClip+removePrimaryClipChangedListener+setPrimaryClip+setPrimaryClipAsPackage
1788691511.960 10311 31552 31552 I Unique  : 2026-09-06 17:45:11.959 I HOOK SERVICE_HOOKED service=restrictions cache=true singletons=0 managers=0 bound=callerPackage matched=callerPackage=getApplicationRestrictions+getApplicationRestrictionsPerAdminForUser+notifyPermissionResponse+requestPermission
1788691511.961 10311 31552 31552 I Unique  : 2026-09-06 17:45:11.960 I HOOK IDENTITY_HOOK_INSTALLED service=restrictions package=com.openai.chatgpt matched=callerPackage=getApplicationRestrictions+getApplicationRestrictionsPerAdminForUser+notifyPermissionResponse+requestPermission
1788691511.964 10311 31552 31552 I Unique  : 2026-09-06 17:45:11.963 I HOOK SERVICE_HOOKED service=locale cache=true singletons=0 managers=0 bound=callerPackage,setApplicationLocales matched=callerPackage=getApplicationLocales+getOverrideLocaleConfig+setOverrideLocaleConfig,setApplicationLocales
1788691511.964 10311 31552 31552 I Unique  : 2026-09-06 17:45:11.964 I HOOK IDENTITY_HOOK_INSTALLED service=locale package=com.openai.chatgpt matched=callerPackage=getApplicationLocales+getOverrideLocaleConfig+setOverrideLocaleConfig,setApplicationLocales
1788691511.973 10311 31552 31552 I Unique  : 2026-09-06 17:45:11.972 I HOOK SERVICE_HOOKED service=connectivity cache=true singletons=0 managers=0 bound=callerPackage matched=callerPackage=getDefaultNetworkCapabilitiesForUser+getLastTetherError+getNetworkCapabilities+getRedactedLinkPropertiesForPackage+getRedactedNetworkCapabilitiesForPackage+isConnectivityServiceFeatureEnabledForTesting+listenForNetwork+pendingListenForNetwork+pendingRequestForNetwork+registerConnectivityDiagnosticsCallback+registerNetworkProvider+requestNetwork+requestRouteToHostAddress+setProvisioni
1788691511.974 10311 31552 31552 I Unique  : 2026-09-06 17:45:11.973 I HOOK IDENTITY_HOOK_INSTALLED service=connectivity package=com.openai.chatgpt matched=callerPackage=getDefaultNetworkCapabilitiesForUser+getLastTetherError+getNetworkCapabilities+getRedactedLinkPropertiesForPackage+getRedactedNetworkCapabilitiesForPackage+isConnectivityServiceFeatureEnabledForTesting+listenForNetwork+pendingListenForNetwork+pendingRequestForNetwork+registerConnectivi
1788691511.978 10311 31552 31552 I Unique  : 2026-09-06 17:45:11.977 I HOOK SERVICE_HOOKED service=power cache=true singletons=0 managers=0 bound=callerPackage matched=callerPackage=acquireWakeLock+acquireWakeLockAsync+acquireWakeLockWithUid+crash+isAmbientDisplaySuppressedForToken+isAmbientDisplaySuppressedForTokenByApp+isFeatureAllowedInLowPowerStandby+reboot+shutdown+suppressAmbientDisplay+updateWakeLockWorkSource+wakeUp
1788691511.979 10311 31552 31552 I Unique  : 2026-09-06 17:45:11.979 I HOOK IDENTITY_HOOK_INSTALLED service=power package=com.openai.chatgpt matched=callerPackage=acquireWakeLock+acquireWakeLockAsync+acquireWakeLockWithUid+crash+isAmbientDisplaySuppressedForToken+isAmbientDisplaySuppressedForTokenByApp+isFeatureAllowedInLowPowerStandby+reboot+shutdown+suppressAmbientDisplay+updateWakeLockWorkSource+wakeUp
1788691511.996 10311 31552 31552 I Unique  : 2026-09-06 17:45:11.995 I HOOK SERVICE_HOOKED service=wifi cache=true singletons=0 managers=0 bound=callerPackage matched=callerPackage=acquireMulticastLock+acquireWifiLock+addLocalOnlyConnectionStatusListener+addNetworkSuggestions+addOrUpdateNetwork+addOrUpdateNetworkPrivileged+addOrUpdatePasspointConfiguration+addQosPolicies+addSuggestionUserApprovalStatusListener+allowAutojoinGlobal+allowAutojoinPasspoint+connect+disableEphemeralNetwork+disableNetwork+disconnect+enableNetwork+enableTdls+enableTdlsWithMacAddress+en
1788691511.997 10311 31552 31552 I Unique  : 2026-09-06 17:45:11.996 I HOOK IDENTITY_HOOK_INSTALLED service=wifi package=com.openai.chatgpt matched=callerPackage=acquireMulticastLock+acquireWifiLock+addLocalOnlyConnectionStatusListener+addNetworkSuggestions+addOrUpdateNetwork+addOrUpdateNetworkPrivileged+addOrUpdatePasspointConfiguration+addQosPolicies+addSuggestionUserApprovalStatusListener+allowAutojoinGlobal+allowAutojoinPasspoint+connect+di
1788691512.006 10311 31552 31552 I Unique  : 2026-09-06 17:45:12.002 I HOOK SERVICE_HOOKED service=location cache=true singletons=0 managers=0 bound=callerPackage matched=callerPackage=addGnssAntennaInfoListener+addGnssMeasurementsListener+addGnssNavigationMessageListener+addTestProvider+getCurrentLocation+getLastLocation+getProviderPackages+getProviderProperties+hasProvider+isProviderEnabledForUser+isProviderPackage+registerGnssNmeaCallback+registerGnssStatusCallback+registerLocationListener+registerLocationPendingIntent+removeTestProvider+requestGeofence+requestL
1788691512.008 10311 31552 31552 I Unique  : 2026-09-06 17:45:12.007 I HOOK IDENTITY_HOOK_INSTALLED service=location package=com.openai.chatgpt matched=callerPackage=addGnssAntennaInfoListener+addGnssMeasurementsListener+addGnssNavigationMessageListener+addTestProvider+getCurrentLocation+getLastLocation+getProviderPackages+getProviderProperties+hasProvider+isProviderEnabledForUser+isProviderPackage+registerGnssNmeaCallback+registerGnssStatusCallbac
1788691512.017 10311 31552 31552 I Unique  : 2026-09-06 17:45:12.016 I HOOK SERVICE_HOOKED service=audio cache=true singletons=0 managers=0 bound=callerPackage matched=callerPackage=abandonAudioFocus+abandonAudioFocusForTest+adjustStreamVolume+adjustStreamVolumeForUid+adjustStreamVolumeWithAttribution+adjustSuggestedStreamVolumeForUid+adjustVolumeGroupVolume+cacheParameters+disableSafeMediaVolume+getBluetoothAudioDeviceCategory+getBluetoothAudioDeviceCategory_legacy+getCacheParameters+getDeviceVolume+getNotificationUri+getPlayerVolume+handleVolumeKey+isBluetooth
1788691512.019 10311 31552 31552 I Unique  : 2026-09-06 17:45:12.018 I HOOK IDENTITY_HOOK_INSTALLED service=audio package=com.openai.chatgpt matched=callerPackage=abandonAudioFocus+abandonAudioFocusForTest+adjustStreamVolume+adjustStreamVolumeForUid+adjustStreamVolumeWithAttribution+adjustSuggestedStreamVolumeForUid+adjustVolumeGroupVolume+cacheParameters+disableSafeMediaVolume+getBluetoothAudioDeviceCategory+getBluetoothAudioDeviceCategory_lega
1788691512.026 10311 31552 31552 I Unique  : 2026-09-06 17:45:12.025 I HOOK SERVICE_HOOKED service=vibrator_manager cache=true singletons=0 managers=0 bound=callerPackage matched=callerPackage=performHapticFeedback+setAlwaysOnEffect+vibrate
1788691512.027 10311 31552 31552 I Unique  : 2026-09-06 17:45:12.026 I HOOK IDENTITY_HOOK_INSTALLED service=vibrator_manager package=com.openai.chatgpt matched=callerPackage=performHapticFeedback+setAlwaysOnEffect+vibrate
1788691512.031 10311 31552 31552 I Unique  : 2026-09-06 17:45:12.030 I HOOK SERVICE_HOOKED service=usagestats cache=true singletons=0 managers=0 bound=callerPackage matched=callerPackage=clearBroadcastEvents+clearBroadcastResponseStats+getAppMinStandbyBucket+getAppStandbyBucket+getAppStandbyBuckets+getAppStandbyConstant+getLastTimeAnyComponentUsed+isAppInactive+isPackageExemptedFromBroadcastResponseStats+queryBroadcastResponseStats+queryConfigurationStats+queryEventStats+queryEvents+queryEventsForPackage+queryEventsForPackageForUser+queryEventsForUser+queryEventsWith
1788691512.032 10311 31552 31552 I Unique  : 2026-09-06 17:45:12.031 I HOOK IDENTITY_HOOK_INSTALLED service=usagestats package=com.openai.chatgpt matched=callerPackage=clearBroadcastEvents+clearBroadcastResponseStats+getAppMinStandbyBucket+getAppStandbyBucket+getAppStandbyBuckets+getAppStandbyConstant+getLastTimeAnyComponentUsed+isAppInactive+isPackageExemptedFromBroadcastResponseStats+queryBroadcastResponseStats+queryConfigurationStats+queryEventSta
1788691512.035 10311 31552 31552 I Unique  : 2026-09-06 17:45:12.034 I HOOK SERVICE_HOOKED service=netstats cache=true singletons=0 managers=0 bound=callerPackage matched=callerPackage=getIfaceStats+notifyNetworkStatus+openSessionForUsageStats+registerNetworkStatsProvider+registerUsageCallback+setStatsProviderWarningAndLimitAsync
1788691512.036 10311 31552 31552 I Unique  : 2026-09-06 17:45:12.035 I HOOK IDENTITY_HOOK_INSTALLED service=netstats package=com.openai.chatgpt matched=callerPackage=getIfaceStats+notifyNetworkStatus+openSessionForUsageStats+registerNetworkStatsProvider+registerUsageCallback+setStatsProviderWarningAndLimitAsync
1788691512.039 10311 31552 31552 I Unique  : 2026-09-06 17:45:12.038 I HOOK SERVICE_HOOKED service=content cache=true singletons=0 managers=0 bound=callerPackage matched=callerPackage=addPeriodicSync+cancelSync+cancelSyncAsUser+getCache+getIsSyncable+getIsSyncableAsUser+getPeriodicSyncs+getSyncAdapterPackageAsUser+getSyncAdapterPackagesForAuthorityAsUser+getSyncAutomatically+getSyncAutomaticallyAsUser+getSyncStatus+getSyncStatusAsUser+isSyncActive+isSyncPending+isSyncPendingAsUser+notifyChange+onDbCorruption+putCache+removePeriodicSync+requestSync+setIsSyncable+se
1788691512.040 10311 31552 31552 I Unique  : 2026-09-06 17:45:12.039 I HOOK IDENTITY_HOOK_INSTALLED service=content package=com.openai.chatgpt matched=callerPackage=addPeriodicSync+cancelSync+cancelSyncAsUser+getCache+getIsSyncable+getIsSyncableAsUser+getPeriodicSyncs+getSyncAdapterPackageAsUser+getSyncAdapterPackagesForAuthorityAsUser+getSyncAutomatically+getSyncAutomaticallyAsUser+getSyncStatus+getSyncStatusAsUser+isSyncActive+isSyncPending+isSy
1788691512.046 10311 31552 31552 I Unique  : 2026-09-06 17:45:12.044 I HOOK SERVICE_HOOKED service=shortcut cache=true singletons=0 managers=0 bound=shortcutPublish,callerPackage matched=shortcutPublish=addDynamicShortcuts+createShortcutResultIntent+pushDynamicShortcut+requestPinShortcut+setDynamicShortcuts+updateShortcuts,callerPackage=disableShortcuts+enableShortcuts+getIconMaxDimensions+getMaxShortcutCountPerActivity+getRateLimitResetTime+getRemainingCallCount+getShareTargets+getShortcuts+hasShareTargets+onApplicationActive+removeAllDynamicShortcuts+removeDynamicShortcuts+remov
1788691512.047 10311 31552 31552 I Unique  : 2026-09-06 17:45:12.046 I HOOK IDENTITY_HOOK_INSTALLED service=shortcut package=com.openai.chatgpt matched=shortcutPublish=addDynamicShortcuts+createShortcutResultIntent+pushDynamicShortcut+requestPinShortcut+setDynamicShortcuts+updateShortcuts,callerPackage=disableShortcuts+enableShortcuts+getIconMaxDimensions+getMaxShortcutCountPerActivity+getRateLimitResetTime+getRemainingCallCount+getShareTargets+get
1788691512.051 10311 31552 31552 I Unique  : 2026-09-06 17:45:12.049 I HOOK SERVICE_HOOKED service=mount cache=true singletons=0 managers=0 bound=callerPackage,volumeList matched=callerPackage=abortChanges+allocateBytes+benchmark+destroyUserStorage+disableAppDataIsolation+fixupAppDir+fixupAppDirRecursive+fixupSysfsFile+forgetVolume+format+getAllocatableBytes+getCacheQuotaBytes+getCacheSizeBytes+getExternalStorageMountMode+getManageSpaceActivityIntent+getMountedObbPath+isAppIoBlocked+isObbMounted+mkdirs+mount+mountObb+moveStorageQuickly+notifyAppIoBlocked+notifyAppIoResumed
1788691512.052 10311 31552 31552 I Unique  : 2026-09-06 17:45:12.051 I HOOK IDENTITY_HOOK_INSTALLED service=mount package=com.openai.chatgpt matched=callerPackage=abortChanges+allocateBytes+benchmark+destroyUserStorage+disableAppDataIsolation+fixupAppDir+fixupAppDirRecursive+fixupSysfsFile+forgetVolume+format+getAllocatableBytes+getCacheQuotaBytes+getCacheSizeBytes+getExternalStorageMountMode+getManageSpaceActivityIntent+getMountedObbPath+isAppI
1788691512.057 10311 31552 31552 I Unique  : 2026-09-06 17:45:12.056 I HOOK SERVICE_HOOKED service=account cache=true singletons=0 managers=0 bound=callerPackage matched=callerPackage=addAccount+addAccountAsUser+addAccountExplicitly+addAccountExplicitlyWithVisibility+addSharedAccountsFromParentUser+createRequestAccountAccessIntentSenderAsUser+editProperties+getAccountByTypeAndFeatures+getAccountVisibility+getAccountsAndVisibilityForPackage+getAccountsAsUser+getAccountsByFeatures+getAccountsByTypeForPackage+getAccountsForPackage+getAuthToken+getAuthTokenLabel+getUs
1788691512.058 10311 31552 31552 I Unique  : 2026-09-06 17:45:12.057 I HOOK IDENTITY_HOOK_INSTALLED service=account package=com.openai.chatgpt matched=callerPackage=addAccount+addAccountAsUser+addAccountExplicitly+addAccountExplicitlyWithVisibility+addSharedAccountsFromParentUser+createRequestAccountAccessIntentSenderAsUser+editProperties+getAccountByTypeAndFeatures+getAccountVisibility+getAccountsAndVisibilityForPackage+getAccountsAsUser+getAccou
1788691512.067 10311 31552 31552 I Unique  : 2026-09-06 17:45:12.066 I HOOK SERVICE_HOOKED service=phone cache=true singletons=0 managers=0 bound=callerPackage matched=callerPackage=call+canChangeDtmfToneLength+changeIccLockPassword+checkCarrierPrivilegesForPackage+checkCarrierPrivilegesForPackageAnyPhone+clearSignalStrengthUpdateRequest+deprovisionSatelliteService+dial+disableDataConnectivity+disableVisualVoicemailSmsFilter+doesSwitchMultiSimConfigTriggerReboot+enableDataConnectivity+enableVisualVoicemailSmsFilter+enqueueSmsPickResult+factoryReset+getAllCellInf
1788691512.068 10311 31552 31552 I Unique  : 2026-09-06 17:45:12.067 I HOOK IDENTITY_HOOK_INSTALLED service=phone package=com.openai.chatgpt matched=callerPackage=call+canChangeDtmfToneLength+changeIccLockPassword+checkCarrierPrivilegesForPackage+checkCarrierPrivilegesForPackageAnyPhone+clearSignalStrengthUpdateRequest+deprovisionSatelliteService+dial+disableDataConnectivity+disableVisualVoicemailSmsFilter+doesSwitchMultiSimConfigTriggerReboot+e
1788691512.079 10311 31552 31552 I Unique  : 2026-09-06 17:45:12.076 I HOOK SERVICE_HOOKED service=device_policy cache=true singletons=0 managers=0 bound=callerPackage matched=callerPackage=addCrossProfileIntentFilter+addCrossProfileWidgetProvider+addPersistentPreferredActivity+approveCaCert+checkDeviceIdentifierAccess+checkProvisioningPrecondition+choosePrivateKeyAlias+clearApplicationUserData+clearCrossProfileIntentFilters+clearDeviceOwner+clearPackagePersistentPreferredActivities+clearResetPasswordToken+createAdminSupportIntent+createAndManageUser+createAndProvisionM
1788691512.082 10311 31552 31552 I Unique  : 2026-09-06 17:45:12.081 I HOOK IDENTITY_HOOK_INSTALLED service=device_policy package=com.openai.chatgpt matched=callerPackage=addCrossProfileIntentFilter+addCrossProfileWidgetProvider+addPersistentPreferredActivity+approveCaCert+checkDeviceIdentifierAccess+checkProvisioningPrecondition+choosePrivateKeyAlias+clearApplicationUserData+clearCrossProfileIntentFilters+clearDeviceOwner+clearPackagePersistentPreferre
1788691512.088 10311 31552 31552 I Unique  : 2026-09-06 17:45:12.087 I HOOK SERVICE_HOOKED service=media.camera cache=true singletons=0 managers=0 bound=callerPackage matched=callerPackage=connect+connectDevice+createDefaultRequest+getCameraCharacteristics+getSessionCharacteristics+getTorchStrengthLevel+injectCamera+injectSessionParams+isHiddenPhysicalCamera+isSessionConfigurationWithParametersSupported+setTorchMode+supportsCameraApi+turnOnTorchWithStrengthLevel
1788691512.089 10311 31552 31552 I Unique  : 2026-09-06 17:45:12.088 I HOOK IDENTITY_HOOK_INSTALLED service=media.camera package=com.openai.chatgpt matched=callerPackage=connect+connectDevice+createDefaultRequest+getCameraCharacteristics+getSessionCharacteristics+getTorchStrengthLevel+injectCamera+injectSessionParams+isHiddenPhysicalCamera+isSessionConfigurationWithParametersSupported+setTorchMode+supportsCameraApi+turnOnTorchWithStrengthLevel
1788691512.111 10311 31552 31552 I Unique  : 2026-09-06 17:45:12.107 I HOOK SERVICE_HOOKED service=telecom cache=true singletons=0 managers=0 bound=callerPackage matched=callerPackage=acceptHandover+acceptRingingCall+acceptRingingCallWithVideoState+addCall+addNewIncomingCall+addNewIncomingConference+addOrRemoveTestCallCompanionApp+cancelMissedCallsNotification+clearAccounts+createLaunchEmergencyDialerIntent+createManageBlockedNumbersIntent+endCall+getAdnUriForPhoneAccount+getCallCapablePhoneAccounts+getCallStateUsingPackage+getCurrentTtyMode+getDefaultDialerPackag
1788691512.112 10311 31552 31552 I Unique  : 2026-09-06 17:45:12.111 I HOOK IDENTITY_HOOK_INSTALLED service=telecom package=com.openai.chatgpt matched=callerPackage=acceptHandover+acceptRingingCall+acceptRingingCallWithVideoState+addCall+addNewIncomingCall+addNewIncomingConference+addOrRemoveTestCallCompanionApp+cancelMissedCallsNotification+clearAccounts+createLaunchEmergencyDialerIntent+createManageBlockedNumbersIntent+endCall+getAdnUriForPhoneA
1788691512.118 10311 31552 31552 I Unique  : 2026-09-06 17:45:12.117 I HOOK SERVICE_HOOKED service=media_router cache=true singletons=0 managers=0 bound=callerPackage matched=callerPackage=deselectRouteWithManager+deselectRouteWithRouter2+getSystemRoutes+getSystemSessionInfoForPackage+registerClientAsUser+registerClientGroupId+registerManager+registerProxyRouter+registerRouter2+releaseSessionWithManager+releaseSessionWithRouter2+requestCreateSessionWithManager+requestSetVolume+requestUpdateVolume+selectRouteWithManager+selectRouteWithRouter2+setSelectedRoute+setSession
1788691512.119 10311 31552 31552 I Unique  : 2026-09-06 17:45:12.118 I HOOK IDENTITY_HOOK_INSTALLED service=media_router package=com.openai.chatgpt matched=callerPackage=deselectRouteWithManager+deselectRouteWithRouter2+getSystemRoutes+getSystemSessionInfoForPackage+registerClientAsUser+registerClientGroupId+registerManager+registerProxyRouter+registerRouter2+releaseSessionWithManager+releaseSessionWithRouter2+requestCreateSessionWithManager+requestSet
1788691512.125 10311 31552 31552 I Unique  : 2026-09-06 17:45:12.123 I HOOK SERVICE_HOOKED service=media_session cache=true singletons=0 managers=0 bound=callerPackage matched=callerPackage=addOnMediaKeyEventSessionChangedListener+createSession+dispatchAdjustVolume+dispatchMediaKeyEvent+dispatchMediaKeyEventToSessionAsSystemService+dispatchVolumeKeyEvent+dispatchVolumeKeyEventToSessionAsSystemService+getMediaKeyEventSession+getMediaKeyEventSessionPackageName+hasCustomMediaKeyDispatcher+hasCustomMediaSessionPolicyProvider+isTrusted+setCustomMediaKeyDispatcher+setCustomMe
1788691512.125 10311 31552 31552 I Unique  : 2026-09-06 17:45:12.125 I HOOK IDENTITY_HOOK_INSTALLED service=media_session package=com.openai.chatgpt matched=callerPackage=addOnMediaKeyEventSessionChangedListener+createSession+dispatchAdjustVolume+dispatchMediaKeyEvent+dispatchMediaKeyEventToSessionAsSystemService+dispatchVolumeKeyEvent+dispatchVolumeKeyEventToSessionAsSystemService+getMediaKeyEventSession+getMediaKeyEventSessionPackageName+hasCustomMedi
1788691512.130 10311 31552 31552 I Unique  : 2026-09-06 17:45:12.129 I HOOK SERVICE_HOOKED service=appwidget cache=true singletons=0 managers=0 bound=callerPackage,appWidgetIdentity matched=callerPackage=allocateAppWidgetId+bindRemoteViewsService+createAppWidgetConfigIntentSender+deleteAppWidgetId+deleteHost+getAppWidgetIdsForHost+getAppWidgetInfo+getAppWidgetOfHost+getAppWidgetOptions+getAppWidgetViews+getInstalledProvidersForProfile+hasBindAppWidgetPermission+isBoundWidgetPackage+noteAppWidgetTapped+notifyAppWidgetViewDataChanged+partiallyUpdateAppWidgetIds+setAppWidgetHidden+setBi
1788691512.131 10311 31552 31552 I Unique  : 2026-09-06 17:45:12.130 I HOOK IDENTITY_HOOK_INSTALLED service=appwidget package=com.openai.chatgpt matched=callerPackage=allocateAppWidgetId+bindRemoteViewsService+createAppWidgetConfigIntentSender+deleteAppWidgetId+deleteHost+getAppWidgetIdsForHost+getAppWidgetInfo+getAppWidgetOfHost+getAppWidgetOptions+getAppWidgetViews+getInstalledProvidersForProfile+hasBindAppWidgetPermission+isBoundWidgetPackage+not
1788691512.135 10311 31552 31552 I Unique  : 2026-09-06 17:45:12.134 I HOOK SERVICE_HOOKED service=input_method cache=true singletons=1 managers=0 bound=callerPackage,editorIdentity matched=callerPackage=acceptStylusHandwritingDelegation+acceptStylusHandwritingDelegationAsync+getEnabledInputMethodSubtypeList+prepareStylusHandwritingDelegation+setAdditionalInputMethodSubtypes+setExplicitlyEnabledInputMethodSubtypes+startConnectionlessStylusHandwriting+startProtoDump,editorIdentity=startInputOrWindowGainedFocus+startInputOrWindowGainedFocusAsync
1788691512.136 10311 31552 31552 I Unique  : 2026-09-06 17:45:12.135 I HOOK IDENTITY_HOOK_INSTALLED service=input_method package=com.openai.chatgpt matched=callerPackage=acceptStylusHandwritingDelegation+acceptStylusHandwritingDelegationAsync+getEnabledInputMethodSubtypeList+prepareStylusHandwritingDelegation+setAdditionalInputMethodSubtypes+setExplicitlyEnabledInputMethodSubtypes+startConnectionlessStylusHandwriting+startProtoDump,editorIdentity=start
1788691512.137 10311 31552 31552 I Unique  : 2026-09-06 17:45:12.136 I HOOK IDENTITY_HOOKS_INSTALLED package=com.openai.chatgpt installed=alarm,clipboard,restrictions,locale,connectivity,power,wifi,location,audio,vibrator_manager,usagestats,netstats,content,shortcut,mount,account,phone,device_policy,media.camera,telecom,media_router,media_session,appwidget,input_method skipped=
1788691512.138 10311 31552 31552 W Unique  : 2026-09-06 17:45:12.137 W PROCESS ALARM_EXACT_UNAVAILABLE detail=UNIQUE does not hold SCHEDULE_EXACT_ALARM; a guest asking for an exact alarm will get the platform's SecurityException
1788691512.142 10311 31552 31552 I Unique  : 2026-09-06 17:45:12.140 I HOOK SERVICE_HOOKED service=jobscheduler cache=true singletons=0 managers=0 bound=jobById,scheduleJob,pendingJobs matched=jobById=cancel+getPendingJob+getPendingJobReason,scheduleJob=enqueue+schedule+scheduleAsPackage,pendingJobs=getAllPendingJobs+getAllPendingJobsInNamespace
1788691512.144 10311 31552 31552 I Unique  : 2026-09-06 17:45:12.143 I HOOK JOB_HOOKED package=com.openai.chatgpt slot=0 matched=jobById=cancel+getPendingJob+getPendingJobReason,scheduleJob=enqueue+schedule+scheduleAsPackage,pendingJobs=getAllPendingJobs+getAllPendingJobsInNamespace
1788691512.151 10311 31552 31552 I Unique  : 2026-09-06 17:45:12.150 I HOOK SERVICE_HOOKED service=notification cache=true singletons=1 managers=0 bound=notificationIdentity,enqueue,channels matched=notificationIdentity=addAutomaticZenRule+areBubblesAllowed+areNotificationsEnabled+areNotificationsEnabledForPackage+buzzBeepBlinkForNotification+canNotifyAsPackage+canShowBadge+cancelAllNotifications+cancelNotificationFromListener+cancelToast+clearData+deleteNotificationHistoryItem+enqueueTextToast+enqueueToast+finishToken+getActiveNotifications+getActiveNotificationsWithAttribution+getAllowedAss
1788691512.152 10311 31552 31552 I Unique  : 2026-09-06 17:45:12.152 I HOOK NOTIFICATION_HOOKED package=com.openai.chatgpt vuid=0 matched=notificationIdentity=addAutomaticZenRule+areBubblesAllowed+areNotificationsEnabled+areNotificationsEnabledForPackage+buzzBeepBlinkForNotification+canNotifyAsPackage+canShowBadge+cancelAllNotifications+cancelNotificationFromListener+cancelToast+clearData+deleteNotificationHistoryItem+enqueueTextToast+enqueueToast+finishToken+getActiveNotifications+getActiveNotificationsWithAttribution+getAllowedAss
1788691512.168 10311 31552 31552 I Unique  : 2026-09-06 17:45:12.167 I PROCESS RECEIVERS_REGISTERED package=com.openai.chatgpt declared=6 registered=9 actions=com.openai.apps.appbase.app.managedconfig.ManagedConfigurationsChangedReceiver#android.intent.action.APPLICATION_RESTRICTIONS_CHANGED;com.openai.feature.widget.WidgetReceiver#android.appwidget.action.APPWIDGET_UPDATE;com.google.firebase.iid.FirebaseInstanceIdReceiver#com.google.android.c2dm.intent.RECEIVE;androidx.glance.appwidget.MyPackageReplacedReceiver#android.intent.action.MY_PACKAGE_REPLACED exported=4
1788691512.169 10311 31552 31552 I Unique  : 2026-09-06 17:45:12.168 I LAUNCH ACTIVITY_LIFECYCLE_INSTALLED package=com.openai.chatgpt
1788691512.327 10311 31552 31580 D Unique  : 2026-09-06 17:45:12.326 D PROCESS PERMISSION_CHECK permission=android.permission.WAKE_LOCK result=GRANTED
1788691512.328 10311 31552 31577 I Unique  : 2026-09-06 17:45:12.323 I LAUNCH GOOGLE_STACK_HIDDEN package=com.google.android.gms hidden=true reason=SDK_TOO_OLD gmsVersion=12451000 detail=Play services client older than 18: a refused broker reaches the caller's looper and kills the app, so the stack is hidden and the SDK takes its own no-Google-services path
1788691512.359 10311 31552 31574 I Unique  : 2026-09-06 17:45:12.358 I LAUNCH SIGNATURES_LOADED package=com.openai.chatgpt signers=1 hasSigningInfo=true
1788691512.372 10311 31552 31577 W Metadata: Failed to find package android.content.pm.PackageManager$NameNotFoundException: com.google.android.gms
1788691512.372 10311 31552 31580 W FirebaseMessaging: Failed to resolve IID implementation package, falling back
1788691512.375 10311 31552 31580 D Unique  : 2026-09-06 17:45:12.374 D PROCESS PERMISSION_CHECK permission=android.permission.ACCESS_NETWORK_STATE result=GRANTED
1788691512.378 10311 31552 31580 W FirebaseMessaging: Failed to find package android.content.pm.PackageManager$NameNotFoundException: com.google.android.gms
1788691512.432 10311 31552 31552 I UniqueNative: io_redirect installed: 1 slot(s) in 1/390 libraries (0 excluded, 1 total), 8 rule(s), page size 4096
1788691512.432 10311 31552 31552 I UniqueNative: io_redirect: hooked 1 new slot(s) after loading /data/user/0/com.unique/files/virtual/apk/com.openai.chatgpt/2623716/lib/arm64-v8a/libconscrypt_jni.so (1 total)
1788691512.433 10311 31552 31552 V NativeCrypto: Registering org/conscrypt/NativeCrypto's 337 native methods...
1788691512.476 10311 31552 31552 W DdRumContentProvider: processImportance:100
1788691512.478 10311 31552 31552 I Unique  : 2026-09-06 17:45:12.477 I PROCESS PROVIDERS_PUBLISHED package=com.openai.chatgpt process=com.openai.chatgpt declared=13 authorities=[redacted]
1788691512.603 10311 31552 31589 I Unique  : 2026-09-06 17:45:12.601 I PROCESS u0 com.openai.chatgpt COMPONENT_STATE_SET package=com.openai.chatgpt vuid=0 component=androidx.work.impl.background.systemalarm.RescheduleReceiver state=2
1788691512.882 10311 31552 31611 W System.err: SLF4J(W): No SLF4J providers were found.
1788691512.882 10311 31552 31611 W System.err: SLF4J(W): Defaulting to no-operation (NOP) logger implementation
1788691512.882 10311 31552 31611 W System.err: SLF4J(W): See https://www.slf4j.org/codes.html#noProviders for further details.
1788691512.973 10311 31552 31593 D Unique  : 2026-09-06 17:45:12.972 D PROCESS u0 com.openai.chatgpt SERVICE_CONNECTION_WRAPPED connection=nws
1788691512.978 10311 31552 31614 I UniqueNative: io_redirect installed: 0 slot(s) in 1/390 libraries (0 excluded, 1 total), 8 rule(s), page size 4096
1788691512.989 10311 31552 31614 I UniqueNative: io_redirect installed: 8 slot(s) in 2/391 libraries (0 excluded, 9 total), 8 rule(s), page size 4096
1788691512.989 10311 31552 31614 I UniqueNative: io_redirect: hooked 8 new slot(s) after loading /data/user/0/com.unique/files/virtual/apk/com.openai.chatgpt/2623716/lib/arm64-v8a/libsentry.so (9 total)
1788691512.993 10311 31552 31614 I UniqueNative: io_redirect installed: 1 slot(s) in 3/392 libraries (0 excluded, 10 total), 8 rule(s), page size 4096
1788691512.994 10311 31552 31614 I UniqueNative: io_redirect: hooked 1 new slot(s) after loading /data/user/0/com.unique/files/virtual/apk/com.openai.chatgpt/2623716/lib/arm64-v8a/libsentry-android.so (10 total)
1788691512.994 10311 31552 31615 D Unique  : 2026-09-06 17:45:12.993 D PROCESS u0 com.openai.chatgpt PERMISSION_CHECK permission=android.permission.ACCESS_NETWORK_STATE result=GRANTED
1788691513.044 10311 31552 31552 D Unique  : 2026-09-06 17:45:13.044 D PROCESS u0 com.openai.chatgpt PERMISSION_CHECK permission=android.permission.ACCESS_NETWORK_STATE result=GRANTED
1788691513.049 10311 31552 31552 I UniqueNative: redirect table set: 8 rule(s)
1788691513.049 10311 31552 31552 I UniqueNative: io_redirect: 2 exclusion(s) set
1788691513.050 10311 31552 31552 I UniqueNative: io_redirect installed: 0 slot(s) in 3/392 libraries (0 excluded, 10 total), 8 rule(s), page size 4096
1788691513.051 10311 31552 31552 I Unique  : 2026-09-06 17:45:13.050 I NATIVE u0 com.openai.chatgpt IO_REDIRECT_INSTALLED status=NOTHING_TO_HOOK watch=OK rules=8 slots=10 scope=/data/user/0/com.unique/files/virtual/apk/com.openai.chatgpt/2623716/lib/arm64-v8a,/data/data/com.unique/files/virtual/apk/com.openai.chatgpt/2623716/lib/arm64-v8a,/data/user/0/com.unique/files/virtua excluded=libgrave.so,libunique_native.so
1788691513.056 10311 31552 31552 I Unique  : 2026-09-06 17:45:13.053 I LAUNCH u0 com.openai.chatgpt BOOTSTRAP_OK package=com.openai.chatgpt vuid=0 slot=0 applicationClass=com.openai.chatgpt.app.MainApplication dataDir=/data/user/0/com.unique/files/virtual/users/0/data/com.openai.chatgpt sourceDir=/data/user/0/com.unique/files/virtual/apk/com.openai.chatgpt/2623716/base.apk nativeLibraryDir=/data/user/0/com.unique/files/virtual/apk/com.openai.chatgpt/2623716/lib/arm64-v8a targetSdk=37 observedPackageName=com.openai.chatgpt observedFilesDir=/data/user/0/com.unique/files/virtual/users/0/data/com.openai.chatgpt/files millis=1801
1788691513.057 10311 31552 31552 I Unique  : 2026-09-06 17:45:13.056 I LAUNCH u0 com.openai.chatgpt TRANSACTION_REWRITTEN package=com.openai.chatgpt activity=com.openai.chatgpt.MainActivity vuid=0 item=LaunchActivityItem theme=2132083481
1788691513.060 10311 31552 31552 I ActivityThread: HardwareRenderer preload  done
1788691513.064 10311 30573 30701 I Unique  : 2026-09-06 17:45:13.063 I PROCESS PROVIDER_SLOT_READY slot=0 vuid=0 pid=31552
1788691513.077 10311 31552 31552 I Unique  : 2026-09-06 17:45:13.076 I LAUNCH u0 com.openai.chatgpt ACTIVITY_HARDWARE_ACCELERATED activity=com.openai.chatgpt.MainActivity fromActivityInfo=false applied=true
1788691513.083 10311 31552 31627 D MMUD    : mtk_memory_debug_init com.openai.chatgpt 0xb400007ddc12a400
1788691513.086 10311 31552 31643 E om.unique:vapp0: setpriority success to 100 : mali-cmar-backend
1788691513.091 10311 31552 31552 W libc    : Access denied finding property "persist.vendor.camera.IsVariableApertureSupported"
1788691513.091 10311 31552 31552 W libc    : Access denied finding property "persist.vendor.camera.IsStreetModeSupported"
1788691513.185 10311 31552 31634 D MMUD    : get_leak_baseline 3246391296
1788691513.189 10311 31552 31552 W libc    : Access denied finding property "ro.vendor.df.effect.conflict"
1788691513.217 10311 31552 31644 D Unique  : 2026-09-06 17:45:13.216 D PROCESS u0 com.openai.chatgpt SERVICE_INTENT_CROSS_APP action=com.google.android.play.core.install.BIND_UPDATE_SERVICE target=com.android.vending
1788691513.218 10311 31552 31644 D Unique  : 2026-09-06 17:45:13.217 D PROCESS u0 com.openai.chatgpt SERVICE_CONNECTION_WRAPPED connection=zvx
1788691513.222 10311 31552 31552 I PowerHalWrapper: PowerHalWrapper.getInstance
1788691513.223 10311 31552 31552 I M-ProMotion: M-ProMotion is disabled
1788691513.224 10311 31552 31645 I PowerHalWrapper: PowerHalWrapper.getInstance
1788691513.227 10311 31552 31552 I SurfaceFactory: [static] sSurfaceFactory = com.mediatek.view.impl.SurfaceFactoryImpl@ff2da01
1788691513.241 10311 31552 31552 D MiuiCameraCoveredManager: java.lang.NullPointerException: Attempt to invoke virtual method 'java.lang.String android.provider.MiuiSettings$SettingsCloudData$CloudData.getString(java.lang.String, java.lang.String)' on a null object reference
1788691513.242 10311 31552 31552 W libc    : Access denied finding property "ro.vendor.perf.scroll_opt"
1788691513.244 10311 31552 31627 W libc    : Access denied finding property "ro.vendor.display.iris_x7.support"
1788691513.254 10311 31552 31586 E FeatureFlagsImplExport: android.os.flagging.AconfigStorageReadException: ERROR_PACKAGE_NOT_FOUND: package com.android.libcore cannot be found on the device
1788691513.258 10311 31552 31552 D InputEventReceiver: Input log is disabled in InputEventReceiver.
1788691513.264 10311 31552 31552 D Unique  : 2026-09-06 17:45:13.263 D LAUNCH u0 com.openai.chatgpt CALLBACK_ALIVE what=159 obj=android.app.servertransaction.ClientTransaction
1788691513.265 10311 31552 31552 D Unique  : 2026-09-06 17:45:13.264 D LAUNCH u0 com.openai.chatgpt NO_LAUNCH_ITEM transaction=android.app.servertransaction.ClientTransaction shape=CREATOR: mActivityCallbacks:[TopResumedActivityChangeItem] mActivityToken:BinderProxy mClient:null mLifecycleStateRequest:null mTransactionItems:[TopResumedActivityChangeItem] seen=2
1788691513.266 10311 31552 31552 D Unique  : 2026-09-06 17:45:13.265 D LAUNCH u0 com.openai.chatgpt CALLBACK_ALIVE what=149 obj=android.os.BinderProxy
1788691513.736 10311 31552 31627 D om.unique:vapp0: MiuiProcessManagerServiceStub setSchedFifo
1788691513.736 10311 31552 31627 I MiuiProcessManagerImpl: setSchedFifo pid:31552, mode:3
1788691513.737 10311 31552 31627 D MAGT_SYNC_FRAME: MAGT Sync: MAGT is not supported. Disabling Sync.
1788691513.741 10311 31552 31627 I GrallocExtra: gralloc_extra_query:is_SW3D 0
1788691513.742 10311 31552 31627 W libc    : Access denied finding property "ro.vendor.display.iris_x7.support"
1788691513.750 10311 31552 31627 E LB      : fail to open file: No such file or directory
1788691513.750 10311 31552 31627 E LB      : fail to open node: No such file or directory
1788691513.750 10311 31552 31627 E LB      : fail to open node: No such file or directory
1788691513.751 10311 31552 31627 I GrallocExtra: gralloc_extra_query:is_SW3D 0
1788691513.751 10311 31552 31627 W libc    : Access denied finding property "ro.vendor.display.iris_x7.support"
1788691513.837 10311 31552 31552 D Unique  : 2026-09-06 17:45:13.836 D LAUNCH u0 com.openai.chatgpt NO_LAUNCH_ITEM transaction=android.app.servertransaction.ClientTransaction shape=CREATOR: mActivityCallbacks:[WindowStateInsetsControlChangeItem] mActivityToken:null mClient:null mLifecycleStateRequest:null mTransactionItems:[WindowStateInsetsControlChangeItem] seen=3
1788691513.858 10311 31552 31627 W libc    : Access denied finding property "ro.vendor.display.iris_x7.support"
1788691513.870 10311 31552 31656 D LibMBrainProxy: Init Paramters
1788691513.903 10311 31552 31552 D Unique  : 2026-09-06 17:45:13.902 D LAUNCH u0 com.openai.chatgpt NO_LAUNCH_ITEM transaction=android.app.servertransaction.ClientTransaction shape=CREATOR: mActivityCallbacks:[WindowStateInsetsControlChangeItem] mActivityToken:null mClient:null mLifecycleStateRequest:null mTransactionItems:[WindowStateInsetsControlChangeItem] seen=4
1788691513.998 10311 31552 31659 W GooglePlayServicesUtil: com.openai.chatgpt requires Google Play services, but they are missing.
1788691513.999 10311 31552 31552 W GooglePlayServicesUtil: com.openai.chatgpt requires Google Play services, but they are missing.
1788691514.007 10311 31552 31659 D Unique  : 2026-09-06 17:45:14.006 D PROCESS u0 com.openai.chatgpt SETTING_ANSWERED setting=ANDROID_ID value=9717502639b41c61
1788691514.026 10311 31552 31660 W GooglePlayServicesUtil: com.openai.chatgpt requires Google Play services, but they are missing.
1788691514.035 10311 31552 31595 W GooglePlayServicesUtil: com.openai.chatgpt requires Google Play services, but they are missing.
1788691514.061 10311 31552 31684 W GooglePlayServicesUtil: com.openai.chatgpt requires Google Play services, but they are missing.
1788691514.063 10311 31552 31684 W GoogleApiManager: The service for b0i0 is not available: hof{statusCode=SERVICE_MISSING, resolution=null, message=null, clientMethodKey=null}
1788691514.064 10311 31552 31659 W GooglePlayServicesUtil: com.openai.chatgpt requires Google Play services, but they are missing.
1788691514.071 10311 31552 31684 W GooglePlayServicesUtil: com.openai.chatgpt requires Google Play services, but they are missing.
1788691514.074 10311 31552 31684 W GoogleApiManager: The service for jbg0 is not available: hof{statusCode=SERVICE_MISSING, resolution=null, message=null, clientMethodKey=null}
1788691514.077 10311 31552 31684 W GooglePlayServicesUtil: com.openai.chatgpt requires Google Play services, but they are missing.
1788691514.080 10311 31552 31684 W GoogleApiManager: The service for jbg0 is not available: hof{statusCode=SERVICE_MISSING, resolution=null, message=null, clientMethodKey=null}
1788691514.214 10311 31552 31573 W om.unique:vapp0: Method void dkd.a(java.lang.String, bkd, isb) failed lock verification and will run slower.
1788691514.214 10311 31552 31573 W om.unique:vapp0: Common causes for lock verification issues are non-optimized dex code
1788691514.214 10311 31552 31573 W om.unique:vapp0: and incorrect proguard optimizations.
1788691514.224 10311 31552 31573 W om.unique:vapp0: Method java.lang.Object k8e.q(java.lang.String, rqc, rsg) failed lock verification and will run slower.
1788691514.358 10311 31552 31707 D Unique  : 2026-09-06 17:45:14.356 D PROCESS u0 com.openai.chatgpt SERVICE_INTENT_CROSS_APP action=com.google.android.play.core.expressintegrityservice.BIND_EXPRESS_INTEGRITY_SERVICE target=com.android.vending
1788691514.360 10311 31552 31707 D Unique  : 2026-09-06 17:45:14.358 D PROCESS u0 com.openai.chatgpt SERVICE_CONNECTION_WRAPPED connection=zvx
1788691514.410 10311 31552 31657 W statsig::Http: java.io.InterruptedIOException: timeout
1788691514.490 10311 31552 31602 D Unique  : 2026-09-06 17:45:14.489 D PROCESS u0 com.openai.chatgpt PERMISSION_CHECK permission=android.permission.ACCESS_NETWORK_STATE result=GRANTED
1788691514.590 10311 31552 31688 W statsig::Http: java.io.InterruptedIOException: timeout
1788691514.605 10311 30520 30520 D Unique  : 2026-09-06 17:45:14.598 D LAUNCH u1 com.a0soft.gphone.acc.free NO_LAUNCH_ITEM transaction=android.app.servertransaction.ClientTransaction shape=CREATOR: mActivityCallbacks:[ConfigurationChangeItem] mActivityToken:null mClient:null mLifecycleStateRequest:null mTransactionItems:[ConfigurationChangeItem] seen=2
1788691514.619 10311 30520 30520 D Unique  : 2026-09-06 17:45:14.618 D PROCESS u1 com.a0soft.gphone.acc.free CREATE_SERVICE_UNMAPPED stub=com.unique.stub.JobStub_p1
1788691514.640 10311 30520 30520 I Unique  : 2026-09-06 17:45:14.638 I PROCESS u1 com.a0soft.gphone.acc.free JOB_STARTED service=com.google.android.datatransport.runtime.scheduling.jobscheduling.JobInfoSchedulerService virtualJobId=267790068 hostJobId=1451764 stillRunning=true
1788691514.738 10311 31552 31586 W om.unique:vapp0: Verification of boolean deb0.z(boolean, java.util.List, java.util.Map, java.util.Map, java.util.Map, java.util.List) took 109.187ms (11796.27 bytecodes/s) (0B arena alloc)
1788691514.829 10311 31552 31580 W Metadata: Failed to find package android.content.pm.PackageManager$NameNotFoundException: com.google.android.gms
1788691514.856 10311 31552 31580 W Metadata: Failed to resolve IID implementation package, falling back
1788691514.987 10311 31552 31557 I om.unique:vapp0: Background concurrent mark compact GC freed 30MB AllocSpace bytes, 128(5148KB) LOS objects, 50% free, 16MB/33MB, paused 6.954ms,4.701ms total 534.495ms
1788691515.018 10311 31552 31558 I BpBinder: onLastStrongRef automatically unlinking death recipients:
1788691516.097 10311 31552 31552 D Unique  : 2026-09-06 17:45:16.096 D PROCESS u0 com.openai.chatgpt PERMISSION_CHECK permission=android.permission.POST_NOTIFICATIONS result=DENIED
1788691516.173 10311 31552 31707 D Unique  : 2026-09-06 17:45:16.169 D PROCESS u0 com.openai.chatgpt SERVICE_INTENT_CROSS_APP action=com.google.android.play.core.expressintegrityservice.BIND_EXPRESS_INTEGRITY_SERVICE target=com.android.vending
1788691516.185 10311 31552 31707 D Unique  : 2026-09-06 17:45:16.174 D PROCESS u0 com.openai.chatgpt SERVICE_CONNECTION_WRAPPED connection=zvx
1788691516.194 10311 31552 31557 I om.unique:vapp0: Background young concurrent mark compact GC freed 10124KB AllocSpace bytes, 64(1524KB) LOS objects, 36% free, 21MB/33MB, paused 5.021ms,1.972ms total 206.064ms
1788691516.195 10311 31552 31558 I BpBinder: onLastStrongRef automatically unlinking death recipients:
1788691516.339 10311 31552 31552 D Unique  : 2026-09-06 17:45:16.338 D PROCESS u0 com.openai.chatgpt PERMISSION_CHECK permission=android.permission.POST_NOTIFICATIONS result=DENIED
1788691516.455 10311 31552 31552 D Unique  : 2026-09-06 17:45:16.454 D PROCESS u0 com.openai.chatgpt PERMISSION_CHECK permission=android.permission.POST_NOTIFICATIONS result=DENIED
1788691516.489 10311 31552 31552 D Unique  : 2026-09-06 17:45:16.488 D PROCESS u0 com.openai.chatgpt PERMISSION_CHECK permission=android.permission.POST_NOTIFICATIONS result=DENIED
1788691516.497 10311 31552 31552 D Unique  : 2026-09-06 17:45:16.497 D PROCESS u0 com.openai.chatgpt PERMISSION_CHECK permission=android.permission.POST_NOTIFICATIONS result=DENIED
1788691516.625 10311 31552 31556 I om.unique:vapp0: Compiler allocated 8124KB to compile usv ng3.a()
1788691516.641 10311 31552 31552 D Unique  : 2026-09-06 17:45:16.640 D PROCESS u0 com.openai.chatgpt PERMISSION_CHECK permission=android.permission.POST_NOTIFICATIONS result=DENIED
1788691516.648 10311 31552 31552 D Unique  : 2026-09-06 17:45:16.647 D PROCESS u0 com.openai.chatgpt PERMISSION_CHECK permission=android.permission.POST_NOTIFICATIONS result=DENIED
1788691516.729 10311 31552 31556 I om.unique:vapp0: Compiler allocated 8033KB to compile usv og3.a()
1788691516.845 10311 31552 31552 D Unique  : 2026-09-06 17:45:16.844 D PROCESS u0 com.openai.chatgpt PERMISSION_CHECK permission=android.permission.POST_NOTIFICATIONS result=DENIED
1788691516.852 10311 31552 31552 D Unique  : 2026-09-06 17:45:16.850 D PROCESS u0 com.openai.chatgpt PERMISSION_CHECK permission=android.permission.POST_NOTIFICATIONS result=DENIED
1788691516.974 10311 31552 31557 I om.unique:vapp0: Background concurrent mark compact GC freed 5075KB AllocSpace bytes, 55(1308KB) LOS objects, 48% free, 25MB/49MB, paused 4.470ms,1.823ms total 198.666ms
1788691516.992 10311 31552 31552 D View    : [ANR Warning]onMeasure time too long, this =androidx.compose.ui.platform.AndroidComposeView{709693d VFED..... ......I. 0,0-0,0 aid=1073741826}time =674 ms
1788691516.992 10311 31552 31552 D View    : [ANR Warning]onMeasure time too long, this =androidx.compose.ui.platform.ComposeView{4cef197 V.E...... ......I. 0,0-0,0}time =674 ms
1788691516.996 10311 31552 31552 D View    : [ANR Warning]onMeasure time too long, this =androidx.appcompat.widget.ContentFrameLayout{b830f84 V.E...... ......ID 0,0-1080,2400 #1020002 android:id/content}time =675 ms
1788691516.996 10311 31552 31552 D View    : [ANR Warning]onMeasure time too long, this =androidx.appcompat.widget.FitWindowsLinearLayout{d7adba2 V.E...... ......ID 0,0-1080,2400 #7f0b0044 app:id/action_bar_root}time =679 ms
1788691516.997 10311 31552 31552 D View    : [ANR Warning]onMeasure time too long, this =android.widget.FrameLayout{d871033 V.E...... ......ID 0,0-1080,2400}time =680 ms
1788691516.997 10311 31552 31552 D View    : [ANR Warning]onMeasure time too long, this =android.widget.LinearLayout{3e39ff0 V.E...... ......ID 0,0-1080,2400}time =680 ms
1788691516.997 10311 31552 31552 D View    : [ANR Warning]onMeasure time too long, this =DecorView@9b2153d[MainActivity]time =680 ms
1788691517.112 10311 31552 31627 E om.unique:vapp0: DynamicFPS DF open fail: No such file or directory
1788691517.135 10311 31552 31552 D Unique  : 2026-09-06 17:45:17.134 D PROCESS u0 com.openai.chatgpt PERMISSION_CHECK permission=android.permission.POST_NOTIFICATIONS result=DENIED
1788691517.278 10311 31552 31597 W GooglePlayServicesUtil: com.openai.chatgpt requires Google Play services, but they are missing.
1788691517.282 10311 31552 31809 I Unique  : 2026-09-06 17:45:17.280 I PROCESS u0 com.openai.chatgpt SERVICE_INTENT_RESOLVED_IN_GUEST action=com.google.firebase.MESSAGING_EVENT service=com.openai.feature.notification.impl.NotificationService matches=2
1788691517.282 10311 31552 31684 W GooglePlayServicesUtil: com.openai.chatgpt requires Google Play services, but they are missing.
1788691517.284 10311 31552 31684 W GoogleApiManager: The service for jbg0 is not available: hof{statusCode=SERVICE_MISSING, resolution=null, message=null, clientMethodKey=null}
1788691517.286 10311 31552 31809 I Unique  : 2026-09-06 17:45:17.283 I PROCESS u0 com.openai.chatgpt SERVICE_STUB_RESERVED slot=0 stub=0 service=com.openai.feature.notification.impl.NotificationService vuid=0
1788691517.288 10311 31552 31809 D Unique  : 2026-09-06 17:45:17.286 D PROCESS u0 com.openai.chatgpt SERVICE_INTENT_ROUTED service=com.openai.feature.notification.impl.NotificationService stub=com.unique.stub.ServiceStub_p0_s0 action=com.google.firebase.MESSAGING_EVENT
1788691517.290 10311 31552 31809 D Unique  : 2026-09-06 17:45:17.289 D PROCESS u0 com.openai.chatgpt SERVICE_CONNECTION_WRAPPED connection=okf0
1788691517.358 10311 31552 31552 D MiuiMultiWindowUtils: freeform resolution args raw data:{  "wide_default":{    "freeform_args": {        "vertical_portrait":{"aspect_ratio":0.626, "original_ratio":0.5643,"original_scale":0.74,"top_margin":0.168,"left_margin":0.484},        "horizontal_portrait":{"aspect_ratio":0.626, "original_ratio":0.5643,"original_scale":0.74,"top_margin":0.1222,"left_margin":0.59745},        "vertical_landscape":{"aspect_ratio":1.6, "original_ratio":1,"original_scale":0.604,"top_margin":0.2596,"left_margin":0.2624},        "horizontal_landscape":{"aspect_ratio":1.6, "original_ratio":1,"original_scale":0.604,"top_margin":0.213,"left_margin":0.3758}    },    "mini_freeform_args":{        "vertical_portrait":{"original_ratio":0.147},        "horizontal_portrait":{"original_ratio":0.147},        "vertical_landscape":{"original_ratio":0.165},        "horizontal_landscape":{"original_ratio":0.165}    }  },  "narrow_default": {    "freeform_args": {        "vertical_portrait":{"aspect_ratio":0.626, "original_ratio":1,"original_scale":0.74,"top_margin":0.0753,"left_margin":-1},        "horizontal_portrait":{"aspect_ratio":0.626, "original_ratio":1,"original_scale":0.5756,"top_margin":-1,"left_margin":0.0753},        "vertical_landscape":{"aspect_ratio":1.6, "original_ratio":0.6847,"original_scale":0.587,"top_margin":0.0753,"left_margin":-1},        "horizontal_landscape":{"aspect_ratio":1.6, "original_ratio":0.6847,"original_scale":0.587,"top_margin":-1,"left_margin":0.0753}    },    "mini_freeform_args":{        "vertical_portrait":{"original_ratio":0.26},        "horizontal_portrait":{"original_ratio":0.26},        "vertical_landscape":{"original_ratio":0.293},        "horizontal_landscape":{"original_ratio":0.293}    }  },  "regular_default": {    "freeform_args": {      "vertical_portrait":{"aspect_ratio":0.625, "original_ratio":1,"original_scale":0.7,"top_margin":0.109,"left_margin":-1},      "horizontal_portrait":{"aspect_ratio":0.6667, "original_ratio":1,"original_scale":0.6102,"top_margin":-1,"left_margin":0.026},      "vertical_landscape":{"aspect_ratio":1.6, "original_ratio":1,"original_scale":0.4244,"top_margin":0.109,"left_margin":-1},      "horizontal_landscape":{"aspect_ratio":1.6, "original_ratio":1,"original_scale":0.4244,"top_margin":-1,"left_margin":0.026}    },    "mini_freeform_args":{      "vertical_portrait":{"original_ratio":0.25},      "horizontal_portrait":{"original_ratio":0.25},      "vertical_landscape":{"original_ratio":0.25},      "horizontal_landscape":{"original_ratio":0.25}    }  },  "pad_default": {    "freeform_args": {      "vertical_portrait":{"aspect_ratio":0.5625, "original_ratio":0.375,"original_scale":0.835,"top_margin":0.049,"left_margin":0.2775},      "horizontal_portrait":{"aspect_ratio":0.5625, "original_ratio":0.375,"original_scale":0.835,"top_margin":-1,"left_margin":0.6525},      "vertical_landscape":{"aspect_ratio":-1, "original_ratio":1,"original_scale":0.468,"top_margin":0.049,"left_margin":-1},      "horizontal_landscape":{"aspect_ratio":-1, "original_ratio":1,"original_scale":0.468,"top_margin":-1,"left_margin":0.4976}    },    "mini_freeform_args":{      "vertical_portrait":{"original_ratio":0.144},      "horizontal_portrait":{"original_ratio":0.144},      "vertical_landscape":{"original_ratio":0.2},      "horizontal_landscape":{"original_ratio":0.2}    }  }}
1788691517.359 10311 31552 31552 D MiuiMultiWindowUtils: initFreeFormResolutionArgs failed, device is sea
1788691517.360 10311 31552 31552 D IS_CTS_MODE: false
1788691517.360 10311 31552 31552 D MULTI_WINDOW_SWITCH_ENABLED: false
1788691517.363 10311 31552 31552 D InputMethodManager: showSoftInput() view=androidx.compose.ui.platform.AndroidComposeView{709693d VFED..... .F....ID 0,0-1080,2400 aid=1073741826} flags=0 reason=SHOW_SOFT_INPUT_BY_INSETS_API
1788691517.387 10311 31552 31814 W GooglePlayServicesUtil: com.openai.chatgpt requires Google Play services, but they are missing.
1788691517.390 10311 31552 31814 E GooglePlayServicesUtil: GooglePlayServices not available due to error 1
1788691517.404 10311 31552 31684 W GooglePlayServicesUtil: com.openai.chatgpt requires Google Play services, but they are missing.
1788691517.406 10311 31552 31684 W GoogleApiManager: The service for jbg0 is not available: hof{statusCode=SERVICE_MISSING, resolution=null, message=null, clientMethodKey=null}
1788691517.410 10311 31552 31552 I Unique  : 2026-09-06 17:45:17.409 I PROCESS u0 com.openai.chatgpt CREATE_SERVICE_REWRITTEN stub=com.unique.stub.ServiceStub_p0_s0 service=com.openai.feature.notification.impl.NotificationService
1788691517.413 10311 31552 31684 W GooglePlayServicesUtil: com.openai.chatgpt requires Google Play services, but they are missing.
1788691517.415 10311 31552 31684 W GoogleApiManager: The service for jbg0 is not available: hof{statusCode=SERVICE_MISSING, resolution=null, message=null, clientMethodKey=null}
1788691517.418 10311 31552 31552 D Unique  : 2026-09-06 17:45:17.416 D PROCESS u0 com.openai.chatgpt SERVICE_INTENT_ROUTED service=com.openai.feature.notification.impl.NotificationService stub=com.unique.stub.ServiceStub_p0_s0 action=com.google.firebase.MESSAGING_EVENT
1788691517.424 10311 31552 31707 D Unique  : 2026-09-06 17:45:17.423 D PROCESS u0 com.openai.chatgpt SERVICE_INTENT_CROSS_APP action=com.google.android.play.core.expressintegrityservice.BIND_EXPRESS_INTEGRITY_SERVICE target=com.android.vending
1788691517.426 10311 31552 31707 D Unique  : 2026-09-06 17:45:17.425 D PROCESS u0 com.openai.chatgpt SERVICE_CONNECTION_WRAPPED connection=zvx
1788691517.465 10311 31552 31552 D InputMethodManager: showSoftInput() view=androidx.compose.ui.platform.AndroidComposeView{709693d VFED..... .F...... 0,0-1080,2400 aid=1073741826} flags=0 reason=SHOW_SOFT_INPUT
1788691517.640 10311 31552 31552 D Unique  : 2026-09-06 17:45:17.639 D LAUNCH u0 com.openai.chatgpt NO_LAUNCH_ITEM transaction=android.app.servertransaction.ClientTransaction shape=CREATOR: mActivityCallbacks:[WindowStateResizeItem] mActivityToken:null mClient:null mLifecycleStateRequest:null mTransactionItems:[WindowStateResizeItem] seen=5
1788691517.674 10311 31552 31552 D Unique  : 2026-09-06 17:45:17.673 D LAUNCH u0 com.openai.chatgpt NO_LAUNCH_ITEM transaction=android.app.servertransaction.ClientTransaction shape=CREATOR: mActivityCallbacks:[WindowStateResizeItem] mActivityToken:null mClient:null mLifecycleStateRequest:null mTransactionItems:[WindowStateResizeItem] seen=6
1788691517.753 10311 31552 31552 W InteractionJankMonitor: Initializing without READ_DEVICE_CONFIG permission. enabled=false, interval=1, missedFrameThreshold=3, frameTimeThreshold=64, package=com.openai.chatgpt
1788691517.760 10311 31552 31552 D Unique  : 2026-09-06 17:45:17.759 D LAUNCH u0 com.openai.chatgpt NO_LAUNCH_ITEM transaction=android.app.servertransaction.ClientTransaction shape=CREATOR: mActivityCallbacks:[WindowStateInsetsControlChangeItem|WindowStateResizeItem] mActivityToken:null mClient:null mLifecycleStateRequest:null mTransactionItems:[WindowStateInsetsControlChangeItem|WindowStateResizeItem] seen=7
1788691517.776 10311 31552 31662 D Unique  : 2026-09-06 17:45:17.773 D PROCESS u0 com.openai.chatgpt PERMISSION_CHECK permission=android.permission.ACCESS_FINE_LOCATION result=DENIED
1788691517.779 10311 31552 31662 D Unique  : 2026-09-06 17:45:17.778 D PROCESS u0 com.openai.chatgpt PERMISSION_CHECK permission=android.permission.ACCESS_COARSE_LOCATION result=DENIED
1788691517.829 10311 31552 31824 I WebViewFactory: Loading com.google.android.webview version 151.0.7922.199 (code 792219903)
1788691517.834 10311 31552 31824 E om.unique:vapp0: Failed to open APK '/data/resource-cache/com.android.systemui-neutral-vSDz.frro': Invalid file
1788691517.834 10311 31552 31824 W AssetManager: Failed to load asset, key = ApkKey[lib: /data/resource-cache/com.android.systemui-neutral-vSDz.frro]
1788691517.834 10311 31552 31824 W AssetManager: java.io.IOException: Failed to load asset path /data/resource-cache/com.android.systemui-neutral-vSDz.frro
1788691517.834 10311 31552 31824 W AssetManager: 	at android.content.res.ApkAssets.nativeLoad(Native Method)
1788691517.834 10311 31552 31824 W AssetManager: 	at android.content.res.ApkAssets.<init>(ApkAssets.java:303)
1788691517.834 10311 31552 31824 W AssetManager: 	at android.content.res.ApkAssets.loadFromPath(ApkAssets.java:152)
1788691517.834 10311 31552 31824 W AssetManager: 	at android.app.ResourcesManager.loadApkAssets(ResourcesManager.java:607)
1788691517.834 10311 31552 31824 W AssetManager: 	at android.content.res.AssetManager.loadAssets(AssetManager.java:596)
1788691517.834 10311 31552 31824 W AssetManager: 	at android.content.res.AssetManager.addAssetPathInternal(AssetManager.java:542)
1788691517.834 10311 31552 31824 W AssetManager: 	at android.content.res.AssetManager.addAssetPathAsSharedLibrary(AssetManager.java:488)
1788691517.834 10311 31552 31824 W AssetManager: 	at android.webkit.WebViewFactory.getProviderClass(WebViewFactory.java:558)
1788691517.834 10311 31552 31824 W AssetManager: 	at android.webkit.WebViewFactory.getProvider(WebViewFactory.java:362)
1788691517.834 10311 31552 31824 W AssetManager: 	at android.webkit.WebView.getFactory(WebView.java:2621)
1788691517.834 10311 31552 31824 W AssetManager: 	at android.webkit.WebView.getWebViewClassLoader(WebView.java:2406)
1788691517.834 10311 31552 31824 W AssetManager: 	at cx0.k(r8-map-id-b66f4a19bf5703a6754d09897c3fb096aa12c72988c76210c12309a8ee4b2cc5:1)
1788691517.834 10311 31552 31824 W AssetManager: 	at co60.g(dex-id-1ef026ccdf1c8a6b9733ced714c53421e7bae790:7)
1788691517.834 10311 31552 31824 W AssetManager: 	at ol3.run(r8-map-id-b66f4a19bf5703a6754d09897c3fb096aa12c72988c76210c12309a8ee4b2cc5:43)
1788691517.834 10311 31552 31824 W AssetManager: 	at ol3.run(r8-map-id-b66f4a19bf5703a6754d09897c3fb096aa12c72988c76210c12309a8ee4b2cc5:20)
1788691517.834 10311 31552 31824 W AssetManager: 	at java.util.concurrent.ThreadPoolExecutor.runWorker(ThreadPoolExecutor.java:1100)
1788691517.834 10311 31552 31824 W AssetManager: 	at java.util.concurrent.ThreadPoolExecutor$Worker.run(ThreadPoolExecutor.java:624)
1788691517.834 10311 31552 31824 W AssetManager: 	at java.lang.Thread.run(Thread.java:1572)
1788691517.835 10311 31552 31824 E om.unique:vapp0: Failed to open APK '/data/resource-cache/com.android.systemui-accent-m9sI.frro': Invalid file
1788691517.835 10311 31552 31824 W AssetManager: Failed to load asset, key = ApkKey[lib: /data/resource-cache/com.android.systemui-accent-m9sI.frro]
1788691517.835 10311 31552 31824 W AssetManager: java.io.IOException: Failed to load asset path /data/resource-cache/com.android.systemui-accent-m9sI.frro
1788691517.835 10311 31552 31824 W AssetManager: 	at android.content.res.ApkAssets.nativeLoad(Native Method)
1788691517.835 10311 31552 31824 W AssetManager: 	at android.content.res.ApkAssets.<init>(ApkAssets.java:303)
1788691517.835 10311 31552 31824 W AssetManager: 	at android.content.res.ApkAssets.loadFromPath(ApkAssets.java:152)
1788691517.835 10311 31552 31824 W AssetManager: 	at android.app.ResourcesManager.loadApkAssets(ResourcesManager.java:607)
1788691517.835 10311 31552 31824 W AssetManager: 	at android.content.res.AssetManager.loadAssets(AssetManager.java:596)
1788691517.835 10311 31552 31824 W AssetManager: 	at android.content.res.AssetManager.addAssetPathInternal(AssetManager.java:542)
1788691517.835 10311 31552 31824 W AssetManager: 	at android.content.res.AssetManager.addAssetPathAsSharedLibrary(AssetManager.java:488)
1788691517.835 10311 31552 31824 W AssetManager: 	at android.webkit.WebViewFactory.getProviderClass(WebViewFactory.java:558)
1788691517.835 10311 31552 31824 W AssetManager: 	at android.webkit.WebViewFactory.getProvider(WebViewFactory.java:362)
1788691517.835 10311 31552 31824 W AssetManager: 	at android.webkit.WebView.getFactory(WebView.java:2621)
1788691517.835 10311 31552 31824 W AssetManager: 	at android.webkit.WebView.getWebViewClassLoader(WebView.java:2406)
1788691517.835 10311 31552 31824 W AssetManager: 	at cx0.k(r8-map-id-b66f4a19bf5703a6754d09897c3fb096aa12c72988c76210c12309a8ee4b2cc5:1)
1788691517.835 10311 31552 31824 W AssetManager: 	at co60.g(dex-id-1ef026ccdf1c8a6b9733ced714c53421e7bae790:7)
1788691517.835 10311 31552 31824 W AssetManager: 	at ol3.run(r8-map-id-b66f4a19bf5703a6754d09897c3fb096aa12c72988c76210c12309a8ee4b2cc5:43)
1788691517.835 10311 31552 31824 W AssetManager: 	at ol3.run(r8-map-id-b66f4a19bf5703a6754d09897c3fb096aa12c72988c76210c12309a8ee4b2cc5:20)
1788691517.835 10311 31552 31824 W AssetManager: 	at java.util.concurrent.ThreadPoolExecutor.runWorker(ThreadPoolExecutor.java:1100)
1788691517.835 10311 31552 31824 W AssetManager: 	at java.util.concurrent.ThreadPoolExecutor$Worker.run(ThreadPoolExecutor.java:624)
1788691517.835 10311 31552 31824 W AssetManager: 	at java.lang.Thread.run(Thread.java:1572)
1788691517.835 10311 31552 31824 E om.unique:vapp0: Failed to open APK '/data/resource-cache/com.android.systemui-dynamic-gTnv.frro': Invalid file
1788691517.836 10311 31552 31824 W AssetManager: Failed to load asset, key = ApkKey[lib: /data/resource-cache/com.android.systemui-dynamic-gTnv.frro]
1788691517.836 10311 31552 31824 W AssetManager: java.io.IOException: Failed to load asset path /data/resource-cache/com.android.systemui-dynamic-gTnv.frro
1788691517.836 10311 31552 31824 W AssetManager: 	at android.content.res.ApkAssets.nativeLoad(Native Method)
1788691517.836 10311 31552 31824 W AssetManager: 	at android.content.res.ApkAssets.<init>(ApkAssets.java:303)
1788691517.836 10311 31552 31824 W AssetManager: 	at android.content.res.ApkAssets.loadFromPath(ApkAssets.java:152)
1788691517.836 10311 31552 31824 W AssetManager: 	at android.app.ResourcesManager.loadApkAssets(ResourcesManager.java:607)
1788691517.836 10311 31552 31824 W AssetManager: 	at android.content.res.AssetManager.loadAssets(AssetManager.java:596)
1788691517.836 10311 31552 31824 W AssetManager: 	at android.content.res.AssetManager.addAssetPathInternal(AssetManager.java:542)
1788691517.836 10311 31552 31824 W AssetManager: 	at android.content.res.AssetManager.addAssetPathAsSharedLibrary(AssetManager.java:488)
1788691517.836 10311 31552 31824 W AssetManager: 	at android.webkit.WebViewFactory.getProviderClass(WebViewFactory.java:558)
1788691517.836 10311 31552 31824 W AssetManager: 	at android.webkit.WebViewFactory.getProvider(WebViewFactory.java:362)
1788691517.836 10311 31552 31824 W AssetManager: 	at android.webkit.WebView.getFactory(WebView.java:2621)
1788691517.836 10311 31552 31824 W AssetManager: 	at android.webkit.WebView.getWebViewClassLoader(WebView.java:2406)
1788691517.836 10311 31552 31824 W AssetManager: 	at cx0.k(r8-map-id-b66f4a19bf5703a6754d09897c3fb096aa12c72988c76210c12309a8ee4b2cc5:1)
1788691517.836 10311 31552 31824 W AssetManager: 	at co60.g(dex-id-1ef026ccdf1c8a6b9733ced714c53421e7bae790:7)
1788691517.836 10311 31552 31824 W AssetManager: 	at ol3.run(r8-map-id-b66f4a19bf5703a6754d09897c3fb096aa12c72988c76210c12309a8ee4b2cc5:43)
1788691517.836 10311 31552 31824 W AssetManager: 	at ol3.run(r8-map-id-b66f4a19bf5703a6754d09897c3fb096aa12c72988c76210c12309a8ee4b2cc5:20)
1788691517.836 10311 31552 31824 W AssetManager: 	at java.util.concurrent.ThreadPoolExecutor.runWorker(ThreadPoolExecutor.java:1100)
1788691517.836 10311 31552 31824 W AssetManager: 	at java.util.concurrent.ThreadPoolExecutor$Worker.run(ThreadPoolExecutor.java:624)
1788691517.836 10311 31552 31824 W AssetManager: 	at java.lang.Thread.run(Thread.java:1572)
1788691517.840 10311 31552 31707 D Unique  : 2026-09-06 17:45:17.838 D PROCESS u0 com.openai.chatgpt SERVICE_INTENT_CROSS_APP action=com.google.android.play.core.expressintegrityservice.BIND_EXPRESS_INTEGRITY_SERVICE target=com.android.vending
1788691517.842 10311 31552 31707 D Unique  : 2026-09-06 17:45:17.840 D PROCESS u0 com.openai.chatgpt SERVICE_CONNECTION_WRAPPED connection=zvx
1788691517.846 10311 31552 31824 D ApplicationLoaders: Returning zygote-cached class loader: /system/framework/android.test.base.jar
1788691517.846 10311 31552 31824 D ApplicationLoaders: Returning zygote-cached class loader: /system_ext/framework/androidx.window.extensions.jar
1788691517.852 10311 31552 31824 I UniqueNative: io_redirect installed: 0 slot(s) in 3/410 libraries (0 excluded, 10 total), 8 rule(s), page size 4096
1788691517.933 10311 31552 31556 W om.unique:vapp0: Missing inline cache for java.lang.Object hv50.invoke(java.lang.Object)
1788691518.003 10311 31552 31824 I cr_WVCFactoryProvider: version=151.0.7922.199 (792219903) minSdkVersion=29 multiprocess=true packageId=127 splits=<none>
1788691518.028 10311 31552 31824 I UniqueNative: io_redirect installed: 0 slot(s) in 3/411 libraries (0 excluded, 10 total), 8 rule(s), page size 4096
1788691518.043 10311 31552 31824 I UniqueNative: io_redirect installed: 0 slot(s) in 3/411 libraries (0 excluded, 10 total), 8 rule(s), page size 4096
1788691518.060 10311 31552 31830 I chromium: [0906/174518.051947:INFO:android_webview/browser/variations/variations_seed_loader.cc:67] Failed to open file for reading.: No such file or directory (2)
1788691518.060 10311 31552 31830 I chromium: [0906/174518.060729:INFO:android_webview/browser/variations/variations_seed_loader.cc:67] Failed to open file for reading.: No such file or directory (2)
1788691518.083 10311 31552 31644 D Unique  : 2026-09-06 17:45:18.082 D PROCESS u0 com.openai.chatgpt SERVICE_INTENT_CROSS_APP action=com.google.android.play.core.install.BIND_UPDATE_SERVICE target=com.android.vending
1788691518.085 10311 31552 31644 D Unique  : 2026-09-06 17:45:18.084 D PROCESS u0 com.openai.chatgpt SERVICE_CONNECTION_WRAPPED connection=zvx
1788691518.250 10311 31552 31557 I om.unique:vapp0: Background young concurrent mark compact GC freed 14MB AllocSpace bytes, 131(7596KB) LOS objects, 30% free, 34MB/49MB, paused 3.779ms,3.631ms total 241.950ms
1788691518.255 10311 31552 31558 I BpBinder: onLastStrongRef automatically unlinking death recipients:
1788691518.485 10311 31552 31552 I cr_LibraryLoader: Successfully loaded native library
1788691518.487 10311 31552 31552 I cr_CachingUmaRecorder: Flushed 40 samples from 22 histograms, 0 samples were dropped.
1788691518.489 10311 31552 31552 I cr_ChildProcLH: ScopedServiceBindingBatch.tryActivate: false
1788691518.601 10311 31552 31552 W WindowOnBackDispatcher: OnBackInvokedCallback is not enabled for the application.
1788691518.601 10311 31552 31552 W WindowOnBackDispatcher: Set 'android:enableOnBackInvokedCallback="true"' in the application manifest.
1788691518.614 10311 31552 31552 D MiuiCameraCoveredManager: java.lang.NullPointerException: Attempt to invoke virtual method 'java.lang.String android.provider.MiuiSettings$SettingsCloudData$CloudData.getString(java.lang.String, java.lang.String)' on a null object reference
1788691518.617 10311 31552 31627 W libc    : Access denied finding property "ro.vendor.display.iris_x7.support"
1788691518.635 10311 31552 31552 D InputEventReceiver: Input log is disabled in InputEventReceiver.
1788691519.024 10311 31552 31557 I om.unique:vapp0: Background concurrent mark compact GC freed 4563KB AllocSpace bytes, 52(5508KB) LOS objects, 42% free, 32MB/56MB, paused 7.169ms,2.363ms total 590.477ms
1788691519.449 10311 31552 31552 D View    : [ANR Warning]onMeasure time too long, this =androidx.compose.ui.platform.AndroidComposeView{736345c VFED..... ......I. 0,0-0,0 aid=1073741827}time =414 ms
1788691519.449 10311 31552 31552 D View    : [ANR Warning]onMeasure time too long, this =bil{739bd38 V.E...... ......I. 0,0-0,0}time =415 ms
1788691519.449 10311 31552 31552 D View    : [ANR Warning]onMeasure time too long, this =android.widget.FrameLayout{c8cd111 V.E...... ......I. 0,0-0,0 #1020002 android:id/content}time =415 ms
1788691519.449 10311 31552 31552 D View    : [ANR Warning]onMeasure time too long, this =android.widget.FrameLayout{3ce6276 V.E...... ......I. 0,0-0,0}time =415 ms
1788691519.449 10311 31552 31552 D View    : [ANR Warning]onMeasure time too long, this =DecorView@a5ae7be[MainActivity]time =415 ms
1788691519.529 10311 31552 31627 W libc    : Access denied finding property "ro.vendor.display.iris_x7.support"
1788691519.534 10311 31552 31627 E om.unique:vapp0: FrameInsert open fail: No such file or directory
1788691519.563 10311 31552 31552 I cr_CombinedPProvider: #registerProvider() provider:WV.sj@77c604 isPolicyCacheEnabled:false policyProvidersSize:0
1788691519.564 10311 31552 31552 I cr_PolicyProvider: #setManagerAndSource() 0
1788691519.566 10311 31552 31828 I cr_policy: registerReceiver succeeded after 1ms
1788691519.567 10311 31552 31552 I cr_DisplayManager: Is Display Topology available: false
1788691519.572 10311 31552 31833 D Unique  : 2026-09-06 17:45:19.572 D PROCESS u0 com.openai.chatgpt SERVICE_CONNECTION_WRAPPED connection=WV.nv
1788691519.585 10311 31552 31833 D Unique  : 2026-09-06 17:45:19.583 D PROCESS u0 com.openai.chatgpt SERVICE_CONNECTION_WRAPPED connection=WV.nv
1788691519.725 10311 31552 31552 D Unique  : 2026-09-06 17:45:19.724 D LAUNCH u0 com.openai.chatgpt NO_LAUNCH_ITEM transaction=android.app.servertransaction.ClientTransaction shape=CREATOR: mActivityCallbacks:[WindowStateResizeItem] mActivityToken:null mClient:null mLifecycleStateRequest:null mTransactionItems:[WindowStateResizeItem] seen=8
1788691519.727 10311 31552 31552 D Unique  : 2026-09-06 17:45:19.726 D LAUNCH u0 com.openai.chatgpt NO_LAUNCH_ITEM transaction=android.app.servertransaction.ClientTransaction shape=CREATOR: mActivityCallbacks:[WindowStateInsetsControlChangeItem] mActivityToken:null mClient:null mLifecycleStateRequest:null mTransactionItems:[WindowStateInsetsControlChangeItem] seen=9
1788691519.728 10311 31552 31552 D Unique  : 2026-09-06 17:45:19.727 D LAUNCH u0 com.openai.chatgpt NO_LAUNCH_ITEM transaction=android.app.servertransaction.ClientTransaction shape=CREATOR: mActivityCallbacks:[WindowStateInsetsControlChangeItem] mActivityToken:null mClient:null mLifecycleStateRequest:null mTransactionItems:[WindowStateInsetsControlChangeItem] seen=10
1788691519.777 10311 31552 31552 I cr_CombinedPProvider: #linkNativeInternal() 1
1788691519.779 10311 31552 31552 I cr_AppResProvider: #getApplicationRestrictionsFromUserManager() Only system may: get application restrictions for other user/app com.openai.chatgpt
1788691519.779 10311 31552 31552 I cr_PolicyProvider: #notifySettingsAvailable() 0
1788691519.780 10311 31552 31552 I cr_CombinedPProvider: #onSettingsAvailable() 0
1788691519.780 10311 31552 31552 I cr_CombinedPProvider: #flushPolicies()
1788691519.973 10311 31552 31552 W RemoteInputConnectionImpl: requestCursorUpdates on inactive InputConnection
1788691520.072 10311 31552 31552 D Unique  : 2026-09-06 17:45:20.070 D LAUNCH u0 com.openai.chatgpt NO_LAUNCH_ITEM transaction=android.app.servertransaction.ClientTransaction shape=CREATOR: mActivityCallbacks:[WindowStateResizeItem|WindowStateResizeItem] mActivityToken:null mClient:null mLifecycleStateRequest:null mTransactionItems:[WindowStateResizeItem|WindowStateResizeItem] seen=11
1788691520.078 10311 31552 31552 D Unique  : 2026-09-06 17:45:20.073 D LAUNCH u0 com.openai.chatgpt NO_LAUNCH_ITEM transaction=android.app.servertransaction.ClientTransaction shape=CREATOR: mActivityCallbacks:[WindowStateInsetsControlChangeItem] mActivityToken:null mClient:null mLifecycleStateRequest:null mTransactionItems:[WindowStateInsetsControlChangeItem] seen=12
1788691520.092 10311 31552 31552 D Unique  : 2026-09-06 17:45:20.090 D LAUNCH u0 com.openai.chatgpt NO_LAUNCH_ITEM transaction=android.app.servertransaction.ClientTransaction shape=CREATOR: mActivityCallbacks:[WindowStateInsetsControlChangeItem] mActivityToken:null mClient:null mLifecycleStateRequest:null mTransactionItems:[WindowStateInsetsControlChangeItem] seen=13
1788691520.100 10311 31552 31552 W cr_PlatformSer-Internal: Unable to find GMS package on device
1788691520.152 10311 31552 31556 I om.unique:vapp0: Compiler allocated 14MB to compile void dbf.d(hqx, ffp, kotlin.jvm.functions.Function0, kotlin.jvm.functions.Function0, kotlin.jvm.functions.Function1, kotlin.jvm.functions.Function0, kotlin.jvm.functions.Function0, g1k, ant, kotlin.jvm.functions.Function2, kotlin.jvm.functions.Function3, xup, int, int, int)
1788691520.253 10311 31552 31552 D Unique  : 2026-09-06 17:45:20.251 D PROCESS u0 com.openai.chatgpt PERMISSION_CHECK permission=android.permission.INTERNET result=GRANTED
1788691520.258 10311 31552 31552 I cr_AppResProvider: #getApplicationRestrictionsFromUserManager() Only system may: get application restrictions for other user/app com.openai.chatgpt
1788691520.258 10311 31552 31552 I cr_PolicyProvider: #notifySettingsAvailable() 0
1788691520.258 10311 31552 31552 I cr_CombinedPProvider: #onSettingsAvailable() 0
1788691520.258 10311 31552 31552 I cr_CombinedPProvider: #flushPolicies()
1788691520.259 10311 31552 31913 I CameraManagerGlobal: Connecting to camera service
1788691520.287 10311 31552 31913 D CameraExtStub: init android.hardware.camera2.impl.CameraExtImplXiaoMi
1788691520.305 10311 30573 30701 W Unique  : 2026-09-06 17:45:20.303 W PROCESS PROVIDER_ROUTE_UNKNOWN vuid=0 authority=[redacted]
1788691520.623 10311 31552 31552 D Unique  : 2026-09-06 17:45:20.621 D LAUNCH u0 com.openai.chatgpt NO_LAUNCH_ITEM transaction=android.app.servertransaction.ClientTransaction shape=CREATOR: mActivityCallbacks:[WindowStateResizeItem|WindowStateResizeItem] mActivityToken:null mClient:null mLifecycleStateRequest:null mTransactionItems:[WindowStateResizeItem|WindowStateResizeItem] seen=14
1788691520.637 10311 31552 31552 D Unique  : 2026-09-06 17:45:20.633 D LAUNCH u0 com.openai.chatgpt NO_LAUNCH_ITEM transaction=android.app.servertransaction.ClientTransaction shape=CREATOR: mActivityCallbacks:[WindowStateResizeItem|WindowStateResizeItem] mActivityToken:null mClient:null mLifecycleStateRequest:null mTransactionItems:[WindowStateResizeItem|WindowStateResizeItem] seen=15
1788691520.652 10311 31552 31913 W libc    : Access denied finding property "vendor.camera.aux.packagelist"
1788691520.652 10311 31552 31913 W libc    : Access denied finding property "vendor.camera.aux.packagelistext"
1788691520.652 10311 31552 31913 W CameraExtImplXiaoMi: ignore the status update of camera: 2
1788691520.652 10311 31552 31913 W libc    : Access denied finding property "vendor.camera.aux.packagelist"
1788691520.652 10311 31552 31913 W libc    : Access denied finding property "vendor.camera.aux.packagelistext"
1788691520.653 10311 31552 31913 W CameraExtImplXiaoMi: ignore the status update of camera: 3
1788691520.653 10311 31552 31913 W libc    : Access denied finding property "vendor.camera.aux.packagelist"
1788691520.653 10311 31552 31913 W libc    : Access denied finding property "vendor.camera.aux.packagelistext"
1788691520.653 10311 31552 31913 W CameraExtImplXiaoMi: ignore the status update of camera: 4
1788691520.658 10311 31552 31680 W om.unique:vapp0: PerfMonitor async binderTransact :  time=375ms interface=android.hardware.ICameraServiceListener code=3
1788691520.659 10311 31552 31680 W libc    : Access denied finding property "vendor.camera.aux.packagelist"
1788691520.659 10311 31552 31680 W libc    : Access denied finding property "vendor.camera.aux.packagelistext"
1788691520.660 10311 31552 31680 W CameraManagerGlobal: ignore the torch status update of camera: 2
1788691520.660 10311 31552 31680 W libc    : Access denied finding property "vendor.camera.aux.packagelist"
1788691520.660 10311 31552 31680 W libc    : Access denied finding property "vendor.camera.aux.packagelistext"
1788691520.660 10311 31552 31680 W CameraManagerGlobal: ignore the torch status update of camera: 3
1788691520.661 10311 31552 31680 W libc    : Access denied finding property "vendor.camera.aux.packagelist"
1788691520.661 10311 31552 31680 W libc    : Access denied finding property "vendor.camera.aux.packagelistext"
1788691520.661 10311 31552 31680 W CameraManagerGlobal: ignore the torch status update of camera: 4
1788691520.697 10311 30573 31527 I Unique  : 2026-09-06 17:45:20.696 I STORAGE PACKAGE_IMPORTED package=com.gordey.standarling versionCode=1090 splits=1 libs=16 abi=arm64-v8a bytes=1671480385 readOnlyApks=1
1788691520.733 10311 30573 31527 I Unique  : 2026-09-06 17:45:20.732 I STORAGE INSTANCE_PREPARED vuid=2 package=com.gordey.standarling created=12
1788691520.742 10311 30573 31527 I Unique  : 2026-09-06 17:45:20.740 I STORAGE INSTANCE_CREATED package=com.gordey.standarling vuid=2 name=Profile 1 androidId=dee8e699a8e5b46d
1788691520.745 10311 30573 31527 I Unique  : 2026-09-06 17:45:20.744 I STORAGE GUEST_OBB_IMPORT outcome=SOURCE_UNREADABLE files=0 bytes=0 source=/storage/emulated/0/Android/obb/com.gordey.standarling detail=/storage/emulated/0/Android/obb is not readable by UNIQUE; grant all-files access, or add the files by hand package=com.gordey.standarling vuid=2
1788691520.792 10311 30573 31523 I Unique  : 2026-09-06 17:45:20.791 I PROCESS BROADCAST_ROUTES_REGISTERED package=com.openai.chatgpt vuid=0 routes=9 actions=androidx.work.impl.background.systemalarm.UpdateProxies,android.intent.action.MEDIA_MOUNTED,androidx.profileinstaller.action.SKIP_FILE,com.facebook.sdk.ACTION_CURRENT_ACCESS_TOKEN_CHANGED,com.a0soft.gphone.acc.ActionClearAppCachesFinished,android.intent.action.MY_PACKAGE_SUSPENDED,androidx.profilein
1788691520.794 10311 30573 31523 I Unique  : 2026-09-06 17:45:20.793 I PROCESS PROVIDER_ROUTES_REGISTERED package=com.openai.chatgpt vuid=0 authorities=[redacted]
1788691520.813 10311 30573 31523 I Unique  : 2026-09-06 17:45:20.812 I PROCESS BROADCAST_ROUTES_REGISTERED package=com.axlebolt.standoff2 vuid=1 routes=12 actions=androidx.work.impl.background.systemalarm.UpdateProxies,android.intent.action.MEDIA_MOUNTED,androidx.profileinstaller.action.SKIP_FILE,com.facebook.sdk.ACTION_CURRENT_ACCESS_TOKEN_CHANGED,com.a0soft.gphone.acc.ActionClearAppCachesFinished,android.intent.action.MY_PACKAGE_SUSPENDED,androidx.profilein
1788691520.815 10311 30573 31523 I Unique  : 2026-09-06 17:45:20.814 I PROCESS PROVIDER_ROUTES_REGISTERED package=com.axlebolt.standoff2 vuid=1 authorities=[redacted]
1788691520.825 10311 30573 31523 I Unique  : 2026-09-06 17:45:20.824 I PROCESS BROADCAST_ROUTES_REGISTERED package=com.gordey.standarling vuid=2 routes=3 actions=androidx.work.impl.background.systemalarm.UpdateProxies,android.intent.action.MEDIA_MOUNTED,androidx.profileinstaller.action.SKIP_FILE,com.facebook.sdk.ACTION_CURRENT_ACCESS_TOKEN_CHANGED,com.a0soft.gphone.acc.ActionClearAppCachesFinished,android.intent.action.MY_PACKAGE_SUSPENDED,androidx.profilein
1788691520.827 10311 30573 31523 I Unique  : 2026-09-06 17:45:20.826 I PROCESS PROVIDER_ROUTES_REGISTERED package=com.gordey.standarling vuid=2 authorities=[redacted]
1788691520.828 10311 30573 31523 I Unique  : 2026-09-06 17:45:20.827 I PROCESS BROADCAST_ROUTER_READY instances=3 actions=27 authorities=[redacted]
1788691520.899 10311 30573 31531 I Unique  : 2026-09-06 17:45:20.898 I STORAGE GUEST_INFO_RESOLVED package=com.gordey.standarling label=Standarling icon=true
1788691521.360 10311 31552 31552 W MirrorManager: this model don't Support
1788691521.481 10311 31552 31552 D Unique  : 2026-09-06 17:45:21.481 D PROCESS u0 com.openai.chatgpt PERMISSION_CHECK permission=android.permission.POST_NOTIFICATIONS result=DENIED
1788691521.553 10311 31552 31707 D Unique  : 2026-09-06 17:45:21.552 D PROCESS u0 com.openai.chatgpt SERVICE_INTENT_CROSS_APP action=com.google.android.play.core.expressintegrityservice.BIND_EXPRESS_INTEGRITY_SERVICE target=com.android.vending
1788691521.554 10311 31552 31707 D Unique  : 2026-09-06 17:45:21.554 D PROCESS u0 com.openai.chatgpt SERVICE_CONNECTION_WRAPPED connection=zvx
1788691521.606 10311 31552 31552 D Unique  : 2026-09-06 17:45:21.606 D LAUNCH u0 com.openai.chatgpt ACTIVITY_INTENT_ROUTED activity=com.openai.feature.auth.impl.web.WebAuthenticationActivity stub=com.unique.stub.ActivityStub_p0_m2_a0 launchMode=2
1788691521.635 10311 31552 31552 D Unique  : 2026-09-06 17:45:21.634 D LAUNCH u0 com.openai.chatgpt NO_LAUNCH_ITEM transaction=android.app.servertransaction.ClientTransaction shape=CREATOR: mActivityCallbacks:[TopResumedActivityChangeItem] mActivityToken:BinderProxy mClient:null mLifecycleStateRequest:PauseActivityItem mTransactionItems:[TopResumedActivityChangeItem|PauseActivityItem] seen=16
1788691521.741 10311 31552 31552 I Unique  : 2026-09-06 17:45:21.740 I LAUNCH u0 com.openai.chatgpt TRANSACTION_REWRITTEN package=com.openai.chatgpt activity=com.openai.feature.auth.impl.web.WebAuthenticationActivity vuid=0 item=LaunchActivityItem theme=16973840
1788691521.741 10311 31552 31552 I ActivityThread: HardwareRenderer preload  done
1788691521.746 10311 31552 31552 I Unique  : 2026-09-06 17:45:21.744 I LAUNCH u0 com.openai.chatgpt ACTIVITY_HARDWARE_ACCELERATED activity=com.openai.feature.auth.impl.web.WebAuthenticationActivity fromActivityInfo=false applied=true
1788691521.750 10311 31552 31552 V PhoneWindowStubImpl: modifyNavigationBarColor from -16777216 to -1
1788691521.763 10311 31552 31552 D Unique  : 2026-09-06 17:45:21.762 D PROCESS u0 com.openai.chatgpt SERVICE_INTENT_CROSS_APP action=android.support.customtabs.action.CustomTabsService target=com.android.chrome
1788691521.764 10311 31552 31552 D Unique  : 2026-09-06 17:45:21.763 D PROCESS u0 com.openai.chatgpt SERVICE_CONNECTION_WRAPPED connection=w6f0
1788691521.775 10311 31552 31552 D MiuiCameraCoveredManager: java.lang.NullPointerException: Attempt to invoke virtual method 'java.lang.String android.provider.MiuiSettings$SettingsCloudData$CloudData.getString(java.lang.String, java.lang.String)' on a null object reference
1788691521.777 10311 31552 31627 W libc    : Access denied finding property "ro.vendor.display.iris_x7.support"
1788691521.781 10311 31552 31552 D VRI[WebAuthenticationActivity]: hardware acceleration = true, forceHwAccelerated = false
1788691521.787 10311 31552 31552 D InputEventReceiver: Input log is disabled in InputEventReceiver.
1788691521.788 10311 31552 31552 D Unique  : 2026-09-06 17:45:21.788 D LAUNCH u0 com.openai.chatgpt NO_LAUNCH_ITEM transaction=android.app.servertransaction.ClientTransaction shape=CREATOR: mActivityCallbacks:[TopResumedActivityChangeItem] mActivityToken:BinderProxy mClient:null mLifecycleStateRequest:null mTransactionItems:[TopResumedActivityChangeItem] seen=18
1788691521.815 10311 31552 31552 D VRI[WebAuthenticationActivity]: vri.reportNextDraw android.view.ViewRootImpl.performTraversals:4936 android.view.ViewRootImpl.doTraversal:3546 android.view.ViewRootImpl$TraversalRunnable.run:11690 android.view.Choreographer$CallbackRecord.run:1763 android.view.Choreographer$CallbackRecord.run:1772
1788691521.815 10311 31552 31552 D VRI[WebAuthenticationActivity]: Setup new sync=wmsSync-VRI[WebAuthenticationActivity]#6
1788691521.820 10311 31552 31552 D VRI[WebAuthenticationActivity]: vri.reportDrawFinished
1788691521.839 10311 31552 31552 I Unique  : 2026-09-06 17:45:21.839 I LAUNCH u0 com.openai.chatgpt ACTIVITY_IMPLICIT_LEFT_GUEST action=android.intent.action.VIEW data=https package=com.openai.chatgpt handledByHost=com.android.chrome detail=no activity of the guest matches; the host's own apps answer this intent, with the host's data
1788691521.915 10311 31552 31552 D Unique  : 2026-09-06 17:45:21.914 D LAUNCH u0 com.openai.chatgpt NO_LAUNCH_ITEM transaction=android.app.servertransaction.ClientTransaction shape=CREATOR: mActivityCallbacks:[WindowStateInsetsControlChangeItem] mActivityToken:null mClient:null mLifecycleStateRequest:null mTransactionItems:[WindowStateInsetsControlChangeItem] seen=19
1788691521.916 10311 31552 31552 D Unique  : 2026-09-06 17:45:21.915 D LAUNCH u0 com.openai.chatgpt NO_LAUNCH_ITEM transaction=android.app.servertransaction.ClientTransaction shape=CREATOR: mActivityCallbacks:[WindowStateInsetsControlChangeItem] mActivityToken:null mClient:null mLifecycleStateRequest:null mTransactionItems:[WindowStateInsetsControlChangeItem] seen=20
1788691521.936 10311 31552 31552 D Unique  : 2026-09-06 17:45:21.934 D LAUNCH u0 com.openai.chatgpt NO_LAUNCH_ITEM transaction=android.app.servertransaction.ClientTransaction shape=CREATOR: mActivityCallbacks:null mActivityToken:BinderProxy mClient:null mLifecycleStateRequest:StopActivityItem mTransactionItems:[StopActivityItem] seen=21
1788691521.949 10311 31552 31552 D Unique  : 2026-09-06 17:45:21.947 D LAUNCH u0 com.openai.chatgpt NO_LAUNCH_ITEM transaction=android.app.servertransaction.ClientTransaction shape=CREATOR: mActivityCallbacks:[TopResumedActivityChangeItem] mActivityToken:BinderProxy mClient:null mLifecycleStateRequest:PauseActivityItem mTransactionItems:[TopResumedActivityChangeItem|PauseActivityItem] seen=22
1788691521.972 10311 31552 31588 I Unique  : 2026-09-06 17:45:21.970 I PROCESS u0 com.openai.chatgpt JOB_SCHEDULED service=androidx.work.impl.background.systemjob.SystemJobService virtualJobId=0 hostJobId=0 stub=com.unique.stub.JobStub_p0
1788691521.980 10311 31552 31588 I Unique  : 2026-09-06 17:45:21.979 I PROCESS u0 com.openai.chatgpt COMPONENT_STATE_SET package=com.openai.chatgpt vuid=0 component=androidx.work.impl.background.systemalarm.RescheduleReceiver state=1
1788691522.035 10311 31552 31556 I om.unique:vapp0: Compiler allocated 4893KB to compile void qji.<init>(boolean, otc0, xi, bj5, qnx, jbb0, java.util.List, java.lang.String, java.lang.String, l930, jgf, boolean, boolean, boolean, r4f, boolean, l86, cuh, hn9, wl9, kvg, u9h, jzh, ujp, java.lang.String, java.util.List, fxm, rgz, java.util.Map, a84, java.lang.String, boolean, boolean, boolean, java.util.Set, inl, boolean, tbi, boolean, boolean, jg4, h6i, java.lang.String, e7i, t7e0, d6o, boolean, boolean, boolean, boolean, boolean, boolean, boolean, java.lang.String, java.util.List, boolean, java.lang.Boolean, jfa0, boolean, java.lang.Boolean, boolean, java.lang.Float, java.lang.String, cml, boolean, boolean, boolean, boolean, boolean, yb50, java.lang.String, boolean, boolean, boolean, boolean, n970, boolean, jtg, java.util.List, v7z, pnf0, zp9, boolean, boolean, boolean, iov, java.util.List, k7e0, ui00, ia1, boolean, boolean, boolean, boolean, boolean, boolean, boolean, boolean, uvh, q6, boolean, qmc0, boolean, uch, boolean, boolean, boolean, boolean, pji, int, boolean, boolean, ig3, gg3, boolean, yzt, yzt, yzt, fvr, boolean, xk3, boolean, boolean, jwh, boolean, java.lang.Boolean, boolean, boolean, dyg, boolean, boolean, boolean, eft, java.lang.Boolean, yzt, boolean)
1788691522.038 10311 31552 31552 D Unique  : 2026-09-06 17:45:22.037 D LAUNCH u0 com.openai.chatgpt NO_LAUNCH_ITEM transaction=android.app.servertransaction.ClientTransaction shape=CREATOR: mActivityCallbacks:[WindowStateInsetsControlChangeItem] mActivityToken:null mClient:null mLifecycleStateRequest:null mTransactionItems:[WindowStateInsetsControlChangeItem] seen=23
1788691522.040 10311 31552 31552 D Unique  : 2026-09-06 17:45:22.039 D LAUNCH u0 com.openai.chatgpt NO_LAUNCH_ITEM transaction=android.app.servertransaction.ClientTransaction shape=CREATOR: mActivityCallbacks:[WindowStateInsetsControlChangeItem] mActivityToken:null mClient:null mLifecycleStateRequest:null mTransactionItems:[WindowStateInsetsControlChangeItem] seen=24
1788691522.062 10311 31552 31552 D Unique  : 2026-09-06 17:45:22.062 D PROCESS u0 com.openai.chatgpt CREATE_SERVICE_UNMAPPED stub=com.unique.stub.JobStub_p0
1788691522.069 10311 31552 31552 E Unique  : 2026-09-06 17:45:22.069 E PROCESS u0 com.openai.chatgpt JOB_SLOT_MISMATCH slotServes=0 jobWants=1
1788691522.070 10311 31552 31552 E Unique  : 2026-09-06 17:45:22.069 E PROCESS u0 com.openai.chatgpt JOB_BOOTSTRAP_FAILED hostJobId=1454688 package=com.a0soft.gphone.acc.free service=com.google.android.datatransport.runtime.scheduling.jobscheduling.JobInfoSchedulerService
1788691522.070 10311 31552 31552 E Unique  : 2026-09-06 17:45:22.070 E PROCESS u0 com.openai.chatgpt STUB_JOB_NOT_ROUTED slot=0 hostJobId=1454688 vuid=1 reason=bootstrap failed
1788691522.268 10311 31552 31888 D Unique  : 2026-09-06 17:45:22.267 D PROCESS u0 com.openai.chatgpt SERVICE_CONNECTION_WRAPPED connection=WV.xx2
1788691522.275 10311 31552 31888 D Unique  : 2026-09-06 17:45:22.274 D PROCESS u0 com.openai.chatgpt SERVICE_CONNECTION_WRAPPED connection=WV.ne
1788691522.437 10311 31552 31552 D Unique  : 2026-09-06 17:45:22.436 D LAUNCH u0 com.openai.chatgpt NO_LAUNCH_ITEM transaction=android.app.servertransaction.ClientTransaction shape=CREATOR: mActivityCallbacks:[WindowStateInsetsControlChangeItem] mActivityToken:null mClient:null mLifecycleStateRequest:null mTransactionItems:[WindowStateInsetsControlChangeItem] seen=25
1788691522.488 10311 31552 31552 D Unique  : 2026-09-06 17:45:22.487 D LAUNCH u0 com.openai.chatgpt NO_LAUNCH_ITEM transaction=android.app.servertransaction.ClientTransaction shape=CREATOR: mActivityCallbacks:[WindowStateInsetsControlChangeItem] mActivityToken:null mClient:null mLifecycleStateRequest:null mTransactionItems:[WindowStateInsetsControlChangeItem] seen=26
1788691523.167 10311 31552 31557 I om.unique:vapp0: Background young concurrent mark compact GC freed 14MB AllocSpace bytes, 81(1976KB) LOS objects, 34% free, 36MB/56MB, paused 2.198ms,1.602ms total 104.948ms
1788691523.171 10311 31552 31558 I BpBinder: onLastStrongRef automatically unlinking death recipients:
1788691523.755 10311 31552 31552 D Unique  : 2026-09-06 17:45:23.750 D LAUNCH u0 com.openai.chatgpt NO_LAUNCH_ITEM transaction=android.app.servertransaction.ClientTransaction shape=CREATOR: mActivityCallbacks:[WindowStateInsetsControlChangeItem] mActivityToken:null mClient:null mLifecycleStateRequest:null mTransactionItems:[WindowStateInsetsControlChangeItem] seen=27
1788691524.125 10311 31552 31552 D Unique  : 2026-09-06 17:45:24.123 D LAUNCH u0 com.openai.chatgpt NO_LAUNCH_ITEM transaction=android.app.servertransaction.ClientTransaction shape=CREATOR: mActivityCallbacks:[WindowStateInsetsControlChangeItem] mActivityToken:null mClient:null mLifecycleStateRequest:null mTransactionItems:[WindowStateInsetsControlChangeItem] seen=28
1788691524.682 10311 31552 31552 D VRI[WebAuthenticationActivity]: visibilityChanged oldVisibility=true newVisibility=false
1788691524.713 10311 31552 31552 D Unique  : 2026-09-06 17:45:24.712 D LAUNCH u0 com.openai.chatgpt NO_LAUNCH_ITEM transaction=android.app.servertransaction.ClientTransaction shape=CREATOR: mActivityCallbacks:null mActivityToken:BinderProxy mClient:null mLifecycleStateRequest:StopActivityItem mTransactionItems:[StopActivityItem] seen=29
1788691524.729 10311 31552 31552 D Unique  : 2026-09-06 17:45:24.727 D PROCESS u0 com.openai.chatgpt PERMISSION_CHECK permission=android.permission.POST_NOTIFICATIONS result=DENIED
1788691527.969 10311 30520 30563 E SQLiteLog: (1032) statement aborts at 50: [DELETE FROM events WHERE _id in (1,3)] attempt to write a readonly database
1788691528.027 10311 31552 31587 I Unique  : 2026-09-06 17:45:28.026 I PROCESS u0 com.openai.chatgpt COMPONENT_STATE_SET package=com.openai.chatgpt vuid=0 component=androidx.work.impl.background.systemalarm.RescheduleReceiver state=2
1788691530.327 10311 31552 31557 I om.unique:vapp0: Background young concurrent mark compact GC freed 14MB AllocSpace bytes, 136(26MB) LOS objects, 0% free, 72MB/72MB, paused 2.030ms,3.506ms total 279.640ms
1788691531.047 10311 31552 31557 I om.unique:vapp0: Background concurrent mark compact GC freed 5704KB AllocSpace bytes, 62(27MB) LOS objects, 37% free, 39MB/63MB, paused 2.566ms,4.956ms total 718.431ms
1788691531.047 10311 31552 31558 I BpBinder: onLastStrongRef automatically unlinking death recipients:
1788691537.280 10311 31552 31810 W FirebaseMessaging: Service took too long to process intent: com.google.firebase.messaging.NEW_TOKEN finishing.
1788691541.562 10311 31552 31552 D Unique  : 2026-09-06 17:45:41.549 D LAUNCH u0 com.openai.chatgpt NO_LAUNCH_ITEM transaction=android.app.servertransaction.ClientTransaction shape=CREATOR: mActivityCallbacks:[TopResumedActivityChangeItem|ActivityResultItem] mActivityToken:BinderProxy mClient:null mLifecycleStateRequest:ResumeActivityItem mTransactionItems:[TopResumedActivityChangeItem|ActivityResultItem|ResumeActivityItem] seen=30
1788691541.577 10311 31552 31552 D Unique  : 2026-09-06 17:45:41.575 D PROCESS u0 com.openai.chatgpt PERMISSION_CHECK permission=android.permission.POST_NOTIFICATIONS result=DENIED
1788691541.597 10311 31552 31552 D Unique  : 2026-09-06 17:45:41.597 D LAUNCH u0 com.openai.chatgpt NO_LAUNCH_ITEM transaction=android.app.servertransaction.ClientTransaction shape=CREATOR: mActivityCallbacks:[WindowStateResizeItem] mActivityToken:null mClient:null mLifecycleStateRequest:null mTransactionItems:[WindowStateResizeItem] seen=31
1788691541.614 10311 31552 31552 D VRI[WebAuthenticationActivity]: vri.reportNextDraw android.view.ViewRootImpl.performTraversals:4936 android.view.ViewRootImpl.doTraversal:3546 android.view.ViewRootImpl$TraversalRunnable.run:11690 android.view.Choreographer$CallbackRecord.run:1763 android.view.Choreographer$CallbackRecord.run:1772
1788691541.616 10311 31552 31552 D VRI[WebAuthenticationActivity]: Setup new sync=wmsSync-VRI[WebAuthenticationActivity]#8
1788691541.626 10311 31552 31552 D VRI[WebAuthenticationActivity]: vri.reportDrawFinished
1788691541.665 10311 31552 31552 D Unique  : 2026-09-06 17:45:41.662 D LAUNCH u0 com.openai.chatgpt NO_LAUNCH_ITEM transaction=android.app.servertransaction.ClientTransaction shape=CREATOR: mActivityCallbacks:[WindowStateInsetsControlChangeItem] mActivityToken:null mClient:null mLifecycleStateRequest:null mTransactionItems:[WindowStateInsetsControlChangeItem] seen=32
1788691541.670 10311 31552 31552 D Unique  : 2026-09-06 17:45:41.668 D LAUNCH u0 com.openai.chatgpt NO_LAUNCH_ITEM transaction=android.app.servertransaction.ClientTransaction shape=CREATOR: mActivityCallbacks:[TopResumedActivityChangeItem] mActivityToken:BinderProxy mClient:null mLifecycleStateRequest:PauseActivityItem mTransactionItems:[TopResumedActivityChangeItem|PauseActivityItem] seen=33
1788691541.765 10311 31552 31552 D Unique  : 2026-09-06 17:45:41.763 D LAUNCH u0 com.openai.chatgpt NO_LAUNCH_ITEM transaction=android.app.servertransaction.ClientTransaction shape=CREATOR: mActivityCallbacks:[TopResumedActivityChangeItem] mActivityToken:BinderProxy mClient:null mLifecycleStateRequest:ResumeActivityItem mTransactionItems:[TopResumedActivityChangeItem|ResumeActivityItem] seen=34
1788691541.835 10311 31552 31644 D Unique  : 2026-09-06 17:45:41.833 D PROCESS u0 com.openai.chatgpt SERVICE_INTENT_CROSS_APP action=com.google.android.play.core.install.BIND_UPDATE_SERVICE target=com.android.vending
1788691541.839 10311 31552 31644 D Unique  : 2026-09-06 17:45:41.838 D PROCESS u0 com.openai.chatgpt SERVICE_CONNECTION_WRAPPED connection=zvx
1788691541.842 10311 31552 31552 D Unique  : 2026-09-06 17:45:41.841 D LAUNCH u0 com.openai.chatgpt NO_LAUNCH_ITEM transaction=android.app.servertransaction.ClientTransaction shape=CREATOR: mActivityCallbacks:[WindowStateInsetsControlChangeItem] mActivityToken:null mClient:null mLifecycleStateRequest:null mTransactionItems:[WindowStateInsetsControlChangeItem] seen=35
1788691542.155 10311 31552 31552 D Unique  : 2026-09-06 17:45:42.154 D LAUNCH u0 com.openai.chatgpt NO_LAUNCH_ITEM transaction=android.app.servertransaction.ClientTransaction shape=CREATOR: mActivityCallbacks:[WindowStateInsetsControlChangeItem] mActivityToken:null mClient:null mLifecycleStateRequest:null mTransactionItems:[WindowStateInsetsControlChangeItem] seen=36
1788691542.209 10311 31552 31552 D VRI[WebAuthenticationActivity]: visibilityChanged oldVisibility=true newVisibility=false
1788691542.238 10311 31552 31552 D Unique  : 2026-09-06 17:45:42.237 D LAUNCH u0 com.openai.chatgpt NO_LAUNCH_ITEM transaction=android.app.servertransaction.ClientTransaction shape=CREATOR: mActivityCallbacks:null mActivityToken:BinderProxy mClient:null mLifecycleStateRequest:DestroyActivityItem mTransactionItems:[DestroyActivityItem] seen=37
1788691542.254 10311 31552 31552 W WindowOnBackDispatcher: sendCancelIfRunning: isInProgress=false callback=android.view.ViewRootImpl$$ExternalSyntheticLambda12@6f2f067
1788691542.260 10311 31552 31552 D View    : [Warning] assignParent to null: this = DecorView@699ab7c[WebAuthenticationActivity]
1788691542.274 10311 31552 31552 D Unique  : 2026-09-06 17:45:42.273 D LAUNCH u0 com.openai.chatgpt NO_LAUNCH_ITEM transaction=android.app.servertransaction.ClientTransaction shape=CREATOR: mActivityCallbacks:[WindowStateInsetsControlChangeItem] mActivityToken:null mClient:null mLifecycleStateRequest:null mTransactionItems:[WindowStateInsetsControlChangeItem] seen=38
1788691542.285 10311 31552 31584 I Unique  : 2026-09-06 17:45:42.284 I PROCESS u0 com.openai.chatgpt JOB_SCHEDULED service=androidx.work.impl.background.systemjob.SystemJobService virtualJobId=1 hostJobId=1 stub=com.unique.stub.JobStub_p0
1788691542.286 10311 31552 31552 D Unique  : 2026-09-06 17:45:42.285 D LAUNCH u0 com.openai.chatgpt NO_LAUNCH_ITEM transaction=android.app.servertransaction.ClientTransaction shape=CREATOR: mActivityCallbacks:[WindowStateResizeItem|WindowStateResizeItem] mActivityToken:null mClient:null mLifecycleStateRequest:null mTransactionItems:[WindowStateResizeItem|WindowStateResizeItem] seen=39
1788691542.296 10311 31552 31584 I Unique  : 2026-09-06 17:45:42.293 I PROCESS u0 com.openai.chatgpt COMPONENT_STATE_SET package=com.openai.chatgpt vuid=0 component=androidx.work.impl.background.systemalarm.RescheduleReceiver state=1
1788691542.443 10311 31552 31657 W statsig::Http: java.io.InterruptedIOException: timeout
1788691542.474 10311 31552 31707 D Unique  : 2026-09-06 17:45:42.471 D PROCESS u0 com.openai.chatgpt SERVICE_INTENT_CROSS_APP action=com.google.android.play.core.expressintegrityservice.BIND_EXPRESS_INTEGRITY_SERVICE target=com.android.vending
1788691542.475 10311 31552 31707 D Unique  : 2026-09-06 17:45:42.474 D PROCESS u0 com.openai.chatgpt SERVICE_CONNECTION_WRAPPED connection=zvx
1788691542.525 10311 31552 31689 W statsig::Http: java.io.InterruptedIOException: timeout
1788691542.549 10311 31552 31552 D Unique  : 2026-09-06 17:45:42.548 D LAUNCH u0 com.openai.chatgpt NO_LAUNCH_ITEM transaction=android.app.servertransaction.ClientTransaction shape=CREATOR: mActivityCallbacks:[WindowStateResizeItem|WindowStateResizeItem] mActivityToken:null mClient:null mLifecycleStateRequest:null mTransactionItems:[WindowStateResizeItem|WindowStateResizeItem] seen=40
1788691542.560 10311 31552 31552 D Unique  : 2026-09-06 17:45:42.557 D LAUNCH u0 com.openai.chatgpt NO_LAUNCH_ITEM transaction=android.app.servertransaction.ClientTransaction shape=CREATOR: mActivityCallbacks:[WindowStateResizeItem|WindowStateResizeItem] mActivityToken:null mClient:null mLifecycleStateRequest:null mTransactionItems:[WindowStateResizeItem|WindowStateResizeItem] seen=41
1788691542.569 10311 31552 31552 D Unique  : 2026-09-06 17:45:42.565 D LAUNCH u0 com.openai.chatgpt NO_LAUNCH_ITEM transaction=android.app.servertransaction.ClientTransaction shape=CREATOR: mActivityCallbacks:[TopResumedActivityChangeItem] mActivityToken:BinderProxy mClient:null mLifecycleStateRequest:null mTransactionItems:[TopResumedActivityChangeItem] seen=42
1788691542.678 10311 31552 31552 D Unique  : 2026-09-06 17:45:42.677 D LAUNCH u0 com.openai.chatgpt NO_LAUNCH_ITEM transaction=android.app.servertransaction.ClientTransaction shape=CREATOR: mActivityCallbacks:[WindowStateInsetsControlChangeItem] mActivityToken:null mClient:null mLifecycleStateRequest:null mTransactionItems:[WindowStateInsetsControlChangeItem] seen=43
1788691542.752 10311 30573 30588 W com.unique: ApkAssets: Deleting an ApkAssets object '<empty> and /data/user/0/com.unique/files/virtual/apk/com.gordey.standarling/1090/base.apk' with 1 weak references
1788691542.943 10311 31552 32236 W statsig::Http: java.io.InterruptedIOException: timeout
1788691542.976 10311 31552 31664 W statsig::Http: java.io.InterruptedIOException: timeout
1788691543.143 10311 31552 31552 D Unique  : 2026-09-06 17:45:43.143 D LAUNCH u0 com.openai.chatgpt NO_LAUNCH_ITEM transaction=android.app.servertransaction.ClientTransaction shape=CREATOR: mActivityCallbacks:null mActivityToken:BinderProxy mClient:null mLifecycleStateRequest:StopActivityItem mTransactionItems:[StopActivityItem] seen=44
1788691543.354 10311 31552 31552 D Unique  : 2026-09-06 17:45:43.353 D LAUNCH u0 com.openai.chatgpt NO_LAUNCH_ITEM transaction=android.app.servertransaction.ClientTransaction shape=CREATOR: mActivityCallbacks:[WindowStateInsetsControlChangeItem] mActivityToken:null mClient:null mLifecycleStateRequest:null mTransactionItems:[WindowStateInsetsControlChangeItem] seen=45
1788691543.433 10311 31552 31552 D Unique  : 2026-09-06 17:45:43.431 D LAUNCH u0 com.openai.chatgpt NO_LAUNCH_ITEM transaction=android.app.servertransaction.ClientTransaction shape=CREATOR: mActivityCallbacks:null mActivityToken:BinderProxy mClient:null mLifecycleStateRequest:DestroyActivityItem mTransactionItems:[DestroyActivityItem] seen=46
1788691543.471 10311 31552 31552 W WindowOnBackDispatcher: sendCancelIfRunning: isInProgress=false callback=android.view.ViewRootImpl$$ExternalSyntheticLambda12@e83568f
1788691543.473 10311 31552 31552 D View    : [Warning] assignParent to null: this = DecorView@a5ae7be[MainActivity]
1788691543.635 10311 30573 30641 E com.unique: checkIfsupportxIntfps do not binder to joyose
1788691543.655 10311 30573 30573 D SurfaceView: UPDATE Surface(name=SurfaceView[com.unique/com.unique.app.MainActivity]#53340)/@0x357987a, mIsProjectionMode = false
1788691543.661 10311 31552 31552 W WindowOnBackDispatcher: sendCancelIfRunning: isInProgress=false callback=android.view.ViewRootImpl$$ExternalSyntheticLambda12@2f1366b
1788691543.662 10311 31552 31552 D View    : [Warning] assignParent to null: this = DecorView@9b2153d[MainActivity]
1788691544.053 10311 30573 30573 W WindowOnBackDispatcher: sendCancelIfRunning: isInProgress=false callback=io.flutter.embedding.android.FlutterActivity$1@97ce0f3
1788691544.318 10311 31552 31558 I BpBinder: onLastStrongRef automatically unlinking death recipients:
1788691544.320 10311 31552 31558 I BpBinder: onLastStrongRef automatically unlinking death recipients:
1788691545.446 10311 30573 30573 W WindowOnBackDispatcher: sendCancelIfRunning: isInProgress=false callback=io.flutter.embedding.android.FlutterActivity$1@97ce0f3
1788691545.446 10311 30573 31531 I Unique  : 2026-09-06 17:45:45.446 I PROCESS SLOT_PROCESS_STOPPED slot=:vapp0 pids=31552 reason=removed
1788691545.447 10311 30573 31531 I Unique  : 2026-09-06 17:45:45.446 I PROCESS PROCESS_RELEASED slot=:vapp0 reason=removed
1788691545.492 10311 30573 31523 I Unique  : 2026-09-06 17:45:45.492 I PROCESS BROADCAST_ROUTES_REGISTERED package=com.axlebolt.standoff2 vuid=1 routes=12 actions=androidx.work.impl.background.systemalarm.UpdateProxies,android.intent.action.MEDIA_MOUNTED,androidx.profileinstaller.action.SKIP_FILE,com.facebook.sdk.ACTION_CURRENT_ACCESS_TOKEN_CHANGED,com.a0soft.gphone.acc.ActionClearAppCachesFinished,android.intent.action.MY_PACKAGE_SUSPENDED,androidx.profilein
1788691545.493 10311 30573 31523 I Unique  : 2026-09-06 17:45:45.493 I PROCESS PROVIDER_ROUTES_REGISTERED package=com.axlebolt.standoff2 vuid=1 authorities=[redacted]
1788691545.498 10311 30573 31523 I Unique  : 2026-09-06 17:45:45.497 I PROCESS BROADCAST_ROUTES_REGISTERED package=com.gordey.standarling vuid=2 routes=3 actions=androidx.work.impl.background.systemalarm.UpdateProxies,android.intent.action.MEDIA_MOUNTED,androidx.profileinstaller.action.SKIP_FILE,com.facebook.sdk.ACTION_CURRENT_ACCESS_TOKEN_CHANGED,com.a0soft.gphone.acc.ActionClearAppCachesFinished,android.intent.action.MY_PACKAGE_SUSPENDED,androidx.profilein
1788691545.498 10311 30573 31523 I Unique  : 2026-09-06 17:45:45.498 I PROCESS PROVIDER_ROUTES_REGISTERED package=com.gordey.standarling vuid=2 authorities=[redacted]
1788691545.499 10311 30573 31523 I Unique  : 2026-09-06 17:45:45.499 I PROCESS BROADCAST_ROUTER_READY instances=2 actions=27 authorities=[redacted]
1788691546.054 10311 30573 31524 I Unique  : 2026-09-06 17:45:46.054 I GOOGLE GOOGLE_ENVIRONMENT gmsPresent=true gmsEnabled=true gmsVersionCode=263234035 gmsVersionName=26.32.34 (260400-968093310) vendingPresent=true gsfPresent=true customTabs=com.android.chrome hostGmsAvailable=true virtualGmsInstalled=false customTabsAvailable=true
1788691546.073 10311 30573 31523 I Unique  : 2026-09-06 17:45:46.072 I GOOGLE GOOGLE_ENVIRONMENT gmsPresent=true gmsEnabled=true gmsVersionCode=263234035 gmsVersionName=26.32.34 (260400-968093310) vendingPresent=true gsfPresent=true customTabs=com.android.chrome hostGmsAvailable=true virtualGmsInstalled=false customTabsAvailable=true
1788691546.074 10311 30573 31523 I Unique  : 2026-09-06 17:45:46.073 I GOOGLE GOOGLE_ROUTE package=com.gordey.standarling flow=SIGN_IN mode=UNSUPPORTED why=Legacy Google Sign-In requires in-space Google Play services. Enable them for this space, or use an app that supports Sign in with Google.
1788691546.074 10311 30573 31523 I Unique  : 2026-09-06 17:45:46.074 I GOOGLE GOOGLE_ROUTE package=com.gordey.standarling flow=CREDENTIAL_MANAGER mode=HOST_BRIDGE why=Unverified: Sign in with Google issues a token for the app's server client, so the device's own Google Play services should be able to answer. Not yet confirmed against a real sample.
1788691546.075 10311 30573 31523 I Unique  : 2026-09-06 17:45:46.074 I GOOGLE GOOGLE_ROUTE package=com.gordey.standarling flow=ACCOUNT_MANAGER mode=HOST_BRIDGE why=Account access is bridged to the device's accounts; consent is shown as UNIQUE.
1788691546.075 10311 30573 31523 I Unique  : 2026-09-06 17:45:46.075 I GOOGLE GOOGLE_ROUTE package=com.gordey.standarling flow=FIREBASE_AUTH mode=HOST_BRIDGE why=Firebase Auth consumes a token from Sign in with Google, which the host bridge can provide.
1788691546.077 10311 30573 31523 I Unique  : 2026-09-06 17:45:46.076 I GOOGLE GOOGLE_ROUTE package=com.gordey.standarling flow=OAUTH_WEB mode=UNSUPPORTED why=The browser can be opened, but the redirect back to axlebolt:// cannot arrive: that scheme is declared by a package the device has not installed, so nothing resolves it. Use in-space Google Play services, or a sign-in the app can complete without leaving itself.
1788691546.077 10311 30573 31523 I Unique  : 2026-09-06 17:45:46.077 I GOOGLE GOOGLE_ROUTE package=com.gordey.standarling flow=FCM mode=HOST_BRIDGE why=Experimental: push registration is bridged through the host. Whether Google Play services accepts it varies by version; the result is recorded per device.
1788691546.079 10311 30573 31523 I Unique  : 2026-09-06 17:45:46.077 I GOOGLE GOOGLE_ROUTE package=com.gordey.standarling flow=PLAY_GAMES mode=UNSUPPORTED why=Not supported yet: Play Games checks an attested app identity, and UNIQUE has not been tested against it.
1788691547.165 10311 30573 31523 I Unique  : 2026-09-06 17:45:47.164 I STORAGE GUEST_OBB_IMPORT outcome=SOURCE_UNREADABLE files=0 bytes=0 source=/storage/emulated/0/Android/obb/com.gordey.standarling detail=/storage/emulated/0/Android/obb is not readable by UNIQUE; grant all-files access, or add the files by hand package=com.gordey.standarling vuid=2
1788691547.171 10311 30573 31523 I Unique  : 2026-09-06 17:45:47.171 I PROCESS PROCESS_ASSIGNED slot=:vapp0 vuid=2 process=com.gordey.standarling
1788691547.234 10311 30573 31523 I Unique  : 2026-09-06 17:45:47.232 I LAUNCH LAUNCH_REQUESTED package=com.gordey.standarling vuid=2 activity=com.google.firebase.MessagingUnityPlayerActivity slot=:vapp0 launchMode=2
1788691547.238 10311 30573 31523 W Unique  : 2026-09-06 17:45:47.234 W STORAGE LAUNCHED_WITHOUT_ASSETS package=com.gordey.standarling vuid=2 detail=/storage/emulated/0/Android/obb is not readable by UNIQUE; grant all-files access, or add the files by hand
1788691547.282 10311 32374 32374 I om.unique:vapp0: Using generational CollectorTypeCMC GC.
1788691547.300 10311 32374 32374 I MessageMonitor: Load libmiui_runtime
1788691547.326 10311 32374 32374 D MiuiMonitorThread: Shared singleton Thread for stability monitor start
1788691547.338 10311 32374 32374 D ActivityThread: setEmbeddedParam packageName=com.unique processName=com.unique:vapp0 isEmbedded=false isIsolated=false
1788691547.341 10311 32374 32374 D ApplicationLoaders: Returning zygote-cached class loader: /system_ext/framework/androidx.window.extensions.jar
1788691547.341 10311 32374 32374 D ApplicationLoaders: Returning zygote-cached class loader: /system_ext/framework/androidx.window.sidecar.jar
1788691547.361 10311 32374 32374 I ActivityThread: TrafficStats init done
1788691547.364 10311 32374 32374 D ActivityThread: useGrowthLimitOutExpendMethod invoke error.
1788691547.371 10311 32374 32374 I MiuiForceDarkConfig: setConfig density:2.750000, mainRule:0, secondaryRule:0, tertiaryRule:0
1788691547.375 10311 32374 32374 I ActivityThread: Miui Feature Init done
1788691547.385 10311 32374 32374 I Unique  : 2026-09-06 17:45:47.381 I PROCESS PROCESS_START process=com.unique:vapp0 kind=VAPP sdk=35 abi=arm64-v8a,armeabi-v7a,armeabi
1788691547.386 10311 32374 32374 W om.unique:vapp0: Unsupported class loader: java.lang.Class<org.lsposed.hiddenapibypass.CoreOjClassLoader>
1788691547.437 10311 32374 32374 W om.unique:vapp0: Unsupported class loader: java.lang.Class<org.lsposed.hiddenapibypass.CoreOjClassLoader>
1788691547.438 10311 32374 32374 W om.unique:vapp0: Unsupported class loader: java.lang.Class<org.lsposed.hiddenapibypass.CoreOjClassLoader>
1788691547.440 10311 32374 32374 I Unique  : 2026-09-06 17:45:47.440 I HOOK HIDDEN_API_GRANTED via=HiddenApiBypass
1788691547.448 10311 32374 32374 I UniqueNative: libunique_native loaded (page size 4096)
1788691547.450 10311 32374 32374 I Unique  : 2026-09-06 17:45:47.449 I LAUNCH INTERCEPTOR_INSTALLED executeTransaction=159
1788691547.450 10311 32374 32374 I Unique  : 2026-09-06 17:45:47.450 I PROCESS VAPP_READY slot=0
1788691547.451 10311 32374 32374 I ResMonitorStub: Get RMS proxy takes 1 ms
1788691547.452 10311 32374 32374 I Unique  : 2026-09-06 17:45:47.452 I PROCESS STUB_PROVIDER_CREATED slot=0
1788691547.464 10311 32374 32374 D Unique  : 2026-09-06 17:45:47.463 D LAUNCH CALLBACK_ALIVE what=164 obj=java.lang.String
1788691547.466 10311 32374 32374 D Unique  : 2026-09-06 17:45:47.465 D LAUNCH CALLBACK_ALIVE what=159 obj=android.app.servertransaction.ClientTransaction
1788691547.488 10311 32374 32374 I Unique  : 2026-09-06 17:45:47.488 I PROCESS PROCESS_RENAMED argv0=com.gordey.standarling
1788691547.627 10311 32374 32374 I Unique  : 2026-09-06 17:45:47.626 I PROCESS PROFILE_BOUND profile=dbf4a511-419b-4c62-a2b7-b155820c5ebb androidId=dee8e699a8e5b46d generation=1
1788691547.628 10311 32374 32374 I Unique  : 2026-09-06 17:45:47.628 I PROCESS BUILD_OVERRIDES_APPLIED applied=1 requested=1
1788691547.629 10311 32374 32374 I Unique  : 2026-09-06 17:45:47.628 I LAUNCH PROFILE_BOUND profileId=dbf4a511-419b-4c62-a2b7-b155820c5ebb generation=1
1788691547.633 10311 32374 32374 I Unique  : 2026-09-06 17:45:47.633 I PROCESS PERMISSION_CACHE_DISABLED disabled=disablePackageNamePermissionCache,disablePermissionCache,disableApplicationInfoCache,disablePackageInfoCache,disableGetPackagesForUidCache failed=android.app.ActivityManager: no disable*Cache()
1788691547.642 10311 32374 32374 I Unique  : 2026-09-06 17:45:47.641 I PROCESS PERMISSIONS_BOUND package=com.gordey.standarling vuid=2 declared=19 restored=2 runtime=3 installTime=16 selfDefined=1
1788691547.654 10311 32374 32374 I Unique  : 2026-09-06 17:45:47.653 I HOOK SERVICE_HOOKED service=package cache=true singletons=1 managers=1 bound=permissionCheck,getActivityInfo,applicationEnabledSetting,getApplicationInfo,componentEnabledSetting,installedPackages,getInstallerPackageName,getNameForUid,getPackageUid,getPackageInfo,getPackagesForUid,getProviderInfo,getReceiverInfo,getServiceInfo,queryIntent,resolveContentProvider,resolveIntent matched=permissionCheck=checkPermission+checkUidPermission,getActivityInfo,applicationEnabledSetting=getApplicationEnabledSetting+setApplicationEnabledSetting,getApplicationInfo,componentEnabledSetting=getComponentEnabledSetting+setComponentEnabledSetting,installedPackages=getInstalledApplications+getInstalledPackages,getInstallerPackageName,getNameForUid,getPackageUid=getPackageGids+getPackageUid,getPack
1788691547.657 10311 32374 32374 I Unique  : 2026-09-06 17:45:47.654 I LAUNCH VPM_HOOK_INSTALLED package=com.gordey.standarling bound=permissionCheck,getActivityInfo,applicationEnabledSetting,getApplicationInfo,componentEnabledSetting,installedPackages,getInstallerPackageName,getNameForUid,getPackageUid,getPackageInfo,getPackagesForUid,getProviderInfo,getReceiverInfo,getServiceInfo,queryIntent,resolveContentProvider,resolveIntent
1788691547.671 10311 32374 32374 I Unique  : 2026-09-06 17:45:47.670 I HOOK SERVICE_HOOKED service=activity cache=true singletons=1 managers=0 bound=serviceDispatch,callerIdentity,permissionCheck,getContentProvider,intentSender,runningProcesses,registerReceiver,foregroundService matched=serviceDispatch=bindService+bindServiceInstance+peekService+publishService+startService+stopService+unbindFinished,callerIdentity=broadcastIntent+broadcastIntentWithFeature+getBindingUidProcessState+getContentProviderExternal+getHistoricalProcessExitReasons+getHistoricalProcessStartReasons+getPackageProcessState+getTagForIntentSender+getUidLastIdleElapsedTime+getUidProcessCapabilities+getUidProces
1788691547.672 10311 32374 32374 I Unique  : 2026-09-06 17:45:47.671 I LAUNCH VAM_HOOK_INSTALLED package=com.gordey.standarling host=com.unique methods=8 matched=serviceDispatch=bindService+bindServiceInstance+peekService+publishService+startService+stopService+unbindFinished,callerIdentity=broadcastIntent+broadcastIntentWithFeature+getBindingUidProcessState+getContentProviderExternal+getHistoricalProcessExitReasons+getHistoricalProcessStartReasons+getPackageProcessState+getTagForIntentSender+getUidLastIdleElapsedTime+getUidProcessCapabilities+getUidProcessState+grantUriPermission+isBackgroundRestricted+isUidActive+moveTaskToFront+revokeUriPermission+sendIntentSender+startActivity+startActivityAsUser+startActivityAsUserWithFeature+startActivityWithFeature,permissionCheck=checkPermission+checkPermissionForDevice,getContentProvider,intentSender=getIntentSender+getIntentSenderWithFeature,runningProcesses=getRunningAppProcesses+getServices,registerReceiver=registerReceiver+registerReceiverWithFeature,foregroundService=setServiceForeground
1788691547.676 10311 32374 32374 I Unique  : 2026-09-06 17:45:47.675 I HOOK SERVICE_HOOKED service=activity_task cache=true singletons=1 managers=0 bound=activityStart matched=activityStart=startActivities+startActivity+startActivityAndWait+startActivityAsCaller+startActivityAsUser+startActivityFromGameSession+startActivityIntentSender+startActivityWithConfig
1788691547.677 10311 32374 32374 I Unique  : 2026-09-06 17:45:47.676 I LAUNCH ATM_HOOK_INSTALLED package=com.gordey.standarling host=com.unique matched=activityStart=startActivities+startActivity+startActivityAndWait+startActivityAsCaller+startActivityAsUser+startActivityFromGameSession+startActivityIntentSender+startActivityWithConfig
1788691547.681 10311 32374 32374 I Unique  : 2026-09-06 17:45:47.678 I HOOK SERVICE_HOOKED service=permissionmgr cache=true singletons=1 managers=1 bound=shouldShowRequestPermissionRationale matched=shouldShowRequestPermissionRationale
1788691547.681 10311 32374 32374 I Unique  : 2026-09-06 17:45:47.681 I HOOK PERMISSION_MANAGER_HOOKED matched=shouldShowRequestPermissionRationale
1788691547.685 10311 32374 32374 I Unique  : 2026-09-06 17:45:47.683 I HOOK SERVICE_HOOKED service=appops cache=true singletons=0 managers=2 bound=appOpIdentity matched=appOpIdentity=checkAudioOperation+checkOperation+checkOperationForDevice+checkOperationRaw+checkOperationRawForDevice+checkPackage+collectNoteOpCallsForValidation+extractAsyncOps+finishOperation+finishOperationForDevice+getHistoricalOps+getHistoricalOpsFromDiskRaw+getOpsForPackage+getPackagesForOpsForDevice+isOperationActive+isProxying+noteOperation+noteOperationForDevice+noteProxyOperation+notePr
1788691547.686 10311 32374 32374 I Unique  : 2026-09-06 17:45:47.685 I HOOK APPOPS_HOOKED package=com.gordey.standarling host=com.unique matched=appOpIdentity=checkAudioOperation+checkOperation+checkOperationForDevice+checkOperationRaw+checkOperationRawForDevice+checkPackage+collectNoteOpCallsForValidation+extractAsyncOps+finishOperation+finishOperationForDevice+getHistoricalOps+getHistoricalOpsFromDiskRaw+getOpsForPackage+getPackagesForOpsForDevice+isOperationActive+isProxying+noteOperation+noteOperationForDevice+noteProxyOperation+notePr
1788691547.693 10311 32374 32374 I Unique  : 2026-09-06 17:45:47.693 I PROCESS SETTINGS_CACHES_PRIMED wrappedByHand=0 alreadyWrapped=3 empty=1
1788691547.694 10311 32374 32374 I Unique  : 2026-09-06 17:45:47.693 I PROCESS PROVIDER_CACHES_EVICTED activityThreadProviders=2 providerRefCounts=1 settingsCaches=4 settingsWrapped=3 hostSource=com.unique hostSourceUid=10311
1788691547.699 10311 32374 32374 I Unique  : 2026-09-06 17:45:47.698 I LAUNCH GOOGLE_STACK_HIDDEN hidden=true reason=SDK_TOO_OLD gmsVersion=12451000 detail=Play services client older than 18: a refused broker reaches the caller's looper and kills the app, so the stack is hidden and the SDK takes its own no-Google-services path packages=com.google.android.gms,com.google.android.gsf
1788691547.700 10311 32374 32374 I Unique  : 2026-09-06 17:45:47.699 I PROCESS NETWORK_SECURITY_INSTALLED package=com.gordey.standarling configRes=0 targetSdk=30
1788691547.700 10311 32374 32374 I UniqueNative: redirect table set: 8 rule(s)
1788691547.702 10311 32374 32374 I UniqueNative: io_redirect: 2 exclusion(s) set
1788691547.702 10311 32374 32374 I UniqueNative: io_redirect installed: 0 slot(s) in 0/389 libraries (0 excluded, 0 total), 8 rule(s), page size 4096
1788691547.702 10311 32374 32374 W UniqueNative: io_redirect: filter did not match: /data/user/0/com.unique/files/virtual/apk/com.gordey.standarling/1090/lib/arm64-v8a
1788691547.702 10311 32374 32374 W UniqueNative: io_redirect: filter did not match: /data/data/com.unique/files/virtual/apk/com.gordey.standarling/1090/lib/arm64-v8a
1788691547.702 10311 32374 32374 W UniqueNative: io_redirect: filter did not match: /data/user/0/com.unique/files/virtual/apk/com.gordey.standarling/1090
1788691547.702 10311 32374 32374 W UniqueNative: io_redirect: filter did not match: /data/data/com.unique/files/virtual/apk/com.gordey.standarling/1090
1788691547.703 10311 32374 32374 W UniqueNative: io_redirect: app-private library seen: /data/misc/apexdata/com.android.art/dalvik-cache/arm64/boot.oat
1788691547.703 10311 32374 32374 W UniqueNative: io_redirect: app-private library seen: /data/misc/apexdata/com.android.art/dalvik-cache/arm64/boot-framework-adservices.oat
1788691547.703 10311 32374 32374 W UniqueNative: io_redirect: app-private library seen: /data/app/~~ndyqWXJvVY1zeZZFUEYANw==/com.unique-0o8juLvjB-FcRKZSrpSxNg==/oat/arm64/base.odex
1788691547.703 10311 32374 32374 W UniqueNative: io_redirect: app-private library seen: /data/app/~~ndyqWXJvVY1zeZZFUEYANw==/com.unique-0o8juLvjB-FcRKZSrpSxNg==/base.apk!/lib/arm64-v8a/libunique_native.so
1788691547.704 10311 32374 32374 I UniqueNative: io_redirect: library-load watch installed (3 slot(s) in 2 libraries)
1788691547.704 10311 32374 32374 W UniqueNative: io_redirect: watch saw but did not match: /data/misc/apexdata/com.android.art/dalvik-cache/arm64/boot.oat
1788691547.704 10311 32374 32374 W UniqueNative: io_redirect: watch saw but did not match: /data/misc/apexdata/com.android.art/dalvik-cache/arm64/boot-framework-adservices.oat
1788691547.704 10311 32374 32374 W UniqueNative: io_redirect: watch saw but did not match: /data/app/~~ndyqWXJvVY1zeZZFUEYANw==/com.unique-0o8juLvjB-FcRKZSrpSxNg==/oat/arm64/base.odex
1788691547.704 10311 32374 32374 W UniqueNative: io_redirect: watch saw but did not match: /data/app/~~ndyqWXJvVY1zeZZFUEYANw==/com.unique-0o8juLvjB-FcRKZSrpSxNg==/base.apk!/lib/arm64-v8a/libunique_native.so
1788691547.705 10311 32374 32374 I Unique  : 2026-09-06 17:45:47.704 I NATIVE IO_REDIRECT_INSTALLED status=NOTHING_TO_HOOK watch=OK rules=8 slots=0 scope=/data/user/0/com.unique/files/virtual/apk/com.gordey.standarling/1090/lib/arm64-v8a,/data/data/com.unique/files/virtual/apk/com.gordey.standarling/1090/lib/arm64-v8a,/data/user/0/com.unique/files/virt excluded=libgrave.so,libunique_native.so
1788691547.706 10311 32374 32374 I Unique  : 2026-09-06 17:45:47.705 I WEBVIEW WEBVIEW_DATA_DIR_SUFFIX suffix=vapp0 slot=0
1788691547.712 10311 32374 32374 I UniqueNative: crash: recording 6 signal(s) to /data/user/0/com.unique/files/virtual/runtime/diagnostics/2/com.gordey.standarling/native-crash-32374.properties
1788691547.714 10311 32374 32374 I Unique  : 2026-09-06 17:45:47.713 I NATIVE NATIVE_CRASH_HANDLER status=OK file=/data/user/0/com.unique/files/virtual/runtime/diagnostics/2/com.gordey.standarling/native-crash-32374.properties
1788691547.718 10311 32374 32374 I Unique  : 2026-09-06 17:45:47.717 I PROCESS COMPAT_CHANGES_DISABLED targetSdk=30 changes=PENDING_INTENT_EXPLICIT_MUTABILITY_REQUIRED=160794467
1788691547.719 10311 32374 32374 I Unique  : 2026-09-06 17:45:47.718 I STORAGE EXTERNAL_STORAGE_REDIRECTED package=com.gordey.standarling vuid=2 root=/data/user/0/com.unique/files/virtual/users/2/sdcard
1788691547.725 10311 32374 32374 I Unique  : 2026-09-06 17:45:47.723 I HOOK SERVICE_HOOKED service=alarm cache=true singletons=0 managers=0 bound=callerPackage matched=callerPackage=canScheduleExactAlarms+cancelPoweroffAlarm+hasScheduleExactAlarm+removeAll+set+setTimeZone
1788691547.725 10311 32374 32374 I Unique  : 2026-09-06 17:45:47.725 I HOOK IDENTITY_HOOK_INSTALLED service=alarm package=com.gordey.standarling matched=callerPackage=canScheduleExactAlarms+cancelPoweroffAlarm+hasScheduleExactAlarm+removeAll+set+setTimeZone
1788691547.731 10311 32374 32374 I Unique  : 2026-09-06 17:45:47.729 I HOOK SERVICE_HOOKED service=clipboard cache=true singletons=0 managers=0 bound=callerPackage matched=callerPackage=addPrimaryClipChangedListener+clearPrimaryClip+getPrimaryClip+getPrimaryClipDescription+getPrimaryClipSource+getUserPrimaryClip+hasClipboardText+hasPrimaryClip+removePrimaryClipChangedListener+setPrimaryClip+setPrimaryClipAsPackage
1788691547.732 10311 32374 32374 I Unique  : 2026-09-06 17:45:47.731 I HOOK IDENTITY_HOOK_INSTALLED service=clipboard package=com.gordey.standarling matched=callerPackage=addPrimaryClipChangedListener+clearPrimaryClip+getPrimaryClip+getPrimaryClipDescription+getPrimaryClipSource+getUserPrimaryClip+hasClipboardText+hasPrimaryClip+removePrimaryClipChangedListener+setPrimaryClip+setPrimaryClipAsPackage
1788691547.737 10311 32374 32374 I Unique  : 2026-09-06 17:45:47.736 I HOOK SERVICE_HOOKED service=restrictions cache=true singletons=0 managers=0 bound=callerPackage matched=callerPackage=getApplicationRestrictions+getApplicationRestrictionsPerAdminForUser+notifyPermissionResponse+requestPermission
1788691547.737 10311 32374 32374 I Unique  : 2026-09-06 17:45:47.737 I HOOK IDENTITY_HOOK_INSTALLED service=restrictions package=com.gordey.standarling matched=callerPackage=getApplicationRestrictions+getApplicationRestrictionsPerAdminForUser+notifyPermissionResponse+requestPermission
1788691547.740 10311 32374 32374 I Unique  : 2026-09-06 17:45:47.739 I HOOK SERVICE_HOOKED service=locale cache=true singletons=0 managers=0 bound=callerPackage,setApplicationLocales matched=callerPackage=getApplicationLocales+getOverrideLocaleConfig+setOverrideLocaleConfig,setApplicationLocales
1788691547.741 10311 32374 32374 I Unique  : 2026-09-06 17:45:47.740 I HOOK IDENTITY_HOOK_INSTALLED service=locale package=com.gordey.standarling matched=callerPackage=getApplicationLocales+getOverrideLocaleConfig+setOverrideLocaleConfig,setApplicationLocales
1788691547.744 10311 32374 32374 I Unique  : 2026-09-06 17:45:47.743 I HOOK SERVICE_HOOKED service=connectivity cache=true singletons=0 managers=0 bound=callerPackage matched=callerPackage=getDefaultNetworkCapabilitiesForUser+getLastTetherError+getNetworkCapabilities+getRedactedLinkPropertiesForPackage+getRedactedNetworkCapabilitiesForPackage+isConnectivityServiceFeatureEnabledForTesting+listenForNetwork+pendingListenForNetwork+pendingRequestForNetwork+registerConnectivityDiagnosticsCallback+registerNetworkProvider+requestNetwork+requestRouteToHostAddress+setProvisioni
1788691547.745 10311 32374 32374 I Unique  : 2026-09-06 17:45:47.744 I HOOK IDENTITY_HOOK_INSTALLED service=connectivity package=com.gordey.standarling matched=callerPackage=getDefaultNetworkCapabilitiesForUser+getLastTetherError+getNetworkCapabilities+getRedactedLinkPropertiesForPackage+getRedactedNetworkCapabilitiesForPackage+isConnectivityServiceFeatureEnabledForTesting+listenForNetwork+pendingListenForNetwork+pendingRequestForNetwork+registerConnectivi
1788691547.750 10311 32374 32374 I Unique  : 2026-09-06 17:45:47.749 I HOOK SERVICE_HOOKED service=power cache=true singletons=0 managers=0 bound=callerPackage matched=callerPackage=acquireWakeLock+acquireWakeLockAsync+acquireWakeLockWithUid+crash+isAmbientDisplaySuppressedForToken+isAmbientDisplaySuppressedForTokenByApp+isFeatureAllowedInLowPowerStandby+reboot+shutdown+suppressAmbientDisplay+updateWakeLockWorkSource+wakeUp
1788691547.751 10311 32374 32374 I Unique  : 2026-09-06 17:45:47.750 I HOOK IDENTITY_HOOK_INSTALLED service=power package=com.gordey.standarling matched=callerPackage=acquireWakeLock+acquireWakeLockAsync+acquireWakeLockWithUid+crash+isAmbientDisplaySuppressedForToken+isAmbientDisplaySuppressedForTokenByApp+isFeatureAllowedInLowPowerStandby+reboot+shutdown+suppressAmbientDisplay+updateWakeLockWorkSource+wakeUp
1788691547.763 10311 32374 32374 I Unique  : 2026-09-06 17:45:47.762 I HOOK SERVICE_HOOKED service=wifi cache=true singletons=0 managers=0 bound=callerPackage matched=callerPackage=acquireMulticastLock+acquireWifiLock+addLocalOnlyConnectionStatusListener+addNetworkSuggestions+addOrUpdateNetwork+addOrUpdateNetworkPrivileged+addOrUpdatePasspointConfiguration+addQosPolicies+addSuggestionUserApprovalStatusListener+allowAutojoinGlobal+allowAutojoinPasspoint+connect+disableEphemeralNetwork+disableNetwork+disconnect+enableNetwork+enableTdls+enableTdlsWithMacAddress+en
1788691547.764 10311 32374 32374 I Unique  : 2026-09-06 17:45:47.763 I HOOK IDENTITY_HOOK_INSTALLED service=wifi package=com.gordey.standarling matched=callerPackage=acquireMulticastLock+acquireWifiLock+addLocalOnlyConnectionStatusListener+addNetworkSuggestions+addOrUpdateNetwork+addOrUpdateNetworkPrivileged+addOrUpdatePasspointConfiguration+addQosPolicies+addSuggestionUserApprovalStatusListener+allowAutojoinGlobal+allowAutojoinPasspoint+connect+di
1788691547.771 10311 32374 32374 I Unique  : 2026-09-06 17:45:47.769 I HOOK SERVICE_HOOKED service=location cache=true singletons=0 managers=0 bound=callerPackage matched=callerPackage=addGnssAntennaInfoListener+addGnssMeasurementsListener+addGnssNavigationMessageListener+addTestProvider+getCurrentLocation+getLastLocation+getProviderPackages+getProviderProperties+hasProvider+isProviderEnabledForUser+isProviderPackage+registerGnssNmeaCallback+registerGnssStatusCallback+registerLocationListener+registerLocationPendingIntent+removeTestProvider+requestGeofence+requestL
1788691547.772 10311 32374 32374 I Unique  : 2026-09-06 17:45:47.771 I HOOK IDENTITY_HOOK_INSTALLED service=location package=com.gordey.standarling matched=callerPackage=addGnssAntennaInfoListener+addGnssMeasurementsListener+addGnssNavigationMessageListener+addTestProvider+getCurrentLocation+getLastLocation+getProviderPackages+getProviderProperties+hasProvider+isProviderEnabledForUser+isProviderPackage+registerGnssNmeaCallback+registerGnssStatusCallbac
1788691547.779 10311 32374 32374 I Unique  : 2026-09-06 17:45:47.777 I HOOK SERVICE_HOOKED service=audio cache=true singletons=0 managers=0 bound=callerPackage matched=callerPackage=abandonAudioFocus+abandonAudioFocusForTest+adjustStreamVolume+adjustStreamVolumeForUid+adjustStreamVolumeWithAttribution+adjustSuggestedStreamVolumeForUid+adjustVolumeGroupVolume+cacheParameters+disableSafeMediaVolume+getBluetoothAudioDeviceCategory+getBluetoothAudioDeviceCategory_legacy+getCacheParameters+getDeviceVolume+getNotificationUri+getPlayerVolume+handleVolumeKey+isBluetooth
1788691547.781 10311 32374 32374 I Unique  : 2026-09-06 17:45:47.779 I HOOK IDENTITY_HOOK_INSTALLED service=audio package=com.gordey.standarling matched=callerPackage=abandonAudioFocus+abandonAudioFocusForTest+adjustStreamVolume+adjustStreamVolumeForUid+adjustStreamVolumeWithAttribution+adjustSuggestedStreamVolumeForUid+adjustVolumeGroupVolume+cacheParameters+disableSafeMediaVolume+getBluetoothAudioDeviceCategory+getBluetoothAudioDeviceCategory_lega
1788691547.784 10311 32374 32374 I Unique  : 2026-09-06 17:45:47.783 I HOOK SERVICE_HOOKED service=vibrator_manager cache=true singletons=0 managers=0 bound=callerPackage matched=callerPackage=performHapticFeedback+setAlwaysOnEffect+vibrate
1788691547.785 10311 32374 32374 I Unique  : 2026-09-06 17:45:47.784 I HOOK IDENTITY_HOOK_INSTALLED service=vibrator_manager package=com.gordey.standarling matched=callerPackage=performHapticFeedback+setAlwaysOnEffect+vibrate
1788691547.790 10311 32374 32374 I Unique  : 2026-09-06 17:45:47.789 I HOOK SERVICE_HOOKED service=usagestats cache=true singletons=0 managers=0 bound=callerPackage matched=callerPackage=clearBroadcastEvents+clearBroadcastResponseStats+getAppMinStandbyBucket+getAppStandbyBucket+getAppStandbyBuckets+getAppStandbyConstant+getLastTimeAnyComponentUsed+isAppInactive+isPackageExemptedFromBroadcastResponseStats+queryBroadcastResponseStats+queryConfigurationStats+queryEventStats+queryEvents+queryEventsForPackage+queryEventsForPackageForUser+queryEventsForUser+queryEventsWith
1788691547.792 10311 32374 32374 I Unique  : 2026-09-06 17:45:47.790 I HOOK IDENTITY_HOOK_INSTALLED service=usagestats package=com.gordey.standarling matched=callerPackage=clearBroadcastEvents+clearBroadcastResponseStats+getAppMinStandbyBucket+getAppStandbyBucket+getAppStandbyBuckets+getAppStandbyConstant+getLastTimeAnyComponentUsed+isAppInactive+isPackageExemptedFromBroadcastResponseStats+queryBroadcastResponseStats+queryConfigurationStats+queryEventSta
1788691547.795 10311 32374 32374 I Unique  : 2026-09-06 17:45:47.794 I HOOK SERVICE_HOOKED service=netstats cache=true singletons=0 managers=0 bound=callerPackage matched=callerPackage=getIfaceStats+notifyNetworkStatus+openSessionForUsageStats+registerNetworkStatsProvider+registerUsageCallback+setStatsProviderWarningAndLimitAsync
1788691547.796 10311 32374 32374 I Unique  : 2026-09-06 17:45:47.795 I HOOK IDENTITY_HOOK_INSTALLED service=netstats package=com.gordey.standarling matched=callerPackage=getIfaceStats+notifyNetworkStatus+openSessionForUsageStats+registerNetworkStatsProvider+registerUsageCallback+setStatsProviderWarningAndLimitAsync
1788691547.798 10311 32374 32374 I Unique  : 2026-09-06 17:45:47.797 I HOOK SERVICE_HOOKED service=content cache=true singletons=0 managers=0 bound=callerPackage matched=callerPackage=addPeriodicSync+cancelSync+cancelSyncAsUser+getCache+getIsSyncable+getIsSyncableAsUser+getPeriodicSyncs+getSyncAdapterPackageAsUser+getSyncAdapterPackagesForAuthorityAsUser+getSyncAutomatically+getSyncAutomaticallyAsUser+getSyncStatus+getSyncStatusAsUser+isSyncActive+isSyncPending+isSyncPendingAsUser+notifyChange+onDbCorruption+putCache+removePeriodicSync+requestSync+setIsSyncable+se
1788691547.799 10311 32374 32374 I Unique  : 2026-09-06 17:45:47.798 I HOOK IDENTITY_HOOK_INSTALLED service=content package=com.gordey.standarling matched=callerPackage=addPeriodicSync+cancelSync+cancelSyncAsUser+getCache+getIsSyncable+getIsSyncableAsUser+getPeriodicSyncs+getSyncAdapterPackageAsUser+getSyncAdapterPackagesForAuthorityAsUser+getSyncAutomatically+getSyncAutomaticallyAsUser+getSyncStatus+getSyncStatusAsUser+isSyncActive+isSyncPending+isSy
1788691547.803 10311 32374 32374 I Unique  : 2026-09-06 17:45:47.801 I HOOK SERVICE_HOOKED service=shortcut cache=true singletons=0 managers=0 bound=shortcutPublish,callerPackage matched=shortcutPublish=addDynamicShortcuts+createShortcutResultIntent+pushDynamicShortcut+requestPinShortcut+setDynamicShortcuts+updateShortcuts,callerPackage=disableShortcuts+enableShortcuts+getIconMaxDimensions+getMaxShortcutCountPerActivity+getRateLimitResetTime+getRemainingCallCount+getShareTargets+getShortcuts+hasShareTargets+onApplicationActive+removeAllDynamicShortcuts+removeDynamicShortcuts+remov
1788691547.804 10311 32374 32374 I Unique  : 2026-09-06 17:45:47.803 I HOOK IDENTITY_HOOK_INSTALLED service=shortcut package=com.gordey.standarling matched=shortcutPublish=addDynamicShortcuts+createShortcutResultIntent+pushDynamicShortcut+requestPinShortcut+setDynamicShortcuts+updateShortcuts,callerPackage=disableShortcuts+enableShortcuts+getIconMaxDimensions+getMaxShortcutCountPerActivity+getRateLimitResetTime+getRemainingCallCount+getShareTargets+get
1788691547.807 10311 32374 32374 I Unique  : 2026-09-06 17:45:47.806 I HOOK SERVICE_HOOKED service=mount cache=true singletons=0 managers=0 bound=callerPackage,volumeList matched=callerPackage=abortChanges+allocateBytes+benchmark+destroyUserStorage+disableAppDataIsolation+fixupAppDir+fixupAppDirRecursive+fixupSysfsFile+forgetVolume+format+getAllocatableBytes+getCacheQuotaBytes+getCacheSizeBytes+getExternalStorageMountMode+getManageSpaceActivityIntent+getMountedObbPath+isAppIoBlocked+isObbMounted+mkdirs+mount+mountObb+moveStorageQuickly+notifyAppIoBlocked+notifyAppIoResumed
1788691547.808 10311 32374 32374 I Unique  : 2026-09-06 17:45:47.807 I HOOK IDENTITY_HOOK_INSTALLED service=mount package=com.gordey.standarling matched=callerPackage=abortChanges+allocateBytes+benchmark+destroyUserStorage+disableAppDataIsolation+fixupAppDir+fixupAppDirRecursive+fixupSysfsFile+forgetVolume+format+getAllocatableBytes+getCacheQuotaBytes+getCacheSizeBytes+getExternalStorageMountMode+getManageSpaceActivityIntent+getMountedObbPath+isAppI
1788691547.810 10311 32374 32374 I Unique  : 2026-09-06 17:45:47.809 I HOOK SERVICE_HOOKED service=account cache=true singletons=0 managers=0 bound=callerPackage matched=callerPackage=addAccount+addAccountAsUser+addAccountExplicitly+addAccountExplicitlyWithVisibility+addSharedAccountsFromParentUser+createRequestAccountAccessIntentSenderAsUser+editProperties+getAccountByTypeAndFeatures+getAccountVisibility+getAccountsAndVisibilityForPackage+getAccountsAsUser+getAccountsByFeatures+getAccountsByTypeForPackage+getAccountsForPackage+getAuthToken+getAuthTokenLabel+getUs
1788691547.811 10311 32374 32374 I Unique  : 2026-09-06 17:45:47.810 I HOOK IDENTITY_HOOK_INSTALLED service=account package=com.gordey.standarling matched=callerPackage=addAccount+addAccountAsUser+addAccountExplicitly+addAccountExplicitlyWithVisibility+addSharedAccountsFromParentUser+createRequestAccountAccessIntentSenderAsUser+editProperties+getAccountByTypeAndFeatures+getAccountVisibility+getAccountsAndVisibilityForPackage+getAccountsAsUser+getAccou
1788691547.832 10311 32374 32374 I Unique  : 2026-09-06 17:45:47.831 I HOOK SERVICE_HOOKED service=phone cache=true singletons=0 managers=0 bound=callerPackage matched=callerPackage=call+canChangeDtmfToneLength+changeIccLockPassword+checkCarrierPrivilegesForPackage+checkCarrierPrivilegesForPackageAnyPhone+clearSignalStrengthUpdateRequest+deprovisionSatelliteService+dial+disableDataConnectivity+disableVisualVoicemailSmsFilter+doesSwitchMultiSimConfigTriggerReboot+enableDataConnectivity+enableVisualVoicemailSmsFilter+enqueueSmsPickResult+factoryReset+getAllCellInf
1788691547.834 10311 32374 32374 I Unique  : 2026-09-06 17:45:47.833 I HOOK IDENTITY_HOOK_INSTALLED service=phone package=com.gordey.standarling matched=callerPackage=call+canChangeDtmfToneLength+changeIccLockPassword+checkCarrierPrivilegesForPackage+checkCarrierPrivilegesForPackageAnyPhone+clearSignalStrengthUpdateRequest+deprovisionSatelliteService+dial+disableDataConnectivity+disableVisualVoicemailSmsFilter+doesSwitchMultiSimConfigTriggerReboot+e
1788691547.845 10311 32374 32374 I Unique  : 2026-09-06 17:45:47.844 I HOOK SERVICE_HOOKED service=device_policy cache=true singletons=0 managers=0 bound=callerPackage matched=callerPackage=addCrossProfileIntentFilter+addCrossProfileWidgetProvider+addPersistentPreferredActivity+approveCaCert+checkDeviceIdentifierAccess+checkProvisioningPrecondition+choosePrivateKeyAlias+clearApplicationUserData+clearCrossProfileIntentFilters+clearDeviceOwner+clearPackagePersistentPreferredActivities+clearResetPasswordToken+createAdminSupportIntent+createAndManageUser+createAndProvisionM
1788691547.847 10311 32374 32374 I Unique  : 2026-09-06 17:45:47.845 I HOOK IDENTITY_HOOK_INSTALLED service=device_policy package=com.gordey.standarling matched=callerPackage=addCrossProfileIntentFilter+addCrossProfileWidgetProvider+addPersistentPreferredActivity+approveCaCert+checkDeviceIdentifierAccess+checkProvisioningPrecondition+choosePrivateKeyAlias+clearApplicationUserData+clearCrossProfileIntentFilters+clearDeviceOwner+clearPackagePersistentPreferre
1788691547.850 10311 32374 32374 I Unique  : 2026-09-06 17:45:47.849 I HOOK SERVICE_HOOKED service=media.camera cache=true singletons=0 managers=0 bound=callerPackage matched=callerPackage=connect+connectDevice+createDefaultRequest+getCameraCharacteristics+getSessionCharacteristics+getTorchStrengthLevel+injectCamera+injectSessionParams+isHiddenPhysicalCamera+isSessionConfigurationWithParametersSupported+setTorchMode+supportsCameraApi+turnOnTorchWithStrengthLevel
1788691547.851 10311 32374 32374 I Unique  : 2026-09-06 17:45:47.850 I HOOK IDENTITY_HOOK_INSTALLED service=media.camera package=com.gordey.standarling matched=callerPackage=connect+connectDevice+createDefaultRequest+getCameraCharacteristics+getSessionCharacteristics+getTorchStrengthLevel+injectCamera+injectSessionParams+isHiddenPhysicalCamera+isSessionConfigurationWithParametersSupported+setTorchMode+supportsCameraApi+turnOnTorchWithStrengthLevel
1788691547.855 10311 32374 32374 I Unique  : 2026-09-06 17:45:47.854 I HOOK SERVICE_HOOKED service=telecom cache=true singletons=0 managers=0 bound=callerPackage matched=callerPackage=acceptHandover+acceptRingingCall+acceptRingingCallWithVideoState+addCall+addNewIncomingCall+addNewIncomingConference+addOrRemoveTestCallCompanionApp+cancelMissedCallsNotification+clearAccounts+createLaunchEmergencyDialerIntent+createManageBlockedNumbersIntent+endCall+getAdnUriForPhoneAccount+getCallCapablePhoneAccounts+getCallStateUsingPackage+getCurrentTtyMode+getDefaultDialerPackag
1788691547.856 10311 32374 32374 I Unique  : 2026-09-06 17:45:47.855 I HOOK IDENTITY_HOOK_INSTALLED service=telecom package=com.gordey.standarling matched=callerPackage=acceptHandover+acceptRingingCall+acceptRingingCallWithVideoState+addCall+addNewIncomingCall+addNewIncomingConference+addOrRemoveTestCallCompanionApp+cancelMissedCallsNotification+clearAccounts+createLaunchEmergencyDialerIntent+createManageBlockedNumbersIntent+endCall+getAdnUriForPhoneA
1788691547.859 10311 32374 32374 I Unique  : 2026-09-06 17:45:47.858 I HOOK SERVICE_HOOKED service=media_router cache=true singletons=0 managers=0 bound=callerPackage matched=callerPackage=deselectRouteWithManager+deselectRouteWithRouter2+getSystemRoutes+getSystemSessionInfoForPackage+registerClientAsUser+registerClientGroupId+registerManager+registerProxyRouter+registerRouter2+releaseSessionWithManager+releaseSessionWithRouter2+requestCreateSessionWithManager+requestSetVolume+requestUpdateVolume+selectRouteWithManager+selectRouteWithRouter2+setSelectedRoute+setSession
1788691547.860 10311 32374 32374 I Unique  : 2026-09-06 17:45:47.859 I HOOK IDENTITY_HOOK_INSTALLED service=media_router package=com.gordey.standarling matched=callerPackage=deselectRouteWithManager+deselectRouteWithRouter2+getSystemRoutes+getSystemSessionInfoForPackage+registerClientAsUser+registerClientGroupId+registerManager+registerProxyRouter+registerRouter2+releaseSessionWithManager+releaseSessionWithRouter2+requestCreateSessionWithManager+requestSet
1788691547.863 10311 32374 32374 I Unique  : 2026-09-06 17:45:47.862 I HOOK SERVICE_HOOKED service=media_session cache=true singletons=0 managers=0 bound=callerPackage matched=callerPackage=addOnMediaKeyEventSessionChangedListener+createSession+dispatchAdjustVolume+dispatchMediaKeyEvent+dispatchMediaKeyEventToSessionAsSystemService+dispatchVolumeKeyEvent+dispatchVolumeKeyEventToSessionAsSystemService+getMediaKeyEventSession+getMediaKeyEventSessionPackageName+hasCustomMediaKeyDispatcher+hasCustomMediaSessionPolicyProvider+isTrusted+setCustomMediaKeyDispatcher+setCustomMe
1788691547.864 10311 32374 32374 I Unique  : 2026-09-06 17:45:47.863 I HOOK IDENTITY_HOOK_INSTALLED service=media_session package=com.gordey.standarling matched=callerPackage=addOnMediaKeyEventSessionChangedListener+createSession+dispatchAdjustVolume+dispatchMediaKeyEvent+dispatchMediaKeyEventToSessionAsSystemService+dispatchVolumeKeyEvent+dispatchVolumeKeyEventToSessionAsSystemService+getMediaKeyEventSession+getMediaKeyEventSessionPackageName+hasCustomMedi
1788691547.871 10311 32374 32374 I Unique  : 2026-09-06 17:45:47.869 I HOOK SERVICE_HOOKED service=appwidget cache=true singletons=0 managers=0 bound=callerPackage,appWidgetIdentity matched=callerPackage=allocateAppWidgetId+bindRemoteViewsService+createAppWidgetConfigIntentSender+deleteAppWidgetId+deleteHost+getAppWidgetIdsForHost+getAppWidgetInfo+getAppWidgetOfHost+getAppWidgetOptions+getAppWidgetViews+getInstalledProvidersForProfile+hasBindAppWidgetPermission+isBoundWidgetPackage+noteAppWidgetTapped+notifyAppWidgetViewDataChanged+partiallyUpdateAppWidgetIds+setAppWidgetHidden+setBi
1788691547.872 10311 32374 32374 I Unique  : 2026-09-06 17:45:47.871 I HOOK IDENTITY_HOOK_INSTALLED service=appwidget package=com.gordey.standarling matched=callerPackage=allocateAppWidgetId+bindRemoteViewsService+createAppWidgetConfigIntentSender+deleteAppWidgetId+deleteHost+getAppWidgetIdsForHost+getAppWidgetInfo+getAppWidgetOfHost+getAppWidgetOptions+getAppWidgetViews+getInstalledProvidersForProfile+hasBindAppWidgetPermission+isBoundWidgetPackage+not
1788691547.875 10311 32374 32374 I Unique  : 2026-09-06 17:45:47.874 I HOOK SERVICE_HOOKED service=input_method cache=true singletons=1 managers=0 bound=callerPackage,editorIdentity matched=callerPackage=acceptStylusHandwritingDelegation+acceptStylusHandwritingDelegationAsync+getEnabledInputMethodSubtypeList+prepareStylusHandwritingDelegation+setAdditionalInputMethodSubtypes+setExplicitlyEnabledInputMethodSubtypes+startConnectionlessStylusHandwriting+startProtoDump,editorIdentity=startInputOrWindowGainedFocus+startInputOrWindowGainedFocusAsync
1788691547.876 10311 32374 32374 I Unique  : 2026-09-06 17:45:47.875 I HOOK IDENTITY_HOOK_INSTALLED service=input_method package=com.gordey.standarling matched=callerPackage=acceptStylusHandwritingDelegation+acceptStylusHandwritingDelegationAsync+getEnabledInputMethodSubtypeList+prepareStylusHandwritingDelegation+setAdditionalInputMethodSubtypes+setExplicitlyEnabledInputMethodSubtypes+startConnectionlessStylusHandwriting+startProtoDump,editorIdentity=start
1788691547.876 10311 32374 32374 I Unique  : 2026-09-06 17:45:47.876 I HOOK IDENTITY_HOOKS_INSTALLED package=com.gordey.standarling installed=alarm,clipboard,restrictions,locale,connectivity,power,wifi,location,audio,vibrator_manager,usagestats,netstats,content,shortcut,mount,account,phone,device_policy,media.camera,telecom,media_router,media_session,appwidget,input_method skipped=
1788691547.878 10311 32374 32374 W Unique  : 2026-09-06 17:45:47.877 W PROCESS ALARM_EXACT_UNAVAILABLE detail=UNIQUE does not hold SCHEDULE_EXACT_ALARM; a guest asking for an exact alarm will get the platform's SecurityException
1788691547.882 10311 32374 32374 I Unique  : 2026-09-06 17:45:47.881 I HOOK SERVICE_HOOKED service=jobscheduler cache=true singletons=0 managers=0 bound=jobById,scheduleJob,pendingJobs matched=jobById=cancel+getPendingJob+getPendingJobReason,scheduleJob=enqueue+schedule+scheduleAsPackage,pendingJobs=getAllPendingJobs+getAllPendingJobsInNamespace
1788691547.883 10311 32374 32374 I Unique  : 2026-09-06 17:45:47.882 I HOOK JOB_HOOKED package=com.gordey.standarling slot=0 matched=jobById=cancel+getPendingJob+getPendingJobReason,scheduleJob=enqueue+schedule+scheduleAsPackage,pendingJobs=getAllPendingJobs+getAllPendingJobsInNamespace
1788691547.889 10311 32374 32374 I Unique  : 2026-09-06 17:45:47.888 I HOOK SERVICE_HOOKED service=notification cache=true singletons=1 managers=0 bound=notificationIdentity,enqueue,channels matched=notificationIdentity=addAutomaticZenRule+areBubblesAllowed+areNotificationsEnabled+areNotificationsEnabledForPackage+buzzBeepBlinkForNotification+canNotifyAsPackage+canShowBadge+cancelAllNotifications+cancelNotificationFromListener+cancelToast+clearData+deleteNotificationHistoryItem+enqueueTextToast+enqueueToast+finishToken+getActiveNotifications+getActiveNotificationsWithAttribution+getAllowedAss
1788691547.891 10311 32374 32374 I Unique  : 2026-09-06 17:45:47.889 I HOOK NOTIFICATION_HOOKED package=com.gordey.standarling vuid=2 matched=notificationIdentity=addAutomaticZenRule+areBubblesAllowed+areNotificationsEnabled+areNotificationsEnabledForPackage+buzzBeepBlinkForNotification+canNotifyAsPackage+canShowBadge+cancelAllNotifications+cancelNotificationFromListener+cancelToast+clearData+deleteNotificationHistoryItem+enqueueTextToast+enqueueToast+finishToken+getActiveNotifications+getActiveNotificationsWithAttribution+getAllowedAss
1788691547.898 10311 32374 32374 I Unique  : 2026-09-06 17:45:47.897 I PROCESS RECEIVERS_REGISTERED package=com.gordey.standarling declared=3 registered=3 actions=com.adjust.sdk.AdjustPreinstallReferrerReceiver#com.attribution.SYSTEM_INSTALLER_REFERRER;com.facebook.CurrentAccessTokenExpirationBroadcastReceiver#com.facebook.sdk.ACTION_CURRENT_ACCESS_TOKEN_CHANGED;com.google.firebase.iid.FirebaseInstanceIdReceiver#com.google.android.c2dm.intent.RECEIVE exported=2
1788691547.898 10311 32374 32374 I Unique  : 2026-09-06 17:45:47.898 I LAUNCH ACTIVITY_LIFECYCLE_INSTALLED package=com.gordey.standarling
1788691547.910 10311 32374 32398 I Unique  : 2026-09-06 17:45:47.909 I LAUNCH GOOGLE_STACK_HIDDEN package=com.google.android.gms hidden=true reason=SDK_TOO_OLD gmsVersion=12451000 detail=Play services client older than 18: a refused broker reaches the caller's looper and kills the app, so the stack is hidden and the SDK takes its own no-Google-services path
1788691547.912 10311 32374 32374 D Unique  : 2026-09-06 17:45:47.911 D PROCESS PERMISSION_CHECK permission=android.permission.INTERNET result=GRANTED
1788691547.920 10311 32374 32398 W GooglePlayServicesUtil: com.gordey.standarling requires Google Play services, but they are missing.
1788691547.923 10311 32374 32374 W com.facebook.UserSettingsManager: Please set a value for AutoLogAppEventsEnabled. Set the flag to TRUE if you want to collect app install, app launch and in-app purchase events automatically. To request user consent before collecting data, set the flag value to FALSE, then change to TRUE once user consent is received. Learn more: https://developers.facebook.com/docs/app-events/getting-started-app-events-android#disable-auto-events.
1788691547.923 10311 32374 32374 W com.facebook.UserSettingsManager: You haven't set a value for AdvertiserIDCollectionEnabled. Set the flag to TRUE if you want to collect Advertiser ID for better advertising and analytics results. To request user consent before collecting data, set the flag value to FALSE, then change to TRUE once user consent is received. Learn more: https://developers.facebook.com/docs/app-events/getting-started-app-events-android#disable-auto-events.
1788691547.925 10311 32374 32398 E AppLovinSdk: [DataCollector] Could not collect Google Advertising ID - this will negatively impact your eCPMs! Please integrate the Google Play Services SDK into your application. More info can be found online at http://developer.android.com/google/play-services/setup.html. If you're sure you've integrated the SDK and are still seeing this message, you may need to add a ProGuard exception: -keep public class com.google.android.gms.** { public protected *; }
1788691547.925 10311 32374 32398 E AppLovinSdk: java.io.IOException: Google Play services not available
1788691547.925 10311 32374 32398 E AppLovinSdk: 	at com.google.android.gms.ads.identifier.AdvertisingIdClient.zza(dex-id-ffd9dfb5f38697736427fc1a28d16d569bfb0e87:31)
1788691547.925 10311 32374 32398 E AppLovinSdk: 	at com.google.android.gms.ads.identifier.AdvertisingIdClient.zza(dex-id-ffd9dfb5f38697736427fc1a28d16d569bfb0e87:17)
1788691547.925 10311 32374 32398 E AppLovinSdk: 	at com.google.android.gms.ads.identifier.AdvertisingIdClient.getAdvertisingIdInfo(dex-id-ffd9dfb5f38697736427fc1a28d16d569bfb0e87:47)
1788691547.925 10311 32374 32398 E AppLovinSdk: 	at com.applovin.impl.sdk.p.c(dex-id-ffd9dfb5f38697736427fc1a28d16d569bfb0e87:15)
1788691547.925 10311 32374 32398 E AppLovinSdk: 	at com.applovin.impl.sdk.p.b(dex-id-ffd9dfb5f38697736427fc1a28d16d569bfb0e87:0)
1788691547.925 10311 32374 32398 E AppLovinSdk: 	at com.applovin.impl.sdk.p$a.run(dex-id-ffd9dfb5f38697736427fc1a28d16d569bfb0e87:6)
1788691547.925 10311 32374 32398 E AppLovinSdk: 	at java.lang.Thread.run(Thread.java:1572)
1788691547.936 10311 32374 32400 W GraphRequest: Starting with v13 of the SDK, a client token must be embedded in your client code before making Graph API calls. Visit https://developers.facebook.com/docs/android/getting-started#client-token to learn how to implement this change.
1788691547.938 10311 32374 32402 W GraphRequest: Starting with v13 of the SDK, a client token must be embedded in your client code before making Graph API calls. Visit https://developers.facebook.com/docs/android/getting-started#client-token to learn how to implement this change.
1788691547.945 10311 32374 32403 W GooglePlayServicesUtil: com.gordey.standarling requires Google Play services, but they are missing.
1788691547.947 10311 32374 32404 W GraphRequest: Starting with v13 of the SDK, a client token must be embedded in your client code before making Graph API calls. Visit https://developers.facebook.com/docs/android/getting-started#client-token to learn how to implement this change.
1788691547.947 10311 32374 32403 D Unique  : 2026-09-06 17:45:47.946 D PROCESS SERVICE_CONNECTION_WRAPPED connection=com.facebook.internal.AttributionIdentifiers$GoogleAdServiceConnection
1788691547.960 10311 32374 32374 I FirebaseApp: Device unlocked: initializing all Firebase APIs for app [DEFAULT]
1788691547.980 10311 32374 32415 D Unique  : 2026-09-06 17:45:47.979 D PROCESS PERMISSION_CHECK permission=android.permission.WAKE_LOCK result=GRANTED
1788691547.987 10311 32374 32415 W FirebaseInstanceId: Failed to resolve IID implementation package, falling back
1788691547.990 10311 32374 32415 D Unique  : 2026-09-06 17:45:47.988 D PROCESS PERMISSION_CHECK permission=android.permission.ACCESS_NETWORK_STATE result=GRANTED
1788691547.999 10311 32374 32414 W FirebaseInstanceId: Failed to find package android.content.pm.PackageManager$NameNotFoundException: com.google.android.gms
1788691548.004 10311 32374 32374 I FirebaseInitProvider: FirebaseApp initialization successful
1788691548.006 10311 32374 32374 I Unique  : 2026-09-06 17:45:48.005 I PROCESS PROVIDERS_PUBLISHED package=com.gordey.standarling process=com.gordey.standarling declared=5 authorities=[redacted]
1788691548.007 10311 32374 32423 D FirebaseRemoteConfig: Persisted config file was not found.
1788691548.007 10311 32374 32423 D FirebaseRemoteConfig: java.io.FileNotFoundException: /data/user/0/com.unique/files/virtual/users/2/data/com.gordey.standarling/files/persisted_config: open failed: ENOENT (No such file or directory)
1788691548.007 10311 32374 32423 D FirebaseRemoteConfig: 	at libcore.io.IoBridge.open(IoBridge.java:574)
1788691548.007 10311 32374 32423 D FirebaseRemoteConfig: 	at java.io.FileInputStream.<init>(FileInputStream.java:179)
1788691548.007 10311 32374 32423 D FirebaseRemoteConfig: 	at android.app.ContextImpl.openFileInput(ContextImpl.java:785)
1788691548.007 10311 32374 32423 D FirebaseRemoteConfig: 	at android.content.ContextWrapper.openFileInput(ContextWrapper.java:267)
1788691548.007 10311 32374 32423 D FirebaseRemoteConfig: 	at com.google.firebase.remoteconfig.internal.m.c(LegacyConfigsHandler.java:2)
1788691548.007 10311 32374 32423 D FirebaseRemoteConfig: 	at com.google.firebase.remoteconfig.internal.m.b(LegacyConfigsHandler.java:1)
1788691548.007 10311 32374 32423 D FirebaseRemoteConfig: 	at com.google.firebase.remoteconfig.internal.m.a(LegacyConfigsHandler.java:2)
1788691548.007 10311 32374 32423 D FirebaseRemoteConfig: 	at com.google.firebase.remoteconfig.q.call(RemoteConfigComponent.java:2)
1788691548.007 10311 32374 32423 D FirebaseRemoteConfig: 	at com.google.android.gms.tasks.zzy.run(com.google.android.gms:play-services-tasks@@17.2.0:1)
1788691548.007 10311 32374 32423 D FirebaseRemoteConfig: 	at java.util.concurrent.ThreadPoolExecutor.runWorker(ThreadPoolExecutor.java:1100)
1788691548.007 10311 32374 32423 D FirebaseRemoteConfig: 	at java.util.concurrent.ThreadPoolExecutor$Worker.run(ThreadPoolExecutor.java:624)
1788691548.007 10311 32374 32423 D FirebaseRemoteConfig: 	at java.lang.Thread.run(Thread.java:1572)
1788691548.007 10311 32374 32423 D FirebaseRemoteConfig: Caused by: android.system.ErrnoException: open failed: ENOENT (No such file or directory)
1788691548.007 10311 32374 32423 D FirebaseRemoteConfig: 	at libcore.io.Linux.open(Native Method)
1788691548.007 10311 32374 32423 D FirebaseRemoteConfig: 	at libcore.io.ForwardingOs.open(ForwardingOs.java:579)
1788691548.007 10311 32374 32423 D FirebaseRemoteConfig: 	at libcore.io.BlockGuardOs.open(BlockGuardOs.java:274)
1788691548.007 10311 32374 32423 D FirebaseRemoteConfig: 	at libcore.io.ForwardingOs.open(ForwardingOs.java:579)
1788691548.007 10311 32374 32423 D FirebaseRemoteConfig: 	at android.app.ActivityThread$AndroidOs.open(ActivityThread.java:9342)
1788691548.007 10311 32374 32423 D FirebaseRemoteConfig: 	at libcore.io.IoBridge.open(IoBridge.java:560)
1788691548.007 10311 32374 32423 D FirebaseRemoteConfig: 	... 11 more
1788691548.009 10311 32374 32374 I UniqueNative: redirect table set: 8 rule(s)
1788691548.010 10311 32374 32374 I UniqueNative: io_redirect: 2 exclusion(s) set
1788691548.010 10311 32374 32419 I DynamiteModule: Considering local module com.google.android.gms.measurement.dynamite:17 and remote module com.google.android.gms.measurement.dynamite:0
1788691548.010 10311 32374 32374 I UniqueNative: io_redirect installed: 0 slot(s) in 0/389 libraries (0 excluded, 0 total), 8 rule(s), page size 4096
1788691548.010 10311 32374 32374 W UniqueNative: io_redirect: filter did not match: /data/user/0/com.unique/files/virtual/apk/com.gordey.standarling/1090/lib/arm64-v8a
1788691548.010 10311 32374 32374 W UniqueNative: io_redirect: filter did not match: /data/data/com.unique/files/virtual/apk/com.gordey.standarling/1090/lib/arm64-v8a
1788691548.010 10311 32374 32374 W UniqueNative: io_redirect: filter did not match: /data/user/0/com.unique/files/virtual/apk/com.gordey.standarling/1090
1788691548.010 10311 32374 32374 W UniqueNative: io_redirect: filter did not match: /data/data/com.unique/files/virtual/apk/com.gordey.standarling/1090
1788691548.010 10311 32374 32374 W UniqueNative: io_redirect: app-private library seen: /data/misc/apexdata/com.android.art/dalvik-cache/arm64/boot.oat
1788691548.010 10311 32374 32374 W UniqueNative: io_redirect: app-private library seen: /data/misc/apexdata/com.android.art/dalvik-cache/arm64/boot-framework-adservices.oat
1788691548.010 10311 32374 32374 W UniqueNative: io_redirect: app-private library seen: /data/app/~~ndyqWXJvVY1zeZZFUEYANw==/com.unique-0o8juLvjB-FcRKZSrpSxNg==/oat/arm64/base.odex
1788691548.010 10311 32374 32374 W UniqueNative: io_redirect: app-private library seen: /data/app/~~ndyqWXJvVY1zeZZFUEYANw==/com.unique-0o8juLvjB-FcRKZSrpSxNg==/base.apk!/lib/arm64-v8a/libunique_native.so
1788691548.010 10311 32374 32419 I DynamiteModule: Selected local version of com.google.android.gms.measurement.dynamite
1788691548.011 10311 32374 32374 I Unique  : 2026-09-06 17:45:48.010 I NATIVE u2 com.gordey.standarling IO_REDIRECT_INSTALLED status=NOTHING_TO_HOOK watch=OK rules=8 slots=0 scope=/data/user/0/com.unique/files/virtual/apk/com.gordey.standarling/1090/lib/arm64-v8a,/data/data/com.unique/files/virtual/apk/com.gordey.standarling/1090/lib/arm64-v8a,/data/user/0/com.unique/files/virt excluded=libgrave.so,libunique_native.so
1788691548.016 10311 32374 32374 I Unique  : 2026-09-06 17:45:48.011 I LAUNCH u2 com.gordey.standarling BOOTSTRAP_OK package=com.gordey.standarling vuid=2 slot=0 applicationClass=android.app.Application dataDir=/data/user/0/com.unique/files/virtual/users/2/data/com.gordey.standarling sourceDir=/data/user/0/com.unique/files/virtual/apk/com.gordey.standarling/1090/base.apk nativeLibraryDir=/data/user/0/com.unique/files/virtual/apk/com.gordey.standarling/1090/lib/arm64-v8a targetSdk=30 observedPackageName=com.gordey.standarling observedFilesDir=/data/user/0/com.unique/files/virtual/users/2/data/com.gordey.standarling/files millis=545
1788691548.017 10311 32374 32374 I Unique  : 2026-09-06 17:45:48.016 I LAUNCH u2 com.gordey.standarling TRANSACTION_REWRITTEN package=com.gordey.standarling activity=com.google.firebase.MessagingUnityPlayerActivity vuid=2 item=LaunchActivityItem theme=0
1788691548.019 10311 30573 30701 I Unique  : 2026-09-06 17:45:48.018 I PROCESS PROVIDER_SLOT_READY slot=0 vuid=2 pid=32374
1788691548.022 10311 30573 30701 W Unique  : 2026-09-06 17:45:48.020 W PROCESS PROVIDER_ROUTE_UNKNOWN vuid=2 authority=[redacted]
1788691548.129 10311 32374 32374 I Unique  : 2026-09-06 17:45:48.128 I LAUNCH u2 com.gordey.standarling ACTIVITY_ORIENTATION_APPLIED activity=com.google.firebase.MessagingUnityPlayerActivity orientation=6 applied=true
1788691548.150 10311 32374 32374 W libc    : Access denied finding property "persist.vendor.camera.IsVariableApertureSupported"
1788691548.150 10311 32374 32374 W libc    : Access denied finding property "persist.vendor.camera.IsStreetModeSupported"
1788691548.163 10311 32374 32374 I UniqueNative: io_redirect installed: 0 slot(s) in 1/390 libraries (0 excluded, 0 total), 8 rule(s), page size 4096
1788691548.228 10311 32374 32419 D Unique  : 2026-09-06 17:45:48.227 D PROCESS u2 com.gordey.standarling PERMISSION_CHECK permission=com.google.android.providers.gsf.permission.READ_GSERVICES result=GRANTED
1788691548.264 10311 30573 30591 W Unique  : 2026-09-06 17:45:48.262 W PROCESS PROVIDER_ROUTE_UNKNOWN vuid=2 authority=[redacted]
1788691548.327 10311 32374 32374 I SurfaceFactory: [static] sSurfaceFactory = com.mediatek.view.impl.SurfaceFactoryImpl@44dc2a8
1788691548.337 10311 32374 32374 D MiuiMultiWindowUtils: freeform resolution args raw data:{  "wide_default":{    "freeform_args": {        "vertical_portrait":{"aspect_ratio":0.626, "original_ratio":0.5643,"original_scale":0.74,"top_margin":0.168,"left_margin":0.484},        "horizontal_portrait":{"aspect_ratio":0.626, "original_ratio":0.5643,"original_scale":0.74,"top_margin":0.1222,"left_margin":0.59745},        "vertical_landscape":{"aspect_ratio":1.6, "original_ratio":1,"original_scale":0.604,"top_margin":0.2596,"left_margin":0.2624},        "horizontal_landscape":{"aspect_ratio":1.6, "original_ratio":1,"original_scale":0.604,"top_margin":0.213,"left_margin":0.3758}    },    "mini_freeform_args":{        "vertical_portrait":{"original_ratio":0.147},        "horizontal_portrait":{"original_ratio":0.147},        "vertical_landscape":{"original_ratio":0.165},        "horizontal_landscape":{"original_ratio":0.165}    }  },  "narrow_default": {    "freeform_args": {        "vertical_portrait":{"aspect_ratio":0.626, "original_ratio":1,"original_scale":0.74,"top_margin":0.0753,"left_margin":-1},        "horizontal_portrait":{"aspect_ratio":0.626, "original_ratio":1,"original_scale":0.5756,"top_margin":-1,"left_margin":0.0753},        "vertical_landscape":{"aspect_ratio":1.6, "original_ratio":0.6847,"original_scale":0.587,"top_margin":0.0753,"left_margin":-1},        "horizontal_landscape":{"aspect_ratio":1.6, "original_ratio":0.6847,"original_scale":0.587,"top_margin":-1,"left_margin":0.0753}    },    "mini_freeform_args":{        "vertical_portrait":{"original_ratio":0.26},        "horizontal_portrait":{"original_ratio":0.26},        "vertical_landscape":{"original_ratio":0.293},        "horizontal_landscape":{"original_ratio":0.293}    }  },  "regular_default": {    "freeform_args": {      "vertical_portrait":{"aspect_ratio":0.625, "original_ratio":1,"original_scale":0.7,"top_margin":0.109,"left_margin":-1},      "horizontal_portrait":{"aspect_ratio":0.6667, "original_ratio":1,"original_scale":0.6102,"top_margin":-1,"left_margin":0.026},      "vertical_landscape":{"aspect_ratio":1.6, "original_ratio":1,"original_scale":0.4244,"top_margin":0.109,"left_margin":-1},      "horizontal_landscape":{"aspect_ratio":1.6, "original_ratio":1,"original_scale":0.4244,"top_margin":-1,"left_margin":0.026}    },    "mini_freeform_args":{      "vertical_portrait":{"original_ratio":0.25},      "horizontal_portrait":{"original_ratio":0.25},      "vertical_landscape":{"original_ratio":0.25},      "horizontal_landscape":{"original_ratio":0.25}    }  },  "pad_default": {    "freeform_args": {      "vertical_portrait":{"aspect_ratio":0.5625, "original_ratio":0.375,"original_scale":0.835,"top_margin":0.049,"left_margin":0.2775},      "horizontal_portrait":{"aspect_ratio":0.5625, "original_ratio":0.375,"original_scale":0.835,"top_margin":-1,"left_margin":0.6525},      "vertical_landscape":{"aspect_ratio":-1, "original_ratio":1,"original_scale":0.468,"top_margin":0.049,"left_margin":-1},      "horizontal_landscape":{"aspect_ratio":-1, "original_ratio":1,"original_scale":0.468,"top_margin":-1,"left_margin":0.4976}    },    "mini_freeform_args":{      "vertical_portrait":{"original_ratio":0.144},      "horizontal_portrait":{"original_ratio":0.144},      "vertical_landscape":{"original_ratio":0.2},      "horizontal_landscape":{"original_ratio":0.2}    }  }}
1788691548.338 10311 32374 32374 D MiuiMultiWindowUtils: initFreeFormResolutionArgs failed, device is sea
1788691548.338 10311 32374 32374 D IS_CTS_MODE: false
1788691548.338 10311 32374 32374 D MULTI_WINDOW_SWITCH_ENABLED: false
1788691548.342 10311 32374 32374 V PhoneWindowStubImpl: modifyNavigationBarColor from -16777216 to -1
1788691548.360 10311 32374 32374 I UniqueNative: io_redirect: excluded (not hooked, on purpose): /data/data/com.unique/files/virtual/apk/com.gordey.standarling/1090/lib/arm64-v8a/libgrave.so
1788691548.360 10311 32374 32374 I UniqueNative: io_redirect installed: 22 slot(s) in 3/393 libraries (1 excluded, 22 total), 8 rule(s), page size 4096
1788691548.360 10311 32374 32374 I UniqueNative: io_redirect: hooked 22 new slot(s) after loading /data/user/0/com.unique/files/virtual/apk/com.gordey.standarling/1090/lib/arm64-v8a/libgrave.so (22 total)
1788691548.615 10311 32374 32400 E FeatureFlagsImplExport: android.os.flagging.AconfigStorageReadException: ERROR_PACKAGE_NOT_FOUND: package com.android.libcore cannot be found on the device
1788691549.049 10311 32374 32432 I FA      : App measurement initialized, version: 31049
1788691549.049 10311 32374 32432 I FA      : To enable debug logging run: adb shell setprop log.tag.FA VERBOSE
1788691549.050 10311 32374 32432 I FA      : To enable faster debug mode event logging run:
1788691549.050 10311 32374 32432 I FA      :   adb shell setprop debug.firebase.analytics.app com.gordey.standarling
1788691549.053 10311 32374 32432 D Unique  : 2026-09-06 17:45:49.052 D PROCESS u2 com.gordey.standarling PERMISSION_CHECK permission=android.permission.INTERNET result=GRANTED
1788691549.056 10311 32374 32432 D Unique  : 2026-09-06 17:45:49.054 D PROCESS u2 com.gordey.standarling PERMISSION_CHECK permission=android.permission.ACCESS_NETWORK_STATE result=GRANTED
1788691549.600 10311 32374 32374 W Activity: PerfMonitor: Slow Operation: Activity com.gordey.standarling/com.google.firebase.MessagingUnityPlayerActivity onCreate took 1471ms
1788691549.605 10311 32374 32374 W libc    : Access denied finding property "ro.vendor.df.effect.conflict"
1788691549.621 10311 32374 32402 E com.facebook.GraphResponse: {HttpStatus: 400, errorCode: 100, subErrorCode: 33, errorType: GraphMethodException, errorMessage: Unsupported get request. Object with ID '75257380179802112312300' does not exist, cannot be loaded due to missing permissions, or does not support this operation. Please read the Graph API documentation at https://developers.facebook.com/docs/graph-api}
1788691549.634 10311 32374 32374 I PowerHalWrapper: PowerHalWrapper.getInstance
1788691549.635 10311 32374 32374 I M-ProMotion: M-ProMotion is disabled
1788691549.638 10311 32374 32400 E com.facebook.GraphResponse: {HttpStatus: 400, errorCode: 100, subErrorCode: 33, errorType: GraphMethodException, errorMessage: Unsupported get request. Object with ID '75257380179802112312300' does not exist, cannot be loaded due to missing permissions, or does not support this operation. Please read the Graph API documentation at https://developers.facebook.com/docs/graph-api}
1788691549.639 10311 32374 32402 W GraphRequest: Starting with v13 of the SDK, a client token must be embedded in your client code before making Graph API calls. Visit https://developers.facebook.com/docs/android/getting-started#client-token to learn how to implement this change.
1788691549.639 10311 32374 32451 I PowerHalWrapper: PowerHalWrapper.getInstance
1788691549.641 10311 32374 32404 E com.facebook.GraphResponse: {HttpStatus: 400, errorCode: 100, subErrorCode: 33, errorType: GraphMethodException, errorMessage: Unsupported get request. Object with ID '75257380179802112312300' does not exist, cannot be loaded due to missing permissions, or does not support this operation. Please read the Graph API documentation at https://developers.facebook.com/docs/graph-api}
1788691549.646 10311 32374 32404 W GraphRequest: Starting with v13 of the SDK, a client token must be embedded in your client code before making Graph API calls. Visit https://developers.facebook.com/docs/android/getting-started#client-token to learn how to implement this change.
1788691549.649 10311 32374 32374 D MiuiCameraCoveredManager: java.lang.NullPointerException: Attempt to invoke virtual method 'java.lang.String android.provider.MiuiSettings$SettingsCloudData$CloudData.getString(java.lang.String, java.lang.String)' on a null object reference
1788691549.650 10311 32374 32374 W libc    : Access denied finding property "ro.vendor.perf.scroll_opt"
1788691549.675 10311 32374 32452 W libc    : Access denied finding property "ro.vendor.display.iris_x7.support"
1788691549.685 10311 32374 32374 D VRI[MessagingUnityPlayerActivity]: hardware acceleration = true, forceHwAccelerated = false
1788691549.702 10311 32374 32374 D InputEventReceiver: Input log is disabled in InputEventReceiver.
1788691549.707 10311 32374 32374 D Unique  : 2026-09-06 17:45:49.707 D LAUNCH u2 com.gordey.standarling CALLBACK_ALIVE what=159 obj=android.app.servertransaction.ClientTransaction
1788691549.711 10311 32374 32374 D Unique  : 2026-09-06 17:45:49.710 D LAUNCH u2 com.gordey.standarling NO_LAUNCH_ITEM transaction=android.app.servertransaction.ClientTransaction shape=CREATOR: mActivityCallbacks:[TopResumedActivityChangeItem] mActivityToken:BinderProxy mClient:null mLifecycleStateRequest:null mTransactionItems:[TopResumedActivityChangeItem] seen=2
1788691549.712 10311 32374 32374 D Unique  : 2026-09-06 17:45:49.711 D LAUNCH u2 com.gordey.standarling CALLBACK_ALIVE what=159 obj=android.app.servertransaction.ClientTransaction
1788691549.713 10311 32374 32374 D Unique  : 2026-09-06 17:45:49.712 D LAUNCH u2 com.gordey.standarling NO_LAUNCH_ITEM transaction=android.app.servertransaction.ClientTransaction shape=CREATOR: mActivityCallbacks:[ConfigurationChangeItem] mActivityToken:null mClient:null mLifecycleStateRequest:null mTransactionItems:[ConfigurationChangeItem] seen=3
1788691549.715 10311 32374 32374 D Unique  : 2026-09-06 17:45:49.714 D LAUNCH u2 com.gordey.standarling NO_LAUNCH_ITEM transaction=android.app.servertransaction.ClientTransaction shape=CREATOR: mActivityCallbacks:[ActivityConfigurationChangeItem] mActivityToken:BinderProxy mClient:null mLifecycleStateRequest:null mTransactionItems:[ActivityConfigurationChangeItem] seen=4
1788691549.729 10311 32374 32403 D Unique  : 2026-09-06 17:45:49.728 D PROCESS u2 com.gordey.standarling SERVICE_CONNECTION_WRAPPED connection=com.android.installreferrer.api.InstallReferrerClientImpl$b
1788691549.753 10311 32374 32374 D VRI[MessagingUnityPlayerActivity]: vri.reportNextDraw android.view.ViewRootImpl.performTraversals:4936 android.view.ViewRootImpl.doTraversal:3546 android.view.ViewRootImpl$TraversalRunnable.run:11690 android.view.Choreographer$CallbackRecord.run:1763 android.view.Choreographer$CallbackRecord.run:1772
1788691549.753 10311 32374 32374 D SurfaceView: UPDATE null, mIsCastMode = false
1788691549.758 10311 32374 32374 D VRI[MessagingUnityPlayerActivity]: Setup new sync=wmsSync-VRI[MessagingUnityPlayerActivity]#1
1788691549.765 10311 32374 32452 D MMUD    : mtk_memory_debug_init com.gordey.standarling 0xb400007ddc12a400
1788691549.771 10311 32374 32467 E om.unique:vapp0: setpriority success to 100 : mali-cmar-backend
1788691549.797 10311 32374 32452 D om.unique:vapp0: MiuiProcessManagerServiceStub setSchedFifo
1788691549.797 10311 32374 32452 I MiuiProcessManagerImpl: setSchedFifo pid:32374, mode:3
1788691549.807 10311 32374 32452 D MAGT_SYNC_FRAME: MAGT Sync: MAGT is not supported. Disabling Sync.
1788691549.854 10311 32374 32452 I GrallocExtra: gralloc_extra_query:is_SW3D 0
1788691549.855 10311 32374 32452 W libc    : Access denied finding property "ro.vendor.display.iris_x7.support"
1788691549.862 10311 32374 32452 E LB      : fail to open file: No such file or directory
1788691549.862 10311 32374 32452 E LB      : fail to open node: No such file or directory
1788691549.862 10311 32374 32452 E LB      : fail to open node: No such file or directory
1788691549.863 10311 32374 32452 I GrallocExtra: gralloc_extra_query:is_SW3D 0
1788691549.863 10311 32374 32452 W libc    : Access denied finding property "ro.vendor.display.iris_x7.support"
1788691549.868 10311 32374 32374 D VRI[MessagingUnityPlayerActivity]: vri.reportDrawFinished
1788691549.869 10311 32374 32374 D SurfaceView: UPDATE Surface(name=SurfaceView[com.gordey.standarling/com.google.firebase.MessagingUnityPlayerActivity]#53374)/@0x8d232ca, mIsProjectionMode = false
1788691549.871 10311 32374 32458 D MMUD    : get_leak_baseline 3246391296
1788691549.874 10311 32374 32374 D Unique  : 2026-09-06 17:45:49.873 D LAUNCH u2 com.gordey.standarling NO_LAUNCH_ITEM transaction=android.app.servertransaction.ClientTransaction shape=CREATOR: mActivityCallbacks:[WindowStateInsetsControlChangeItem] mActivityToken:null mClient:null mLifecycleStateRequest:null mTransactionItems:[WindowStateInsetsControlChangeItem] seen=5
1788691549.878 10311 32374 32374 D Unique  : 2026-09-06 17:45:49.877 D LAUNCH u2 com.gordey.standarling NO_LAUNCH_ITEM transaction=android.app.servertransaction.ClientTransaction shape=CREATOR: mActivityCallbacks:[WindowStateResizeItem] mActivityToken:null mClient:null mLifecycleStateRequest:null mTransactionItems:[WindowStateResizeItem] seen=6
1788691549.879 10311 32374 32374 D VRI[MessagingUnityPlayerActivity]: vri.reportNextDraw android.view.ViewRootImpl.handleResized:2748 android.view.ViewRootImpl.-$$Nest$mhandleResized:0 android.view.ViewRootImpl$W.resized:12841 android.app.servertransaction.WindowStateResizeItem.execute:64 android.app.servertransaction.WindowStateTransactionItem.execute:59
1788691549.888 10311 32374 32374 D VRI[MessagingUnityPlayerActivity]: Setup new sync=wmsSync-VRI[MessagingUnityPlayerActivity]#3
1788691549.893 10311 32374 32374 D VRI[MessagingUnityPlayerActivity]: vri.reportDrawFinished
1788691549.916 10311 32374 32402 E com.facebook.GraphResponse: {HttpStatus: 400, errorCode: 100, subErrorCode: 33, errorType: GraphMethodException, errorMessage: Unsupported get request. Object with ID '75257380179802112312300' does not exist, cannot be loaded due to missing permissions, or does not support this operation. Please read the Graph API documentation at https://developers.facebook.com/docs/graph-api}
1788691549.927 10311 32374 32374 D Unique  : 2026-09-06 17:45:49.926 D LAUNCH u2 com.gordey.standarling NO_LAUNCH_ITEM transaction=android.app.servertransaction.ClientTransaction shape=CREATOR: mActivityCallbacks:[WindowStateInsetsControlChangeItem] mActivityToken:null mClient:null mLifecycleStateRequest:null mTransactionItems:[WindowStateInsetsControlChangeItem] seen=7
1788691549.939 10311 32374 32404 E com.facebook.GraphResponse: {HttpStatus: 400, errorCode: 100, subErrorCode: 33, errorType: GraphMethodException, errorMessage: Unsupported get request. Object with ID '75257380179802112312300' does not exist, cannot be loaded due to missing permissions, or does not support this operation. Please read the Graph API documentation at https://developers.facebook.com/docs/graph-api}
1788691549.939 10311 32374 32402 W GraphRequest: Starting with v13 of the SDK, a client token must be embedded in your client code before making Graph API calls. Visit https://developers.facebook.com/docs/android/getting-started#client-token to learn how to implement this change.
1788691549.941 10311 32374 32400 W GooglePlayServicesUtil: com.gordey.standarling requires Google Play services, but they are missing.
1788691549.942 10311 32374 32400 D Unique  : 2026-09-06 17:45:49.941 D PROCESS u2 com.gordey.standarling SERVICE_INTENT_CROSS_APP action=com.google.android.gms.ads.identifier.service.START target=com.google.android.gms
1788691549.943 10311 32374 32400 D Unique  : 2026-09-06 17:45:49.942 D PROCESS u2 com.gordey.standarling SERVICE_CONNECTION_WRAPPED connection=com.facebook.internal.AttributionIdentifiers$GoogleAdServiceConnection
1788691549.961 10311 32374 32435 I Unity   : MemoryManager: Using 'Dynamic Heap' Allocator.
1788691549.979 10311 32374 32400 I Unique  : 2026-09-06 17:45:49.978 I STORAGE u2 com.gordey.standarling EXTERNAL_VOLUME_REPOINTED path=/data/user/0/com.unique/files/virtual/users/2/sdcard fields=mPath,mInternalPath
1788691549.980 10311 32374 32400 I Unique  : 2026-09-06 17:45:49.980 I STORAGE u2 com.gordey.standarling EXTERNAL_VOLUME_REPOINTED path=/data/user/0/com.unique/files/virtual/users/2/sdcard fields=mPath,mInternalPath
1788691549.982 10311 32374 32400 I Unique  : 2026-09-06 17:45:49.981 I STORAGE u2 com.gordey.standarling EXTERNAL_VOLUME_REPOINTED path=/data/user/0/com.unique/files/virtual/users/2/sdcard fields=mPath,mInternalPath
1788691549.984 10311 32374 32400 I Unique  : 2026-09-06 17:45:49.983 I STORAGE u2 com.gordey.standarling EXTERNAL_VOLUME_REPOINTED path=/data/user/0/com.unique/files/virtual/users/2/sdcard fields=mPath,mInternalPath
1788691549.986 10311 32374 32435 I Unique  : 2026-09-06 17:45:49.986 I STORAGE u2 com.gordey.standarling EXTERNAL_VOLUME_REPOINTED path=/data/user/0/com.unique/files/virtual/users/2/sdcard fields=mPath,mInternalPath
1788691549.986 10311 32374 32400 I Unique  : 2026-09-06 17:45:49.985 I STORAGE u2 com.gordey.standarling EXTERNAL_VOLUME_REPOINTED path=/data/user/0/com.unique/files/virtual/users/2/sdcard fields=mPath,mInternalPath
1788691549.988 10311 32374 32435 I Unique  : 2026-09-06 17:45:49.988 I STORAGE u2 com.gordey.standarling EXTERNAL_VOLUME_REPOINTED path=/data/user/0/com.unique/files/virtual/users/2/sdcard fields=mPath,mInternalPath
1788691549.990 10311 32374 32400 I Unique  : 2026-09-06 17:45:49.988 I STORAGE u2 com.gordey.standarling EXTERNAL_VOLUME_REPOINTED path=/data/user/0/com.unique/files/virtual/users/2/sdcard fields=mPath,mInternalPath
1788691549.994 10311 32374 32435 I Unique  : 2026-09-06 17:45:49.989 I STORAGE u2 com.gordey.standarling EXTERNAL_VOLUME_REPOINTED path=/data/user/0/com.unique/files/virtual/users/2/sdcard fields=mPath,mInternalPath
1788691549.995 10311 32374 32400 W GraphRequest: Starting with v13 of the SDK, a client token must be embedded in your client code before making Graph API calls. Visit https://developers.facebook.com/docs/android/getting-started#client-token to learn how to implement this change.
1788691550.021 10311 32374 32435 I Unique  : 2026-09-06 17:45:50.021 I STORAGE u2 com.gordey.standarling EXTERNAL_VOLUME_REPOINTED path=/data/user/0/com.unique/files/virtual/users/2/sdcard fields=mPath,mInternalPath
1788691550.034 10311 32374 32452 W libc    : Access denied finding property "ro.vendor.display.iris_x7.support"
1788691550.035 10311 32374 32435 I Unity   : SystemInfo CPU = ARM64 FP ASIMD AES, Cores = 8, Memory = 7707mb
1788691550.035 10311 32374 32435 I Unity   : SystemInfo ARM big.LITTLE configuration: 2 big (mask: 0xc0), 6 little (mask: 0x3f)
1788691550.036 10311 32374 32435 I Unity   : ApplicationInfo com.gordey.standarling version 0.19.1 build f73e0fd9-6520-4584-a63f-ad56c69eedcf
1788691550.036 10311 32374 32435 I Unity   : Built from '2019.4/staging' branch, Version '2019.4.22f1 (9fdda2fe27ad)', Build type 'Release', Scripting Backend 'il2cpp', CPU 'arm64-v8a', Stripping 'Enabled'
1788691550.047 10311 32374 32473 D LibMBrainProxy: Init Paramters
1788691550.051 10311 32374 32474 W InteractionJankMonitor: Initializing without READ_DEVICE_CONFIG permission. enabled=false, interval=1, missedFrameThreshold=3, frameTimeThreshold=64, package=com.gordey.standarling
1788691550.058 10311 32374 32374 D Unique  : 2026-09-06 17:45:50.057 D LAUNCH u2 com.gordey.standarling NO_LAUNCH_ITEM transaction=android.app.servertransaction.ClientTransaction shape=CREATOR: mActivityCallbacks:[WindowStateResizeItem] mActivityToken:null mClient:null mLifecycleStateRequest:null mTransactionItems:[WindowStateResizeItem] seen=8
1788691550.201 10311 32374 32402 E com.facebook.GraphResponse: {HttpStatus: 400, errorCode: 100, subErrorCode: 33, errorType: GraphMethodException, errorMessage: Unsupported get request. Object with ID '75257380179802112312300' does not exist, cannot be loaded due to missing permissions, or does not support this operation. Please read the Graph API documentation at https://developers.facebook.com/docs/graph-api}
1788691550.202 10311 32374 32402 W GraphRequest: Starting with v13 of the SDK, a client token must be embedded in your client code before making Graph API calls. Visit https://developers.facebook.com/docs/android/getting-started#client-token to learn how to implement this change.
1788691550.272 10311 32374 32400 E com.facebook.GraphResponse: {HttpStatus: 400, errorCode: 100, subErrorCode: 33, errorType: GraphMethodException, errorMessage: Unsupported post request. Object with ID '75257380179802112312300' does not exist, cannot be loaded due to missing permissions, or does not support this operation. Please read the Graph API documentation at https://developers.facebook.com/docs/graph-api}
1788691550.478 10311 32374 32402 E com.facebook.GraphResponse: {HttpStatus: 400, errorCode: 100, subErrorCode: 33, errorType: GraphMethodException, errorMessage: Unsupported get request. Object with ID '75257380179802112312300' does not exist, cannot be loaded due to missing permissions, or does not support this operation. Please read the Graph API documentation at https://developers.facebook.com/docs/graph-api}
1788691550.632 10311 32374 32435 W libc    : Access denied finding property "vendor.migl.debug"
1788691550.634 10311 32374 32435 I libMiGL : EnableDR: 0
1788691550.634 10311 32374 32435 D libMEOW : meow new tls: 0xb400007c7b2a01a0
1788691550.640 10311 32374 32435 D libMEOW : meow reload base cfg path: na
1788691550.640 10311 32374 32435 D libMEOW : meow reload overlay cfg path: na
1788691550.649 10311 32374 32435 E QT      : [QT]file does not exist
1788691550.650 10311 32374 32435 D libMEOW : applied 1 plugins for [com.gordey.standarling]:
1788691550.650 10311 32374 32435 D libMEOW :   plugin 1: [libMEOW_gift.so]:
1788691550.656 10311 32374 32435 D MMUD    : mtk_memory_debug_init com.gordey.standarling 0xb400007dab96b400
1788691550.662 10311 32374 32516 E om.unique:vapp0: setpriority success to 100 : mali-cmar-backend
1788691550.732 10311 32374 32435 E om.unique:vapp0: checkIfsupportxIntfps do not binder to joyose
1788691550.762 10311 32374 32435 D Unity   :  GL_EXT_debug_marker GL_ARM_rgba8 GL_ARM_mali_shader_binary GL_ARM_debug_assert GL_OES_depth24 GL_OES_depth_texture GL_OES_depth_texture_cube_map GL_OES_packed_depth_stencil GL_OES_rgb8_rgba8 GL_EXT_read_format_bgra GL_OES_compressed_paletted_texture GL_OES_compressed_ETC1_RGB8_texture GL_OES_standard_derivatives GL_OES_EGL_image GL_OES_EGL_image_external GL_OES_EGL_image_external_essl3 GL_OES_EGL_sync GL_OES_texture_npot GL_OES_vertex_half_float GL_OES_required_internalformat GL_OES_vertex_array_object GL_OES_mapbuffer GL_EXT_texture_format_BGRA8888 GL_EXT_texture_rg GL_EXT_texture_type_2_10_10_10_REV GL_OES_fbo_render_mipmap GL_OES_element_index_uint GL_EXT_shadow_samplers GL_OES_texture_compression_astc GL_KHR_texture_compression_astc_ldr GL_KHR_texture_compression_astc_hdr GL_KHR_texture_compression_astc_sliced_3d GL_EXT_texture_compression_astc_decode_mode GL_EXT_texture_compression_astc_decode_mode_rgb9e5 GL_KHR_debug GL_EXT_occlusion_query_boolean GL_EXT_disjoint_timer_query GL_EXT_blend_minmax GL_EXT
1788691550.762 10311 32374 32435 D Unity   : _discard_framebuffer GL_OES_get_program_binary GL_OES_texture_3D GL_EXT_texture_storage GL_EXT_multisampled_render_to_texture GL_EXT_multisampled_render_to_texture2 GL_OES_surfaceless_context GL_OES_texture_stencil8 GL_EXT_shader_pixel_local_storage GL_ARM_shader_framebuffer_fetch GL_ARM_shader_framebuffer_fetch_depth_stencil GL_ARM_mali_program_binary GL_EXT_sRGB GL_EXT_sRGB_write_control GL_EXT_texture_sRGB_decode GL_EXT_texture_sRGB_R8 GL_EXT_texture_sRGB_RG8 GL_KHR_blend_equation_advanced GL_KHR_blend_equation_advanced_coherent GL_OES_texture_storage_multisample_2d_array GL_OES_shader_image_atomic GL_EXT_robustness GL_EXT_draw_buffers_indexed GL_OES_draw_buffers_indexed GL_EXT_texture_border_clamp GL_OES_texture_border_clamp GL_EXT_texture_cube_map_array GL_OES_texture_cube_map_array GL_OES_sample_variables GL_OES_sample_shading GL_OES_shader_multisample_interpolation GL_EXT_shader_io_blocks GL_OES_shader_io_blocks GL_EXT_tessellation_shader GL_OES_tessellation_shader GL_EXT_primitive_bounding_box GL_OES
1788691550.762 10311 32374 32435 D Unity   : _primitive_bounding_box GL_EXT_geometry_shader GL_OES_geometry_shader GL_ANDROID_extension_pack_es31a GL_EXT_gpu_shader5 GL_OES_gpu_shader5 GL_EXT_texture_buffer GL_OES_texture_buffer GL_EXT_copy_image GL_OES_copy_image GL_EXT_shader_non_constant_global_initializers GL_EXT_color_buffer_half_float GL_EXT_unpack_subimage GL_EXT_color_buffer_float GL_EXT_float_blend GL_EXT_YUV_target GL_OVR_multiview GL_OVR_multiview2 GL_OVR_multiview_multisampled_render_to_texture GL_KHR_robustness GL_KHR_robust_buffer_access_behavior GL_EXT_draw_elements_base_vertex GL_OES_draw_elements_base_vertex GL_EXT_protected_textures GL_EXT_buffer_storage GL_EXT_external_buffer GL_EXT_EGL_image_array GL_EXT_clear_texture GL_ARM_shader_core_properties GL_EXT_texture_filter_anisotropic GL_OES_texture_float_linear GL_ARM_texture_unnormalized_coordinates GL_EXT_shader_framebuffer_fetch GL_EXT_clip_control GL_EXT_polygon_offset_clamp GL_EXT_EGL_image_storage
1788691550.768 10311 32374 32435 I Unique  : 2026-09-06 17:45:50.768 I STORAGE u2 com.gordey.standarling EXTERNAL_VOLUME_REPOINTED path=/data/user/0/com.unique/files/virtual/users/2/sdcard fields=mPath,mInternalPath
1788691550.776 10311 32374 32435 I Unique  : 2026-09-06 17:45:50.776 I STORAGE u2 com.gordey.standarling EXTERNAL_VOLUME_REPOINTED path=/data/user/0/com.unique/files/virtual/users/2/sdcard fields=mPath,mInternalPath
1788691550.785 10311 32374 32435 I Unique  : 2026-09-06 17:45:50.784 I STORAGE u2 com.gordey.standarling EXTERNAL_VOLUME_REPOINTED path=/data/user/0/com.unique/files/virtual/users/2/sdcard fields=mPath,mInternalPath
1788691550.795 10311 32374 32517 D libMEOW : meow new tls: 0xb400007c7b320220
1788691550.795 10311 32374 32517 D libMEOW : applied 1 plugins for [com.gordey.standarling]:
1788691550.795 10311 32374 32517 D libMEOW :   plugin 1: [libMEOW_gift.so]:
1788691550.992 10311 32374 32435 D om.unique:vapp0: PlayerBase::PlayerBase()
1788691550.993 10311 32374 32435 D om.unique:vapp0: TrackPlayerBase::TrackPlayerBase()
1788691550.993 10311 32374 32435 I libOpenSLES: Emulating old channel mask behavior (ignoring positional mask 0x3, using default mask 0x3 based on channel count of 2)
1788691550.993 10311 32374 32435 D AudioTrackStub: AudioTrackStub() create
1788691551.002 10311 32374 32435 I AudioTrackImpl: initAudioTrackImpl()
1788691551.577 10311 32374 32435 D Unique  : 2026-09-06 17:45:51.576 D PROCESS u2 com.gordey.standarling RECEIVER_EXPORT_DEFAULTED package=com.gordey.standarling targetSdk=30 flag=RECEIVER_EXPORTED
1788691551.581 10311 32374 32435 D Unique  : 2026-09-06 17:45:51.580 D PROCESS u2 com.gordey.standarling RECEIVER_EXPORT_DEFAULTED package=com.gordey.standarling targetSdk=30 flag=RECEIVER_EXPORTED
1788691551.594 10311 32374 32435 V MediaRouter: Selecting route: RouteInfo{ name=Телефон, description=null, status=null, category=RouteCategory{ name=Система types=ROUTE_TYPE_LIVE_AUDIO ROUTE_TYPE_LIVE_VIDEO  groupable=false }, supportedTypes=ROUTE_TYPE_LIVE_AUDIO ROUTE_TYPE_LIVE_VIDEO , presentationDisplay=null }
1788691551.596 10311 32374 32435 I MediaRouter: Skip setBluetoothA2dpOn(): types=8388615, isPlaybackActive()=true, BT route=null
1788691551.938 10311 32374 32452 W RenderInspector: DequeueBuffer time out on com.gordey.standarling/com.google.firebase.MessagingUnityPlayerActivity, count=1, avg=42 ms, max=42 ms.
1788691552.873 10311 32374 32517 E om.unique:vapp0: DynamicFPS DF open fail: No such file or directory
1788691553.633 10311 32374 32435 D Unique  : 2026-09-06 17:45:53.632 D PROCESS u2 com.gordey.standarling PERMISSION_CHECK permission=android.permission.INTERNET result=GRANTED
1788691553.647 10311 32374 32435 D Unique  : 2026-09-06 17:45:53.646 D PROCESS u2 com.gordey.standarling SETTING_ANSWERED setting=ANDROID_ID value=dee8e699a8e5b46d
1788691553.718 10311 32374 32435 I Unique  : 2026-09-06 17:45:53.715 I STORAGE u2 com.gordey.standarling EXTERNAL_VOLUME_REPOINTED path=/data/user/0/com.unique/files/virtual/users/2/sdcard fields=mPath,mInternalPath
1788691554.047 10311 32374 32435 D Unique  : 2026-09-06 17:45:54.047 D PROCESS u2 com.gordey.standarling PERMISSION_CHECK permission=android.permission.WRITE_EXTERNAL_STORAGE result=GRANTED
1788691554.865 10311 32374 32517 E om.unique:vapp0: FrameInsert open fail: No such file or directory
1788691555.102 10311 32374 32396 I Unique  : 2026-09-06 17:45:55.100 I LAUNCH u2 com.gordey.standarling SIGNATURES_LOADED package=com.gordey.standarling signers=1 hasSigningInfo=true
1788691555.150 10311 32374 32432 W GooglePlayServicesUtil: com.gordey.standarling requires Google Play services, but they are missing.
1788691555.156 10311 32374 32432 I Unique  : 2026-09-06 17:45:55.154 I PROCESS u2 com.gordey.standarling SERVICE_STUB_RESERVED slot=0 stub=0 service=com.google.android.gms.measurement.AppMeasurementService vuid=2
1788691555.159 10311 32374 32432 D Unique  : 2026-09-06 17:45:55.157 D PROCESS u2 com.gordey.standarling SERVICE_INTENT_ROUTED service=com.google.android.gms.measurement.AppMeasurementService stub=com.unique.stub.ServiceStub_p0_s0 action=com.google.android.gms.measurement.START
1788691555.161 10311 32374 32432 D Unique  : 2026-09-06 17:45:55.159 D PROCESS u2 com.gordey.standarling SERVICE_CONNECTION_WRAPPED connection=com.google.android.gms.measurement.internal.v8
1788691555.171 10311 32374 32374 I Unique  : 2026-09-06 17:45:55.169 I PROCESS u2 com.gordey.standarling CREATE_SERVICE_REWRITTEN stub=com.unique.stub.ServiceStub_p0_s0 service=com.google.android.gms.measurement.AppMeasurementService
1788691555.179 10311 32374 32374 D Unique  : 2026-09-06 17:45:55.176 D PROCESS u2 com.gordey.standarling SERVICE_INTENT_ROUTED service=com.google.android.gms.measurement.AppMeasurementService stub=com.unique.stub.ServiceStub_p0_s0 action=com.google.android.gms.measurement.START
1788691555.185 10311 32374 32432 I FA      : Tag Manager is not found and thus will not be used
1788691555.189 10311 32374 32374 D Unique  : 2026-09-06 17:45:55.187 D PROCESS u2 com.gordey.standarling SERVICE_CONNECTION_RENAMED stub=com.unique.stub.ServiceStub_p0_s0 service=com.google.android.gms.measurement.AppMeasurementService
1788691555.191 10311 32374 32432 W GooglePlayServicesUtil: Google Play services is missing.
1788691555.265 10311 32374 32432 I Unique  : 2026-09-06 17:45:55.262 I LAUNCH u2 com.gordey.standarling PENDING_INTENT_RECEIVER_ROUTED receiver=com.google.android.gms.measurement.AppMeasurementReceiver package=com.gordey.standarling vuid=2 stub=com.unique.app.runtime.BroadcastStub
1788691555.315 10311 32374 32374 W MirrorManager: this model don't Support
1788691555.322 10311 32374 32374 D Unique  : 2026-09-06 17:45:55.321 D PROCESS u2 com.gordey.standarling CREATE_SERVICE_UNMAPPED stub=com.unique.stub.JobStub_p0
1788691555.330 10311 32374 32374 E Unique  : 2026-09-06 17:45:55.328 E PROCESS u2 com.gordey.standarling JOB_SLOT_MISMATCH slotServes=2 jobWants=0
1788691555.332 10311 32374 32374 E Unique  : 2026-09-06 17:45:55.330 E PROCESS u2 com.gordey.standarling JOB_BOOTSTRAP_FAILED hostJobId=1 package=com.openai.chatgpt service=androidx.work.impl.background.systemjob.SystemJobService
1788691555.334 10311 32374 32374 E Unique  : 2026-09-06 17:45:55.332 E PROCESS u2 com.gordey.standarling STUB_JOB_NOT_ROUTED slot=0 hostJobId=1 vuid=0 reason=bootstrap failed
1788691555.399 10311 32374 32435 I Unity   : Loading Main.scene
1788691555.399 10311 32374 32435 I Unity   : Axlebolt.Standoff.Main.WelcomeController:AGONAJJNABO()
1788691555.399 10311 32374 32435 I Unity   : System.Action`1:Invoke(T)
1788691555.399 10311 32374 32435 I Unity   : Axlebolt.Standoff.UI.PopupController:DKFHAJKMCJK()
1788691555.399 10311 32374 32435 I Unity   : UnityEngine.Events.UnityAction:Invoke()
1788691555.399 10311 32374 32435 I Unity   : UnityEngine.Events.UnityEvent:Invoke()
1788691555.399 10311 32374 32435 I Unity   : UnityEngine.EventSystems.EventFunction`1:Invoke(T1, BaseEventData)
1788691555.399 10311 32374 32435 I Unity   : UnityEngine.EventSystems.ExecuteEvents:Execute(GameObject, BaseEventData, EventFunction`1)
1788691555.399 10311 32374 32435 I Unity   : UnityEngine.EventSystems.StandaloneInputModule:ProcessTouchPress(PointerEventData, Boolean, Boolean)
1788691555.399 10311 32374 32435 I Unity   : UnityEngine.EventSystems.StandaloneInputModule:ProcessTouchEvents()
1788691555.399 10311 32374 32435 I Unity   : UnityEngine.EventSystems.StandaloneInputModule:Process()
1788691555.399 10311 32374 32435 I Unity   : (Filename: ./Runtime/Export/Debug/Debug.bindings.h Line: 39)
1788691555.408 10311 32374 32522 W Unity   : The referenced script (Axlebolt.Standoff.Main.Account.TokenCredentialProvider) on this Behaviour is missing!
1788691555.408 10311 32374 32522 W Unity   : (Filename:  Line: 199)
1788691555.409 10311 32374 32522 W Unity   : The referenced script (Axlebolt.Standoff.Main.Account.HuaweiCredentialProvider) on this Behaviour is missing!
1788691555.409 10311 32374 32522 W Unity   : (Filename:  Line: 199)
1788691555.419 10311 32374 32522 W Unity   : The referenced script on this Behaviour (Game Object 'BoltManager') is missing!
1788691555.419 10311 32374 32522 W Unity   : (Filename:  Line: 334)
1788691555.428 10311 32374 32522 W Unity   : The referenced script on this Behaviour (Game Object 'BoltManager') is missing!
1788691555.428 10311 32374 32522 W Unity   : (Filename:  Line: 334)
1788691555.428 10311 32374 32522 W Unity   : The referenced script on this Behaviour (Game Object 'BoltManager') is missing!
1788691555.428 10311 32374 32522 W Unity   : (Filename:  Line: 334)
1788691555.554 10311 32374 32432 I Unique  : 2026-09-06 17:45:55.552 I LAUNCH u2 com.gordey.standarling PENDING_INTENT_RECEIVER_ROUTED receiver=com.google.android.gms.measurement.AppMeasurementReceiver package=com.gordey.standarling vuid=2 stub=com.unique.app.runtime.BroadcastStub
1788691555.576 10311 32374 32432 W GooglePlayServicesUtil: com.gordey.standarling requires Google Play services, but they are missing.
1788691555.584 10311 32374 32435 I UniqueNative: io_redirect: excluded (not hooked, on purpose): /data/data/com.unique/files/virtual/apk/com.gordey.standarling/1090/lib/arm64-v8a/libgrave.so
1788691555.584 10311 32374 32435 I UniqueNative: io_redirect installed: 1 slot(s) in 4/414 libraries (1 excluded, 23 total), 8 rule(s), page size 4096
1788691555.584 10311 32374 32435 I UniqueNative: io_redirect: hooked 1 new slot(s) after loading /data/user/0/com.unique/files/virtual/apk/com.gordey.standarling/1090/lib/arm64-v8a/libfmod.so (23 total)
1788691555.595 10311 32374 32435 I UniqueNative: io_redirect: excluded (not hooked, on purpose): /data/data/com.unique/files/virtual/apk/com.gordey.standarling/1090/lib/arm64-v8a/libgrave.so
1788691555.595 10311 32374 32435 I UniqueNative: io_redirect installed: 1 slot(s) in 5/415 libraries (1 excluded, 24 total), 8 rule(s), page size 4096
1788691555.595 10311 32374 32435 I UniqueNative: io_redirect: hooked 1 new slot(s) after loading /data/user/0/com.unique/files/virtual/apk/com.gordey.standarling/1090/lib/arm64-v8a/libfmodstudio.so (24 total)
1788691555.605 10311 32374 32432 D Unique  : 2026-09-06 17:45:55.604 D PROCESS u2 com.gordey.standarling SERVICE_CONNECTION_WRAPPED connection=com.google.android.gms.measurement.internal.x4
1788691555.683 10311 30573 30591 W Unique  : 2026-09-06 17:45:55.682 W PROCESS PROVIDER_ROUTE_UNKNOWN vuid=2 authority=[redacted]
1788691555.690 10311 32374 32379 I om.unique:vapp0: NativeAlloc concurrent mark compact GC freed 22MB AllocSpace bytes, 58(3288KB) LOS objects, 49% free, 8528KB/16MB, paused 12.742ms,2.499ms total 132.498ms
1788691555.695 10311 32374 32435 I fmod    : FMOD::supportsLowLatency                 : Low latency = true, Pro Audio = false, Bluetooth On = false, Acceptable Block Size = true (256)
1788691555.712 10311 32374 32435 D om.unique:vapp0: PlayerBase::PlayerBase()
1788691555.713 10311 32374 32435 D om.unique:vapp0: TrackPlayerBase::TrackPlayerBase()
1788691555.713 10311 32374 32435 I libOpenSLES: Emulating old channel mask behavior (ignoring positional mask 0x3, using default mask 0x3 based on channel count of 2)
1788691555.713 10311 32374 32435 D AudioTrackStub: AudioTrackStub() create
1788691555.713 10311 32374 32435 I AudioTrackImpl: initAudioTrackImpl()
1788691555.743 10311 32374 32374 D MediaRouter: onRestoreRoute() : route=RouteInfo{ name=Телефон, description=null, status=null, category=RouteCategory{ name=Система types=ROUTE_TYPE_LIVE_AUDIO ROUTE_TYPE_LIVE_VIDEO  groupable=false }, supportedTypes=ROUTE_TYPE_LIVE_AUDIO ROUTE_TYPE_LIVE_VIDEO , presentationDisplay=null }
1788691555.744 10311 32374 32374 V MediaRouter: Selecting route: RouteInfo{ name=Телефон, description=null, status=null, category=RouteCategory{ name=Система types=ROUTE_TYPE_LIVE_AUDIO ROUTE_TYPE_LIVE_VIDEO  groupable=false }, supportedTypes=ROUTE_TYPE_LIVE_AUDIO ROUTE_TYPE_LIVE_VIDEO , presentationDisplay=null }
1788691555.749 10311 32374 32432 I Unique  : 2026-09-06 17:45:55.748 I LAUNCH u2 com.gordey.standarling PENDING_INTENT_RECEIVER_ROUTED receiver=com.google.android.gms.measurement.AppMeasurementReceiver package=com.gordey.standarling vuid=2 stub=com.unique.app.runtime.BroadcastStub
1788691555.751 10311 32374 32432 W JobInfo : Job 'com.gordey.standarling/com.google.android.gms.measurement.AppMeasurementJobService#-1081621338' has a deadline with no functional constraints. The deadline won't improve job execution latency. Consider removing the deadline.
1788691555.757 10311 32374 32432 I Unique  : 2026-09-06 17:45:55.756 I PROCESS u2 com.gordey.standarling JOB_SCHEDULED service=com.google.android.gms.measurement.AppMeasurementJobService virtualJobId=-1081621338 hostJobId=2606246 stub=com.unique.stub.JobStub_p0
1788691555.794 10311 32374 32432 I Unique  : 2026-09-06 17:45:55.794 I LAUNCH u2 com.gordey.standarling PENDING_INTENT_RECEIVER_ROUTED receiver=com.google.android.gms.measurement.AppMeasurementReceiver package=com.gordey.standarling vuid=2 stub=com.unique.app.runtime.BroadcastStub
1788691555.805 10311 32374 32432 W JobInfo : Job 'com.gordey.standarling/com.google.android.gms.measurement.AppMeasurementJobService#-1081621338' has a deadline with no functional constraints. The deadline won't improve job execution latency. Consider removing the deadline.
1788691555.809 10311 32374 32432 I Unique  : 2026-09-06 17:45:55.806 I PROCESS u2 com.gordey.standarling JOB_SCHEDULED service=com.google.android.gms.measurement.AppMeasurementJobService virtualJobId=-1081621338 hostJobId=2606246 stub=com.unique.stub.JobStub_p0
1788691555.872 10311 32374 32488 E Unity   : Curl error 35: Handshake did not perform verification. UnityTls error code: 7
1788691555.872 10311 32374 32488 E Unity   : (Filename:  Line: 813)
1788691555.919 10311 32374 32432 I Unique  : 2026-09-06 17:45:55.917 I LAUNCH u2 com.gordey.standarling PENDING_INTENT_RECEIVER_ROUTED receiver=com.google.android.gms.measurement.AppMeasurementReceiver package=com.gordey.standarling vuid=2 stub=com.unique.app.runtime.BroadcastStub
1788691555.935 10311 32374 32432 W JobInfo : Job 'com.gordey.standarling/com.google.android.gms.measurement.AppMeasurementJobService#-1081621338' has a deadline with no functional constraints. The deadline won't improve job execution latency. Consider removing the deadline.
1788691555.938 10311 32374 32432 I Unique  : 2026-09-06 17:45:55.936 I PROCESS u2 com.gordey.standarling JOB_SCHEDULED service=com.google.android.gms.measurement.AppMeasurementJobService virtualJobId=-1081621338 hostJobId=2606246 stub=com.unique.stub.JobStub_p0
1788691555.955 10311 32374 32432 I Unique  : 2026-09-06 17:45:55.954 I LAUNCH u2 com.gordey.standarling PENDING_INTENT_RECEIVER_ROUTED receiver=com.google.android.gms.measurement.AppMeasurementReceiver package=com.gordey.standarling vuid=2 stub=com.unique.app.runtime.BroadcastStub
1788691555.964 10311 32374 32432 W JobInfo : Job 'com.gordey.standarling/com.google.android.gms.measurement.AppMeasurementJobService#-1081621338' has a deadline with no functional constraints. The deadline won't improve job execution latency. Consider removing the deadline.
1788691555.967 10311 32374 32432 I Unique  : 2026-09-06 17:45:55.966 I PROCESS u2 com.gordey.standarling JOB_SCHEDULED service=com.google.android.gms.measurement.AppMeasurementJobService virtualJobId=-1081621338 hostJobId=2606246 stub=com.unique.stub.JobStub_p0
1788691555.983 10311 32374 32432 W FA      : Callable skipped the worker queue.
1788691556.019 10311 32374 32432 W FA      : Service response is missing Install Referrer install timestamp
1788691556.426 10311 32374 32414 W FirebaseInstanceId: Failed to find package android.content.pm.PackageManager$NameNotFoundException: com.google.android.gms
1788691557.249 10311 32374 32522 W Unity   : The referenced script on this Behaviour (Game Object 'CopyLinkButton') is missing!
1788691557.249 10311 32374 32522 W Unity   : (Filename:  Line: 334)
1788691557.250 10311 32374 32522 W Unity   : The referenced script on this Behaviour (Game Object 'PublicSearchToggle') is missing!
1788691557.250 10311 32374 32522 W Unity   : (Filename:  Line: 334)
1788691558.249 10311 32374 32503 E Unity   : Curl error 35: Handshake did not perform verification. UnityTls error code: 7
1788691558.249 10311 32374 32503 E Unity   : (Filename:  Line: 813)
1788691558.633 10311 32374 32374 D Unique  : 2026-09-06 17:45:58.633 D LAUNCH u2 com.gordey.standarling NO_LAUNCH_ITEM transaction=android.app.servertransaction.ClientTransaction shape=CREATOR: mActivityCallbacks:[WindowStateInsetsControlChangeItem] mActivityToken:null mClient:null mLifecycleStateRequest:null mTransactionItems:[WindowStateInsetsControlChangeItem] seen=9
1788691558.638 10311 32374 32374 D Unique  : 2026-09-06 17:45:58.638 D LAUNCH u2 com.gordey.standarling NO_LAUNCH_ITEM transaction=android.app.servertransaction.ClientTransaction shape=CREATOR: mActivityCallbacks:[WindowStateResizeItem] mActivityToken:null mClient:null mLifecycleStateRequest:null mTransactionItems:[WindowStateResizeItem] seen=10
1788691559.066 10311 32374 32432 I Unique  : 2026-09-06 17:45:59.064 I LAUNCH u2 com.gordey.standarling PENDING_INTENT_RECEIVER_ROUTED receiver=com.google.android.gms.measurement.AppMeasurementReceiver package=com.gordey.standarling vuid=2 stub=com.unique.app.runtime.BroadcastStub
1788691559.522 10311 32374 32402 W GraphRequest: Starting with v13 of the SDK, a client token must be embedded in your client code before making Graph API calls. Visit https://developers.facebook.com/docs/android/getting-started#client-token to learn how to implement this change.
1788691559.755 10311 32374 32403 E com.facebook.GraphResponse: {HttpStatus: 400, errorCode: 100, subErrorCode: 33, errorType: GraphMethodException, errorMessage: Unsupported post request. Object with ID '75257380179802112312300' does not exist, cannot be loaded due to missing permissions, or does not support this operation. Please read the Graph API documentation at https://developers.facebook.com/docs/graph-api}
1788691559.834 10311 32374 32402 E com.facebook.GraphResponse: {HttpStatus: 400, errorCode: 100, subErrorCode: 33, errorType: GraphMethodException, errorMessage: Unsupported get request. Object with ID '75257380179802112312300' does not exist, cannot be loaded due to missing permissions, or does not support this operation. Please read the Graph API documentation at https://developers.facebook.com/docs/graph-api}
1788691559.837 10311 32374 32402 W GraphRequest: Starting with v13 of the SDK, a client token must be embedded in your client code before making Graph API calls. Visit https://developers.facebook.com/docs/android/getting-started#client-token to learn how to implement this change.
1788691560.090 10311 32374 32402 E com.facebook.GraphResponse: {HttpStatus: 400, errorCode: 100, subErrorCode: 33, errorType: GraphMethodException, errorMessage: Unsupported get request. Object with ID '75257380179802112312300' does not exist, cannot be loaded due to missing permissions, or does not support this operation. Please read the Graph API documentation at https://developers.facebook.com/docs/graph-api}
1788691560.091 10311 32374 32402 W GraphRequest: Starting with v13 of the SDK, a client token must be embedded in your client code before making Graph API calls. Visit https://developers.facebook.com/docs/android/getting-started#client-token to learn how to implement this change.
1788691560.356 10311 32374 32402 E com.facebook.GraphResponse: {HttpStatus: 400, errorCode: 100, subErrorCode: 33, errorType: GraphMethodException, errorMessage: Unsupported get request. Object with ID '75257380179802112312300' does not exist, cannot be loaded due to missing permissions, or does not support this operation. Please read the Graph API documentation at https://developers.facebook.com/docs/graph-api}
1788691560.851 10311 32374 32489 E Unity   : Curl error 35: Handshake did not perform verification. UnityTls error code: 7
1788691560.851 10311 32374 32489 E Unity   : (Filename:  Line: 813)
1788691560.900 10311 32374 32374 D Unique  : 2026-09-06 17:46:00.900 D LAUNCH u2 com.gordey.standarling NO_LAUNCH_ITEM transaction=android.app.servertransaction.ClientTransaction shape=CREATOR: mActivityCallbacks:[WindowStateInsetsControlChangeItem] mActivityToken:null mClient:null mLifecycleStateRequest:null mTransactionItems:[WindowStateInsetsControlChangeItem] seen=11
1788691560.906 10311 32374 32374 D Unique  : 2026-09-06 17:46:00.905 D LAUNCH u2 com.gordey.standarling NO_LAUNCH_ITEM transaction=android.app.servertransaction.ClientTransaction shape=CREATOR: mActivityCallbacks:[WindowStateResizeItem] mActivityToken:null mClient:null mLifecycleStateRequest:null mTransactionItems:[WindowStateResizeItem] seen=12
1788691561.021 10311 32374 32374 D Unique  : 2026-09-06 17:46:01.020 D PROCESS u2 com.gordey.standarling SERVICE_INTENT_ROUTED service=com.google.android.gms.measurement.AppMeasurementService stub=com.unique.stub.ServiceStub_p0_s0 action=com.google.android.gms.measurement.START
1788691561.149 10311 32374 32435 W GooglePlayServicesUtil: com.gordey.standarling requires Google Play services, but they are missing.
1788691561.245 10311 32374 32432 I Unique  : 2026-09-06 17:46:01.244 I LAUNCH u2 com.gordey.standarling PENDING_INTENT_RECEIVER_ROUTED receiver=com.google.android.gms.measurement.AppMeasurementReceiver package=com.gordey.standarling vuid=2 stub=com.unique.app.runtime.BroadcastStub
1788691561.247 10311 32374 32432 W JobInfo : Job 'com.gordey.standarling/com.google.android.gms.measurement.AppMeasurementJobService#-1081621338' has a deadline with no functional constraints. The deadline won't improve job execution latency. Consider removing the deadline.
1788691561.249 10311 32374 32432 I Unique  : 2026-09-06 17:46:01.248 I PROCESS u2 com.gordey.standarling JOB_SCHEDULED service=com.google.android.gms.measurement.AppMeasurementJobService virtualJobId=-1081621338 hostJobId=2606246 stub=com.unique.stub.JobStub_p0
1788691562.675 10311 32374 32374 D Unique  : 2026-09-06 17:46:02.675 D LAUNCH u2 com.gordey.standarling NO_LAUNCH_ITEM transaction=android.app.servertransaction.ClientTransaction shape=CREATOR: mActivityCallbacks:[WindowStateInsetsControlChangeItem] mActivityToken:null mClient:null mLifecycleStateRequest:null mTransactionItems:[WindowStateInsetsControlChangeItem] seen=13
1788691562.678 10311 32374 32374 D Unique  : 2026-09-06 17:46:02.677 D LAUNCH u2 com.gordey.standarling NO_LAUNCH_ITEM transaction=android.app.servertransaction.ClientTransaction shape=CREATOR: mActivityCallbacks:[WindowStateResizeItem] mActivityToken:null mClient:null mLifecycleStateRequest:null mTransactionItems:[WindowStateResizeItem] seen=14
1788691563.143 10311 32374 32374 D Unique  : 2026-09-06 17:46:03.141 D LAUNCH u2 com.gordey.standarling NO_LAUNCH_ITEM transaction=android.app.servertransaction.ClientTransaction shape=CREATOR: mActivityCallbacks:[TopResumedActivityChangeItem] mActivityToken:BinderProxy mClient:null mLifecycleStateRequest:null mTransactionItems:[TopResumedActivityChangeItem] seen=15
1788691563.314 10311 32374 32374 D Unique  : 2026-09-06 17:46:03.310 D LAUNCH u2 com.gordey.standarling NO_LAUNCH_ITEM transaction=android.app.servertransaction.ClientTransaction shape=CREATOR: mActivityCallbacks:[WindowStateInsetsControlChangeItem] mActivityToken:null mClient:null mLifecycleStateRequest:null mTransactionItems:[WindowStateInsetsControlChangeItem] seen=16
1788691563.845 10311 32374 32488 E Unity   : Curl error 35: Handshake did not perform verification. UnityTls error code: 7
1788691563.845 10311 32374 32488 E Unity   : (Filename:  Line: 813)
1788691564.370 10311 32374 32374 D Unique  : 2026-09-06 17:46:04.367 D LAUNCH u2 com.gordey.standarling NO_LAUNCH_ITEM transaction=android.app.servertransaction.ClientTransaction shape=CREATOR: mActivityCallbacks:[WindowStateInsetsControlChangeItem] mActivityToken:null mClient:null mLifecycleStateRequest:null mTransactionItems:[WindowStateInsetsControlChangeItem] seen=17
1788691564.749 10311 32374 32374 D Unique  : 2026-09-06 17:46:04.744 D LAUNCH u2 com.gordey.standarling NO_LAUNCH_ITEM transaction=android.app.servertransaction.ClientTransaction shape=CREATOR: mActivityCallbacks:null mActivityToken:BinderProxy mClient:null mLifecycleStateRequest:PauseActivityItem mTransactionItems:[PauseActivityItem] seen=18
1788691564.787 10311 32374 32432 D Unique  : 2026-09-06 17:46:04.785 D PROCESS u2 com.gordey.standarling SERVICE_INTENT_ROUTED service=com.google.android.gms.measurement.AppMeasurementService stub=com.unique.stub.ServiceStub_p0_s0 action=com.google.android.gms.measurement.START
1788691564.788 10311 32374 32432 D Unique  : 2026-09-06 17:46:04.787 D PROCESS u2 com.gordey.standarling SERVICE_CONNECTION_WRAPPED connection=com.google.android.gms.measurement.internal.v8
1788691564.902 10311 32374 32435 D om.unique:vapp0: PlayerBase::stop() from IPlayer
1788691564.902 10311 32374 32435 D AudioTrackShared: this(0xb400007bab1290f0), mCblk(0x7dd62e6000), front(439040), mIsOut 1, interrupt() FUTEX_WAKE
1788691564.903 10311 32374 32435 D AudioTrackShared: this(0xb400007bab1290f0), mCblk(0x7dd62e6000), front(439296), mIsOut 1, interrupt() FUTEX_WAKE
1788691564.957 10311 32374 32403 E com.facebook.GraphResponse: {HttpStatus: 400, errorCode: 100, subErrorCode: 33, errorType: GraphMethodException, errorMessage: Unsupported post request. Object with ID '75257380179802112312300' does not exist, cannot be loaded due to missing permissions, or does not support this operation. Please read the Graph API documentation at https://developers.facebook.com/docs/graph-api}
1788691564.959 10311 32374 32402 W GraphRequest: Starting with v13 of the SDK, a client token must be embedded in your client code before making Graph API calls. Visit https://developers.facebook.com/docs/android/getting-started#client-token to learn how to implement this change.
1788691565.036 10311 32374 32435 D om.unique:vapp0: PlayerBase::stop() from IPlayer
1788691565.036 10311 32374 32435 D AudioTrackShared: this(0xb400007bab16acd0), mCblk(0x7ddc7e0000), front(656384), mIsOut 1, interrupt() FUTEX_WAKE
1788691565.040 10311 32374 32435 D AudioTrackShared: this(0xb400007bab16acd0), mCblk(0x7ddc7e0000), front(656384), mIsOut 1, interrupt() FUTEX_WAKE
1788691565.056 10311 32374 32517 D libMEOW : meow delete tls: 0xb400007c7b320220
1788691565.319 10311 30573 30641 E com.unique: checkIfsupportxIntfps do not binder to joyose
1788691565.334 10311 30573 30573 D SurfaceView: UPDATE Surface(name=SurfaceView[com.unique/com.unique.app.MainActivity]#53421)/@0xf24dbda, mIsProjectionMode = false
1788691565.855 10311 30573 30573 W WindowOnBackDispatcher: sendCancelIfRunning: isInProgress=false callback=io.flutter.embedding.android.FlutterActivity$1@97ce0f3
1788691567.253 10311 30573 31524 I Unique  : 2026-09-06 17:46:07.253 I PROCESS PROCESS_RELEASED slot=:vapp0 reason=removed
1788691567.262 10311 30573 30573 W WindowOnBackDispatcher: sendCancelIfRunning: isInProgress=false callback=io.flutter.embedding.android.FlutterActivity$1@97ce0f3
1788691567.307 10311 30573 31524 I Unique  : 2026-09-06 17:46:07.306 I PROCESS BROADCAST_ROUTES_REGISTERED package=com.axlebolt.standoff2 vuid=1 routes=12 actions=androidx.work.impl.background.systemalarm.UpdateProxies,android.intent.action.MEDIA_MOUNTED,androidx.profileinstaller.action.SKIP_FILE,com.facebook.sdk.ACTION_CURRENT_ACCESS_TOKEN_CHANGED,com.a0soft.gphone.acc.ActionClearAppCachesFinished,android.intent.action.MY_PACKAGE_SUSPENDED,androidx.profilein
1788691567.308 10311 30573 31524 I Unique  : 2026-09-06 17:46:07.307 I PROCESS PROVIDER_ROUTES_REGISTERED package=com.axlebolt.standoff2 vuid=1 authorities=[redacted]
1788691567.308 10311 30573 31524 I Unique  : 2026-09-06 17:46:07.308 I PROCESS BROADCAST_ROUTER_READY instances=1 actions=27 authorities=[redacted]
1788691567.798 10311 30573 30585 W com.unique: Missing inline cache for void android.view.InputEventManagerImpl.logOnInputEvent(android.view.InputEvent, java.lang.String)
1788691568.706 10311 30573 30573 W WindowOnBackDispatcher: sendCancelIfRunning: isInProgress=false callback=io.flutter.embedding.android.FlutterActivity$1@97ce0f3
1788691568.723 10311 30573 30680 I Unique  : 2026-09-06 17:46:08.722 I PROCESS BROADCAST_ROUTER_READY instances=0 actions=27 authorities=[redacted]
