1788680474.120 10303  9702  9746 E com.unique: checkIfsupportxIntfps do not binder to joyose
1788680477.405 10303  9702  9746 E com.unique: checkIfsupportxIntfps do not binder to joyose
1788680478.621 10303  9702  9723 I Unique  : 2026-09-06 14:41:18.621 I STORAGE IMPORT_STARTED package=com.a0soft.gphone.acc.free files=3
1788680478.781 10303  9702  9723 I Unique  : 2026-09-06 14:41:18.779 I STORAGE PACKAGE_IMPORTED package=com.a0soft.gphone.acc.free versionCode=240005239 splits=3 libs=3 abi=arm64-v8a bytes=14842155 readOnlyApks=3
1788680478.810 10303  9702  9723 I Unique  : 2026-09-06 14:41:18.809 I STORAGE INSTANCE_PREPARED vuid=0 package=com.a0soft.gphone.acc.free created=12
1788680478.815 10303  9702  9723 I Unique  : 2026-09-06 14:41:18.814 I STORAGE INSTANCE_CREATED package=com.a0soft.gphone.acc.free vuid=0 name=Profile 1 androidId=279fc26cd75f5437
1788680478.835 10303  9702  9723 I Unique  : 2026-09-06 14:41:18.835 I PROCESS BROADCAST_ROUTES_REGISTERED package=com.a0soft.gphone.acc.free vuid=0 routes=26 actions=android.intent.action.MEDIA_MOUNTED,androidx.work.diagnostics.REQUEST_DIAGNOSTICS,androidx.profileinstaller.action.SKIP_FILE,android.intent.action.LOCALE_CHANGED,androidx.profileinstaller.action.BENCHMARK_OPERATION,com.a0soft.gphone.base.processphoenix.ActionCmd,com.a0soft.gphone.acc.widget.ActionRe
1788680478.836 10303  9702  9723 I Unique  : 2026-09-06 14:41:18.836 I PROCESS PROVIDER_ROUTES_REGISTERED package=com.a0soft.gphone.acc.free vuid=0 authorities=[redacted]
1788680478.837 10303  9702  9723 I Unique  : 2026-09-06 14:41:18.836 I PROCESS BROADCAST_ROUTER_READY instances=1 actions=19 authorities=[redacted]
1788680478.930 10303  9702  9702 W WindowOnBackDispatcher: sendCancelIfRunning: isInProgress=false callback=io.flutter.embedding.android.FlutterActivity$1@cab8d4d
1788680479.552 10303  9702  9817 I Unique  : 2026-09-06 14:41:19.551 I GOOGLE GOOGLE_ENVIRONMENT gmsPresent=true gmsEnabled=true gmsVersionCode=263234035 gmsVersionName=26.32.34 (260400-968093310) vendingPresent=true gsfPresent=true customTabs=com.android.chrome hostGmsAvailable=true virtualGmsInstalled=false customTabsAvailable=true
1788680479.570 10303  9702  9817 I Unique  : 2026-09-06 14:41:19.569 I GOOGLE GOOGLE_ENVIRONMENT gmsPresent=true gmsEnabled=true gmsVersionCode=263234035 gmsVersionName=26.32.34 (260400-968093310) vendingPresent=true gsfPresent=true customTabs=com.android.chrome hostGmsAvailable=true virtualGmsInstalled=false customTabsAvailable=true
1788680479.571 10303  9702  9817 I Unique  : 2026-09-06 14:41:19.571 I GOOGLE GOOGLE_ROUTE package=com.a0soft.gphone.acc.free flow=SIGN_IN mode=UNSUPPORTED why=Legacy Google Sign-In requires in-space Google Play services. Enable them for this space, or use an app that supports Sign in with Google.
1788680479.573 10303  9702  9817 I Unique  : 2026-09-06 14:41:19.571 I GOOGLE GOOGLE_ROUTE package=com.a0soft.gphone.acc.free flow=CREDENTIAL_MANAGER mode=HOST_BRIDGE why=Unverified: Sign in with Google issues a token for the app's server client, so the device's own Google Play services should be able to answer. Not yet confirmed against a real sample.
1788680479.574 10303  9702  9817 I Unique  : 2026-09-06 14:41:19.573 I GOOGLE GOOGLE_ROUTE package=com.a0soft.gphone.acc.free flow=ACCOUNT_MANAGER mode=HOST_BRIDGE why=Account access is bridged to the device's accounts; consent is shown as UNIQUE.
1788680479.574 10303  9702  9817 I Unique  : 2026-09-06 14:41:19.574 I GOOGLE GOOGLE_ROUTE package=com.a0soft.gphone.acc.free flow=FIREBASE_AUTH mode=HOST_BRIDGE why=Firebase Auth consumes a token from Sign in with Google, which the host bridge can provide.
1788680479.575 10303  9702  9817 I Unique  : 2026-09-06 14:41:19.574 I GOOGLE GOOGLE_ROUTE package=com.a0soft.gphone.acc.free flow=OAUTH_WEB mode=PASSTHROUGH why=Browser-based OAuth needs no Google Play services, only a working redirect back into this instance.
1788680479.576 10303  9702  9817 I Unique  : 2026-09-06 14:41:19.575 I GOOGLE GOOGLE_ROUTE package=com.a0soft.gphone.acc.free flow=FCM mode=HOST_BRIDGE why=Experimental: push registration is bridged through the host. Whether Google Play services accepts it varies by version; the result is recorded per device.
1788680479.577 10303  9702  9817 I Unique  : 2026-09-06 14:41:19.576 I GOOGLE GOOGLE_ROUTE package=com.a0soft.gphone.acc.free flow=PLAY_GAMES mode=UNSUPPORTED why=Not supported yet: Play Games checks an attested app identity, and UNIQUE has not been tested against it.
1788680481.486 10303  9702  9815 I Unique  : 2026-09-06 14:41:21.486 I PROCESS HOST_PERMISSION_REFUSED group=FILES permissions=android.permission.READ_EXTERNAL_STORAGE,android.permission.WRITE_EXTERNAL_STORAGE permanent=true
1788680483.438 10303  9702  9817 I Unique  : 2026-09-06 14:41:23.434 I PROCESS HOST_PERMISSION_REFUSED group=FILES permissions=android.permission.READ_EXTERNAL_STORAGE,android.permission.WRITE_EXTERNAL_STORAGE permanent=true
1788680490.354 10303  9702  9746 E com.unique: checkIfsupportxIntfps do not binder to joyose
1788680492.214 10303  9702  9817 I Unique  : 2026-09-06 14:41:32.213 I PROCESS PERMISSION_SET_BY_USER vuid=0 group=NOTIFICATIONS state=GRANTED liveSlot=-
1788680493.397 10303  9702  9723 I Unique  : 2026-09-06 14:41:33.395 I PROCESS PROCESS_ASSIGNED slot=:vapp0 vuid=0 process=com.a0soft.gphone.acc.free
1788680493.433 10303  9702  9723 I Unique  : 2026-09-06 14:41:33.431 I LAUNCH LAUNCH_REQUESTED package=com.a0soft.gphone.acc.free vuid=0 activity=com.a0soft.gphone.acc.free.MainWnd slot=:vapp0 launchMode=0
1788680493.495 10303 10861 10861 D nativeloader: Load libframework-connectivity-tiramisu-jni.so using APEX ns com_android_tethering for caller /apex/com.android.tethering/javalib/framework-connectivity-t.jar: ok
1788680493.534 10303 10861 10861 D ActivityThread: setEmbeddedParam packageName=com.unique processName=com.unique:vapp0 isEmbedded=false isIsolated=false
1788680493.538 10303 10861 10861 D ApplicationLoaders: Returning zygote-cached class loader: /system_ext/framework/androidx.window.extensions.jar
1788680493.538 10303 10861 10861 D ApplicationLoaders: Returning zygote-cached class loader: /system_ext/framework/androidx.window.sidecar.jar
1788680493.549 10303 10861 10861 D nativeloader: Configuring clns-7 for other apk /data/app/~~uSPrrBDnPbh7oiSxSbJTTw==/com.unique-Tvl4u3f1WcQMODM0rNq5rg==/base.apk. target_sdk_version=36, uses_libraries=, library_path=/data/app/~~uSPrrBDnPbh7oiSxSbJTTw==/com.unique-Tvl4u3f1WcQMODM0rNq5rg==/lib/arm64:/data/app/~~uSPrrBDnPbh7oiSxSbJTTw==/com.unique-Tvl4u3f1WcQMODM0rNq5rg==/base.apk!/lib/arm64-v8a, permitted_path=/data:/mnt/expand:/data/user/0/com.unique
1788680493.565 10303 10861 10861 V GraphicsEnvironment: Currently set values for:
1788680493.565 10303 10861 10861 V GraphicsEnvironment:   angle_gl_driver_selection_pkgs=[]
1788680493.565 10303 10861 10861 V GraphicsEnvironment:   angle_gl_driver_selection_values=[]
1788680493.565 10303 10861 10861 V GraphicsEnvironment: Global.Settings values are invalid: number of packages: 0, number of values: 0
1788680493.565 10303 10861 10861 V GraphicsEnvironment: App is not on the allowlist for updatable production driver.
1788680493.567 10303 10861 10861 I ActivityThread: TrafficStats init done
1788680493.571 10303 10861 10861 D ActivityThread: useGrowthLimitOutExpendMethod invoke error.
1788680493.576 10303 10861 10861 D nativeloader: Load libforcedarkimpl.so using system ns (caller=/system_ext/framework/miui-framework.jar): ok
1788680493.582 10303 10861 10861 I ActivityThread: Miui Feature Init done
1788680493.595 10303 10861 10861 I Unique  : 2026-09-06 14:41:33.591 I PROCESS PROCESS_START process=com.unique:vapp0 kind=VAPP sdk=35 abi=arm64-v8a,armeabi-v7a,armeabi
1788680493.595 10303 10861 10861 W om.unique:vapp0: Unsupported class loader: java.lang.Class<org.lsposed.hiddenapibypass.CoreOjClassLoader>
1788680493.647 10303 10861 10861 W om.unique:vapp0: Unsupported class loader: java.lang.Class<org.lsposed.hiddenapibypass.CoreOjClassLoader>
1788680493.647 10303 10861 10861 W om.unique:vapp0: Unsupported class loader: java.lang.Class<org.lsposed.hiddenapibypass.CoreOjClassLoader>
1788680493.649 10303 10861 10861 I Unique  : 2026-09-06 14:41:33.649 I HOOK HIDDEN_API_GRANTED via=HiddenApiBypass
1788680493.652 10303 10861 10861 D nativeloader: Load /data/app/~~uSPrrBDnPbh7oiSxSbJTTw==/com.unique-Tvl4u3f1WcQMODM0rNq5rg==/base.apk!/lib/arm64-v8a/libunique_native.so using class loader ns clns-7 (caller=/data/app/~~uSPrrBDnPbh7oiSxSbJTTw==/com.unique-Tvl4u3f1WcQMODM0rNq5rg==/base.apk): ok
1788680493.652 10303 10861 10861 I UniqueNative: libunique_native loaded (page size 4096)
1788680493.653 10303 10861 10861 I Unique  : 2026-09-06 14:41:33.652 I LAUNCH INTERCEPTOR_INSTALLED executeTransaction=159
1788680493.653 10303 10861 10861 I Unique  : 2026-09-06 14:41:33.653 I PROCESS VAPP_READY slot=0
1788680493.658 10303 10861 10861 I Unique  : 2026-09-06 14:41:33.657 I PROCESS STUB_PROVIDER_CREATED slot=0
1788680493.668 10303 10861 10861 D Unique  : 2026-09-06 14:41:33.666 D LAUNCH CALLBACK_ALIVE what=164 obj=java.lang.String
1788680493.670 10303 10861 10861 D Unique  : 2026-09-06 14:41:33.669 D LAUNCH CALLBACK_ALIVE what=159 obj=android.app.servertransaction.ClientTransaction
1788680493.702 10303 10861 10861 I Unique  : 2026-09-06 14:41:33.700 I PROCESS PROCESS_RENAMED argv0=com.a0soft.gphone.acc.free
1788680493.759 10303 10861 10861 W om.unique:vapp0: Failed to find entry 'classes.dex': Entry not found
1788680493.759 10303 10861 10861 W om.unique:vapp0: Failed to find entry 'classes.dex': Entry not found
1788680493.761 10303 10861 10861 D nativeloader: Configuring clns-8 for other apk /data/user/0/com.unique/files/virtual/apk/com.a0soft.gphone.acc.free/240005239/base.apk:/data/user/0/com.unique/files/virtual/apk/com.a0soft.gphone.acc.free/240005239/split_config.arm64_v8a.apk:/data/user/0/com.unique/files/virtual/apk/com.a0soft.gphone.acc.free/240005239/split_config.xxhdpi.apk. target_sdk_version=36, uses_libraries=, library_path=/data/user/0/com.unique/files/virtual/apk/com.a0soft.gphone.acc.free/240005239/lib/arm64-v8a:/data/user/0/com.unique/files/virtual/apk/com.a0soft.gphone.acc.free/240005239/base.apk!/lib/arm64-v8a:/data/user/0/com.unique/files/virtual/apk/com.a0soft.gphone.acc.free/240005239/split_config.arm64_v8a.apk!/lib/arm64-v8a:/data/user/0/com.unique/files/virtual/apk/com.a0soft.gphone.acc.free/240005239/split_config.xxhdpi.apk!/lib/arm64-v8a, permitted_path=/data:/mnt/expand:/data/user/0/com.unique/files/virtual/users/0/data/com.a0soft.gphone.acc.free
1788680493.763 10303 10861 10861 W Unique  : 2026-09-06 14:41:33.763 W PROCESS META_DATA_NOT_RESOLVED name=com.google.android.gms.version id=0x7f0a000e reason=the guest's resources were not available yet
1788680493.769 10303 10861 10861 I Unique  : 2026-09-06 14:41:33.767 I PROCESS PROFILE_BOUND profile=615acf4d-e5ad-4a65-b9d9-ab0f474ea7a9 androidId=279fc26cd75f5437 generation=1
1788680493.770 10303 10861 10861 I Unique  : 2026-09-06 14:41:33.770 I PROCESS BUILD_OVERRIDES_APPLIED applied=1 requested=1
1788680493.771 10303 10861 10861 I Unique  : 2026-09-06 14:41:33.770 I LAUNCH PROFILE_BOUND profileId=615acf4d-e5ad-4a65-b9d9-ab0f474ea7a9 generation=1
1788680493.776 10303 10861 10861 I Unique  : 2026-09-06 14:41:33.775 I PROCESS PERMISSION_CACHE_DISABLED disabled=disablePackageNamePermissionCache,disablePermissionCache,disableApplicationInfoCache,disablePackageInfoCache,disableGetPackagesForUidCache failed=android.app.ActivityManager: no disable*Cache()
1788680493.785 10303 10861 10861 I Unique  : 2026-09-06 14:41:33.784 I PROCESS PERMISSIONS_BOUND package=com.a0soft.gphone.acc.free vuid=0 declared=25 restored=3 runtime=3 installTime=22 selfDefined=1
1788680493.795 10303 10861 10861 I Unique  : 2026-09-06 14:41:33.794 I HOOK SERVICE_HOOKED service=package cache=true singletons=1 bound=permissionCheck,getActivityInfo,applicationEnabledSetting,getApplicationInfo,componentEnabledSetting,installedPackages,getInstallerPackageName,getNameForUid,getPackageUid,getPackageInfo,getPackagesForUid,getProviderInfo,getReceiverInfo,getServiceInfo,queryIntent,resolveContentProvider,resolveIntent matched=permissionCheck=checkPermission+checkUidPermission,getActivityInfo,applicationEnabledSetting=getApplicationEnabledSetting+setApplicationEnabledSetting,getApplicationInfo,componentEnabledSetting=getComponentEnabledSetting+setComponentEnabledSetting,installedPackages=getInstalledApplications+getInstalledPackages,getInstallerPackageName,getNameForUid,getPackageUid=getPackageGids+getPackageUid,getPack
1788680493.796 10303 10861 10861 I Unique  : 2026-09-06 14:41:33.795 I LAUNCH VPM_HOOK_INSTALLED package=com.a0soft.gphone.acc.free bound=permissionCheck,getActivityInfo,applicationEnabledSetting,getApplicationInfo,componentEnabledSetting,installedPackages,getInstallerPackageName,getNameForUid,getPackageUid,getPackageInfo,getPackagesForUid,getProviderInfo,getReceiverInfo,getServiceInfo,queryIntent,resolveContentProvider,resolveIntent
1788680493.809 10303 10861 10861 I Unique  : 2026-09-06 14:41:33.808 I HOOK SERVICE_HOOKED service=activity cache=true singletons=1 bound=serviceDispatch,callerIdentity,permissionCheck,getContentProvider,intentSender,runningProcesses,registerReceiver,foregroundService matched=serviceDispatch=bindService+bindServiceInstance+peekService+publishService+startService+stopService+unbindFinished,callerIdentity=broadcastIntent+broadcastIntentWithFeature+getBindingUidProcessState+getContentProviderExternal+getHistoricalProcessExitReasons+getHistoricalProcessStartReasons+getPackageProcessState+getTagForIntentSender+getUidLastIdleElapsedTime+getUidProcessCapabilities+getUidProces
1788680493.812 10303 10861 10861 I Unique  : 2026-09-06 14:41:33.809 I LAUNCH VAM_HOOK_INSTALLED package=com.a0soft.gphone.acc.free host=com.unique methods=8 matched=serviceDispatch=bindService+bindServiceInstance+peekService+publishService+startService+stopService+unbindFinished,callerIdentity=broadcastIntent+broadcastIntentWithFeature+getBindingUidProcessState+getContentProviderExternal+getHistoricalProcessExitReasons+getHistoricalProcessStartReasons+getPackageProcessState+getTagForIntentSender+getUidLastIdleElapsedTime+getUidProcessCapabilities+getUidProcessState+grantUriPermission+isBackgroundRestricted+isUidActive+moveTaskToFront+revokeUriPermission+sendIntentSender+startActivity+startActivityAsUser+startActivityAsUserWithFeature+startActivityWithFeature,permissionCheck=checkPermission+checkPermissionForDevice,getContentProvider,intentSender=getIntentSender+getIntentSenderWithFeature,runningProcesses=getRunningAppProcesses+getServices,registerReceiver=registerReceiver+registerReceiverWithFeature,foregroundService=setServiceForeground
1788680493.817 10303 10861 10861 I Unique  : 2026-09-06 14:41:33.816 I HOOK SERVICE_HOOKED service=activity_task cache=true singletons=1 bound=activityStart matched=activityStart=startActivities+startActivity+startActivityAndWait+startActivityAsCaller+startActivityAsUser+startActivityFromGameSession+startActivityIntentSender+startActivityWithConfig
1788680493.818 10303 10861 10861 I Unique  : 2026-09-06 14:41:33.817 I LAUNCH ATM_HOOK_INSTALLED package=com.a0soft.gphone.acc.free host=com.unique matched=activityStart=startActivities+startActivity+startActivityAndWait+startActivityAsCaller+startActivityAsUser+startActivityFromGameSession+startActivityIntentSender+startActivityWithConfig
1788680493.820 10303 10861 10861 I Unique  : 2026-09-06 14:41:33.819 I HOOK SERVICE_HOOKED service=permissionmgr cache=true singletons=1 bound=shouldShowRequestPermissionRationale matched=shouldShowRequestPermissionRationale
1788680493.821 10303 10861 10861 I Unique  : 2026-09-06 14:41:33.820 I HOOK PERMISSION_MANAGER_HOOKED matched=shouldShowRequestPermissionRationale
1788680493.826 10303 10861 10861 I Unique  : 2026-09-06 14:41:33.825 I HOOK SERVICE_HOOKED service=appops cache=true singletons=0 bound=appOpIdentity matched=appOpIdentity=checkAudioOperation+checkOperation+checkOperationForDevice+checkOperationRaw+checkOperationRawForDevice+checkPackage+collectNoteOpCallsForValidation+extractAsyncOps+finishOperation+finishOperationForDevice+getHistoricalOps+getHistoricalOpsFromDiskRaw+getOpsForPackage+getPackagesForOpsForDevice+isOperationActive+isProxying+noteOperation+noteOperationForDevice+noteProxyOperation+notePr
1788680493.827 10303 10861 10861 I Unique  : 2026-09-06 14:41:33.826 I HOOK APPOPS_HOOKED package=com.a0soft.gphone.acc.free host=com.unique matched=appOpIdentity=checkAudioOperation+checkOperation+checkOperationForDevice+checkOperationRaw+checkOperationRawForDevice+checkPackage+collectNoteOpCallsForValidation+extractAsyncOps+finishOperation+finishOperationForDevice+getHistoricalOps+getHistoricalOpsFromDiskRaw+getOpsForPackage+getPackagesForOpsForDevice+isOperationActive+isProxying+noteOperation+noteOperationForDevice+noteProxyOperation+notePr
1788680493.833 10303 10861 10861 I Unique  : 2026-09-06 14:41:33.832 I PROCESS SETTINGS_CACHES_PRIMED wrappedByHand=0 alreadyWrapped=3 empty=1
1788680493.835 10303 10861 10861 I Unique  : 2026-09-06 14:41:33.833 I PROCESS PROVIDER_CACHES_EVICTED activityThreadProviders=2 providerRefCounts=1 settingsCaches=4 settingsWrapped=3 hostSource=com.unique hostSourceUid=10303
1788680494.066 10303 10861 10883 D nativeloader: Load /data/user/0/com.unique/files/virtual/apk/com.a0soft.gphone.acc.free/240005239/lib/arm64-v8a/libmmkv.so using class loader ns clns-8 (caller=/data/user/0/com.unique/files/virtual/apk/com.a0soft.gphone.acc.free/240005239/base.apk): ok
1788680494.080 10303 10861 10861 I Unique  : 2026-09-06 14:41:34.079 I PROCESS NETWORK_SECURITY_INSTALLED package=com.a0soft.gphone.acc.free configRes=2132082706 targetSdk=36
1788680494.081 10303 10861 10861 I UniqueNative: redirect table set: 8 rule(s)
1788680494.082 10303 10861 10861 I UniqueNative: io_redirect installed: 10 slot(s) in 1/390 libraries (10 total), 8 rule(s), page size 4096
1788680494.083 10303 10861 10861 I UniqueNative: io_redirect: library-load watch installed (4 slot(s) in 3 libraries)
1788680494.083 10303 10861 10861 W UniqueNative: io_redirect: watch saw but did not match: /data/misc/apexdata/com.android.art/dalvik-cache/arm64/boot.oat
1788680494.083 10303 10861 10861 W UniqueNative: io_redirect: watch saw but did not match: /data/misc/apexdata/com.android.art/dalvik-cache/arm64/boot-framework-adservices.oat
1788680494.083 10303 10861 10861 W UniqueNative: io_redirect: watch saw but did not match: /data/app/~~uSPrrBDnPbh7oiSxSbJTTw==/com.unique-Tvl4u3f1WcQMODM0rNq5rg==/oat/arm64/base.odex
1788680494.083 10303 10861 10861 W UniqueNative: io_redirect: watch saw but did not match: /data/app/~~uSPrrBDnPbh7oiSxSbJTTw==/com.unique-Tvl4u3f1WcQMODM0rNq5rg==/base.apk!/lib/arm64-v8a/libunique_native.so
1788680494.084 10303 10861 10861 I Unique  : 2026-09-06 14:41:34.084 I NATIVE IO_REDIRECT_INSTALLED status=OK watch=OK rules=8 slots=10 scope=/data/user/0/com.unique/files/virtual/apk/com.a0soft.gphone.acc.free/240005239/lib/arm64-v8a,/data/data/com.unique/files/virtual/apk/com.a0soft.gphone.acc.free/240005239/lib/arm64-v8a,/data/user/0/com
1788680494.085 10303 10861 10861 I Unique  : 2026-09-06 14:41:34.085 I WEBVIEW WEBVIEW_DATA_DIR_SUFFIX suffix=vapp0 slot=0
1788680494.086 10303 10861 10861 I UniqueNative: crash: recording 6 signal(s) to /data/user/0/com.unique/files/virtual/runtime/diagnostics/0/com.a0soft.gphone.acc.free/native-crash-10861.properties
1788680494.086 10303 10861 10861 I Unique  : 2026-09-06 14:41:34.086 I NATIVE NATIVE_CRASH_HANDLER status=OK file=/data/user/0/com.unique/files/virtual/runtime/diagnostics/0/com.a0soft.gphone.acc.free/native-crash-10861.properties
1788680494.087 10303 10861 10881 I Unique  : 2026-09-06 14:41:34.086 I LAUNCH SIGNATURES_LOADED package=com.a0soft.gphone.acc.free signers=1 hasSigningInfo=true
1788680494.091 10303 10861 10861 I Unique  : 2026-09-06 14:41:34.090 I PROCESS COMPONENT_STATE_RESTORED package=com.a0soft.gphone.acc.free vuid=0 entries=2
1788680494.092 10303 10861 10861 I Unique  : 2026-09-06 14:41:34.092 I STORAGE EXTERNAL_STORAGE_REDIRECTED package=com.a0soft.gphone.acc.free vuid=0 root=/data/user/0/com.unique/files/virtual/users/0/sdcard
1788680494.095 10303 10861 10861 I Unique  : 2026-09-06 14:41:34.094 I HOOK SERVICE_HOOKED service=alarm cache=true singletons=0 bound=callerPackage matched=callerPackage=canScheduleExactAlarms+cancelPoweroffAlarm+hasScheduleExactAlarm+removeAll+set+setTimeZone
1788680494.095 10303 10861 10861 I Unique  : 2026-09-06 14:41:34.095 I HOOK IDENTITY_HOOK_INSTALLED service=alarm package=com.a0soft.gphone.acc.free matched=callerPackage=canScheduleExactAlarms+cancelPoweroffAlarm+hasScheduleExactAlarm+removeAll+set+setTimeZone
1788680494.098 10303 10861 10861 I Unique  : 2026-09-06 14:41:34.097 I HOOK SERVICE_HOOKED service=clipboard cache=true singletons=0 bound=callerPackage matched=callerPackage=addPrimaryClipChangedListener+clearPrimaryClip+getPrimaryClip+getPrimaryClipDescription+getPrimaryClipSource+getUserPrimaryClip+hasClipboardText+hasPrimaryClip+removePrimaryClipChangedListener+setPrimaryClip+setPrimaryClipAsPackage
1788680494.099 10303 10861 10861 I Unique  : 2026-09-06 14:41:34.098 I HOOK IDENTITY_HOOK_INSTALLED service=clipboard package=com.a0soft.gphone.acc.free matched=callerPackage=addPrimaryClipChangedListener+clearPrimaryClip+getPrimaryClip+getPrimaryClipDescription+getPrimaryClipSource+getUserPrimaryClip+hasClipboardText+hasPrimaryClip+removePrimaryClipChangedListener+setPrimaryClip+setPrimaryClipAsPackage
1788680494.102 10303 10861 10861 I Unique  : 2026-09-06 14:41:34.101 I HOOK SERVICE_HOOKED service=restrictions cache=true singletons=0 bound=callerPackage matched=callerPackage=getApplicationRestrictions+getApplicationRestrictionsPerAdminForUser+notifyPermissionResponse+requestPermission
1788680494.103 10303 10861 10861 I Unique  : 2026-09-06 14:41:34.102 I HOOK IDENTITY_HOOK_INSTALLED service=restrictions package=com.a0soft.gphone.acc.free matched=callerPackage=getApplicationRestrictions+getApplicationRestrictionsPerAdminForUser+notifyPermissionResponse+requestPermission
1788680494.105 10303 10861 10861 I Unique  : 2026-09-06 14:41:34.104 I HOOK SERVICE_HOOKED service=locale cache=true singletons=0 bound=callerPackage,setApplicationLocales matched=callerPackage=getApplicationLocales+getOverrideLocaleConfig+setOverrideLocaleConfig,setApplicationLocales
1788680494.106 10303 10861 10861 I Unique  : 2026-09-06 14:41:34.105 I HOOK IDENTITY_HOOK_INSTALLED service=locale package=com.a0soft.gphone.acc.free matched=callerPackage=getApplicationLocales+getOverrideLocaleConfig+setOverrideLocaleConfig,setApplicationLocales
1788680494.108 10303 10861 10861 I Unique  : 2026-09-06 14:41:34.107 I HOOK SERVICE_HOOKED service=connectivity cache=true singletons=0 bound=callerPackage matched=callerPackage=getDefaultNetworkCapabilitiesForUser+getLastTetherError+getNetworkCapabilities+getRedactedLinkPropertiesForPackage+getRedactedNetworkCapabilitiesForPackage+isConnectivityServiceFeatureEnabledForTesting+listenForNetwork+pendingListenForNetwork+pendingRequestForNetwork+registerConnectivityDiagnosticsCallback+registerNetworkProvider+requestNetwork+requestRouteToHostAddress+setProvisioni
1788680494.109 10303 10861 10861 I Unique  : 2026-09-06 14:41:34.108 I HOOK IDENTITY_HOOK_INSTALLED service=connectivity package=com.a0soft.gphone.acc.free matched=callerPackage=getDefaultNetworkCapabilitiesForUser+getLastTetherError+getNetworkCapabilities+getRedactedLinkPropertiesForPackage+getRedactedNetworkCapabilitiesForPackage+isConnectivityServiceFeatureEnabledForTesting+listenForNetwork+pendingListenForNetwork+pendingRequestForNetwork+registerConnectivi
1788680494.112 10303 10861 10861 I Unique  : 2026-09-06 14:41:34.110 I HOOK SERVICE_HOOKED service=power cache=true singletons=0 bound=callerPackage matched=callerPackage=acquireWakeLock+acquireWakeLockAsync+acquireWakeLockWithUid+crash+isAmbientDisplaySuppressedForToken+isAmbientDisplaySuppressedForTokenByApp+isFeatureAllowedInLowPowerStandby+reboot+shutdown+suppressAmbientDisplay+updateWakeLockWorkSource+wakeUp
1788680494.114 10303 10861 10861 I Unique  : 2026-09-06 14:41:34.113 I HOOK IDENTITY_HOOK_INSTALLED service=power package=com.a0soft.gphone.acc.free matched=callerPackage=acquireWakeLock+acquireWakeLockAsync+acquireWakeLockWithUid+crash+isAmbientDisplaySuppressedForToken+isAmbientDisplaySuppressedForTokenByApp+isFeatureAllowedInLowPowerStandby+reboot+shutdown+suppressAmbientDisplay+updateWakeLockWorkSource+wakeUp
1788680494.121 10303 10861 10861 I Unique  : 2026-09-06 14:41:34.120 I HOOK SERVICE_HOOKED service=wifi cache=true singletons=0 bound=callerPackage matched=callerPackage=acquireMulticastLock+acquireWifiLock+addLocalOnlyConnectionStatusListener+addNetworkSuggestions+addOrUpdateNetwork+addOrUpdateNetworkPrivileged+addOrUpdatePasspointConfiguration+addQosPolicies+addSuggestionUserApprovalStatusListener+allowAutojoinGlobal+allowAutojoinPasspoint+connect+disableEphemeralNetwork+disableNetwork+disconnect+enableNetwork+enableTdls+enableTdlsWithMacAddress+en
1788680494.123 10303 10861 10861 I Unique  : 2026-09-06 14:41:34.121 I HOOK IDENTITY_HOOK_INSTALLED service=wifi package=com.a0soft.gphone.acc.free matched=callerPackage=acquireMulticastLock+acquireWifiLock+addLocalOnlyConnectionStatusListener+addNetworkSuggestions+addOrUpdateNetwork+addOrUpdateNetworkPrivileged+addOrUpdatePasspointConfiguration+addQosPolicies+addSuggestionUserApprovalStatusListener+allowAutojoinGlobal+allowAutojoinPasspoint+connect+di
1788680494.127 10303 10861 10861 I Unique  : 2026-09-06 14:41:34.126 I HOOK SERVICE_HOOKED service=location cache=true singletons=0 bound=callerPackage matched=callerPackage=addGnssAntennaInfoListener+addGnssMeasurementsListener+addGnssNavigationMessageListener+addTestProvider+getCurrentLocation+getLastLocation+getProviderPackages+getProviderProperties+hasProvider+isProviderEnabledForUser+isProviderPackage+registerGnssNmeaCallback+registerGnssStatusCallback+registerLocationListener+registerLocationPendingIntent+removeTestProvider+requestGeofence+requestL
1788680494.128 10303 10861 10861 I Unique  : 2026-09-06 14:41:34.127 I HOOK IDENTITY_HOOK_INSTALLED service=location package=com.a0soft.gphone.acc.free matched=callerPackage=addGnssAntennaInfoListener+addGnssMeasurementsListener+addGnssNavigationMessageListener+addTestProvider+getCurrentLocation+getLastLocation+getProviderPackages+getProviderProperties+hasProvider+isProviderEnabledForUser+isProviderPackage+registerGnssNmeaCallback+registerGnssStatusCallbac
1788680494.137 10303 10861 10861 I Unique  : 2026-09-06 14:41:34.136 I HOOK SERVICE_HOOKED service=audio cache=true singletons=0 bound=callerPackage matched=callerPackage=abandonAudioFocus+abandonAudioFocusForTest+adjustStreamVolume+adjustStreamVolumeForUid+adjustStreamVolumeWithAttribution+adjustSuggestedStreamVolumeForUid+adjustVolumeGroupVolume+cacheParameters+disableSafeMediaVolume+getBluetoothAudioDeviceCategory+getBluetoothAudioDeviceCategory_legacy+getCacheParameters+getDeviceVolume+getNotificationUri+getPlayerVolume+handleVolumeKey+isBluetooth
1788680494.138 10303 10861 10861 I Unique  : 2026-09-06 14:41:34.137 I HOOK IDENTITY_HOOK_INSTALLED service=audio package=com.a0soft.gphone.acc.free matched=callerPackage=abandonAudioFocus+abandonAudioFocusForTest+adjustStreamVolume+adjustStreamVolumeForUid+adjustStreamVolumeWithAttribution+adjustSuggestedStreamVolumeForUid+adjustVolumeGroupVolume+cacheParameters+disableSafeMediaVolume+getBluetoothAudioDeviceCategory+getBluetoothAudioDeviceCategory_lega
1788680494.140 10303 10861 10861 I Unique  : 2026-09-06 14:41:34.139 I HOOK SERVICE_HOOKED service=vibrator_manager cache=true singletons=0 bound=callerPackage matched=callerPackage=performHapticFeedback+setAlwaysOnEffect+vibrate
1788680494.141 10303 10861 10861 I Unique  : 2026-09-06 14:41:34.140 I HOOK IDENTITY_HOOK_INSTALLED service=vibrator_manager package=com.a0soft.gphone.acc.free matched=callerPackage=performHapticFeedback+setAlwaysOnEffect+vibrate
1788680494.147 10303 10861 10861 I Unique  : 2026-09-06 14:41:34.146 I HOOK SERVICE_HOOKED service=usagestats cache=true singletons=0 bound=callerPackage matched=callerPackage=clearBroadcastEvents+clearBroadcastResponseStats+getAppMinStandbyBucket+getAppStandbyBucket+getAppStandbyBuckets+getAppStandbyConstant+getLastTimeAnyComponentUsed+isAppInactive+isPackageExemptedFromBroadcastResponseStats+queryBroadcastResponseStats+queryConfigurationStats+queryEventStats+queryEvents+queryEventsForPackage+queryEventsForPackageForUser+queryEventsForUser+queryEventsWith
1788680494.148 10303 10861 10861 I Unique  : 2026-09-06 14:41:34.147 I HOOK IDENTITY_HOOK_INSTALLED service=usagestats package=com.a0soft.gphone.acc.free matched=callerPackage=clearBroadcastEvents+clearBroadcastResponseStats+getAppMinStandbyBucket+getAppStandbyBucket+getAppStandbyBuckets+getAppStandbyConstant+getLastTimeAnyComponentUsed+isAppInactive+isPackageExemptedFromBroadcastResponseStats+queryBroadcastResponseStats+queryConfigurationStats+queryEventSta
1788680494.150 10303 10861 10861 I Unique  : 2026-09-06 14:41:34.149 I HOOK SERVICE_HOOKED service=netstats cache=true singletons=0 bound=callerPackage matched=callerPackage=getIfaceStats+notifyNetworkStatus+openSessionForUsageStats+registerNetworkStatsProvider+registerUsageCallback+setStatsProviderWarningAndLimitAsync
1788680494.151 10303 10861 10861 I Unique  : 2026-09-06 14:41:34.150 I HOOK IDENTITY_HOOK_INSTALLED service=netstats package=com.a0soft.gphone.acc.free matched=callerPackage=getIfaceStats+notifyNetworkStatus+openSessionForUsageStats+registerNetworkStatsProvider+registerUsageCallback+setStatsProviderWarningAndLimitAsync
1788680494.153 10303 10861 10861 I Unique  : 2026-09-06 14:41:34.152 I HOOK SERVICE_HOOKED service=content cache=true singletons=0 bound=callerPackage matched=callerPackage=addPeriodicSync+cancelSync+cancelSyncAsUser+getCache+getIsSyncable+getIsSyncableAsUser+getPeriodicSyncs+getSyncAdapterPackageAsUser+getSyncAdapterPackagesForAuthorityAsUser+getSyncAutomatically+getSyncAutomaticallyAsUser+getSyncStatus+getSyncStatusAsUser+isSyncActive+isSyncPending+isSyncPendingAsUser+notifyChange+onDbCorruption+putCache+removePeriodicSync+requestSync+setIsSyncable+se
1788680494.154 10303 10861 10861 I Unique  : 2026-09-06 14:41:34.153 I HOOK IDENTITY_HOOK_INSTALLED service=content package=com.a0soft.gphone.acc.free matched=callerPackage=addPeriodicSync+cancelSync+cancelSyncAsUser+getCache+getIsSyncable+getIsSyncableAsUser+getPeriodicSyncs+getSyncAdapterPackageAsUser+getSyncAdapterPackagesForAuthorityAsUser+getSyncAutomatically+getSyncAutomaticallyAsUser+getSyncStatus+getSyncStatusAsUser+isSyncActive+isSyncPending+isSy
1788680494.158 10303 10861 10861 I Unique  : 2026-09-06 14:41:34.157 I HOOK SERVICE_HOOKED service=shortcut cache=true singletons=0 bound=shortcutPublish,callerPackage matched=shortcutPublish=addDynamicShortcuts+createShortcutResultIntent+pushDynamicShortcut+requestPinShortcut+setDynamicShortcuts+updateShortcuts,callerPackage=disableShortcuts+enableShortcuts+getIconMaxDimensions+getMaxShortcutCountPerActivity+getRateLimitResetTime+getRemainingCallCount+getShareTargets+getShortcuts+hasShareTargets+onApplicationActive+removeAllDynamicShortcuts+removeDynamicShortcuts+remov
1788680494.159 10303 10861 10861 I Unique  : 2026-09-06 14:41:34.158 I HOOK IDENTITY_HOOK_INSTALLED service=shortcut package=com.a0soft.gphone.acc.free matched=shortcutPublish=addDynamicShortcuts+createShortcutResultIntent+pushDynamicShortcut+requestPinShortcut+setDynamicShortcuts+updateShortcuts,callerPackage=disableShortcuts+enableShortcuts+getIconMaxDimensions+getMaxShortcutCountPerActivity+getRateLimitResetTime+getRemainingCallCount+getShareTargets+get
1788680494.161 10303 10861 10861 I Unique  : 2026-09-06 14:41:34.160 I HOOK SERVICE_HOOKED service=mount cache=true singletons=0 bound=callerPackage,volumeList matched=callerPackage=abortChanges+allocateBytes+benchmark+destroyUserStorage+disableAppDataIsolation+fixupAppDir+fixupAppDirRecursive+fixupSysfsFile+forgetVolume+format+getAllocatableBytes+getCacheQuotaBytes+getCacheSizeBytes+getExternalStorageMountMode+getManageSpaceActivityIntent+getMountedObbPath+isAppIoBlocked+isObbMounted+mkdirs+mount+mountObb+moveStorageQuickly+notifyAppIoBlocked+notifyAppIoResumed
1788680494.162 10303 10861 10861 I Unique  : 2026-09-06 14:41:34.161 I HOOK IDENTITY_HOOK_INSTALLED service=mount package=com.a0soft.gphone.acc.free matched=callerPackage=abortChanges+allocateBytes+benchmark+destroyUserStorage+disableAppDataIsolation+fixupAppDir+fixupAppDirRecursive+fixupSysfsFile+forgetVolume+format+getAllocatableBytes+getCacheQuotaBytes+getCacheSizeBytes+getExternalStorageMountMode+getManageSpaceActivityIntent+getMountedObbPath+isAppI
1788680494.164 10303 10861 10861 I Unique  : 2026-09-06 14:41:34.163 I HOOK SERVICE_HOOKED service=account cache=true singletons=0 bound=callerPackage matched=callerPackage=addAccount+addAccountAsUser+addAccountExplicitly+addAccountExplicitlyWithVisibility+addSharedAccountsFromParentUser+createRequestAccountAccessIntentSenderAsUser+editProperties+getAccountByTypeAndFeatures+getAccountVisibility+getAccountsAndVisibilityForPackage+getAccountsAsUser+getAccountsByFeatures+getAccountsByTypeForPackage+getAccountsForPackage+getAuthToken+getAuthTokenLabel+getUs
1788680494.165 10303 10861 10861 I Unique  : 2026-09-06 14:41:34.164 I HOOK IDENTITY_HOOK_INSTALLED service=account package=com.a0soft.gphone.acc.free matched=callerPackage=addAccount+addAccountAsUser+addAccountExplicitly+addAccountExplicitlyWithVisibility+addSharedAccountsFromParentUser+createRequestAccountAccessIntentSenderAsUser+editProperties+getAccountByTypeAndFeatures+getAccountVisibility+getAccountsAndVisibilityForPackage+getAccountsAsUser+getAccou
1788680494.174 10303 10861 10861 I Unique  : 2026-09-06 14:41:34.173 I HOOK SERVICE_HOOKED service=phone cache=true singletons=0 bound=callerPackage matched=callerPackage=call+canChangeDtmfToneLength+changeIccLockPassword+checkCarrierPrivilegesForPackage+checkCarrierPrivilegesForPackageAnyPhone+clearSignalStrengthUpdateRequest+deprovisionSatelliteService+dial+disableDataConnectivity+disableVisualVoicemailSmsFilter+doesSwitchMultiSimConfigTriggerReboot+enableDataConnectivity+enableVisualVoicemailSmsFilter+enqueueSmsPickResult+factoryReset+getAllCellInf
1788680494.175 10303 10861 10861 I Unique  : 2026-09-06 14:41:34.174 I HOOK IDENTITY_HOOK_INSTALLED service=phone package=com.a0soft.gphone.acc.free matched=callerPackage=call+canChangeDtmfToneLength+changeIccLockPassword+checkCarrierPrivilegesForPackage+checkCarrierPrivilegesForPackageAnyPhone+clearSignalStrengthUpdateRequest+deprovisionSatelliteService+dial+disableDataConnectivity+disableVisualVoicemailSmsFilter+doesSwitchMultiSimConfigTriggerReboot+e
1788680494.186 10303 10861 10861 I Unique  : 2026-09-06 14:41:34.184 I HOOK SERVICE_HOOKED service=device_policy cache=true singletons=0 bound=callerPackage matched=callerPackage=addCrossProfileIntentFilter+addCrossProfileWidgetProvider+addPersistentPreferredActivity+approveCaCert+checkDeviceIdentifierAccess+checkProvisioningPrecondition+choosePrivateKeyAlias+clearApplicationUserData+clearCrossProfileIntentFilters+clearDeviceOwner+clearPackagePersistentPreferredActivities+clearResetPasswordToken+createAdminSupportIntent+createAndManageUser+createAndProvisionM
1788680494.187 10303 10861 10861 I Unique  : 2026-09-06 14:41:34.186 I HOOK IDENTITY_HOOK_INSTALLED service=device_policy package=com.a0soft.gphone.acc.free matched=callerPackage=addCrossProfileIntentFilter+addCrossProfileWidgetProvider+addPersistentPreferredActivity+approveCaCert+checkDeviceIdentifierAccess+checkProvisioningPrecondition+choosePrivateKeyAlias+clearApplicationUserData+clearCrossProfileIntentFilters+clearDeviceOwner+clearPackagePersistentPreferre
1788680494.192 10303 10861 10861 I Unique  : 2026-09-06 14:41:34.190 I HOOK SERVICE_HOOKED service=media.camera cache=true singletons=0 bound=callerPackage matched=callerPackage=connect+connectDevice+createDefaultRequest+getCameraCharacteristics+getSessionCharacteristics+getTorchStrengthLevel+injectCamera+injectSessionParams+isHiddenPhysicalCamera+isSessionConfigurationWithParametersSupported+setTorchMode+supportsCameraApi+turnOnTorchWithStrengthLevel
1788680494.193 10303 10861 10861 I Unique  : 2026-09-06 14:41:34.192 I HOOK IDENTITY_HOOK_INSTALLED service=media.camera package=com.a0soft.gphone.acc.free matched=callerPackage=connect+connectDevice+createDefaultRequest+getCameraCharacteristics+getSessionCharacteristics+getTorchStrengthLevel+injectCamera+injectSessionParams+isHiddenPhysicalCamera+isSessionConfigurationWithParametersSupported+setTorchMode+supportsCameraApi+turnOnTorchWithStrengthLevel
1788680494.196 10303 10861 10861 I Unique  : 2026-09-06 14:41:34.195 I HOOK SERVICE_HOOKED service=telecom cache=true singletons=0 bound=callerPackage matched=callerPackage=acceptHandover+acceptRingingCall+acceptRingingCallWithVideoState+addCall+addNewIncomingCall+addNewIncomingConference+addOrRemoveTestCallCompanionApp+cancelMissedCallsNotification+clearAccounts+createLaunchEmergencyDialerIntent+createManageBlockedNumbersIntent+endCall+getAdnUriForPhoneAccount+getCallCapablePhoneAccounts+getCallStateUsingPackage+getCurrentTtyMode+getDefaultDialerPackag
1788680494.197 10303 10861 10861 I Unique  : 2026-09-06 14:41:34.196 I HOOK IDENTITY_HOOK_INSTALLED service=telecom package=com.a0soft.gphone.acc.free matched=callerPackage=acceptHandover+acceptRingingCall+acceptRingingCallWithVideoState+addCall+addNewIncomingCall+addNewIncomingConference+addOrRemoveTestCallCompanionApp+cancelMissedCallsNotification+clearAccounts+createLaunchEmergencyDialerIntent+createManageBlockedNumbersIntent+endCall+getAdnUriForPhoneA
1788680494.201 10303 10861 10861 I Unique  : 2026-09-06 14:41:34.199 I HOOK SERVICE_HOOKED service=media_router cache=true singletons=0 bound=callerPackage matched=callerPackage=deselectRouteWithManager+deselectRouteWithRouter2+getSystemRoutes+getSystemSessionInfoForPackage+registerClientAsUser+registerClientGroupId+registerManager+registerProxyRouter+registerRouter2+releaseSessionWithManager+releaseSessionWithRouter2+requestCreateSessionWithManager+requestSetVolume+requestUpdateVolume+selectRouteWithManager+selectRouteWithRouter2+setSelectedRoute+setSession
1788680494.202 10303 10861 10861 I Unique  : 2026-09-06 14:41:34.201 I HOOK IDENTITY_HOOK_INSTALLED service=media_router package=com.a0soft.gphone.acc.free matched=callerPackage=deselectRouteWithManager+deselectRouteWithRouter2+getSystemRoutes+getSystemSessionInfoForPackage+registerClientAsUser+registerClientGroupId+registerManager+registerProxyRouter+registerRouter2+releaseSessionWithManager+releaseSessionWithRouter2+requestCreateSessionWithManager+requestSet
1788680494.205 10303 10861 10861 I Unique  : 2026-09-06 14:41:34.204 I HOOK SERVICE_HOOKED service=media_session cache=true singletons=0 bound=callerPackage matched=callerPackage=addOnMediaKeyEventSessionChangedListener+createSession+dispatchAdjustVolume+dispatchMediaKeyEvent+dispatchMediaKeyEventToSessionAsSystemService+dispatchVolumeKeyEvent+dispatchVolumeKeyEventToSessionAsSystemService+getMediaKeyEventSession+getMediaKeyEventSessionPackageName+hasCustomMediaKeyDispatcher+hasCustomMediaSessionPolicyProvider+isTrusted+setCustomMediaKeyDispatcher+setCustomMe
1788680494.206 10303 10861 10861 I Unique  : 2026-09-06 14:41:34.205 I HOOK IDENTITY_HOOK_INSTALLED service=media_session package=com.a0soft.gphone.acc.free matched=callerPackage=addOnMediaKeyEventSessionChangedListener+createSession+dispatchAdjustVolume+dispatchMediaKeyEvent+dispatchMediaKeyEventToSessionAsSystemService+dispatchVolumeKeyEvent+dispatchVolumeKeyEventToSessionAsSystemService+getMediaKeyEventSession+getMediaKeyEventSessionPackageName+hasCustomMedi
1788680494.208 10303 10861 10861 I Unique  : 2026-09-06 14:41:34.207 I HOOK SERVICE_HOOKED service=appwidget cache=true singletons=0 bound=callerPackage,appWidgetIdentity matched=callerPackage=allocateAppWidgetId+bindRemoteViewsService+createAppWidgetConfigIntentSender+deleteAppWidgetId+deleteHost+getAppWidgetIdsForHost+getAppWidgetInfo+getAppWidgetOfHost+getAppWidgetOptions+getAppWidgetViews+getInstalledProvidersForProfile+hasBindAppWidgetPermission+isBoundWidgetPackage+noteAppWidgetTapped+notifyAppWidgetViewDataChanged+partiallyUpdateAppWidgetIds+setAppWidgetHidden+setBi
1788680494.210 10303 10861 10861 I Unique  : 2026-09-06 14:41:34.209 I HOOK IDENTITY_HOOK_INSTALLED service=appwidget package=com.a0soft.gphone.acc.free matched=callerPackage=allocateAppWidgetId+bindRemoteViewsService+createAppWidgetConfigIntentSender+deleteAppWidgetId+deleteHost+getAppWidgetIdsForHost+getAppWidgetInfo+getAppWidgetOfHost+getAppWidgetOptions+getAppWidgetViews+getInstalledProvidersForProfile+hasBindAppWidgetPermission+isBoundWidgetPackage+not
1788680494.213 10303 10861 10861 W Unique  : 2026-09-06 14:41:34.213 W HOOK SINGLETON_PATCH_SKIPPED service=input_method field=com.android.internal.inputmethod.IInputMethodManagerGlobalInvoker.sServiceCache
1788680494.214 10303 10861 10861 I Unique  : 2026-09-06 14:41:34.213 I HOOK SERVICE_HOOKED service=input_method cache=true singletons=1 bound=callerPackage,editorIdentity matched=callerPackage=acceptStylusHandwritingDelegation+acceptStylusHandwritingDelegationAsync+getEnabledInputMethodSubtypeList+prepareStylusHandwritingDelegation+setAdditionalInputMethodSubtypes+setExplicitlyEnabledInputMethodSubtypes+startConnectionlessStylusHandwriting+startProtoDump,editorIdentity=startInputOrWindowGainedFocus+startInputOrWindowGainedFocusAsync
1788680494.215 10303 10861 10861 I Unique  : 2026-09-06 14:41:34.215 I HOOK IDENTITY_HOOK_INSTALLED service=input_method package=com.a0soft.gphone.acc.free matched=callerPackage=acceptStylusHandwritingDelegation+acceptStylusHandwritingDelegationAsync+getEnabledInputMethodSubtypeList+prepareStylusHandwritingDelegation+setAdditionalInputMethodSubtypes+setExplicitlyEnabledInputMethodSubtypes+startConnectionlessStylusHandwriting+startProtoDump,editorIdentity=start
1788680494.216 10303 10861 10861 I Unique  : 2026-09-06 14:41:34.216 I HOOK IDENTITY_HOOKS_INSTALLED package=com.a0soft.gphone.acc.free installed=alarm,clipboard,restrictions,locale,connectivity,power,wifi,location,audio,vibrator_manager,usagestats,netstats,content,shortcut,mount,account,phone,device_policy,media.camera,telecom,media_router,media_session,appwidget,input_method skipped=
1788680494.218 10303 10861 10861 W Unique  : 2026-09-06 14:41:34.217 W PROCESS ALARM_EXACT_UNAVAILABLE detail=UNIQUE does not hold SCHEDULE_EXACT_ALARM; a guest asking for an exact alarm will get the platform's SecurityException
1788680494.223 10303 10861 10861 I Unique  : 2026-09-06 14:41:34.222 I STORAGE EXTERNAL_VOLUME_REPOINTED path=/data/user/0/com.unique/files/virtual/users/0/sdcard fields=mPath,mInternalPath
1788680494.358 10303 10861 10889 I Unique  : 2026-09-06 14:41:34.358 I LAUNCH GOOGLE_STACK_HIDDEN package=com.google.android.gms detail=Play services refuses a virtual app's identity and kills it from a Handler; reported absent so the SDK takes its own unavailable path
1788680494.428 10303 10861 10861 I UniqueNative: io_redirect installed: 0 slot(s) in 2/391 libraries (10 total), 8 rule(s), page size 4096
1788680494.428 10303 10861 10861 D nativeloader: Load /data/user/0/com.unique/files/virtual/apk/com.a0soft.gphone.acc.free/240005239/lib/arm64-v8a/libdatastore_shared_counter.so using class loader ns clns-8 (caller=/data/user/0/com.unique/files/virtual/apk/com.a0soft.gphone.acc.free/240005239/base.apk): ok
1788680494.448 10303 10861 10891 E FeatureFlagsImplExport: android.os.flagging.AconfigStorageReadException: ERROR_PACKAGE_NOT_FOUND: package com.android.libcore cannot be found on the device
1788680494.451 10303 10861 10861 I Unique  : 2026-09-06 14:41:34.450 I PROCESS PROVIDERS_PUBLISHED package=com.a0soft.gphone.acc.free process=com.a0soft.gphone.acc.free declared=6 authorities=[redacted]
1788680494.454 10303 10861 10861 I Unique  : 2026-09-06 14:41:34.453 I HOOK SERVICE_HOOKED service=jobscheduler cache=true singletons=0 bound=jobById,scheduleJob,pendingJobs matched=jobById=cancel+getPendingJob+getPendingJobReason,scheduleJob=enqueue+schedule+scheduleAsPackage,pendingJobs=getAllPendingJobs+getAllPendingJobsInNamespace
1788680494.455 10303 10861 10861 I Unique  : 2026-09-06 14:41:34.454 I HOOK JOB_HOOKED package=com.a0soft.gphone.acc.free slot=0 matched=jobById=cancel+getPendingJob+getPendingJobReason,scheduleJob=enqueue+schedule+scheduleAsPackage,pendingJobs=getAllPendingJobs+getAllPendingJobsInNamespace
1788680494.460 10303 10861 10861 I Unique  : 2026-09-06 14:41:34.459 I HOOK SERVICE_HOOKED service=notification cache=true singletons=1 bound=notificationIdentity,enqueue,channels matched=notificationIdentity=addAutomaticZenRule+areBubblesAllowed+areNotificationsEnabled+areNotificationsEnabledForPackage+buzzBeepBlinkForNotification+canNotifyAsPackage+canShowBadge+cancelAllNotifications+cancelNotificationFromListener+cancelToast+clearData+deleteNotificationHistoryItem+enqueueTextToast+enqueueToast+finishToken+getActiveNotifications+getActiveNotificationsWithAttribution+getAllowedAss
1788680494.461 10303 10861 10861 I Unique  : 2026-09-06 14:41:34.460 I HOOK NOTIFICATION_HOOKED package=com.a0soft.gphone.acc.free vuid=0 matched=notificationIdentity=addAutomaticZenRule+areBubblesAllowed+areNotificationsEnabled+areNotificationsEnabledForPackage+buzzBeepBlinkForNotification+canNotifyAsPackage+canShowBadge+cancelAllNotifications+cancelNotificationFromListener+cancelToast+clearData+deleteNotificationHistoryItem+enqueueTextToast+enqueueToast+finishToken+getActiveNotifications+getActiveNotificationsWithAttribution+getAllowedAss
1788680494.464 10303 10861 10899 I Unique  : 2026-09-06 14:41:34.462 I PROCESS COMPONENT_STATE_SET package=com.a0soft.gphone.acc.free vuid=0 component=androidx.work.impl.background.systemalarm.RescheduleReceiver state=2
1788680494.471 10303 10861 10902 E AndroidRuntime: FATAL EXCEPTION: GoogleApiHandler
1788680494.471 10303 10861 10902 E AndroidRuntime: Process: com.a0soft.gphone.acc.free, PID: 10861
1788680494.471 10303 10861 10902 E AndroidRuntime: java.lang.SecurityException: Package com.a0soft.gphone.acc.free is not owned by uid 10303
1788680494.471 10303 10861 10902 E AndroidRuntime: 	at android.os.Parcel.createExceptionOrNull(Parcel.java:3255)
1788680494.471 10303 10861 10902 E AndroidRuntime: 	at android.os.Parcel.createException(Parcel.java:3239)
1788680494.471 10303 10861 10902 E AndroidRuntime: 	at android.os.Parcel.readException(Parcel.java:3222)
1788680494.471 10303 10861 10902 E AndroidRuntime: 	at android.os.Parcel.readException(Parcel.java:3164)
1788680494.471 10303 10861 10902 E AndroidRuntime: 	at android.app.INotificationManager$Stub$Proxy.getNotificationChannel(INotificationManager.java:4012)
1788680494.471 10303 10861 10902 E AndroidRuntime: 	at android.app.NotificationManager.getNotificationChannel(NotificationManager.java:1060)
1788680494.471 10303 10861 10902 E AndroidRuntime: 	at bka.襹(SAM:305)
1788680494.471 10303 10861 10902 E AndroidRuntime: 	at aa.襹(SAM:110)
1788680494.471 10303 10861 10902 E AndroidRuntime: 	at ne0.躣(SAM:148)
1788680494.471 10303 10861 10902 E AndroidRuntime: 	at ne0.攢(SAM:76)
1788680494.471 10303 10861 10902 E AndroidRuntime: 	at ne0.趯(SAM:54)
1788680494.471 10303 10861 10902 E AndroidRuntime: 	at aa.handleMessage(SAM:1024)
1788680494.471 10303 10861 10902 E AndroidRuntime: 	at android.os.Handler.dispatchMessage(Handler.java:103)
1788680494.471 10303 10861 10902 E AndroidRuntime: 	at android.os.Looper.loopOnce(Looper.java:249)
1788680494.471 10303 10861 10902 E AndroidRuntime: 	at android.os.Looper.loop(Looper.java:337)
1788680494.471 10303 10861 10902 E AndroidRuntime: 	at android.os.HandlerThread.run(HandlerThread.java:85)
1788680494.476 10303 10861 10861 I Unique  : 2026-09-06 14:41:34.475 I PROCESS RECEIVERS_REGISTERED package=com.a0soft.gphone.acc.free declared=12 registered=18 actions=com.a0soft.gphone.base.content.blSelfPkgRecvV12#android.intent.action.MY_PACKAGE_REPLACED;com.a0soft.gphone.acc.main.SysRecv#android.intent.action.BOOT_COMPLETED,android.intent.action.DEVICE_STORAGE_LOW;com.a0soft.gphone.acc.widget.WidgetProvider#android.appwidget.action.APPWIDGET_UPDATE,com.a0soft.gphone.acc.widget.AppMgrSrvc.ActionStatusUpdated,com.a0soft.gphone.acc.widget.ActionRefresh,com.a0so exported=2
1788680494.476 10303 10861 10861 I Unique  : 2026-09-06 14:41:34.476 I LAUNCH ACTIVITY_LIFECYCLE_INSTALLED package=com.a0soft.gphone.acc.free
1788680494.490 10303 10861 10861 D Unique  : 2026-09-06 14:41:34.489 D PROCESS u0 com.a0soft.gphone.acc.free PERMISSION_CHECK permission=com.google.android.finsky.permission.BIND_GET_INSTALL_REFERRER_SERVICE result=GRANTED
1788680494.495 10303 10861 10861 D Unique  : 2026-09-06 14:41:34.494 D PROCESS u0 com.a0soft.gphone.acc.free PERMISSION_CHECK permission=android.permission.INTERNET result=GRANTED
1788680494.503 10303 10861 10861 I UniqueNative: redirect table set: 8 rule(s)
1788680494.504 10303 10861 10861 I UniqueNative: io_redirect installed: 0 slot(s) in 2/391 libraries (10 total), 8 rule(s), page size 4096
1788680494.505 10303 10861 10861 I Unique  : 2026-09-06 14:41:34.504 I NATIVE u0 com.a0soft.gphone.acc.free IO_REDIRECT_INSTALLED status=NOTHING_TO_HOOK watch=OK rules=8 slots=10 scope=/data/user/0/com.unique/files/virtual/apk/com.a0soft.gphone.acc.free/240005239/lib/arm64-v8a,/data/data/com.unique/files/virtual/apk/com.a0soft.gphone.acc.free/240005239/lib/arm64-v8a,/data/user/0/com
1788680494.508 10303 10861 10861 I Unique  : 2026-09-06 14:41:34.505 I LAUNCH u0 com.a0soft.gphone.acc.free BOOTSTRAP_OK package=com.a0soft.gphone.acc.free vuid=0 slot=0 applicationClass=com.pairip.application.Application dataDir=/data/user/0/com.unique/files/virtual/users/0/data/com.a0soft.gphone.acc.free sourceDir=/data/user/0/com.unique/files/virtual/apk/com.a0soft.gphone.acc.free/240005239/base.apk nativeLibraryDir=/data/user/0/com.unique/files/virtual/apk/com.a0soft.gphone.acc.free/240005239/lib/arm64-v8a targetSdk=36 observedPackageName=com.a0soft.gphone.acc.free observedFilesDir=/data/user/0/com.unique/files/virtual/users/0/data/com.a0soft.gphone.acc.free/files millis=834
1788680494.509 10303 10861 10861 I Unique  : 2026-09-06 14:41:34.508 I LAUNCH u0 com.a0soft.gphone.acc.free TRANSACTION_REWRITTEN package=com.a0soft.gphone.acc.free activity=com.a0soft.gphone.acc.free.MainWnd vuid=0 item=LaunchActivityItem theme=2131952551
1788680494.512 10303 10861 10861 I ActivityThread: HardwareRenderer preload  done
1788680494.516 10303  9702  9710 I Unique  : 2026-09-06 14:41:34.515 I PROCESS PROVIDER_SLOT_READY slot=0 vuid=0 pid=10861
1788680494.529 10303 10861 10909 D Unique  : 2026-09-06 14:41:34.528 D PROCESS u0 com.a0soft.gphone.acc.free PERMISSION_CHECK permission=android.permission.INTERNET result=GRANTED
1788680494.532 10303 10861 10909 D Unique  : 2026-09-06 14:41:34.530 D PROCESS u0 com.a0soft.gphone.acc.free PERMISSION_CHECK permission=android.permission.ACCESS_NETWORK_STATE result=GRANTED
1788680494.534 10303 10861 10934 E om.unique:vapp0: setpriority success to 100 : mali-cmar-backend
1788680494.546 10303 10861 10909 I Unique  : 2026-09-06 14:41:34.544 I PROCESS u0 com.a0soft.gphone.acc.free SERVICE_STUB_RESERVED slot=0 stub=0 service=com.google.android.gms.measurement.AppMeasurementService vuid=0
1788680494.548 10303 10861 10909 D Unique  : 2026-09-06 14:41:34.546 D PROCESS u0 com.a0soft.gphone.acc.free SERVICE_INTENT_ROUTED service=com.google.android.gms.measurement.AppMeasurementService stub=com.unique.stub.ServiceStub_p0_s0 action=com.google.android.gms.measurement.START
1788680494.549 10303 10861 10909 D Unique  : 2026-09-06 14:41:34.548 D PROCESS u0 com.a0soft.gphone.acc.free SERVICE_CONNECTION_WRAPPED connection=qa1
1788680494.554 10303 10861 10861 I Unique  : 2026-09-06 14:41:34.553 I LAUNCH u0 com.a0soft.gphone.acc.free ACTIVITY_HARDWARE_ACCELERATED activity=com.a0soft.gphone.acc.free.MainWnd fromActivityInfo=false applied=true
1788680494.559 10303 10861 10861 W libc    : Access denied finding property "persist.vendor.camera.IsVariableApertureSupported"
1788680494.559 10303 10861 10861 W libc    : Access denied finding property "persist.vendor.camera.IsStreetModeSupported"
1788680494.570 10303 10861 10908 I Unique  : 2026-09-06 14:41:34.569 I PROCESS u0 com.a0soft.gphone.acc.free COMPONENT_STATE_SET package=com.a0soft.gphone.acc.free vuid=0 component=androidx.work.impl.background.systemalarm.RescheduleReceiver state=1
1788680494.591 10303 10861 10861 W libc    : Access denied finding property "ro.vendor.df.effect.conflict"
1788680494.598 10303 10861 10861 W WindowOnBackDispatcher: OnBackInvokedCallback is not enabled for the application.
1788680494.598 10303 10861 10861 W WindowOnBackDispatcher: Set 'android:enableOnBackInvokedCallback="true"' in the application manifest.
1788680494.615 10303 10861 10861 D nativeloader: Load libpowerhalwrap_jni.so using system ns (caller=/system_ext/framework/mediatek-framework.jar): ok
1788680494.617 10303 10861 10861 W libc    : Access denied finding property "ro.vendor.perf.scroll_opt"
1788680494.620 10303 10861 10861 D Unique  : 2026-09-06 14:41:34.619 D LAUNCH u0 com.a0soft.gphone.acc.free CALLBACK_ALIVE what=159 obj=android.app.servertransaction.ClientTransaction
1788680494.621 10303 10861 10861 D Unique  : 2026-09-06 14:41:34.620 D LAUNCH u0 com.a0soft.gphone.acc.free NO_LAUNCH_ITEM transaction=android.app.servertransaction.ClientTransaction shape=CREATOR: mActivityCallbacks:[TopResumedActivityChangeItem] mActivityToken:BinderProxy mClient:null mLifecycleStateRequest:null mTransactionItems:[TopResumedActivityChangeItem] seen=2
1788680494.624 10303 10861 10861 D Unique  : 2026-09-06 14:41:34.623 D LAUNCH u0 com.a0soft.gphone.acc.free CALLBACK_ALIVE what=149 obj=android.os.BinderProxy
1788680494.628 10303 10861 10861 I Unique  : 2026-09-06 14:41:34.627 I PROCESS u0 com.a0soft.gphone.acc.free CREATE_SERVICE_REWRITTEN stub=com.unique.stub.ServiceStub_p0_s0 service=com.google.android.gms.measurement.AppMeasurementService
1788680494.632 10303 10861 10914 D Unique  : 2026-09-06 14:41:34.631 D PROCESS u0 com.a0soft.gphone.acc.free SERVICE_CONNECTION_WRAPPED connection=fq0
1788680494.646 10303 10861 10861 D Unique  : 2026-09-06 14:41:34.645 D PROCESS u0 com.a0soft.gphone.acc.free SERVICE_INTENT_ROUTED service=com.google.android.gms.measurement.AppMeasurementService stub=com.unique.stub.ServiceStub_p0_s0 action=com.google.android.gms.measurement.START
1788680494.661 10303 10861 10909 W Unique  : 2026-09-06 14:41:34.660 W LAUNCH u0 com.a0soft.gphone.acc.free PENDING_INTENT_RECEIVER_UNSUPPORTED receiver=com.google.android.gms.measurement.AppMeasurementReceiver package=com.a0soft.gphone.acc.free
1788680494.672 10303 10861 10861 W libc    : Access denied finding property "ro.vendor.mi_sf.new_dynamic_refresh_rate"
1788680494.704 10303 10861 10919 W libc    : Access denied finding property "ro.vendor.display.iris_x7.support"
1788680494.720 10303 10861 10861 D Unique  : 2026-09-06 14:41:34.719 D LAUNCH u0 com.a0soft.gphone.acc.free NO_LAUNCH_ITEM transaction=android.app.servertransaction.ClientTransaction shape=CREATOR: mActivityCallbacks:[TopResumedActivityChangeItem] mActivityToken:BinderProxy mClient:null mLifecycleStateRequest:PauseActivityItem mTransactionItems:[TopResumedActivityChangeItem|PauseActivityItem] seen=3
1788680494.747 10303 10861 10861 D Unique  : 2026-09-06 14:41:34.746 D PROCESS u0 com.a0soft.gphone.acc.free SERVICE_INTENT_CROSS_APP action=com.android.vending.licensing.ILicensingService target=com.android.vending
1788680494.747 10303 10861 10861 D Unique  : 2026-09-06 14:41:34.747 D PROCESS u0 com.a0soft.gphone.acc.free SERVICE_CONNECTION_WRAPPED connection=com.pairip.licensecheck.LicenseClient
1788680494.765 10303  9702  9746 E com.unique: checkIfsupportxIntfps do not binder to joyose
1788680494.774 10303 10861 10861 D Unique  : 2026-09-06 14:41:34.773 D PROCESS u0 com.a0soft.gphone.acc.free SERVICE_CONNECTION_WRAPPED connection=gdv
1788680494.782 10303 10861 10861 D Unique  : 2026-09-06 14:41:34.780 D PROCESS u0 com.a0soft.gphone.acc.free SERVICE_CONNECTION_RENAMED stub=com.unique.stub.ServiceStub_p0_s0 service=com.google.android.gms.measurement.AppMeasurementService
1788680494.917 10303 10861 10861 W libc    : Access denied finding property "ro.vendor.display.iris_x7.support"
1788680494.958 10303 10861 10919 W libc    : Access denied finding property "ro.vendor.display.iris_x7.support"
1788680494.985 10303 10861 10909 W Unique  : 2026-09-06 14:41:34.984 W LAUNCH u0 com.a0soft.gphone.acc.free PENDING_INTENT_RECEIVER_UNSUPPORTED receiver=com.google.android.gms.measurement.AppMeasurementReceiver package=com.a0soft.gphone.acc.free
1788680495.060 10303 10861 10919 E LB      : fail to open file: No such file or directory
1788680495.060 10303 10861 10919 E LB      : fail to open node: No such file or directory
1788680495.060 10303 10861 10919 E LB      : fail to open node: No such file or directory
1788680495.061 10303 10861 10919 W libc    : Access denied finding property "ro.vendor.display.iris_x7.support"
1788680495.206 10303 10861 10962 E emoji2.text.DefaultEmojiConfig: com.google.android.gms
1788680495.206 10303 10861 10962 E emoji2.text.DefaultEmojiConfig: android.content.pm.PackageManager$NameNotFoundException: com.google.android.gms
1788680495.206 10303 10861 10962 E emoji2.text.DefaultEmojiConfig: 	at android.app.ApplicationPackageManager.getPackageInfoAsUser(ApplicationPackageManager.java:276)
1788680495.206 10303 10861 10962 E emoji2.text.DefaultEmojiConfig: 	at android.app.ApplicationPackageManager.getPackageInfo(ApplicationPackageManager.java:236)
1788680495.206 10303 10861 10962 E emoji2.text.DefaultEmojiConfig: 	at android.app.ApplicationPackageManager.getPackageInfo(ApplicationPackageManager.java:230)
1788680495.206 10303 10861 10962 E emoji2.text.DefaultEmojiConfig: 	at bpb.灗(SAM:3)
1788680495.206 10303 10861 10962 E emoji2.text.DefaultEmojiConfig: 	at anx.躣(dex-id-b9da204002bfd4299192d95858da458f23bf30aa:82)
1788680495.206 10303 10861 10962 E emoji2.text.DefaultEmojiConfig: 	at csy.run(SAM:430)
1788680495.206 10303 10861 10962 E emoji2.text.DefaultEmojiConfig: 	at java.util.concurrent.ThreadPoolExecutor.runWorker(ThreadPoolExecutor.java:1100)
1788680495.206 10303 10861 10962 E emoji2.text.DefaultEmojiConfig: 	at java.util.concurrent.ThreadPoolExecutor$Worker.run(ThreadPoolExecutor.java:624)
1788680495.206 10303 10861 10962 E emoji2.text.DefaultEmojiConfig: 	at java.lang.Thread.run(Thread.java:1572)
1788680495.281 10303 10861 10885 I Unique  : 2026-09-06 14:41:35.278 I LAUNCH u0 com.a0soft.gphone.acc.free GOOGLE_STACK_HIDDEN package=com.google.android.gsf detail=Play services refuses a virtual app's identity and kills it from a Handler; reported absent so the SDK takes its own unavailable path
1788680495.694 10303 10861 10861 D Unique  : 2026-09-06 14:41:35.692 D LAUNCH u0 com.a0soft.gphone.acc.free NO_LAUNCH_ITEM transaction=android.app.servertransaction.ClientTransaction shape=CREATOR: mActivityCallbacks:null mActivityToken:BinderProxy mClient:null mLifecycleStateRequest:DestroyActivityItem mTransactionItems:[DestroyActivityItem] seen=4
1788680495.706 10303 10861 10861 D Unique  : 2026-09-06 14:41:35.705 D PROCESS u0 com.a0soft.gphone.acc.free PERMISSION_CHECK permission=android.permission.INTERNET result=GRANTED
1788680495.739 10303 10861 10861 W WindowOnBackDispatcher: sendCancelIfRunning: isInProgress=false callback=android.view.ViewRootImpl$$ExternalSyntheticLambda12@c7e8441
1788680495.991 10303 10861 10867 W om.unique:vapp0: ApkAssets: Deleting an ApkAssets object '<empty> and /data/app/~~XQmPOPV_XxINA_jPcGmsIQ==/com.miui.screenrecorder-G-XBxKJvovi92jNh9l3JIQ==/base.apk' with 1 weak references
1788680495.992 10303 10861 10867 W om.unique:vapp0: ApkAssets: Deleting an ApkAssets object '<empty> and /system_ext/priv-app/RtMiCloudSDK/RtMiCloudSDK.apk' with 9 weak references
1788680495.992 10303 10861 10867 W om.unique:vapp0: ApkAssets: Deleting an ApkAssets object '<empty> and /system_ext/app/CameraMind/CameraMind.apk' with 1 weak references
1788680495.993 10303 10861 10867 W om.unique:vapp0: ApkAssets: Deleting an ApkAssets object '<empty> and /data/app/~~IecQcpAk0hRNmUBTsdANOA==/com.google.android.youtube-F83CKIMRqXJ__kPqwbhwyA==/base.apk' with 1 weak references
1788680495.993 10303 10861 10867 W om.unique:vapp0: ApkAssets: Deleting an ApkAssets object '<empty> and /data/app/~~IecQcpAk0hRNmUBTsdANOA==/com.google.android.youtube-F83CKIMRqXJ__kPqwbhwyA==/split_config.arm64_v8a.apk' with 1 weak references
1788680495.994 10303 10861 10867 W om.unique:vapp0: ApkAssets: Deleting an ApkAssets object '<empty> and /data/app/~~IecQcpAk0hRNmUBTsdANOA==/com.google.android.youtube-F83CKIMRqXJ__kPqwbhwyA==/split_config.ru.apk' with 1 weak references
1788680495.994 10303 10861 10867 W om.unique:vapp0: ApkAssets: Deleting an ApkAssets object '<empty> and /data/app/~~IecQcpAk0hRNmUBTsdANOA==/com.google.android.youtube-F83CKIMRqXJ__kPqwbhwyA==/split_config.xxhdpi.apk' with 1 weak references
1788680495.995 10303 10861 10867 W om.unique:vapp0: ApkAssets: Deleting an ApkAssets object '<empty> and /data/app/~~-USux0I649yeK8kjLtUs6w==/io.hitray.android-yz9_YgFveD2eh2-uVfEvTQ==/base.apk' with 1 weak references
1788680495.995 10303 10861 10867 W om.unique:vapp0: ApkAssets: Deleting an ApkAssets object '<empty> and /data/app/~~-USux0I649yeK8kjLtUs6w==/io.hitray.android-yz9_YgFveD2eh2-uVfEvTQ==/split_config.arm64_v8a.apk' with 1 weak references
1788680495.996 10303 10861 10867 W om.unique:vapp0: ApkAssets: Deleting an ApkAssets object '<empty> and /data/app/~~-USux0I649yeK8kjLtUs6w==/io.hitray.android-yz9_YgFveD2eh2-uVfEvTQ==/split_config.ru.apk' with 1 weak references
1788680495.996 10303 10861 10867 W om.unique:vapp0: ApkAssets: Deleting an ApkAssets object '<empty> and /data/app/~~-USux0I649yeK8kjLtUs6w==/io.hitray.android-yz9_YgFveD2eh2-uVfEvTQ==/split_config.xxhdpi.apk' with 1 weak references
1788680495.996 10303 10861 10867 W om.unique:vapp0: ApkAssets: Deleting an ApkAssets object '<empty> and /apex/com.android.uwb/priv-app/ServiceUwbResources@AP3A.240905.015.A2/ServiceUwbResources.apk' with 1 weak references
1788680495.997 10303 10861 10867 W om.unique:vapp0: ApkAssets: Deleting an ApkAssets object '<empty> and /product/overlay/DisplayCutoutEmulationCorner/DisplayCutoutEmulationCornerOverlay.apk' with 1 weak references
1788680495.997 10303 10861 10867 W om.unique:vapp0: ApkAssets: Deleting an ApkAssets object '<empty> and /apex/com.android.extservices/priv-app/GoogleExtServices@370549340/GoogleExtServices.apk' with 1 weak references
1788680495.998 10303 10861 10867 W om.unique:vapp0: ApkAssets: Deleting an ApkAssets object '<empty> and /product/overlay/DisplayCutoutEmulationDouble/DisplayCutoutEmulationDoubleOverlay.apk' with 1 weak references
1788680495.999 10303 10861 10867 W om.unique:vapp0: ApkAssets: Deleting an ApkAssets object '<empty> and /system/priv-app/MtkTelephonyProvider/MtkTelephonyProvider.apk' with 1 weak references
1788680496.000 10303 10861 10867 W om.unique:vapp0: ApkAssets: Deleting an ApkAssets object '/product/overlay/MiuiTelephonyProviderResOverlay.apk' with 1 weak references
1788680496.000 10303 10861 10867 W om.unique:vapp0: ApkAssets: Deleting an ApkAssets object '<empty> and /system/priv-app/DynamicSystemInstallationService/DynamicSystemInstallationService.apk' with 1 weak references
1788680496.001 10303 10861 10867 W om.unique:vapp0: ApkAssets: Deleting an ApkAssets object '<empty> and /data/app/~~ItA4ATnc7x5tZxxil8RoQQ==/com.google.android.googlequicksearchbox-B34OqsIBVDUACIIcm8JfnA==/base.apk' with 1 weak references
1788680496.002 10303 10861 10867 W om.unique:vapp0: ApkAssets: Deleting an ApkAssets object '<empty> and /data/app/~~ItA4ATnc7x5tZxxil8RoQQ==/com.google.android.googlequicksearchbox-B34OqsIBVDUACIIcm8JfnA==/split_config.xxhdpi.apk' with 1 weak references
1788680496.003 10303 10861 10867 W om.unique:vapp0: ApkAssets: Deleting an ApkAssets object '<empty> and /data/app/~~ItA4ATnc7x5tZxxil8RoQQ==/com.google.android.googlequicksearchbox-B34OqsIBVDUACIIcm8JfnA==/split_lens_ondevice_engine_feature_module.apk' with 1 weak references
1788680496.003 10303 10861 10867 W om.unique:vapp0: ApkAssets: Deleting an ApkAssets object '<empty> and /data/app/~~ItA4ATnc7x5tZxxil8RoQQ==/com.google.android.googlequicksearchbox-B34OqsIBVDUACIIcm8JfnA==/split_lens_ondevice_engine_play_ml_module.apk' with 1 weak references
1788680496.004 10303 10861 10867 W om.unique:vapp0: ApkAssets: Deleting an ApkAssets object '<empty> and /data/app/GlobalWPSLITE/base.apk' with 1 weak references
1788680496.005 10303 10861 10867 W om.unique:vapp0: ApkAssets: Deleting an ApkAssets object '<empty> and /data/app/~~eRYqASQsIXaqsJx9ji6Nvw==/com.miui.fm-B8eHTql6H00135t2PpyaBg==/base.apk' with 1 weak references
1788680496.006 10303 10861 10867 W om.unique:vapp0: ApkAssets: Deleting an ApkAssets object '<empty> and /system/priv-app/CalendarProvider/CalendarProvider.apk' with 1 weak references
1788680496.007 10303 10861 10867 W om.unique:vapp0: ApkAssets: Deleting an ApkAssets object '<empty> and /system_ext/priv-app/MtkTelephonyAssist/MtkTelephonyAssist.apk' with 1 weak references
1788680496.007 10303 10861 10867 W om.unique:vapp0: ApkAssets: Deleting an ApkAssets object '<empty> and /data/app/~~rg2DbhTU1ND5cF8h23oQew==/org.telegram.messenger-ssp6zHI1umWAqjB0ibq88A==/base.apk' with 1 weak references
1788680496.008 10303 10861 10867 W om.unique:vapp0: ApkAssets: Deleting an ApkAssets object '<empty> and /data/app/~~rg2DbhTU1ND5cF8h23oQew==/org.telegram.messenger-ssp6zHI1umWAqjB0ibq88A==/split_config.arm64_v8a.apk' with 1 weak references
1788680496.008 10303 10861 10867 W om.unique:vapp0: ApkAssets: Deleting an ApkAssets object '<empty> and /data/app/~~rg2DbhTU1ND5cF8h23oQew==/org.telegram.messenger-ssp6zHI1umWAqjB0ibq88A==/split_config.ru.apk' with 1 weak references
1788680496.009 10303 10861 10867 W om.unique:vapp0: ApkAssets: Deleting an ApkAssets object '<empty> and /data/app/~~rg2DbhTU1ND5cF8h23oQew==/org.telegram.messenger-ssp6zHI1umWAqjB0ibq88A==/split_config.xxhdpi.apk' with 1 weak references
1788680496.013 10303 10861 10867 W om.unique:vapp0: ApkAssets: Deleting an ApkAssets object '<empty> and /data/app/~~8oj2PONbV8Ztj8nkwJaB8g==/com.milink.service-jK8Li_TVKDtz52MVjhfKYA==/base.apk' with 1 weak references
1788680496.014 10303 10861 10867 W om.unique:vapp0: ApkAssets: Deleting an ApkAssets object '<empty> and /product/priv-app/GoogleOneTimeInitializer/GoogleOneTimeInitializer.apk' with 1 weak references
1788680496.014 10303 10861 10867 W om.unique:vapp0: ApkAssets: Deleting an ApkAssets object '<empty> and /system/app/GoogleExtShared/GoogleExtShared.apk' with 1 weak references
1788680496.014 10303 10861 10867 W om.unique:vapp0: ApkAssets: Deleting an ApkAssets object '<empty> and /system_ext/priv-app/LPPeService/LPPeService.apk' with 1 weak references
1788680496.015 10303 10861 10867 W om.unique:vapp0: ApkAssets: Deleting an ApkAssets object '<empty> and /data/app/~~KJXAelHloRLMhXRuCgXfsA==/com.termux.x11-osj7xncZ_M4TKFTgtNfUvQ==/base.apk' with 1 weak references
1788680496.015 10303 10861 10867 W om.unique:vapp0: ApkAssets: Deleting an ApkAssets object '<empty> and /data/app/~~vSVF4TF6Rn_PzHEOcVooog==/com.xiaomi.account-aux-K_yTVvJ4VYP_xa7gNg==/base.apk' with 1 weak references
1788680496.028 10303 10861 10867 W om.unique:vapp0: ApkAssets: Deleting an ApkAssets object '<empty> and /product/app/CameraTools_beta/CameraTools_beta.apk' with 1 weak references
1788680496.029 10303 10861 10867 W om.unique:vapp0: ApkAssets: Deleting an ApkAssets object '<empty> and /product/app/MIUISystemUIPlugin/MIUISystemUIPlugin.apk' with 1 weak references
1788680496.034 10303 10861 10867 W om.unique:vapp0: ApkAssets: Deleting an ApkAssets object '<empty> and /data/app/~~GCiglEQYd8ToYzs-3w8-tQ==/com.xiaomi.mi_connect_service-LlJpIgpPLakOWhbO5jpT8w==/base.apk' with 1 weak references
1788680496.035 10303 10861 10867 W om.unique:vapp0: ApkAssets: Deleting an ApkAssets object '<empty> and /product/app/Updater/Updater.apk' with 1 weak references
1788680496.036 10303 10861 10867 W om.unique:vapp0: ApkAssets: Deleting an ApkAssets object '<empty> and /system/priv-app/ExternalStorageProvider/ExternalStorageProvider.apk' with 1 weak references
1788680496.036 10303 10861 10867 W om.unique:vapp0: ApkAssets: Deleting an ApkAssets object '<empty> and /data/app/~~QQHHYxwNPykiSC3FoxXBWw==/com.gordey.standarling-qi6-h5086vrmRTcPTW755g==/base.apk' with 1 weak references
1788680496.037 10303 10861 10867 W om.unique:vapp0: ApkAssets: Deleting an ApkAssets object '<empty> and /system_ext/app/YGPS/YGPS.apk' with 1 weak references
1788680496.037 10303 10861 10867 W om.unique:vapp0: ApkAssets: Deleting an ApkAssets object '<empty> and /system/priv-app/HTMLViewer/HTMLViewer.apk' with 1 weak references
1788680496.038 10303 10861 10867 W om.unique:vapp0: ApkAssets: Deleting an ApkAssets object '<empty> and /product/priv-app/ExtraPhotoGlobal/ExtraPhotoGlobal.apk' with 1 weak references
1788680496.039 10303 10861 10867 W om.unique:vapp0: ApkAssets: Deleting an ApkAssets object '<empty> and /data/app/~~xUDm333h6DoJM3T0XdHLGA==/com.miui.securityadd-NXIXn0RJw8X0WNo8JIOB5Q==/base.apk' with 1 weak references
1788680496.040 10303 10861 10867 W om.unique:vapp0: ApkAssets: Deleting an ApkAssets object '<empty> and /system/app/CompanionDeviceManager/CompanionDeviceManager.apk' with 1 weak references
1788680496.041 10303 10861 10867 W om.unique:vapp0: ApkAssets: Deleting an ApkAssets object '<empty> and /data/app/~~hmK1R5MXm77mIxebqB1UWg==/de.szalkowski.activitylauncher-U8OB-FYSopjrnRHsZdEEww==/base.apk' with 1 weak references
1788680496.042 10303 10861 10867 W om.unique:vapp0: ApkAssets: Deleting an ApkAssets object '<empty> and /data/app/~~hmK1R5MXm77mIxebqB1UWg==/de.szalkowski.activitylauncher-U8OB-FYSopjrnRHsZdEEww==/split_config.arm64_v8a.apk' with 1 weak references
1788680496.043 10303 10861 10867 W om.unique:vapp0: ApkAssets: Deleting an ApkAssets object '<empty> and /data/app/~~hmK1R5MXm77mIxebqB1UWg==/de.szalkowski.activitylauncher-U8OB-FYSopjrnRHsZdEEww==/split_config.xxhdpi.apk' with 1 weak references
1788680496.044 10303 10861 10867 W om.unique:vapp0: ApkAssets: Deleting an ApkAssets object '<empty> and /data/app/~~w_k1gYl2Dlc-oWxqKy1Bsg==/com.miui.gallery-8zE7Ohnk8LqKA9BMNB5zrA==/base.apk' with 1 weak references
1788680496.046 10303 10861 10867 W om.unique:vapp0: ApkAssets: Deleting an ApkAssets object '<empty> and /data/app/~~LvuV9aG6AJttZ9KZG9DfUQ==/nu.gpu.nagram-piHbsnG6qKY0S-0pb2n_mg==/base.apk' with 1 weak references
1788680496.047 10303 10861 10867 W om.unique:vapp0: ApkAssets: Deleting an ApkAssets object '<empty> and /data/app/~~cbLuT0xTH299wkGUO3kH6g==/com.miui.msa.global-2w0pNTgI2iqBDz7x4be-Fw==/base.apk' with 1 weak references
1788680496.048 10303 10861 10867 W om.unique:vapp0: ApkAssets: Deleting an ApkAssets object '<empty> and /system/priv-app/DownloadProvider/DownloadProvider.apk' with 1 weak references
1788680496.049 10303 10861 10867 W om.unique:vapp0: ApkAssets: Deleting an ApkAssets object '<empty> and /system_ext/priv-app/DataChannelService/DataChannelService.apk' with 1 weak references
1788680496.049 10303 10861 10867 W om.unique:vapp0: ApkAssets: Deleting an ApkAssets object '<empty> and /data/app/~~FbOmbJprFej1zimcVmUamg==/com.google.android.apps.authenticator2-spHVZ5FEndpJKCz3wWEkSA==/base.apk' with 1 weak references
1788680496.050 10303 10861 10867 W om.unique:vapp0: ApkAssets: Deleting an ApkAssets object '<empty> and /data/app/~~FbOmbJprFej1zimcVmUamg==/com.google.android.apps.authenticator2-spHVZ5FEndpJKCz3wWEkSA==/split_config.ru.apk' with 1 weak references
1788680496.050 10303 10861 10867 W om.unique:vapp0: ApkAssets: Deleting an ApkAssets object '<empty> and /data/app/~~FbOmbJprFej1zimcVmUamg==/com.google.android.apps.authenticator2-spHVZ5FEndpJKCz3wWEkSA==/split_config.xxhdpi.apk' with 1 weak references
1788680496.051 10303 10861 10867 W om.unique:vapp0: ApkAssets: Deleting an ApkAssets object '<empty> and /product/app/PaymentService_Global/PaymentService_Global.apk' with 1 weak references
1788680496.052 10303 10861 10867 W om.unique:vapp0: ApkAssets: Deleting an ApkAssets object '<empty> and /data/app/~~l2ZffusK7KCnSj9wbJpXBg==/com.google.android.apps.messaging-dCX9uA-Y7a2x6vZ3sPzn0w==/base.apk' with 1 weak references
1788680496.054 10303 10861 10867 W om.unique:vapp0: ApkAssets: Deleting an ApkAssets object '<empty> and /data/app/~~l2ZffusK7KCnSj9wbJpXBg==/com.google.android.apps.messaging-dCX9uA-Y7a2x6vZ3sPzn0w==/split_config.arm64_v8a.apk' with 1 weak references
1788680496.054 10303 10861 10867 W om.unique:vapp0: ApkAssets: Deleting an ApkAssets object '<empty> and /data/app/~~l2ZffusK7KCnSj9wbJpXBg==/com.google.android.apps.messaging-dCX9uA-Y7a2x6vZ3sPzn0w==/split_config.ru.apk' with 1 weak references
1788680496.055 10303 10861 10867 W om.unique:vapp0: ApkAssets: Deleting an ApkAssets object '<empty> and /data/app/~~l2ZffusK7KCnSj9wbJpXBg==/com.google.android.apps.messaging-dCX9uA-Y7a2x6vZ3sPzn0w==/split_config.xxhdpi.apk' with 1 weak references
1788680496.056 10303 10861 10867 W om.unique:vapp0: ApkAssets: Deleting an ApkAssets object '<empty> and /data/app/~~zFoxf_PThgTclL_XG7p-Tg==/com.miui.securitycenter-ya7ryUYslwOMEoLP91pgkA==/base.apk' with 1 weak references
1788680496.057 10303 10861 10867 W om.unique:vapp0: ApkAssets: Deleting an ApkAssets object '<empty> and /system_ext/app/EngineerMode/EngineerMode.apk' with 1 weak references
1788680496.060 10303 10861 10867 W om.unique:vapp0: ApkAssets: Deleting an ApkAssets object '<empty> and /data/app/~~fbMIfb5bQRSeDV4qN5JbrQ==/com.openai.chatgpt-yAR_zbiyMnEL0nkU87BC5A==/base.apk' with 1 weak references
1788680496.061 10303 10861 10867 W om.unique:vapp0: ApkAssets: Deleting an ApkAssets object '<empty> and /data/app/~~fbMIfb5bQRSeDV4qN5JbrQ==/com.openai.chatgpt-yAR_zbiyMnEL0nkU87BC5A==/split_config.arm64_v8a.apk' with 1 weak references
1788680496.061 10303 10861 10867 W om.unique:vapp0: ApkAssets: Deleting an ApkAssets object '<empty> and /data/app/~~fbMIfb5bQRSeDV4qN5JbrQ==/com.openai.chatgpt-yAR_zbiyMnEL0nkU87BC5A==/split_config.ru.apk' with 1 weak references
1788680496.061 10303 10861 10867 W om.unique:vapp0: ApkAssets: Deleting an ApkAssets object '<empty> and /data/app/~~fbMIfb5bQRSeDV4qN5JbrQ==/com.openai.chatgpt-yAR_zbiyMnEL0nkU87BC5A==/split_config.xxhdpi.apk' with 1 weak references
1788680496.062 10303 10861 10867 W om.unique:vapp0: ApkAssets: Deleting an ApkAssets object '<empty> and /data/app/~~ZqdvqHIQdj2aYGnH1VRJ2g==/clear.una-9D8IYmbsSYbrHCFNhktz7g==/base.apk' with 1 weak references
1788680496.062 10303 10861 10867 W om.unique:vapp0: ApkAssets: Deleting an ApkAssets object '<empty> and /apex/com.android.mediaprovider/priv-app/SignatureGoogle@371513040/SignatureGoogle.apk' with 1 weak references
1788680496.063 10303 10861 10867 W om.unique:vapp0: ApkAssets: Deleting an ApkAssets object '<empty> and /product/app/AiAsstVision/AiAsstVision.apk' with 1 weak references
1788680496.064 10303 10861 10867 W om.unique:vapp0: ApkAssets: Deleting an ApkAssets object '<empty> and /apex/com.android.mediaprovider/priv-app/MediaProviderGoogle@371513040/MediaProviderGoogle.apk' with 1 weak references
1788680496.066 10303 10861 10867 W om.unique:vapp0: ApkAssets: Deleting an ApkAssets object '<empty> and /data/app/MIUISoundRecorderTargetSdk30Global/base.apk' with 1 weak references
1788680496.067 10303 10861 10867 W om.unique:vapp0: ApkAssets: Deleting an ApkAssets object '<empty> and /system/priv-app/AvatarPicker/AvatarPicker.apk' with 1 weak references
1788680496.068 10303 10861 10867 W om.unique:vapp0: ApkAssets: Deleting an ApkAssets object '<empty> and /data/app/~~jD-_UzuxAsOgbh6KR6hmBQ==/moe.shizuku.privileged.api-cQKJ66hF6rbFA6IGkaIRVQ==/base.apk' with 1 weak references
1788680496.068 10303 10861 10867 W om.unique:vapp0: ApkAssets: Deleting an ApkAssets object '<empty> and /data/app/~~dYBTlJr0loi2uxm6Jmi3og==/com.google.android.apps.safetyhub-83hGWezwQD09xrmPGl6RLw==/base.apk' with 1 weak references
1788680496.069 10303 10861 10867 W om.unique:vapp0: ApkAssets: Deleting an ApkAssets object '<empty> and /data/app/~~dYBTlJr0loi2uxm6Jmi3og==/com.google.android.apps.safetyhub-83hGWezwQD09xrmPGl6RLw==/split_config.arm64_v8a.apk' with 1 weak references
1788680496.069 10303 10861 10867 W om.unique:vapp0: ApkAssets: Deleting an ApkAssets object '<empty> and /data/app/~~dYBTlJr0loi2uxm6Jmi3og==/com.google.android.apps.safetyhub-83hGWezwQD09xrmPGl6RLw==/split_config.xxhdpi.apk' with 1 weak references
1788680496.069 10303 10861 10867 W om.unique:vapp0: ApkAssets: Deleting an ApkAssets object '<empty> and /data/app/~~eCEeRaTQjBFbMLNgM3jqbw==/com.miui.guardprovider-CFOsBbbN85x6G4DlRb0v9g==/base.apk' with 1 weak references
1788680496.070 10303 10861 10867 W om.unique:vapp0: ApkAssets: Deleting an ApkAssets object '<empty> and /product/priv-app/DownloadProviderUi/DownloadProviderUi.apk' with 1 weak references
1788680496.070 10303 10861 10867 W om.unique:vapp0: ApkAssets: Deleting an ApkAssets object '<empty> and /data/app/~~7jh0ycopjFeloPqOA9BgXg==/com.android.vending-94ZNqYm-1WRm1W8MkVptuA==/base.apk' with 1 weak references
1788680496.071 10303 10861 10867 W om.unique:vapp0: ApkAssets: Deleting an ApkAssets object '<empty> and /data/app/~~7jh0ycopjFeloPqOA9BgXg==/com.android.vending-94ZNqYm-1WRm1W8MkVptuA==/split_config.arm64_v8a.apk' with 1 weak references
1788680496.071 10303 10861 10867 W om.unique:vapp0: ApkAssets: Deleting an ApkAssets object '<empty> and /data/app/~~7jh0ycopjFeloPqOA9BgXg==/com.android.vending-94ZNqYm-1WRm1W8MkVptuA==/split_config.ru.apk' with 1 weak references
1788680496.072 10303 10861 10867 W om.unique:vapp0: ApkAssets: Deleting an ApkAssets object '<empty> and /data/app/~~7jh0ycopjFeloPqOA9BgXg==/com.android.vending-94ZNqYm-1WRm1W8MkVptuA==/split_phonesky_data_loader.apk' with 1 weak references
1788680496.072 10303 10861 10867 W om.unique:vapp0: ApkAssets: Deleting an ApkAssets object '<empty> and /data/app/~~7jh0ycopjFeloPqOA9BgXg==/com.android.vending-94ZNqYm-1WRm1W8MkVptuA==/split_phonesky_data_loader.config.arm64_v8a.apk' with 1 weak references
1788680496.072 10303 10861 10867 W om.unique:vapp0: ApkAssets: Deleting an ApkAssets object '<empty> and /data/app/~~7jh0ycopjFeloPqOA9BgXg==/com.android.vending-94ZNqYm-1WRm1W8MkVptuA==/split_phonesky_webrtc_native_lib.apk' with 1 weak references
1788680496.072 10303 10861 10867 W om.unique:vapp0: ApkAssets: Deleting an ApkAssets object '<empty> and /data/app/~~7jh0ycopjFeloPqOA9BgXg==/com.android.vending-94ZNqYm-1WRm1W8MkVptuA==/split_phonesky_webrtc_native_lib.config.arm64_v8a.apk' with 1 weak references
1788680496.073 10303 10861 10867 W om.unique:vapp0: ApkAssets: Deleting an ApkAssets object '<empty> and /system/app/PacProcessor/PacProcessor.apk' with 1 weak references
1788680496.073 10303 10861 10867 W om.unique:vapp0: ApkAssets: Deleting an ApkAssets object '<empty> and /system/app/SimAppDialog/SimAppDialog.apk' with 1 weak references
1788680496.073 10303 10861 10867 W om.unique:vapp0: ApkAssets: Deleting an ApkAssets object '<empty> and /product/priv-app/Backup/Backup.apk' with 1 weak references
1788680496.075 10303 10861 10867 W om.unique:vapp0: ApkAssets: Deleting an ApkAssets object '<empty> and /apex/com.android.adservices/priv-app/AdServicesApkGoogle@370547060/AdServicesApkGoogle.apk' with 1 weak references
1788680496.078 10303 10861 10867 W om.unique:vapp0: ApkAssets: Deleting an ApkAssets object '<empty> and /product/app/MIUINotificationCenterT/MIUINotificationCenterT.apk' with 1 weak references
1788680496.079 10303 10861 10867 W om.unique:vapp0: ApkAssets: Deleting an ApkAssets object '<empty> and /product/app/MIUIMiCloudSync/MIUIMiCloudSync.apk' with 1 weak references
1788680496.079 10303 10861 10867 W om.unique:vapp0: ApkAssets: Deleting an ApkAssets object '<empty> and /product/priv-app/MIUIBarrage/MIUIBarrage.apk' with 1 weak references
1788680496.080 10303 10861 10867 W om.unique:vapp0: ApkAssets: Deleting an ApkAssets object '<empty> and /product/overlay/DisplayCutoutEmulationHole/DisplayCutoutEmulationHoleOverlay.apk' with 1 weak references
1788680496.081 10303 10861 10867 W om.unique:vapp0: ApkAssets: Deleting an ApkAssets object '<empty> and /system/app/CertInstaller/CertInstaller.apk' with 1 weak references
1788680496.714 10303 10861 10867 W om.unique:vapp0: ApkAssets: Deleting an ApkAssets object '<empty> and /system_ext/app/miuisystem/miuisystem.apk' with 14 weak references
1788680496.717 10303 10861 10867 W om.unique:vapp0: ApkAssets: Deleting an ApkAssets object '<empty> and /system_ext/app/MiuiDaemon/MiuiDaemon.apk' with 1 weak references
1788680496.718 10303 10861 10867 W om.unique:vapp0: ApkAssets: Deleting an ApkAssets object '<empty> and /data/app/~~dIzM8R2VKNcseUPYkR7YfA==/com.google.android.marvin.talkback-RoQSRwhE9YHg1ajuoB0gqg==/base.apk' with 1 weak references
1788680496.720 10303 10861 10867 W om.unique:vapp0: ApkAssets: Deleting an ApkAssets object '<empty> and /data/app/~~dIzM8R2VKNcseUPYkR7YfA==/com.google.android.marvin.talkback-RoQSRwhE9YHg1ajuoB0gqg==/split_config.arm64_v8a.apk' with 1 weak references
1788680496.721 10303 10861 10867 W om.unique:vapp0: ApkAssets: Deleting an ApkAssets object '<empty> and /product/overlay/NavigationBarMode3Button/NavigationBarMode3ButtonOverlay.apk' with 1 weak references
1788680496.721 10303 10861 10867 W om.unique:vapp0: ApkAssets: Deleting an ApkAssets object '<empty> and /system/framework/framework-res.apk' with 1 weak references
1788680496.722 10303 10861 10867 W om.unique:vapp0: ApkAssets: Deleting an ApkAssets object '<empty> and /system_ext/app/miuix/miuix.apk' with 1 weak references
1788680496.724 10303 10861 10867 W om.unique:vapp0: ApkAssets: Deleting an ApkAssets object '<empty> and /product/app/SecurityCoreAdd/SecurityCoreAdd.apk' with 1 weak references
1788680496.725 10303 10861 10867 W om.unique:vapp0: ApkAssets: Deleting an ApkAssets object '/product/overlay/MiuiSecurityCoreOverlay.apk' with 1 weak references
1788680496.725 10303 10861 10867 W om.unique:vapp0: ApkAssets: Deleting an ApkAssets object '<empty> and /data/app/~~e73com6-x5yH2jsqLP0xmw==/com.preff.kb.xm-KpegMO3lV97rVDDSSmsbFg==/base.apk' with 1 weak references
1788680496.728 10303 10861 10867 W om.unique:vapp0: ApkAssets: Deleting an ApkAssets object '<empty> and /system/app/EasterEgg/EasterEgg.apk' with 1 weak references
1788680496.729 10303 10861 10867 W om.unique:vapp0: ApkAssets: Deleting an ApkAssets object '<empty> and /data/app/~~wii2Qpd-_rPznu09yYdPDA==/com.android.mms-FtK7G__aSVJ094x2yhxEPg==/base.apk' with 1 weak references
1788680496.731 10303 10861 10867 W om.unique:vapp0: ApkAssets: Deleting an ApkAssets object '<empty> and /system/priv-app/MtpService/MtpService.apk' with 1 weak references
1788680496.732 10303 10861 10867 W om.unique:vapp0: ApkAssets: Deleting an ApkAssets object '<empty> and /system/app/Nfc_st/Nfc_st.apk' with 1 weak references
1788680496.733 10303 10861 10867 W om.unique:vapp0: ApkAssets: Deleting an ApkAssets object '<empty> and /system/priv-app/Stk1/Stk1.apk' with 1 weak references
1788680496.734 10303 10861 10867 W om.unique:vapp0: ApkAssets: Deleting an ApkAssets object '/product/overlay/MiuiStkResOverlay.apk' with 1 weak references
1788680496.735 10303 10861 10867 W om.unique:vapp0: ApkAssets: Deleting an ApkAssets object '<empty> and /data/app/~~ybthXu1lfLhXH0A_ezjXOQ==/com.Chillow.CustomRise-jbRzsHDPDsDqtF4ya8mKFQ==/base.apk' with 1 weak references
1788680496.737 10303 10861 10867 W om.unique:vapp0: ApkAssets: Deleting an ApkAssets object '<empty> and /data/app/~~4-00KrfpGy2Re-3WiUST7w==/com.xiaomi.simactivate.service-qN3S2UtnZenfX00IrZCMfw==/base.apk' with 1 weak references
1788680496.738 10303 10861 10867 W om.unique:vapp0: ApkAssets: Deleting an ApkAssets object '<empty> and /product/app/Longcheer_GFTest/Longcheer_GFTest.apk' with 1 weak references
1788680496.739 10303 10861 10867 W om.unique:vapp0: ApkAssets: Deleting an ApkAssets object '<empty> and /product/app/SarAuth/SarAuth.apk' with 1 weak references
1788680496.740 10303 10861 10867 W om.unique:vapp0: ApkAssets: Deleting an ApkAssets object '<empty> and /product/app/MIUIFrequentPhrase/MIUIFrequentPhrase.apk' with 1 weak references
1788680496.742 10303 10861 10867 W om.unique:vapp0: ApkAssets: Deleting an ApkAssets object '<empty> and /data/app/~~F1kGDMiY2m2QaBrNfbfcBA==/com.miui.player--_h74lUCuO_gmIooV2pSbA==/base.apk' with 1 weak references
1788680496.745 10303 10861 10867 W om.unique:vapp0: ApkAssets: Deleting an ApkAssets object '<empty> and /product/priv-app/MIServiceGlobal/MIServiceGlobal.apk' with 1 weak references
1788680496.748 10303 10861 10867 W om.unique:vapp0: ApkAssets: Deleting an ApkAssets object '<empty> and /data/app/~~5UvyUty5uHV3AXEdZmqD2w==/com.pinterest-lPffnbjAGLKDxKewLDe9fA==/base.apk' with 1 weak references
1788680496.749 10303 10861 10867 W om.unique:vapp0: ApkAssets: Deleting an ApkAssets object '<empty> and /data/app/~~5UvyUty5uHV3AXEdZmqD2w==/com.pinterest-lPffnbjAGLKDxKewLDe9fA==/split_config.arm64_v8a.apk' with 1 weak references
1788680496.750 10303 10861 10867 W om.unique:vapp0: ApkAssets: Deleting an ApkAssets object '<empty> and /data/app/~~5UvyUty5uHV3AXEdZmqD2w==/com.pinterest-lPffnbjAGLKDxKewLDe9fA==/split_config.ru.apk' with 1 weak references
1788680496.751 10303 10861 10867 W om.unique:vapp0: ApkAssets: Deleting an ApkAssets object '<empty> and /data/app/~~5UvyUty5uHV3AXEdZmqD2w==/com.pinterest-lPffnbjAGLKDxKewLDe9fA==/split_config.xxhdpi.apk' with 1 weak references
1788680496.752 10303 10861 10867 W om.unique:vapp0: ApkAssets: Deleting an ApkAssets object '<empty> and /system_ext/priv-app/Provision/Provision.apk' with 1 weak references
1788680496.753 10303 10861 10867 W om.unique:vapp0: ApkAssets: Deleting an ApkAssets object '<empty> and /system/priv-app/StatementService/StatementService.apk' with 1 weak references
1788680496.754 10303 10861 10867 W om.unique:vapp0: ApkAssets: Deleting an ApkAssets object '<empty> and /data/app/~~Btq3-qIx9mHtEzaOfpw9MQ==/com.google.android.as-QLyUt06c5OzaV7ACUVok6Q==/base.apk' with 1 weak references
1788680496.757 10303 10861 10867 W om.unique:vapp0: ApkAssets: Deleting an ApkAssets object '<empty> and /data/app/~~v7N2Qllpx4vZiSijSxAqqQ==/com.google.android.gm-TPmOFfz3FjnusW9aM0SNjQ==/base.apk' with 1 weak references
1788680496.758 10303 10861 10867 W om.unique:vapp0: ApkAssets: Deleting an ApkAssets object '<empty> and /data/app/~~v7N2Qllpx4vZiSijSxAqqQ==/com.google.android.gm-TPmOFfz3FjnusW9aM0SNjQ==/split_config.arm64_v8a.apk' with 1 weak references
1788680496.758 10303 10861 10867 W om.unique:vapp0: ApkAssets: Deleting an ApkAssets object '<empty> and /data/app/~~v7N2Qllpx4vZiSijSxAqqQ==/com.google.android.gm-TPmOFfz3FjnusW9aM0SNjQ==/split_config.ru.apk' with 1 weak references
1788680496.759 10303 10861 10867 W om.unique:vapp0: ApkAssets: Deleting an ApkAssets object '<empty> and /data/app/~~v7N2Qllpx4vZiSijSxAqqQ==/com.google.android.gm-TPmOFfz3FjnusW9aM0SNjQ==/split_config.xxhdpi.apk' with 1 weak references
1788680496.760 10303 10861 10867 W om.unique:vapp0: ApkAssets: Deleting an ApkAssets object '<empty> and /data/app/~~dLYsOqWzTnFcjo2aHD3xSQ==/bin.mt.plus-R6p8RfoCeLQWL_mDoMlBsw==/base.apk' with 1 weak references
1788680496.761 10303 10861 10867 W om.unique:vapp0: ApkAssets: Deleting an ApkAssets object '<empty> and /system_ext/app/MDMLSample/MDMLSample.apk' with 1 weak references
1788680496.767 10303 10861 10867 W om.unique:vapp0: ApkAssets: Deleting an ApkAssets object '<empty> and /data/app/~~VtFbaa47QmLCI5zanKO2Ug==/com.miui.cleaner-oP6GRshbgI5paRN-p0CLFQ==/base.apk' with 1 weak references
1788680496.771 10303 10861 10867 W om.unique:vapp0: ApkAssets: Deleting an ApkAssets object '<empty> and /product/priv-app/SettingsIntelligence/SettingsIntelligence.apk' with 1 weak references
1788680496.771 10303 10861 10867 W om.unique:vapp0: ApkAssets: Deleting an ApkAssets object '<empty> and /data/app/~~Q09_NJ7mV1a2aNo6IxV_eg==/com.miui.global.packageinstaller-lLIHHbNmxB0TOJOrFR5MEg==/base.apk' with 1 weak references
1788680496.772 10303 10861 10867 W om.unique:vapp0: ApkAssets: Deleting an ApkAssets object '<empty> and /system_ext/app/DebugLoggerUI/DebugLoggerUI.apk' with 1 weak references
1788680496.773 10303 10861 10867 W om.unique:vapp0: ApkAssets: Deleting an ApkAssets object '<empty> and /apex/com.android.permission/priv-app/GooglePermissionController@371017160/GooglePermissionController.apk' with 1 weak references
1788680496.774 10303 10861 10867 W om.unique:vapp0: ApkAssets: Deleting an ApkAssets object '/product/overlay/GooglePermissionControllerOverlay.apk' with 1 weak references
1788680496.775 10303 10861 10867 W om.unique:vapp0: ApkAssets: Deleting an ApkAssets object '/product/overlay/MiuiPermissionControllerOverlay.apk' with 1 weak references
1788680496.775 10303 10861 10867 W om.unique:vapp0: ApkAssets: Deleting an ApkAssets object '<empty> and /data/app/MIUICompassGlobal/base.apk' with 1 weak references
1788680496.776 10303 10861 10867 W om.unique:vapp0: ApkAssets: Deleting an ApkAssets object '<empty> and /system_ext/priv-app/SetupWizard/SetupWizard.apk' with 1 weak references
1788680496.777 10303 10861 10867 W om.unique:vapp0: ApkAssets: Deleting an ApkAssets object '<empty> and /product/priv-app/MIUIAod/MIUIAod.apk' with 1 weak references
1788680496.778 10303 10861 10867 W om.unique:vapp0: ApkAssets: Deleting an ApkAssets object '<empty> and /system_ext/app/MiuixEditor_global/MiuixEditor_global.apk' with 1 weak references
1788680496.779 10303 10861 10867 W om.unique:vapp0: ApkAssets: Deleting an ApkAssets object '<empty> and /data/app/~~FbRqAr85vnOKgdJeIwPSHg==/com.f0x1d.logfox-3E_m6EooCJ8N7AUdxRJEng==/base.apk' with 1 weak references
1788680496.779 10303 10861 10867 W om.unique:vapp0: ApkAssets: Deleting an ApkAssets object '<empty> and /system/priv-app/SettingsProvider/SettingsProvider.apk' with 1 weak references
1788680496.780 10303 10861 10867 W om.unique:vapp0: ApkAssets: Deleting an ApkAssets object '/product/overlay/GmsSettingProviderOverlay.apk' with 1 weak references
1788680496.780 10303 10861 10867 W om.unique:vapp0: ApkAssets: Deleting an ApkAssets object '/product/overlay/SettingsProviderCustResOverlay.apk' with 1 weak references
1788680496.780 10303 10861 10867 W om.unique:vapp0: ApkAssets: Deleting an ApkAssets object '<empty> and /system_ext/app/MiraVision/MiraVision.apk' with 1 weak references
1788680496.781 10303 10861 10867 W om.unique:vapp0: ApkAssets: Deleting an ApkAssets object '<empty> and /system/priv-app/facebook-services/facebook-services.apk' with 1 weak references
1788680496.782 10303 10861 10867 W om.unique:vapp0: ApkAssets: Deleting an ApkAssets object '<empty> and /product/priv-app/AppFinder/AppFinder.apk' with 1 weak references
1788680496.783 10303 10861 10867 W om.unique:vapp0: ApkAssets: Deleting an ApkAssets object '<empty> and /data/app/~~R3xOm83wV6nXDxL1np_JpQ==/com.axlebolt.standoff2-1qyH-RbRcbkMQBQ-x5XKyg==/base.apk' with 1 weak references
1788680496.785 10303 10861 10867 W om.unique:vapp0: ApkAssets: Deleting an ApkAssets object '<empty> and /system_ext/app/MiuiPrintSpooler/MiuiPrintSpooler.apk' with 1 weak references
1788680496.786 10303 10861 10867 W om.unique:vapp0: ApkAssets: Deleting an ApkAssets object '<empty> and /product/app/MiSound/MiSound.apk' with 1 weak references
1788680496.788 10303 10861 10867 W om.unique:vapp0: ApkAssets: Deleting an ApkAssets object '<empty> and /vendor/app/IFAAService/IFAAService.apk' with 1 weak references
1788680496.788 10303 10861 10867 W om.unique:vapp0: ApkAssets: Deleting an ApkAssets object '<empty> and /system/app/BasicDreams/BasicDreams.apk' with 1 weak references
1788680496.789 10303 10861 10867 W om.unique:vapp0: ApkAssets: Deleting an ApkAssets object '<empty> and /data/app/~~tNiBq_EeVrRpwjXtYMUhHw==/com.google.android.as.oss-X55hNAb8XM8ozgq8xo50tQ==/base.apk' with 1 weak references
1788680496.789 10303 10861 10867 W om.unique:vapp0: ApkAssets: Deleting an ApkAssets object '<empty> and /data/app/~~tNiBq_EeVrRpwjXtYMUhHw==/com.google.android.as.oss-X55hNAb8XM8ozgq8xo50tQ==/split_config.arm64_v8a.apk' with 1 weak references
1788680496.789 10303 10861 10867 W om.unique:vapp0: ApkAssets: Deleting an ApkAssets object '<empty> and /data/app/~~tNiBq_EeVrRpwjXtYMUhHw==/com.google.android.as.oss-X55hNAb8XM8ozgq8xo50tQ==/split_config.ru.apk' with 1 weak references
1788680496.790 10303 10861 10867 W om.unique:vapp0: ApkAssets: Deleting an ApkAssets object '<empty> and /data/app/~~tNiBq_EeVrRpwjXtYMUhHw==/com.google.android.as.oss-X55hNAb8XM8ozgq8xo50tQ==/split_config.xxhdpi.apk' with 1 weak references
1788680496.790 10303 10861 10867 W om.unique:vapp0: ApkAssets: Deleting an ApkAssets object '<empty> and /data/app/~~mzGWPeARtCrriGMwzqc-ag==/com.miui.bugreport-FDsSNAsxd9w4ZxqbHZ7veA==/base.apk' with 1 weak references
1788680496.791 10303 10861 10867 W om.unique:vapp0: ApkAssets: Deleting an ApkAssets object '<empty> and /system/priv-app/InputDevices/InputDevices.apk' with 1 weak references
1788680496.792 10303 10861 10867 W om.unique:vapp0: ApkAssets: Deleting an ApkAssets object '<empty> and /data/app/~~5xQrOu6G0HfmGCBYGt1pgA==/com.google.android.apps.wellbeing-fvEmioT4Y_xsULOL9qd8vg==/base.apk' with 1 weak references
1788680496.792 10303 10861 10867 W om.unique:vapp0: ApkAssets: Deleting an ApkAssets object '<empty> and /data/app/~~5xQrOu6G0HfmGCBYGt1pgA==/com.google.android.apps.wellbeing-fvEmioT4Y_xsULOL9qd8vg==/split_config.xxhdpi.apk' with 1 weak references
1788680496.793 10303 10861 10867 W om.unique:vapp0: ApkAssets: Deleting an ApkAssets object '<empty> and /product/app/FidoAuthen/FidoAuthen.apk' with 1 weak references
1788680496.793 10303 10861 10867 W om.unique:vapp0: ApkAssets: Deleting an ApkAssets object '<empty> and /apex/com.android.rkpd/priv-app/rkpdapp@AP3A.240905.015.A2/rkpdapp.apk' with 1 weak references
1788680496.794 10303 10861 10867 W om.unique:vapp0: ApkAssets: Deleting an ApkAssets object '<empty> and /apex/com.android.devicelock/priv-app/DeviceLockControllerGoogle@343201000/DeviceLockControllerGoogle.apk' with 1 weak references
1788680496.795 10303 10861 10867 W om.unique:vapp0: ApkAssets: Deleting an ApkAssets object '/product/overlay/GoogleDeviceLockControllerOverlay.apk' with 1 weak references
1788680496.795 10303 10861 10867 W om.unique:vapp0: ApkAssets: Deleting an ApkAssets object '<empty> and /data/app/~~vak8Fa4jtvhmzzGr_hsm8A==/com.google.android.dialer-vITxZuC8_Twhi1_jhCvPJQ==/base.apk' with 1 weak references
1788680496.796 10303 10861 10867 W om.unique:vapp0: ApkAssets: Deleting an ApkAssets object '<empty> and /system/priv-app/BuiltInPrintService/BuiltInPrintService.apk' with 1 weak references
1788680496.797 10303 10861 10867 W om.unique:vapp0: ApkAssets: Deleting an ApkAssets object '<empty> and /data/app/~~EmCG7AajLNl1QZnWlU8Bsg==/com.google.android.captiveportallogin-_rxUda8La-jFvHcjeuf0_w==/base.apk' with 1 weak references
1788680496.797 10303 10861 10867 W om.unique:vapp0: ApkAssets: Deleting an ApkAssets object '<empty> and /data/app/~~EmCG7AajLNl1QZnWlU8Bsg==/com.google.android.captiveportallogin-_rxUda8La-jFvHcjeuf0_w==/split_config.xxhdpi.apk' with 1 weak references
1788680496.798 10303 10861 10867 W om.unique:vapp0: ApkAssets: Deleting an ApkAssets object '<empty> and /system_ext/priv-app/DuraSpeed/DuraSpeed.apk' with 1 weak references
1788680496.798 10303 10861 10867 W om.unique:vapp0: ApkAssets: Deleting an ApkAssets object '<empty> and /system/priv-app/MusicFX/MusicFX.apk' with 1 weak references
1788680496.798 10303 10861 10867 W om.unique:vapp0: ApkAssets: Deleting an ApkAssets object '<empty> and /product/priv-app/MIUIMiRcsGlobal/MIUIMiRcsGlobal.apk' with 1 weak references
1788680496.799 10303 10861 10867 W om.unique:vapp0: ApkAssets: Deleting an ApkAssets object '<empty> and /data/app/~~J39jRrIsqrfa_ve43AGRfA==/com.google.android.apps.bard-tjj9Z_NgMfNFo9NyS1eyrw==/base.apk' with 1 weak references
1788680496.799 10303 10861 10867 W om.unique:vapp0: ApkAssets: Deleting an ApkAssets object '<empty> and /data/app/~~J39jRrIsqrfa_ve43AGRfA==/com.google.android.apps.bard-tjj9Z_NgMfNFo9NyS1eyrw==/split_config.arm64_v8a.apk' with 1 weak references
1788680496.799 10303 10861 10867 W om.unique:vapp0: ApkAssets: Deleting an ApkAssets object '<empty> and /data/app/~~J39jRrIsqrfa_ve43AGRfA==/com.google.android.apps.bard-tjj9Z_NgMfNFo9NyS1eyrw==/split_config.bn.apk' with 1 weak references
1788680496.799 10303 10861 10867 W om.unique:vapp0: ApkAssets: Deleting an ApkAssets object '<empty> and /data/app/~~J39jRrIsqrfa_ve43AGRfA==/com.google.android.apps.bard-tjj9Z_NgMfNFo9NyS1eyrw==/split_config.en.apk' with 1 weak references
1788680496.799 10303 10861 10867 W om.unique:vapp0: ApkAssets: Deleting an ApkAssets object '<empty> and /data/app/~~J39jRrIsqrfa_ve43AGRfA==/com.google.android.apps.bard-tjj9Z_NgMfNFo9NyS1eyrw==/split_config.gu.apk' with 1 weak references
1788680496.799 10303 10861 10867 W om.unique:vapp0: ApkAssets: Deleting an ApkAssets object '<empty> and /data/app/~~J39jRrIsqrfa_ve43AGRfA==/com.google.android.apps.bard-tjj9Z_NgMfNFo9NyS1eyrw==/split_config.hi.apk' with 1 weak references
1788680496.800 10303 10861 10867 W om.unique:vapp0: ApkAssets: Deleting an ApkAssets object '<empty> and /data/app/~~J39jRrIsqrfa_ve43AGRfA==/com.google.android.apps.bard-tjj9Z_NgMfNFo9NyS1eyrw==/split_config.kn.apk' with 1 weak references
1788680496.800 10303 10861 10867 W om.unique:vapp0: ApkAssets: Deleting an ApkAssets object '<empty> and /data/app/~~J39jRrIsqrfa_ve43AGRfA==/com.google.android.apps.bard-tjj9Z_NgMfNFo9NyS1eyrw==/split_config.mr.apk' with 1 weak references
1788680496.800 10303 10861 10867 W om.unique:vapp0: ApkAssets: Deleting an ApkAssets object '<empty> and /data/app/~~J39jRrIsqrfa_ve43AGRfA==/com.google.android.apps.bard-tjj9Z_NgMfNFo9NyS1eyrw==/split_config.ru.apk' with 1 weak references
1788680496.800 10303 10861 10867 W om.unique:vapp0: ApkAssets: Deleting an ApkAssets object '<empty> and /data/app/~~J39jRrIsqrfa_ve43AGRfA==/com.google.android.apps.bard-tjj9Z_NgMfNFo9NyS1eyrw==/split_config.ta.apk' with 1 weak references
1788680496.800 10303 10861 10867 W om.unique:vapp0: ApkAssets: Deleting an ApkAssets object '<empty> and /data/app/~~J39jRrIsqrfa_ve43AGRfA==/com.google.android.apps.bard-tjj9Z_NgMfNFo9NyS1eyrw==/split_config.te.apk' with 1 weak references
1788680496.800 10303 10861 10867 W om.unique:vapp0: ApkAssets: Deleting an ApkAssets object '<empty> and /data/app/~~J39jRrIsqrfa_ve43AGRfA==/com.google.android.apps.bard-tjj9Z_NgMfNFo9NyS1eyrw==/split_config.xxhdpi.apk' with 1 weak references
1788680496.800 10303 10861 10867 W om.unique:vapp0: ApkAssets: Deleting an ApkAssets object '<empty> and /data/app/~~d4YElALP1H26aSdljTYF4Q==/com.google.android.apps.docs-NHKzE78wrDSDFcOVio-_MA==/base.apk' with 1 weak references
1788680496.801 10303 10861 10867 W om.unique:vapp0: ApkAssets: Deleting an ApkAssets object '<empty> and /data/app/~~d4YElALP1H26aSdljTYF4Q==/com.google.android.apps.docs-NHKzE78wrDSDFcOVio-_MA==/split_config.arm64_v8a.apk' with 1 weak references
1788680496.801 10303 10861 10867 W om.unique:vapp0: ApkAssets: Deleting an ApkAssets object '<empty> and /data/app/~~d4YElALP1H26aSdljTYF4Q==/com.google.android.apps.docs-NHKzE78wrDSDFcOVio-_MA==/split_config.ru.apk' with 1 weak references
1788680496.801 10303 10861 10867 W om.unique:vapp0: ApkAssets: Deleting an ApkAssets object '<empty> and /data/app/~~d4YElALP1H26aSdljTYF4Q==/com.google.android.apps.docs-NHKzE78wrDSDFcOVio-_MA==/split_config.xxhdpi.apk' with 1 weak references
1788680496.802 10303 10861 10867 W om.unique:vapp0: ApkAssets: Deleting an ApkAssets object '<empty> and /data/app/~~nGXSd0JUd_5IovRf-AEjEg==/com.google.android.apps.maps-QvS_vob05WiaiYIh5Uy2KQ==/base.apk' with 1 weak references
1788680496.802 10303 10861 10867 W om.unique:vapp0: ApkAssets: Deleting an ApkAssets object '<empty> and /data/app/~~nGXSd0JUd_5IovRf-AEjEg==/com.google.android.apps.maps-QvS_vob05WiaiYIh5Uy2KQ==/split_config.arm64_v8a.apk' with 1 weak references
1788680496.803 10303 10861 10867 W om.unique:vapp0: ApkAssets: Deleting an ApkAssets object '<empty> and /data/app/~~nGXSd0JUd_5IovRf-AEjEg==/com.google.android.apps.maps-QvS_vob05WiaiYIh5Uy2KQ==/split_config.ru.apk' with 1 weak references
1788680496.803 10303 10861 10867 W om.unique:vapp0: ApkAssets: Deleting an ApkAssets object '<empty> and /data/app/~~nGXSd0JUd_5IovRf-AEjEg==/com.google.android.apps.maps-QvS_vob05WiaiYIh5Uy2KQ==/split_config.xxhdpi.apk' with 1 weak references
1788680496.804 10303 10861 10867 W om.unique:vapp0: ApkAssets: Deleting an ApkAssets object '<empty> and /data/app/~~fRZmJgqcl_5gjbmlePpEHg==/com.google.android.modulemetadata-b7EdEB5nPAtWv6702tIlTQ==/base.apk' with 1 weak references
1788680496.804 10303 10861 10867 W om.unique:vapp0: ApkAssets: Deleting an ApkAssets object '<empty> and /product/priv-app/MIUICloudBackupGlobal/MIUICloudBackupGlobal.apk' with 1 weak references
1788680496.804 10303 10861 10867 W om.unique:vapp0: ApkAssets: Deleting an ApkAssets object '<empty> and /data/app/~~r0lLvtoKRH_JPXC9xJ8r_w==/com.google.android.networkstack-NVnigNUsaa6157FMkS9l-A==/base.apk' with 1 weak references
1788680496.805 10303 10861 10867 W om.unique:vapp0: ApkAssets: Deleting an ApkAssets object '<empty> and /data/app/~~r0lLvtoKRH_JPXC9xJ8r_w==/com.google.android.networkstack-NVnigNUsaa6157FMkS9l-A==/split_config.arm64_v8a.apk' with 1 weak references
1788680496.805 10303 10861 10867 W om.unique:vapp0: ApkAssets: Deleting an ApkAssets object '/vendor/app/NetworkStackGoogleResOverlay/NetworkStackGoogleResOverlay.apk' with 1 weak references
1788680496.805 10303 10861 10867 W om.unique:vapp0: ApkAssets: Deleting an ApkAssets object '/product/overlay/NetworkStackOverlay.apk' with 1 weak references
1788680496.805 10303 10861 10867 W om.unique:vapp0: ApkAssets: Deleting an ApkAssets object '<empty> and /data/app/~~KK3eMVuX0qPZ33vqvJL1pw==/com.google.android.contacts-7FWvZVVsKJN5ocU71O5JVg==/base.apk' with 1 weak references
1788680496.805 10303 10861 10867 W om.unique:vapp0: ApkAssets: Deleting an ApkAssets object '<empty> and /data/app/~~KK3eMVuX0qPZ33vqvJL1pw==/com.google.android.contacts-7FWvZVVsKJN5ocU71O5JVg==/split_config.arm64_v8a.apk' with 1 weak references
1788680496.806 10303 10861 10867 W om.unique:vapp0: ApkAssets: Deleting an ApkAssets object '<empty> and /data/app/~~KK3eMVuX0qPZ33vqvJL1pw==/com.google.android.contacts-7FWvZVVsKJN5ocU71O5JVg==/split_config.ru.apk' with 1 weak references
1788680496.806 10303 10861 10867 W om.unique:vapp0: ApkAssets: Deleting an ApkAssets object '<empty> and /data/app/~~KK3eMVuX0qPZ33vqvJL1pw==/com.google.android.contacts-7FWvZVVsKJN5ocU71O5JVg==/split_config.xxhdpi.apk' with 1 weak references
1788680496.806 10303 10861 10867 W om.unique:vapp0: ApkAssets: Deleting an ApkAssets object '<empty> and /system/priv-app/MtkTelecom/MtkTelecom.apk' with 1 weak references
1788680496.806 10303 10861 10867 W om.unique:vapp0: ApkAssets: Deleting an ApkAssets object '/product/overlay/GmsTelecommOverlay.apk' with 1 weak references
1788680496.806 10303 10861 10867 W om.unique:vapp0: ApkAssets: Deleting an ApkAssets object '/product/overlay/MiuiTelecomResOverlay.apk' with 1 weak references
1788680496.807 10303 10861 10867 W om.unique:vapp0: ApkAssets: Deleting an ApkAssets object '<empty> and /product/overlay/MiuiTelecomResOverlay.apk' with 1 weak references
1788680496.807 10303 10861 10867 W om.unique:vapp0: ApkAssets: Deleting an ApkAssets object '<empty> and /system/app/KeyChain/KeyChain.apk' with 1 weak references
1788680496.808 10303 10861 10867 W om.unique:vapp0: ApkAssets: Deleting an ApkAssets object '<empty> and /product/priv-app/MiuiCamera/MiuiCamera.apk' with 1 weak references
1788680496.809 10303 10861 10867 W om.unique:vapp0: ApkAssets: Deleting an ApkAssets object '<empty> and /data/app/~~1xhUDujQn2uRMP9FcPEl1g==/com.android.chrome-tEFe8ClTThZbaGG1BtvuOQ==/base.apk' with 1 weak references
1788680496.810 10303 10861 10867 W om.unique:vapp0: ApkAssets: Deleting an ApkAssets object '<empty> and /data/app/~~1xhUDujQn2uRMP9FcPEl1g==/com.android.chrome-tEFe8ClTThZbaGG1BtvuOQ==/split_chrome.apk' with 1 weak references
1788680496.810 10303 10861 10867 W om.unique:vapp0: ApkAssets: Deleting an ApkAssets object '<empty> and /data/app/~~1xhUDujQn2uRMP9FcPEl1g==/com.android.chrome-tEFe8ClTThZbaGG1BtvuOQ==/split_config.ru.apk' with 1 weak references
1788680496.811 10303 10861 10867 W om.unique:vapp0: ApkAssets: Deleting an ApkAssets object '<empty> and /data/app/~~1xhUDujQn2uRMP9FcPEl1g==/com.android.chrome-tEFe8ClTThZbaGG1BtvuOQ==/split_dev_ui.apk' with 1 weak references
1788680496.811 10303 10861 10867 W om.unique:vapp0: ApkAssets: Deleting an ApkAssets object '<empty> and /data/app/~~1xhUDujQn2uRMP9FcPEl1g==/com.android.chrome-tEFe8ClTThZbaGG1BtvuOQ==/split_on_demand.apk' with 1 weak references
1788680496.811 10303 10861 10867 W om.unique:vapp0: ApkAssets: Deleting an ApkAssets object '<empty> and /data/app/~~1xhUDujQn2uRMP9FcPEl1g==/com.android.chrome-tEFe8ClTThZbaGG1BtvuOQ==/split_stack_unwinder.apk' with 1 weak references
1788680496.811 10303 10861 10867 W om.unique:vapp0: ApkAssets: Deleting an ApkAssets object '<empty> and /product/priv-app/MIUIAICR/MIUIAICR.apk' with 1 weak references
1788680496.812 10303 10861 10867 W om.unique:vapp0: ApkAssets: Deleting an ApkAssets object '<empty> and /data/app/~~FRBH13vuXdNJ-iC5GgVMFA==/com.xiaomi.glgm-Z_xyawieBzSGb0XUHxn0jQ==/base.apk' with 1 weak references
1788680496.814 10303 10861 10867 W om.unique:vapp0: ApkAssets: Deleting an ApkAssets object '<empty> and /data/app/~~7ihwjult3RNdm2NSZeWupw==/com.xiaomi.xmsf-gahFaCMt6guqHAlReR0QOQ==/base.apk' with 1 weak references
1788680496.816 10303 10861 10867 W om.unique:vapp0: ApkAssets: Deleting an ApkAssets object '<empty> and /system/priv-app/GooglePackageInstaller/GooglePackageInstaller.apk' with 1 weak references
1788680496.816 10303 10861 10867 W om.unique:vapp0: ApkAssets: Deleting an ApkAssets object '<empty> and /product/priv-app/MIShareGlobal/MIShareGlobal.apk' with 1 weak references
1788680496.817 10303 10861 10867 W om.unique:vapp0: ApkAssets: Deleting an ApkAssets object '<empty> and /data/app/~~J02IMGmHthW7-YxnExhGKQ==/com.google.android.tts--cr6bK7GLtUWP5nFZppZ0w==/base.apk' with 1 weak references
1788680496.818 10303 10861 10867 W om.unique:vapp0: ApkAssets: Deleting an ApkAssets object '<empty> and /data/app/~~J02IMGmHthW7-YxnExhGKQ==/com.google.android.tts--cr6bK7GLtUWP5nFZppZ0w==/split_config.arm64_v8a.apk' with 1 weak references
1788680496.818 10303 10861 10867 W om.unique:vapp0: ApkAssets: Deleting an ApkAssets object '<empty> and /data/app/~~J02IMGmHthW7-YxnExhGKQ==/com.google.android.tts--cr6bK7GLtUWP5nFZppZ0w==/split_config.ru.apk' with 1 weak references
1788680496.819 10303 10861 10867 W om.unique:vapp0: ApkAssets: Deleting an ApkAssets object '<empty> and /data/app/~~J02IMGmHthW7-YxnExhGKQ==/com.google.android.tts--cr6bK7GLtUWP5nFZppZ0w==/split_config.xxhdpi.apk' with 1 weak references
1788680496.819 10303 10861 10867 W om.unique:vapp0: ApkAssets: Deleting an ApkAssets object '<empty> and /apex/com.android.wifi/priv-app/ServiceWifiResources@AP3A.240905.015.A2/ServiceWifiResources.apk' with 1 weak references
1788680496.819 10303 10861 10867 W om.unique:vapp0: ApkAssets: Deleting an ApkAssets object '/vendor/overlay/WifiResOverlay/WifiResOverlay.apk' with 1 weak references
1788680496.820 10303 10861 10867 W om.unique:vapp0: ApkAssets: Deleting an ApkAssets object '/product/overlay/WifiSystemResOverlay/WifiSystemResOverlay.apk' with 1 weak references
1788680496.820 10303 10861 10867 W om.unique:vapp0: ApkAssets: Deleting an ApkAssets object '/product/overlay/AospWifiResOverlay.apk' with 1 weak references
1788680496.820 10303 10861 10867 W om.unique:vapp0: ApkAssets: Deleting an ApkAssets object '<empty> and /data/app/~~fDqH7SpA32dU_mxStcmXBQ==/com.emanuelef.remote_capture-5WExiOcv_yR73wMh7w64Zg==/base.apk' with 1 weak references
1788680496.821 10303 10861 10867 W om.unique:vapp0: ApkAssets: Deleting an ApkAssets object '<empty> and /data/app/~~fDqH7SpA32dU_mxStcmXBQ==/com.emanuelef.remote_capture-5WExiOcv_yR73wMh7w64Zg==/split_config.arm64_v8a.apk' with 1 weak references
1788680496.821 10303 10861 10867 W om.unique:vapp0: ApkAssets: Deleting an ApkAssets object '<empty> and /data/app/~~fDqH7SpA32dU_mxStcmXBQ==/com.emanuelef.remote_capture-5WExiOcv_yR73wMh7w64Zg==/split_config.ru.apk' with 1 weak references
1788680496.821 10303 10861 10867 W om.unique:vapp0: ApkAssets: Deleting an ApkAssets object '<empty> and /data/app/~~fDqH7SpA32dU_mxStcmXBQ==/com.emanuelef.remote_capture-5WExiOcv_yR73wMh7w64Zg==/split_config.xxhdpi.apk' with 1 weak references
1788680496.821 10303 10861 10867 W om.unique:vapp0: ApkAssets: Deleting an ApkAssets object '<empty> and /system/priv-app/CallLogBackup/CallLogBackup.apk' with 1 weak references
1788680496.821 10303 10861 10867 W om.unique:vapp0: ApkAssets: Deleting an ApkAssets object '<empty> and /data/app/~~bsxGTfrukRAzLOl57bGglA==/com.google.android.partnersetup-9PV6CTdiqPX3EBlaRmxGQw==/base.apk' with 1 weak references
1788680496.822 10303 10861 10867 W om.unique:vapp0: ApkAssets: Deleting an ApkAssets object '<empty> and /data/app/~~bsxGTfrukRAzLOl57bGglA==/com.google.android.partnersetup-9PV6CTdiqPX3EBlaRmxGQw==/split_config.en.apk' with 1 weak references
1788680496.822 10303 10861 10867 W om.unique:vapp0: ApkAssets: Deleting an ApkAssets object '<empty> and /data/app/~~bsxGTfrukRAzLOl57bGglA==/com.google.android.partnersetup-9PV6CTdiqPX3EBlaRmxGQw==/split_config.es.apk' with 1 weak references
1788680496.822 10303 10861 10867 W om.unique:vapp0: ApkAssets: Deleting an ApkAssets object '<empty> and /data/app/~~bsxGTfrukRAzLOl57bGglA==/com.google.android.partnersetup-9PV6CTdiqPX3EBlaRmxGQw==/split_config.ru.apk' with 1 weak references
1788680496.822 10303 10861 10867 W om.unique:vapp0: ApkAssets: Deleting an ApkAssets object '<empty> and /data/app/~~bsxGTfrukRAzLOl57bGglA==/com.google.android.partnersetup-9PV6CTdiqPX3EBlaRmxGQw==/split_config.xxhdpi.apk' with 1 weak references
1788680496.823 10303 10861 10867 W om.unique:vapp0: ApkAssets: Deleting an ApkAssets object '<empty> and /system_ext/priv-app/MagtApp/MagtApp.apk' with 1 weak references
1788680496.823 10303 10861 10867 W om.unique:vapp0: ApkAssets: Deleting an ApkAssets object '<empty> and /system/app/CameraExtensionsProxy/CameraExtensionsProxy.apk' with 1 weak references
1788680496.824 10303 10861 10867 W om.unique:vapp0: ApkAssets: Deleting an ApkAssets object '<empty> and /product/app/XMSFKeeperAll/XMSFKeeperAll.apk' with 1 weak references
1788680496.824 10303 10861 10867 W om.unique:vapp0: ApkAssets: Deleting an ApkAssets object '<empty> and /system/app/CarrierDefaultApp/CarrierDefaultApp.apk' with 1 weak references
1788680496.824 10303 10861 10867 W om.unique:vapp0: ApkAssets: Deleting an ApkAssets object '<empty> and /system_ext/app/ATMWifiMeta/ATMWifiMeta.apk' with 1 weak references
1788680496.825 10303 10861 10867 W om.unique:vapp0: ApkAssets: Deleting an ApkAssets object '<empty> and /system/priv-app/CredentialManager/CredentialManager.apk' with 1 weak references
1788680496.825 10303 10861 10867 W om.unique:vapp0: ApkAssets: Deleting an ApkAssets object '<empty> and /system_ext/priv-app/FindDevice/FindDevice.apk' with 1 weak references
1788680496.826 10303 10861 10867 W om.unique:vapp0: ApkAssets: Deleting an ApkAssets object '<empty> and /product/overlay/FontNotoSerifSource/FontNotoSerifSourceOverlay.apk' with 1 weak references
1788680496.826 10303 10861 10867 W om.unique:vapp0: ApkAssets: Deleting an ApkAssets object '<empty> and /system/priv-app/DeviceAsWebcam/DeviceAsWebcam.apk' with 1 weak references
1788680496.827 10303 10861 10867 W om.unique:vapp0: ApkAssets: Deleting an ApkAssets object '<empty> and /system/priv-app/ProxyHandler/ProxyHandler.apk' with 1 weak references
1788680496.827 10303 10861 10867 W om.unique:vapp0: ApkAssets: Deleting an ApkAssets object '<empty> and /apex/com.android.permission/priv-app/GoogleSafetyCenterResources@371017160/GoogleSafetyCenterResources.apk' with 1 weak references
1788680496.828 10303 10861 10867 W om.unique:vapp0: ApkAssets: Deleting an ApkAssets object '<empty> and /product/overlay/DisplayCutoutEmulationWaterfall/DisplayCutoutEmulationWaterfallOverlay.apk' with 1 weak references
1788680496.829 10303 10861 10867 W om.unique:vapp0: ApkAssets: Deleting an ApkAssets object '<empty> and /system_ext/priv-app/MiIntentResolver/MiIntentResolver.apk' with 1 weak references
1788680496.830 10303 10861 10867 W om.unique:vapp0: ApkAssets: Deleting an ApkAssets object '<empty> and /product/app/MIUIFileExplorerGlobal/MIUIFileExplorerGlobal.apk' with 1 weak references
1788680496.832 10303 10861 10867 W om.unique:vapp0: ApkAssets: Deleting an ApkAssets object '<empty> and /product/overlay/TransparentNavigationBar/TransparentNavigationBarOverlay.apk' with 1 weak references
1788680496.833 10303 10861 10867 W om.unique:vapp0: ApkAssets: Deleting an ApkAssets object '<empty> and /system/priv-app/E2eeContactKeysProvider/E2eeContactKeysProvider.apk' with 1 weak references
1788680496.834 10303 10861 10867 W om.unique:vapp0: ApkAssets: Deleting an ApkAssets object '<empty> and /data/app/MIUINotes/base.apk' with 1 weak references
1788680496.840 10303 10861 10867 W om.unique:vapp0: ApkAssets: Deleting an ApkAssets object '<empty> and /apex/com.android.tethering/priv-app/ServiceConnectivityResourcesGoogle@371021120/ServiceConnectivityResourcesGoogle.apk' with 1 weak references
1788680496.841 10303 10861 10867 W om.unique:vapp0: ApkAssets: Deleting an ApkAssets object '<empty> and /product/app/MISettings/MISettings.apk' with 1 weak references
1788680496.843 10303 10861 10867 W om.unique:vapp0: ApkAssets: Deleting an ApkAssets object '<empty> and /system_ext/priv-app/GoogleFeedback/GoogleFeedback.apk' with 1 weak references
1788680496.844 10303 10861 10867 W om.unique:vapp0: ApkAssets: Deleting an ApkAssets object '<empty> and /system/app/GooglePrintRecommendationService/GooglePrintRecommendationService.apk' with 1 weak references
1788680496.845 10303 10861 10867 W om.unique:vapp0: ApkAssets: Deleting an ApkAssets object '<empty> and /data/app/~~ToEzooAkrU67onkDMsOz-A==/com.xiaomi.midrop-QRwPNiaj1B-KMGM4I2vZlg==/base.apk' with 1 weak references
1788680496.846 10303 10861 10867 W om.unique:vapp0: ApkAssets: Deleting an ApkAssets object '<empty> and /data/app/~~JdJTJAAzwotDh1ZayQoa5Q==/com.google.android.apps.photos-ZPNPcYS8XWZg7hy7F_dAig==/base.apk' with 1 weak references
1788680496.846 10303 10861 10867 W om.unique:vapp0: ApkAssets: Deleting an ApkAssets object '<empty> and /data/app/~~JdJTJAAzwotDh1ZayQoa5Q==/com.google.android.apps.photos-ZPNPcYS8XWZg7hy7F_dAig==/split_config.arm64_v8a.apk' with 1 weak references
1788680496.846 10303 10861 10867 W om.unique:vapp0: ApkAssets: Deleting an ApkAssets object '<empty> and /data/app/~~JdJTJAAzwotDh1ZayQoa5Q==/com.google.android.apps.photos-ZPNPcYS8XWZg7hy7F_dAig==/split_config.ru.apk' with 1 weak references
1788680496.847 10303 10861 10867 W om.unique:vapp0: ApkAssets: Deleting an ApkAssets object '<empty> and /data/app/~~JdJTJAAzwotDh1ZayQoa5Q==/com.google.android.apps.photos-ZPNPcYS8XWZg7hy7F_dAig==/split_config.xxhdpi.apk' with 1 weak references
1788680496.847 10303 10861 10867 W om.unique:vapp0: ApkAssets: Deleting an ApkAssets object '<empty> and /product/app/GoogleCalendarSyncAdapter/GoogleCalendarSyncAdapter.apk' with 1 weak references
1788680496.847 10303 10861 10867 W om.unique:vapp0: ApkAssets: Deleting an ApkAssets object '<empty> and /product/app/MIUICloudServiceGlobal/MIUICloudServiceGlobal.apk' with 1 weak references
1788680496.848 10303 10861 10867 W om.unique:vapp0: ApkAssets: Deleting an ApkAssets object '<empty> and /system/priv-app/ManagedProvisioning/ManagedProvisioning.apk' with 1 weak references
1788680496.849 10303 10861 10867 W om.unique:vapp0: ApkAssets: Deleting an ApkAssets object '<empty> and /product/app/Longcheer_SensorTestTool/Longcheer_SensorTestTool.apk' with 1 weak references
1788680496.850 10303 10861 10867 W om.unique:vapp0: ApkAssets: Deleting an ApkAssets object '<empty> and /system/priv-app/SoundPicker/SoundPicker.apk' with 1 weak references
1788680496.850 10303 10861 10867 W om.unique:vapp0: ApkAssets: Deleting an ApkAssets object '<empty> and /system_ext/priv-app/MtkCapCtrl/MtkCapCtrl.apk' with 1 weak references
1788680496.851 10303 10861 10867 W om.unique:vapp0: ApkAssets: Deleting an ApkAssets object '<empty> and /vendor/app/SoterService/SoterService.apk' with 1 weak references
1788680496.851 10303 10861 10867 W om.unique:vapp0: ApkAssets: Deleting an ApkAssets object '<empty> and /data/app/~~znQWjrS88Ohx8dtGgw8_cg==/com.avo.vpn-Qnj7RP4c8L4ASKYHsR0wRg==/base.apk' with 1 weak references
1788680496.852 10303 10861 10867 W om.unique:vapp0: ApkAssets: Deleting an ApkAssets object '<empty> and /data/app/~~znQWjrS88Ohx8dtGgw8_cg==/com.avo.vpn-Qnj7RP4c8L4ASKYHsR0wRg==/split_config.arm64_v8a.apk' with 1 weak references
1788680496.852 10303 10861 10867 W om.unique:vapp0: ApkAssets: Deleting an ApkAssets object '<empty> and /data/app/~~znQWjrS88Ohx8dtGgw8_cg==/com.avo.vpn-Qnj7RP4c8L4ASKYHsR0wRg==/split_config.ru.apk' with 1 weak references
1788680496.852 10303 10861 10867 W om.unique:vapp0: ApkAssets: Deleting an ApkAssets object '<empty> and /data/app/~~znQWjrS88Ohx8dtGgw8_cg==/com.avo.vpn-Qnj7RP4c8L4ASKYHsR0wRg==/split_config.xxhdpi.apk' with 1 weak references
1788680496.853 10303 10861 10867 W om.unique:vapp0: ApkAssets: Deleting an ApkAssets object '<empty> and /data/app/~~nu2OEpLvEiZSwkmItivwxA==/com.google.android.documentsui-MyzL1JZI-ArC7eIW9Aj90A==/base.apk' with 1 weak references
1788680496.853 10303 10861 10867 W om.unique:vapp0: ApkAssets: Deleting an ApkAssets object '<empty> and /data/app/~~nu2OEpLvEiZSwkmItivwxA==/com.google.android.documentsui-MyzL1JZI-ArC7eIW9Aj90A==/split_config.xxhdpi.apk' with 1 weak references
1788680496.854 10303 10861 10867 W om.unique:vapp0: ApkAssets: Deleting an ApkAssets object '/product/overlay/GoogleDocumentsUIOverlay.apk' with 1 weak references
1788680496.854 10303 10861 10867 W om.unique:vapp0: ApkAssets: Deleting an ApkAssets object '<empty> and /system_ext/app/MiuiAudioMonitor/MiuiAudioMonitor.apk' with 1 weak references
1788680496.979 10303 10861 10904 W ihe     : Error scheduling event uid 10303 cannot schedule job in com.a0soft.gphone.acc.free
1788680497.291 10303 10861 10867 W om.unique:vapp0: ApkAssets: Deleting an ApkAssets object '<empty> and /system_ext/priv-app/RtMiCloudSDK/RtMiCloudSDK.apk' with 8 weak references
1788680497.291 10303 10861 10867 W om.unique:vapp0: ApkAssets: Deleting an ApkAssets object '<empty> and /data/app/~~zQciQtBvqWkdZMGBlsvybA==/com.google.android.accessibility.switchaccess-jtlAJVVB4j4aP-lZumT1Pw==/base.apk' with 1 weak references
1788680497.292 10303 10861 10867 W om.unique:vapp0: ApkAssets: Deleting an ApkAssets object '<empty> and /data/app/~~zQciQtBvqWkdZMGBlsvybA==/com.google.android.accessibility.switchaccess-jtlAJVVB4j4aP-lZumT1Pw==/split_config.arm64_v8a.apk' with 1 weak references
1788680497.292 10303 10861 10867 W om.unique:vapp0: ApkAssets: Deleting an ApkAssets object '<empty> and /product/app/MIUITouchAssistantGlobal/MIUITouchAssistantGlobal.apk' with 1 weak references
1788680497.293 10303 10861 10867 W om.unique:vapp0: ApkAssets: Deleting an ApkAssets object '<empty> and /data/app/~~VZOGxyib-S0AytJT7mLUSg==/com.google.mainline.telemetry-Ikq3qThvC_R0T1LGAt1Z_A==/base.apk' with 1 weak references
1788680497.293 10303 10861 10867 W om.unique:vapp0: ApkAssets: Deleting an ApkAssets object '<empty> and /system_ext/app/ModemTestBox/ModemTestBox.apk' with 1 weak references
1788680497.294 10303 10861 10867 W om.unique:vapp0: ApkAssets: Deleting an ApkAssets object '<empty> and /product/app/com.xiaomi.ugd/com.xiaomi.ugd.apk' with 1 weak references
1788680497.294 10303 10861 10867 W om.unique:vapp0: ApkAssets: Deleting an ApkAssets object '<empty> and /system_ext/priv-app/CallRecorderService/CallRecorderService.apk' with 1 weak references
1788680497.294 10303 10861 10867 W om.unique:vapp0: ApkAssets: Deleting an ApkAssets object '<empty> and /system/priv-app/DeviceDiagnostics/DeviceDiagnostics.apk' with 1 weak references
1788680497.295 10303 10861 10867 W om.unique:vapp0: ApkAssets: Deleting an ApkAssets object '<empty> and /data/app/~~HlE7G1zZsYmJdyiSJ5bWPg==/com.xiaomi.wearable-mw4unPETK0LMg7u69qppjA==/base.apk' with 1 weak references
1788680497.295 10303 10861 10867 W om.unique:vapp0: ApkAssets: Deleting an ApkAssets object '<empty> and /data/app/~~HlE7G1zZsYmJdyiSJ5bWPg==/com.xiaomi.wearable-mw4unPETK0LMg7u69qppjA==/split_config.arm64_v8a.apk' with 1 weak references
1788680497.295 10303 10861 10867 W om.unique:vapp0: ApkAssets: Deleting an ApkAssets object '<empty> and /data/app/~~HlE7G1zZsYmJdyiSJ5bWPg==/com.xiaomi.wearable-mw4unPETK0LMg7u69qppjA==/split_config.ru.apk' with 1 weak references
1788680497.296 10303 10861 10867 W om.unique:vapp0: ApkAssets: Deleting an ApkAssets object '<empty> and /data/app/~~HlE7G1zZsYmJdyiSJ5bWPg==/com.xiaomi.wearable-mw4unPETK0LMg7u69qppjA==/split_config.xxhdpi.apk' with 1 weak references
1788680497.296 10303 10861 10867 W om.unique:vapp0: ApkAssets: Deleting an ApkAssets object '<empty> and /product/overlay/NotesRoleEnabled/NotesRoleEnabledOverlay.apk' with 1 weak references
1788680497.296 10303 10861 10867 W om.unique:vapp0: ApkAssets: Deleting an ApkAssets object '<empty> and /data/app/MIUICalculatorGlobal/base.apk' with 1 weak references
1788680497.297 10303 10861 10867 W om.unique:vapp0: ApkAssets: Deleting an ApkAssets object '<empty> and /system_ext/priv-app/VoiceCommand/VoiceCommand.apk' with 1 weak references
1788680497.298 10303 10861 10867 W om.unique:vapp0: ApkAssets: Deleting an ApkAssets object '<empty> and /system_ext/app/TeeService/TeeService.apk' with 1 weak references
1788680497.298 10303 10861 10867 W om.unique:vapp0: ApkAssets: Deleting an ApkAssets object '<empty> and /system/priv-app/LiveWallpapersPicker/LiveWallpapersPicker.apk' with 1 weak references
1788680497.299 10303 10861 10867 W om.unique:vapp0: ApkAssets: Deleting an ApkAssets object '<empty> and /system/priv-app/Tag/Tag.apk' with 1 weak references
1788680497.300 10303 10861 10867 W om.unique:vapp0: ApkAssets: Deleting an ApkAssets object '<empty> and /product/app/WallpaperOS2/WallpaperOS2.apk' with 1 weak references
1788680497.300 10303 10861 10867 W om.unique:vapp0: ApkAssets: Deleting an ApkAssets object '<empty> and /data/app/~~KCLDtM9fjbIxQ70wIDWLyw==/com.google.mainline.adservices-GIYszYjLOhxtC157ANeFGw==/base.apk' with 1 weak references
1788680497.301 10303 10861 10867 W om.unique:vapp0: ApkAssets: Deleting an ApkAssets object '<empty> and /system_ext/app/BluetoothExtension/BluetoothExtension.apk' with 1 weak references
1788680497.301 10303 10861 10867 W om.unique:vapp0: ApkAssets: Deleting an ApkAssets object '/product/overlay/MiuiBtRRODeviceConfigOverlay.apk' with 1 weak references
1788680497.302 10303 10861 10867 W om.unique:vapp0: ApkAssets: Deleting an ApkAssets object '<empty> and /apex/com.android.healthfitness/priv-app/HealthConnectControllerGoogle@370547060/HealthConnectControllerGoogle.apk' with 1 weak references
1788680497.302 10303 10861 10867 W om.unique:vapp0: ApkAssets: Deleting an ApkAssets object '<empty> and /data/app/~~0P94X6q7hQFnvISy4kIBtA==/org.mozilla.firefox-V-RMBJjuN885jasHsv697A==/base.apk' with 1 weak references
1788680497.303 10303 10861 10867 W om.unique:vapp0: ApkAssets: Deleting an ApkAssets object '<empty> and /data/app/~~0P94X6q7hQFnvISy4kIBtA==/org.mozilla.firefox-V-RMBJjuN885jasHsv697A==/split_config.arm64_v8a.apk' with 1 weak references
1788680497.303 10303 10861 10867 W om.unique:vapp0: ApkAssets: Deleting an ApkAssets object '<empty> and /data/app/~~0P94X6q7hQFnvISy4kIBtA==/org.mozilla.firefox-V-RMBJjuN885jasHsv697A==/split_config.xxhdpi.apk' with 1 weak references
1788680497.303 10303 10861 10867 W om.unique:vapp0: ApkAssets: Deleting an ApkAssets object '<empty> and /product/app/AutoTest/AutoTest.apk' with 1 weak references
1788680497.304 10303 10861 10867 W om.unique:vapp0: ApkAssets: Deleting an ApkAssets object '<empty> and /product/priv-app/FamilyLinkParentalControls/FamilyLinkParentalControls.apk' with 1 weak references
1788680497.304 10303 10861 10867 W om.unique:vapp0: ApkAssets: Deleting an ApkAssets object '<empty> and /data/app/~~a3ERPzPBCfL2CUGD3K6hig==/android.autoinstalls.config.Xiaomi.model-mPqr6HfEtRilcdgl-o9LeQ==/base.apk' with 1 weak references
1788680497.304 10303 10861 10867 W om.unique:vapp0: ApkAssets: Deleting an ApkAssets object '<empty> and /system_ext/priv-app/StorageManager/StorageManager.apk' with 1 weak references
1788680497.305 10303 10861 10867 W om.unique:vapp0: ApkAssets: Deleting an ApkAssets object '<empty> and /system_ext/priv-app/ConfigurationClient/ConfigurationClient.apk' with 1 weak references
1788680497.305 10303 10861 10867 W om.unique:vapp0: ApkAssets: Deleting an ApkAssets object '<empty> and /data/app/~~0uKMRni55eIeGuBA-UdIqg==/llc.itdev.incy-mpenI8rpAkCFByZR5jO9gg==/base.apk' with 1 weak references
1788680497.306 10303 10861 10867 W om.unique:vapp0: ApkAssets: Deleting an ApkAssets object '<empty> and /system/app/BookmarkProvider/BookmarkProvider.apk' with 1 weak references
1788680497.306 10303 10861 10867 W om.unique:vapp0: ApkAssets: Deleting an ApkAssets object '<empty> and /system_ext/priv-app/Settings/Settings.apk' with 1 weak references
1788680497.308 10303 10861 10867 W om.unique:vapp0: ApkAssets: Deleting an ApkAssets object '<empty> and /system_ext/app/miuisystem/miuisystem.apk' with 14 weak references
1788680497.309 10303 10861 10867 W om.unique:vapp0: ApkAssets: Deleting an ApkAssets object '/product/overlay/GmsSettingsOverlay.apk' with 1 weak references
1788680497.309 10303 10861 10867 W om.unique:vapp0: ApkAssets: Deleting an ApkAssets object '/product/overlay/SettingsRroDeviceTypeOverlay.apk' with 1 weak references
1788680497.309 10303 10861 10867 W om.unique:vapp0: ApkAssets: Deleting an ApkAssets object '/product/overlay/SettingsRroDeviceConfigOverlay.apk' with 1 weak references
1788680497.309 10303 10861 10867 W om.unique:vapp0: ApkAssets: Deleting an ApkAssets object '/product/overlay/SettingsRroDeviceHideStatusBarOverlay.apk' with 1 weak references
1788680497.309 10303 10861 10867 W om.unique:vapp0: ApkAssets: Deleting an ApkAssets object '<empty> and /data/app/MIUIWeatherGlobal/base.apk' with 1 weak references
1788680497.310 10303 10861 10867 W om.unique:vapp0: ApkAssets: Deleting an ApkAssets object '<empty> and /vendor/app/MipayService/MipayService.apk' with 1 weak references
1788680497.310 10303 10861 10867 W om.unique:vapp0: ApkAssets: Deleting an ApkAssets object '<empty> and /data/app/~~aWOPbtkIcfivimg0lCNOxw==/com.termux-PK0SDb6b5-Yp-w60yEc5cg==/base.apk' with 1 weak references
1788680497.311 10303 10861 10867 W om.unique:vapp0: ApkAssets: Deleting an ApkAssets object '<empty> and /system_ext/app/MDMConfig/MDMConfig.apk' with 1 weak references
1788680497.311 10303 10861 10867 W om.unique:vapp0: ApkAssets: Deleting an ApkAssets object '<empty> and /data/app/MiuiScanner/base.apk' with 1 weak references
1788680497.312 10303 10861 10867 W om.unique:vapp0: ApkAssets: Deleting an ApkAssets object '<empty> and /system_ext/app/LocationEM2/LocationEM2.apk' with 1 weak references
1788680497.312 10303 10861 10867 W om.unique:vapp0: ApkAssets: Deleting an ApkAssets object '<empty> and /system_ext/app/MiSightService/MiSightService.apk' with 1 weak references
1788680497.313 10303 10861 10867 W om.unique:vapp0: ApkAssets: Deleting an ApkAssets object '<empty> and /product/priv-app/MiuiCalendarGlobal/MiuiCalendarGlobal.apk' with 1 weak references
1788680497.314 10303 10861 10867 W om.unique:vapp0: ApkAssets: Deleting an ApkAssets object '<empty> and /data/app/~~czZ5M9QoNKe1-aNwTzx9sA==/com.exteragram.messenger-NDtal6OMkucurs3uXfhA7A==/base.apk' with 1 weak references
1788680497.314 10303 10861 10867 W om.unique:vapp0: ApkAssets: Deleting an ApkAssets object '<empty> and /data/app/~~Cw5RUU5MGia-dEV1d9CLeg==/net.typeblog.shelter-UAvs0yASnxf_3imb0u9Fdg==/base.apk' with 1 weak references
1788680497.315 10303 10861 10867 W om.unique:vapp0: ApkAssets: Deleting an ApkAssets object '<empty> and /data/app/~~wmE2oqYZyY7aIsry4NiImg==/com.miui.mediaeditor-LsfNStuNXHsHhzEvN6SaPg==/base.apk' with 1 weak references
1788680497.316 10303 10861 10867 W om.unique:vapp0: ApkAssets: Deleting an ApkAssets object '<empty> and /product/priv-app/MIUIYellowPageGlobal/MIUIYellowPageGlobal.apk' with 1 weak references
1788680497.317 10303 10861 10867 W om.unique:vapp0: ApkAssets: Deleting an ApkAssets object '<empty> and /product/priv-app/MIUIAccessibility/MIUIAccessibility.apk' with 1 weak references
1788680497.318 10303 10861 10867 W om.unique:vapp0: ApkAssets: Deleting an ApkAssets object '<empty> and /product/app/cit/cit.apk' with 1 weak references
1788680497.318 10303 10861 10867 W om.unique:vapp0: ApkAssets: Deleting an ApkAssets object '<empty> and /system/priv-app/MtkTeleService/MtkTeleService.apk' with 1 weak references
1788680497.319 10303 10861 10867 W om.unique:vapp0: ApkAssets: Deleting an ApkAssets object '/product/overlay/GmsTelephonyOverlay.apk' with 1 weak references
1788680497.319 10303 10861 10867 W om.unique:vapp0: ApkAssets: Deleting an ApkAssets object '/product/overlay/MiuiTelephonyResCustOverlay.apk' with 1 weak references
1788680497.320 10303 10861 10867 W om.unique:vapp0: ApkAssets: Deleting an ApkAssets object '/product/overlay/MiuiTelephonyResOverlay.apk' with 1 weak references
1788680497.320 10303 10861 10867 W om.unique:vapp0: ApkAssets: Deleting an ApkAssets object '<empty> and /system/priv-app/Shell/Shell.apk' with 1 weak references
1788680497.321 10303 10861 10867 W om.unique:vapp0: ApkAssets: Deleting an ApkAssets object '<empty> and /system/priv-app/BlockedNumberProvider/BlockedNumberProvider.apk' with 1 weak references
1788680497.321 10303 10861 10867 W om.unique:vapp0: ApkAssets: Deleting an ApkAssets object '<empty> and /product/app/MIUIScreenshot/MIUIScreenshot.apk' with 1 weak references
1788680497.322 10303 10861 10867 W om.unique:vapp0: ApkAssets: Deleting an ApkAssets object '<empty> and /data/app/~~b9TjLo4gS3fKmrh4CgsMJQ==/com.google.android.apps.work.clouddpc-ax2up3DCBKFKlcjxKXhiAA==/base.apk' with 1 weak references
1788680497.323 10303 10861 10867 W om.unique:vapp0: ApkAssets: Deleting an ApkAssets object '<empty> and /data/app/~~b9TjLo4gS3fKmrh4CgsMJQ==/com.google.android.apps.work.clouddpc-ax2up3DCBKFKlcjxKXhiAA==/split_config.arm64_v8a.apk' with 1 weak references
1788680497.323 10303 10861 10867 W om.unique:vapp0: ApkAssets: Deleting an ApkAssets object '<empty> and /data/app/~~b9TjLo4gS3fKmrh4CgsMJQ==/com.google.android.apps.work.clouddpc-ax2up3DCBKFKlcjxKXhiAA==/split_config.ru.apk' with 1 weak references
1788680497.323 10303 10861 10867 W om.unique:vapp0: ApkAssets: Deleting an ApkAssets object '<empty> and /data/app/~~b9TjLo4gS3fKmrh4CgsMJQ==/com.google.android.apps.work.clouddpc-ax2up3DCBKFKlcjxKXhiAA==/split_config.xxhdpi.apk' with 1 weak references
1788680497.323 10303 10861 10867 W om.unique:vapp0: ApkAssets: Deleting an ApkAssets object '<empty> and /system/priv-app/UserDictionaryProvider/UserDictionaryProvider.apk' with 1 weak references
1788680497.323 10303 10861 10867 W om.unique:vapp0: ApkAssets: Deleting an ApkAssets object '<empty> and /apex/com.android.wifi/app/OsuLogin@AP3A.240905.015.A2/OsuLogin.apk' with 1 weak references
1788680497.324 10303 10861 10867 W om.unique:vapp0: ApkAssets: Deleting an ApkAssets object '<empty> and /product/app/GoogleLocationHistory/GoogleLocationHistory.apk' with 1 weak references
1788680497.324 10303 10861 10867 W om.unique:vapp0: ApkAssets: Deleting an ApkAssets object '<empty> and /product/overlay/NavigationBarModeGestural/NavigationBarModeGesturalOverlay.apk' with 1 weak references
1788680497.325 10303 10861 10867 W om.unique:vapp0: ApkAssets: Deleting an ApkAssets object '<empty> and /system/priv-app/FusedLocation/FusedLocation.apk' with 1 weak references
1788680497.325 10303 10861 10867 W om.unique:vapp0: ApkAssets: Deleting an ApkAssets object '<empty> and /data/app/~~zRfgnPsnrvvsSmIJgevb6A==/com.android.deskclock-dnSiNXYeo2OedMK3gnnTMQ==/base.apk' with 1 weak references
1788680497.326 10303 10861 10867 W om.unique:vapp0: ApkAssets: Deleting an ApkAssets object '<empty> and /system_ext/priv-app/MiuiSystemUI/MiuiSystemUI.apk' with 1 weak references
1788680497.327 10303 10861 10867 W om.unique:vapp0: ApkAssets: Deleting an ApkAssets object '/product/overlay/GmsSystemUIOverlay.apk' with 1 weak references
1788680497.327 10303 10861 10867 W om.unique:vapp0: ApkAssets: Deleting an ApkAssets object '/product/overlay/DevicesOverlay.apk' with 1 weak references
1788680497.327 10303 10861 10867 W om.unique:vapp0: ApkAssets: Deleting an ApkAssets object '/product/overlay/MccMncOverlay.apk' with 1 weak references
1788680497.327 10303 10861 10867 W om.unique:vapp0: ApkAssets: Deleting an ApkAssets object '<empty> and /system/app/BluetoothMidiService/BluetoothMidiService.apk' with 1 weak references
1788680497.328 10303 10861 10867 W om.unique:vapp0: ApkAssets: Deleting an ApkAssets object '<empty> and /product/app/MIUIGlobalLayout/MIUIGlobalLayout.apk' with 1 weak references
1788680497.328 10303 10861 10867 W om.unique:vapp0: ApkAssets: Deleting an ApkAssets object '<empty> and /data/app/~~ObzPeO4mfgQl7cAdlvC9kg==/com.xiaomi.discover-rUx4HxkfKwamatCb9SGc-w==/base.apk' with 1 weak references
1788680497.329 10303 10861 10867 W om.unique:vapp0: ApkAssets: Deleting an ApkAssets object '<empty> and /data/app/~~sFZGZ9pkvMhyE2sE21-Png==/com.android.thememanager-tl3OyH6m1uW0aWEn8_dJ7g==/base.apk' with 1 weak references
1788680497.330 10303 10861 10867 W om.unique:vapp0: ApkAssets: Deleting an ApkAssets object '/product/overlay/MiuiThemeManagerGlobalOverlayTest.apk' with 1 weak references
1788680497.331 10303 10861 10867 W om.unique:vapp0: ApkAssets: Deleting an ApkAssets object '<empty> and /system/app/Traceur/Traceur.apk' with 1 weak references
1788680497.332 10303 10861 10867 W om.unique:vapp0: ApkAssets: Deleting an ApkAssets object '<empty> and /product/app/FmServiceMtk/FmServiceMtk.apk' with 1 weak references
1788680497.333 10303 10861 10867 W om.unique:vapp0: ApkAssets: Deleting an ApkAssets object '<empty> and /apex/com.android.cellbroadcast/priv-app/GoogleCellBroadcastApp@371017160/GoogleCellBroadcastApp.apk' with 1 weak references
1788680497.335 10303 10861 10867 W om.unique:vapp0: ApkAssets: Deleting an ApkAssets object '/product/overlay/MiuiCellBroadcastReceiverOverlay.apk' with 1 weak references
1788680497.335 10303 10861 10867 W om.unique:vapp0: ApkAssets: Deleting an ApkAssets object '<empty> and /product/app/MediaViewerGlobal/MediaViewerGlobal.apk' with 1 weak references
1788680497.336 10303 10861 10867 W om.unique:vapp0: ApkAssets: Deleting an ApkAssets object '<empty> and /system_ext/priv-app/AuthManager/AuthManager.apk' with 1 weak references
1788680497.336 10303 10861 10867 W om.unique:vapp0: ApkAssets: Deleting an ApkAssets object '<empty> and /data/app/~~jeF1Np_NXFV0Nk3IsGvrCw==/com.google.android.apps.adm-fbP92EYBU7Wwf2yJcdIUfg==/base.apk' with 1 weak references
1788680497.337 10303 10861 10867 W om.unique:vapp0: ApkAssets: Deleting an ApkAssets object '<empty> and /data/app/~~jeF1Np_NXFV0Nk3IsGvrCw==/com.google.android.apps.adm-fbP92EYBU7Wwf2yJcdIUfg==/split_config.arm64_v8a.apk' with 1 weak references
1788680497.337 10303 10861 10867 W om.unique:vapp0: ApkAssets: Deleting an ApkAssets object '<empty> and /data/app/~~jeF1Np_NXFV0Nk3IsGvrCw==/com.google.android.apps.adm-fbP92EYBU7Wwf2yJcdIUfg==/split_config.ru.apk' with 1 weak references
1788680497.337 10303 10861 10867 W om.unique:vapp0: ApkAssets: Deleting an ApkAssets object '<empty> and /data/app/~~jeF1Np_NXFV0Nk3IsGvrCw==/com.google.android.apps.adm-fbP92EYBU7Wwf2yJcdIUfg==/split_config.xxhdpi.apk' with 1 weak references
1788680497.337 10303 10861 10867 W om.unique:vapp0: ApkAssets: Deleting an ApkAssets object '<empty> and /apex/com.android.btservices/app/Bluetooth@AP3A.240905.015.A2/Bluetooth.apk' with 1 weak references
1788680497.338 10303 10861 10867 W om.unique:vapp0: ApkAssets: Deleting an ApkAssets object '/product/overlay/AospBluetoothResOverlay.apk' with 1 weak references
1788680497.338 10303 10861 10867 W om.unique:vapp0: ApkAssets: Deleting an ApkAssets object '<empty> and /system/priv-app/ContactsProvider/ContactsProvider.apk' with 1 weak references
1788680497.338 10303 10861 10867 W om.unique:vapp0: ApkAssets: Deleting an ApkAssets object '/product/overlay/GmsContactProviderOverlay.apk' with 1 weak references
1788680497.338 10303 10861 10867 W om.unique:vapp0: ApkAssets: Deleting an ApkAssets object '<empty> and /apex/com.android.mediaprovider/priv-app/PhotopickerGoogle@371513040/PhotopickerGoogle.apk' with 1 weak references
1788680497.339 10303 10861 10867 W om.unique:vapp0: ApkAssets: Deleting an ApkAssets object '<empty> and /product/app/XmsCore/XmsCore.apk' with 1 weak references
1788680497.340 10303 10861 10867 W om.unique:vapp0: ApkAssets: Deleting an ApkAssets object '<empty> and /product/app/Biometric/Biometric.apk' with 1 weak references
1788680497.340 10303 10861 10867 W om.unique:vapp0: ApkAssets: Deleting an ApkAssets object '<empty> and /data/app/~~0v70ryekKEjEyaSPyIit6g==/com.miui.home-4Ss-CGKBGQs90uFx_jdgUQ==/base.apk' with 1 weak references
1788680497.341 10303 10861 10867 W om.unique:vapp0: ApkAssets: Deleting an ApkAssets object '<empty> and /data/app/~~Thr_VUr5_zwLVxS89U2fhA==/com.google.android.inputmethod.latin-Zb-NeVIih1rJvSeUWemfUw==/base.apk' with 1 weak references
1788680497.342 10303 10861 10867 W om.unique:vapp0: ApkAssets: Deleting an ApkAssets object '<empty> and /data/app/~~Thr_VUr5_zwLVxS89U2fhA==/com.google.android.inputmethod.latin-Zb-NeVIih1rJvSeUWemfUw==/split_brella_feature_split.apk' with 1 weak references
1788680497.342 10303 10861 10867 W om.unique:vapp0: ApkAssets: Deleting an ApkAssets object '<empty> and /data/app/~~Thr_VUr5_zwLVxS89U2fhA==/com.google.android.inputmethod.latin-Zb-NeVIih1rJvSeUWemfUw==/split_config.xxhdpi.apk' with 1 weak references
1788680497.343 10303 10861 10867 W om.unique:vapp0: ApkAssets: Deleting an ApkAssets object '<empty> and /data/app/~~Thr_VUr5_zwLVxS89U2fhA==/com.google.android.inputmethod.latin-Zb-NeVIih1rJvSeUWemfUw==/split_tenoranimation_feature_split.apk' with 1 weak references
1788680497.343 10303 10861 10867 W om.unique:vapp0: ApkAssets: Deleting an ApkAssets object '<empty> and /data/app/~~McTgK2LChq-U_hjSf-rrJQ==/com.google.android.apps.restore-FNFSZMnPmf82GBgqFnVamQ==/base.apk' with 1 weak references
1788680497.344 10303 10861 10867 W om.unique:vapp0: ApkAssets: Deleting an ApkAssets object '<empty> and /data/app/~~McTgK2LChq-U_hjSf-rrJQ==/com.google.android.apps.restore-FNFSZMnPmf82GBgqFnVamQ==/split_config.xxhdpi.apk' with 1 weak references
1788680497.563 10303 10861 10891 W System  : Ignoring header If-None-Match because its value was null.
1788680497.583 10303 10861 10904 W ihe     : Error scheduling event uid 10303 cannot schedule job in com.a0soft.gphone.acc.free
1788680497.751 10303 10861 10904 W ihe     : Error scheduling event uid 10303 cannot schedule job in com.a0soft.gphone.acc.free
1788680497.933 10303  9702  9702 W WindowOnBackDispatcher: sendCancelIfRunning: isInProgress=false callback=io.flutter.embedding.android.FlutterActivity$1@cab8d4d
1788680501.214 10303  9702  9723 I Unique  : 2026-09-06 14:41:41.213 I STORAGE IMPORT_STARTED package=com.openai.chatgpt files=4
1788680501.827 10303  9702  9723 I Unique  : 2026-09-06 14:41:41.826 I STORAGE PACKAGE_IMPORTED package=com.openai.chatgpt versionCode=2623716 splits=4 libs=11 abi=arm64-v8a bytes=87916736 readOnlyApks=4
1788680501.850 10303  9702  9815 I Unique  : 2026-09-06 14:41:41.850 I STORAGE INSTANCE_PREPARED vuid=1 package=com.openai.chatgpt created=12
1788680501.855 10303  9702  9815 I Unique  : 2026-09-06 14:41:41.854 I STORAGE INSTANCE_CREATED package=com.openai.chatgpt vuid=1 name=Profile 1 androidId=73d7f3a1db3a1095
1788680501.876 10303  9702  9815 I Unique  : 2026-09-06 14:41:41.873 I PROCESS BROADCAST_ROUTES_REGISTERED package=com.a0soft.gphone.acc.free vuid=0 routes=26 actions=android.intent.action.MEDIA_MOUNTED,androidx.work.diagnostics.REQUEST_DIAGNOSTICS,androidx.profileinstaller.action.SKIP_FILE,android.intent.action.LOCALE_CHANGED,androidx.profileinstaller.action.BENCHMARK_OPERATION,com.a0soft.gphone.base.processphoenix.ActionCmd,com.a0soft.gphone.acc.widget.ActionRe
1788680501.878 10303  9702  9815 I Unique  : 2026-09-06 14:41:41.876 I PROCESS PROVIDER_ROUTES_REGISTERED package=com.a0soft.gphone.acc.free vuid=0 authorities=[redacted]
1788680501.898 10303  9702  9815 I Unique  : 2026-09-06 14:41:41.896 I PROCESS BROADCAST_ROUTES_REGISTERED package=com.openai.chatgpt vuid=1 routes=9 actions=android.intent.action.APPLICATION_RESTRICTIONS_CHANGED,android.intent.action.MEDIA_MOUNTED,androidx.work.diagnostics.REQUEST_DIAGNOSTICS,androidx.profileinstaller.action.SKIP_FILE,android.intent.action.LOCALE_CHANGED,androidx.profileinstaller.action.BENCHMARK_OPERATION,com.a0soft.gphone.base.process
1788680501.899 10303  9702  9815 I Unique  : 2026-09-06 14:41:41.899 I PROCESS PROVIDER_ROUTES_REGISTERED package=com.openai.chatgpt vuid=1 authorities=[redacted]
1788680501.900 10303  9702  9815 I Unique  : 2026-09-06 14:41:41.900 I PROCESS BROADCAST_ROUTER_READY instances=2 actions=21 authorities=[redacted]
1788680501.933 10303  9702  9815 I Unique  : 2026-09-06 14:41:41.932 I STORAGE GUEST_INFO_RESOLVED package=com.openai.chatgpt label=ChatGPT icon=true
1788680501.953 10303  9702  9702 W WindowOnBackDispatcher: sendCancelIfRunning: isInProgress=false callback=io.flutter.embedding.android.FlutterActivity$1@cab8d4d
1788680502.893 10303  9702  9779 I Unique  : 2026-09-06 14:41:42.892 I GOOGLE GOOGLE_ENVIRONMENT gmsPresent=true gmsEnabled=true gmsVersionCode=263234035 gmsVersionName=26.32.34 (260400-968093310) vendingPresent=true gsfPresent=true customTabs=com.android.chrome hostGmsAvailable=true virtualGmsInstalled=false customTabsAvailable=true
1788680502.920 10303  9702  9779 I Unique  : 2026-09-06 14:41:42.919 I GOOGLE GOOGLE_ENVIRONMENT gmsPresent=true gmsEnabled=true gmsVersionCode=263234035 gmsVersionName=26.32.34 (260400-968093310) vendingPresent=true gsfPresent=true customTabs=com.android.chrome hostGmsAvailable=true virtualGmsInstalled=false customTabsAvailable=true
1788680502.921 10303  9702  9779 I Unique  : 2026-09-06 14:41:42.920 I GOOGLE GOOGLE_ROUTE package=com.openai.chatgpt flow=SIGN_IN mode=PASSTHROUGH why=The app declares an OAuth redirect scheme, so the browser flow can be used and is the most reliable path.
1788680502.922 10303  9702  9779 I Unique  : 2026-09-06 14:41:42.921 I GOOGLE GOOGLE_ROUTE package=com.openai.chatgpt flow=CREDENTIAL_MANAGER mode=HOST_BRIDGE why=Unverified: Sign in with Google issues a token for the app's server client, so the device's own Google Play services should be able to answer. Not yet confirmed against a real sample.
1788680502.923 10303  9702  9779 I Unique  : 2026-09-06 14:41:42.922 I GOOGLE GOOGLE_ROUTE package=com.openai.chatgpt flow=ACCOUNT_MANAGER mode=HOST_BRIDGE why=Account access is bridged to the device's accounts; consent is shown as UNIQUE.
1788680502.924 10303  9702  9779 I Unique  : 2026-09-06 14:41:42.923 I GOOGLE GOOGLE_ROUTE package=com.openai.chatgpt flow=FIREBASE_AUTH mode=PASSTHROUGH why=Firebase Auth consumes a token from another flow; the app's browser redirect can supply it.
1788680502.925 10303  9702  9779 I Unique  : 2026-09-06 14:41:42.924 I GOOGLE GOOGLE_ROUTE package=com.openai.chatgpt flow=OAUTH_WEB mode=PASSTHROUGH why=Browser-based OAuth needs no Google Play services, only a working redirect back into this instance.
1788680502.926 10303  9702  9779 I Unique  : 2026-09-06 14:41:42.925 I GOOGLE GOOGLE_ROUTE package=com.openai.chatgpt flow=FCM mode=HOST_BRIDGE why=Experimental: push registration is bridged through the host. Whether Google Play services accepts it varies by version; the result is recorded per device.
1788680502.926 10303  9702  9779 I Unique  : 2026-09-06 14:41:42.926 I GOOGLE GOOGLE_ROUTE package=com.openai.chatgpt flow=PLAY_GAMES mode=UNSUPPORTED why=Not supported yet: Play Games checks an attested app identity, and UNIQUE has not been tested against it.
1788680503.465 10303  9702  9779 I Unique  : 2026-09-06 14:41:43.464 I PROCESS PROCESS_ASSIGNED slot=:vapp1 vuid=1 process=com.openai.chatgpt
1788680503.487 10303  9702  9779 I Unique  : 2026-09-06 14:41:43.487 I LAUNCH LAUNCH_REQUESTED package=com.openai.chatgpt vuid=1 activity=com.openai.chatgpt.MainActivity slot=:vapp1 launchMode=1
1788680503.536 10303 11002 11002 D nativeloader: Load libframework-connectivity-tiramisu-jni.so using APEX ns com_android_tethering for caller /apex/com.android.tethering/javalib/framework-connectivity-t.jar: ok
1788680503.579 10303 11002 11002 D ActivityThread: setEmbeddedParam packageName=com.unique processName=com.unique:vapp1 isEmbedded=false isIsolated=false
1788680503.581 10303 11002 11002 D ApplicationLoaders: Returning zygote-cached class loader: /system_ext/framework/androidx.window.extensions.jar
1788680503.581 10303 11002 11002 D ApplicationLoaders: Returning zygote-cached class loader: /system_ext/framework/androidx.window.sidecar.jar
1788680503.585 10303 11002 11002 D nativeloader: Configuring clns-7 for other apk /data/app/~~uSPrrBDnPbh7oiSxSbJTTw==/com.unique-Tvl4u3f1WcQMODM0rNq5rg==/base.apk. target_sdk_version=36, uses_libraries=, library_path=/data/app/~~uSPrrBDnPbh7oiSxSbJTTw==/com.unique-Tvl4u3f1WcQMODM0rNq5rg==/lib/arm64:/data/app/~~uSPrrBDnPbh7oiSxSbJTTw==/com.unique-Tvl4u3f1WcQMODM0rNq5rg==/base.apk!/lib/arm64-v8a, permitted_path=/data:/mnt/expand:/data/user/0/com.unique
1788680503.593 10303 11002 11002 V GraphicsEnvironment: Currently set values for:
1788680503.593 10303 11002 11002 V GraphicsEnvironment:   angle_gl_driver_selection_pkgs=[]
1788680503.593 10303 11002 11002 V GraphicsEnvironment:   angle_gl_driver_selection_values=[]
1788680503.593 10303 11002 11002 V GraphicsEnvironment: Global.Settings values are invalid: number of packages: 0, number of values: 0
1788680503.593 10303 11002 11002 V GraphicsEnvironment: App is not on the allowlist for updatable production driver.
1788680503.594 10303 11002 11002 I ActivityThread: TrafficStats init done
1788680503.597 10303 11002 11002 D ActivityThread: useGrowthLimitOutExpendMethod invoke error.
1788680503.603 10303 11002 11002 D nativeloader: Load libforcedarkimpl.so using system ns (caller=/system_ext/framework/miui-framework.jar): ok
1788680503.610 10303 11002 11002 I ActivityThread: Miui Feature Init done
1788680503.622 10303 11002 11002 I Unique  : 2026-09-06 14:41:43.616 I PROCESS PROCESS_START process=com.unique:vapp1 kind=VAPP sdk=35 abi=arm64-v8a,armeabi-v7a,armeabi
1788680503.623 10303 11002 11002 W om.unique:vapp1: Unsupported class loader: java.lang.Class<org.lsposed.hiddenapibypass.CoreOjClassLoader>
1788680503.668 10303 11002 11002 W om.unique:vapp1: Unsupported class loader: java.lang.Class<org.lsposed.hiddenapibypass.CoreOjClassLoader>
1788680503.669 10303 11002 11002 W om.unique:vapp1: Unsupported class loader: java.lang.Class<org.lsposed.hiddenapibypass.CoreOjClassLoader>
1788680503.671 10303 11002 11002 I Unique  : 2026-09-06 14:41:43.670 I HOOK HIDDEN_API_GRANTED via=HiddenApiBypass
1788680503.673 10303 11002 11002 D nativeloader: Load /data/app/~~uSPrrBDnPbh7oiSxSbJTTw==/com.unique-Tvl4u3f1WcQMODM0rNq5rg==/base.apk!/lib/arm64-v8a/libunique_native.so using class loader ns clns-7 (caller=/data/app/~~uSPrrBDnPbh7oiSxSbJTTw==/com.unique-Tvl4u3f1WcQMODM0rNq5rg==/base.apk): ok
1788680503.673 10303 11002 11002 I UniqueNative: libunique_native loaded (page size 4096)
1788680503.674 10303 11002 11002 I Unique  : 2026-09-06 14:41:43.674 I LAUNCH INTERCEPTOR_INSTALLED executeTransaction=159
1788680503.676 10303 11002 11002 I Unique  : 2026-09-06 14:41:43.674 I PROCESS VAPP_READY slot=1
1788680503.678 10303 11002 11002 I Unique  : 2026-09-06 14:41:43.678 I PROCESS STUB_PROVIDER_CREATED slot=1
1788680503.693 10303 11002 11002 D Unique  : 2026-09-06 14:41:43.693 D LAUNCH CALLBACK_ALIVE what=164 obj=java.lang.String
1788680503.695 10303 11002 11002 D Unique  : 2026-09-06 14:41:43.694 D LAUNCH CALLBACK_ALIVE what=159 obj=android.app.servertransaction.ClientTransaction
1788680503.727 10303 11002 11002 I Unique  : 2026-09-06 14:41:43.726 I PROCESS PROCESS_RENAMED argv0=com.openai.chatgpt
1788680504.015 10303 11002 11002 W om.unique:vapp1: Failed to find entry 'classes.dex': Entry not found
1788680504.016 10303 11002 11002 W om.unique:vapp1: Failed to find entry 'classes.dex': Entry not found
1788680504.016 10303 11002 11002 W om.unique:vapp1: Failed to find entry 'classes.dex': Entry not found
1788680504.018 10303 11002 11002 D nativeloader: Configuring clns-8 for other apk /data/user/0/com.unique/files/virtual/apk/com.openai.chatgpt/2623716/base.apk:/data/user/0/com.unique/files/virtual/apk/com.openai.chatgpt/2623716/split_config.arm64_v8a.apk:/data/user/0/com.unique/files/virtual/apk/com.openai.chatgpt/2623716/split_config.ru.apk:/data/user/0/com.unique/files/virtual/apk/com.openai.chatgpt/2623716/split_config.xxhdpi.apk. target_sdk_version=37, uses_libraries=, library_path=/data/user/0/com.unique/files/virtual/apk/com.openai.chatgpt/2623716/lib/arm64-v8a:/data/user/0/com.unique/files/virtual/apk/com.openai.chatgpt/2623716/base.apk!/lib/arm64-v8a:/data/user/0/com.unique/files/virtual/apk/com.openai.chatgpt/2623716/split_config.arm64_v8a.apk!/lib/arm64-v8a:/data/user/0/com.unique/files/virtual/apk/com.openai.chatgpt/2623716/split_config.ru.apk!/lib/arm64-v8a:/data/user/0/com.unique/files/virtual/apk/com.openai.chatgpt/2623716/split_config.xxhdpi.apk!/lib/arm64-v8a, permitted_path=/data:/mnt/expand:/data/user/0/com.unique/files/virtual/users/1/d
1788680504.022 10303 11002 11002 W Unique  : 2026-09-06 14:41:44.021 W PROCESS META_DATA_NOT_RESOLVED name=com.google.android.gms.version id=0x7f0c000b reason=the guest's resources were not available yet
1788680504.026 10303 11002 11002 I Unique  : 2026-09-06 14:41:44.025 I PROCESS PROFILE_BOUND profile=2314621f-5c40-45e9-bea7-87e67dd18d1f androidId=73d7f3a1db3a1095 generation=1
1788680504.028 10303 11002 11002 I Unique  : 2026-09-06 14:41:44.027 I PROCESS BUILD_OVERRIDES_APPLIED applied=1 requested=1
1788680504.029 10303 11002 11002 I Unique  : 2026-09-06 14:41:44.028 I LAUNCH PROFILE_BOUND profileId=2314621f-5c40-45e9-bea7-87e67dd18d1f generation=1
1788680504.035 10303 11002 11002 I Unique  : 2026-09-06 14:41:44.034 I PROCESS PERMISSION_CACHE_DISABLED disabled=disablePackageNamePermissionCache,disablePermissionCache,disableApplicationInfoCache,disablePackageInfoCache,disableGetPackagesForUidCache failed=android.app.ActivityManager: no disable*Cache()
1788680504.046 10303 11002 11002 I Unique  : 2026-09-06 14:41:44.044 I PROCESS PERMISSIONS_BOUND package=com.openai.chatgpt vuid=1 declared=31 restored=0 runtime=7 installTime=24 selfDefined=1
1788680504.056 10303 11002 11002 I Unique  : 2026-09-06 14:41:44.054 I HOOK SERVICE_HOOKED service=package cache=true singletons=1 bound=permissionCheck,getActivityInfo,applicationEnabledSetting,getApplicationInfo,componentEnabledSetting,installedPackages,getInstallerPackageName,getNameForUid,getPackageUid,getPackageInfo,getPackagesForUid,getProviderInfo,getReceiverInfo,getServiceInfo,queryIntent,resolveContentProvider,resolveIntent matched=permissionCheck=checkPermission+checkUidPermission,getActivityInfo,applicationEnabledSetting=getApplicationEnabledSetting+setApplicationEnabledSetting,getApplicationInfo,componentEnabledSetting=getComponentEnabledSetting+setComponentEnabledSetting,installedPackages=getInstalledApplications+getInstalledPackages,getInstallerPackageName,getNameForUid,getPackageUid=getPackageGids+getPackageUid,getPack
1788680504.056 10303 11002 11002 I Unique  : 2026-09-06 14:41:44.056 I LAUNCH VPM_HOOK_INSTALLED package=com.openai.chatgpt bound=permissionCheck,getActivityInfo,applicationEnabledSetting,getApplicationInfo,componentEnabledSetting,installedPackages,getInstallerPackageName,getNameForUid,getPackageUid,getPackageInfo,getPackagesForUid,getProviderInfo,getReceiverInfo,getServiceInfo,queryIntent,resolveContentProvider,resolveIntent
1788680504.070 10303 11002 11002 I Unique  : 2026-09-06 14:41:44.069 I HOOK SERVICE_HOOKED service=activity cache=true singletons=1 bound=serviceDispatch,callerIdentity,permissionCheck,getContentProvider,intentSender,runningProcesses,registerReceiver,foregroundService matched=serviceDispatch=bindService+bindServiceInstance+peekService+publishService+startService+stopService+unbindFinished,callerIdentity=broadcastIntent+broadcastIntentWithFeature+getBindingUidProcessState+getContentProviderExternal+getHistoricalProcessExitReasons+getHistoricalProcessStartReasons+getPackageProcessState+getTagForIntentSender+getUidLastIdleElapsedTime+getUidProcessCapabilities+getUidProces
1788680504.073 10303 11002 11002 I Unique  : 2026-09-06 14:41:44.070 I LAUNCH VAM_HOOK_INSTALLED package=com.openai.chatgpt host=com.unique methods=8 matched=serviceDispatch=bindService+bindServiceInstance+peekService+publishService+startService+stopService+unbindFinished,callerIdentity=broadcastIntent+broadcastIntentWithFeature+getBindingUidProcessState+getContentProviderExternal+getHistoricalProcessExitReasons+getHistoricalProcessStartReasons+getPackageProcessState+getTagForIntentSender+getUidLastIdleElapsedTime+getUidProcessCapabilities+getUidProcessState+grantUriPermission+isBackgroundRestricted+isUidActive+moveTaskToFront+revokeUriPermission+sendIntentSender+startActivity+startActivityAsUser+startActivityAsUserWithFeature+startActivityWithFeature,permissionCheck=checkPermission+checkPermissionForDevice,getContentProvider,intentSender=getIntentSender+getIntentSenderWithFeature,runningProcesses=getRunningAppProcesses+getServices,registerReceiver=registerReceiver+registerReceiverWithFeature,foregroundService=setServiceForeground
1788680504.080 10303 11002 11002 I Unique  : 2026-09-06 14:41:44.079 I HOOK SERVICE_HOOKED service=activity_task cache=true singletons=1 bound=activityStart matched=activityStart=startActivities+startActivity+startActivityAndWait+startActivityAsCaller+startActivityAsUser+startActivityFromGameSession+startActivityIntentSender+startActivityWithConfig
1788680504.081 10303 11002 11002 I Unique  : 2026-09-06 14:41:44.080 I LAUNCH ATM_HOOK_INSTALLED package=com.openai.chatgpt host=com.unique matched=activityStart=startActivities+startActivity+startActivityAndWait+startActivityAsCaller+startActivityAsUser+startActivityFromGameSession+startActivityIntentSender+startActivityWithConfig
1788680504.083 10303 11002 11002 I Unique  : 2026-09-06 14:41:44.082 I HOOK SERVICE_HOOKED service=permissionmgr cache=true singletons=1 bound=shouldShowRequestPermissionRationale matched=shouldShowRequestPermissionRationale
1788680504.084 10303 11002 11002 I Unique  : 2026-09-06 14:41:44.083 I HOOK PERMISSION_MANAGER_HOOKED matched=shouldShowRequestPermissionRationale
1788680504.088 10303 11002 11002 I Unique  : 2026-09-06 14:41:44.086 I HOOK SERVICE_HOOKED service=appops cache=true singletons=0 bound=appOpIdentity matched=appOpIdentity=checkAudioOperation+checkOperation+checkOperationForDevice+checkOperationRaw+checkOperationRawForDevice+checkPackage+collectNoteOpCallsForValidation+extractAsyncOps+finishOperation+finishOperationForDevice+getHistoricalOps+getHistoricalOpsFromDiskRaw+getOpsForPackage+getPackagesForOpsForDevice+isOperationActive+isProxying+noteOperation+noteOperationForDevice+noteProxyOperation+notePr
1788680504.089 10303 11002 11002 I Unique  : 2026-09-06 14:41:44.088 I HOOK APPOPS_HOOKED package=com.openai.chatgpt host=com.unique matched=appOpIdentity=checkAudioOperation+checkOperation+checkOperationForDevice+checkOperationRaw+checkOperationRawForDevice+checkPackage+collectNoteOpCallsForValidation+extractAsyncOps+finishOperation+finishOperationForDevice+getHistoricalOps+getHistoricalOpsFromDiskRaw+getOpsForPackage+getPackagesForOpsForDevice+isOperationActive+isProxying+noteOperation+noteOperationForDevice+noteProxyOperation+notePr
1788680504.100 10303 11002 11002 I Unique  : 2026-09-06 14:41:44.098 I PROCESS SETTINGS_CACHES_PRIMED wrappedByHand=0 alreadyWrapped=3 empty=1
1788680504.102 10303 11002 11002 I Unique  : 2026-09-06 14:41:44.100 I PROCESS PROVIDER_CACHES_EVICTED activityThreadProviders=2 providerRefCounts=1 settingsCaches=4 settingsWrapped=3 hostSource=com.unique hostSourceUid=10303
1788680504.255 10303 11002 11002 I Unique  : 2026-09-06 14:41:44.254 I PROCESS NETWORK_SECURITY_INSTALLED package=com.openai.chatgpt configRes=0 targetSdk=37
1788680504.256 10303 11002 11002 I UniqueNative: redirect table set: 8 rule(s)
1788680504.256 10303 11002 11002 I UniqueNative: io_redirect installed: 0 slot(s) in 0/389 libraries (0 total), 8 rule(s), page size 4096
1788680504.256 10303 11002 11002 W UniqueNative: io_redirect: filter did not match: /data/user/0/com.unique/files/virtual/apk/com.openai.chatgpt/2623716/lib/arm64-v8a
1788680504.256 10303 11002 11002 W UniqueNative: io_redirect: filter did not match: /data/data/com.unique/files/virtual/apk/com.openai.chatgpt/2623716/lib/arm64-v8a
1788680504.256 10303 11002 11002 W UniqueNative: io_redirect: filter did not match: /data/user/0/com.unique/files/virtual/apk/com.openai.chatgpt/2623716
1788680504.256 10303 11002 11002 W UniqueNative: io_redirect: filter did not match: /data/data/com.unique/files/virtual/apk/com.openai.chatgpt/2623716
1788680504.256 10303 11002 11002 W UniqueNative: io_redirect: app-private library seen: /data/misc/apexdata/com.android.art/dalvik-cache/arm64/boot.oat
1788680504.256 10303 11002 11002 W UniqueNative: io_redirect: app-private library seen: /data/misc/apexdata/com.android.art/dalvik-cache/arm64/boot-framework-adservices.oat
1788680504.256 10303 11002 11002 W UniqueNative: io_redirect: app-private library seen: /data/app/~~uSPrrBDnPbh7oiSxSbJTTw==/com.unique-Tvl4u3f1WcQMODM0rNq5rg==/oat/arm64/base.odex
1788680504.256 10303 11002 11002 W UniqueNative: io_redirect: app-private library seen: /data/app/~~uSPrrBDnPbh7oiSxSbJTTw==/com.unique-Tvl4u3f1WcQMODM0rNq5rg==/base.apk!/lib/arm64-v8a/libunique_native.so
1788680504.257 10303 11002 11002 I UniqueNative: io_redirect: library-load watch installed (3 slot(s) in 2 libraries)
1788680504.257 10303 11002 11002 W UniqueNative: io_redirect: watch saw but did not match: /data/misc/apexdata/com.android.art/dalvik-cache/arm64/boot.oat
1788680504.257 10303 11002 11002 W UniqueNative: io_redirect: watch saw but did not match: /data/misc/apexdata/com.android.art/dalvik-cache/arm64/boot-framework-adservices.oat
1788680504.257 10303 11002 11002 W UniqueNative: io_redirect: watch saw but did not match: /data/app/~~uSPrrBDnPbh7oiSxSbJTTw==/com.unique-Tvl4u3f1WcQMODM0rNq5rg==/oat/arm64/base.odex
1788680504.257 10303 11002 11002 W UniqueNative: io_redirect: watch saw but did not match: /data/app/~~uSPrrBDnPbh7oiSxSbJTTw==/com.unique-Tvl4u3f1WcQMODM0rNq5rg==/base.apk!/lib/arm64-v8a/libunique_native.so
1788680504.259 10303 11002 11002 I Unique  : 2026-09-06 14:41:44.258 I NATIVE IO_REDIRECT_INSTALLED status=NOTHING_TO_HOOK watch=OK rules=8 slots=0 scope=/data/user/0/com.unique/files/virtual/apk/com.openai.chatgpt/2623716/lib/arm64-v8a,/data/data/com.unique/files/virtual/apk/com.openai.chatgpt/2623716/lib/arm64-v8a,/data/user/0/com.unique/files/virtua
1788680504.260 10303 11002 11002 I Unique  : 2026-09-06 14:41:44.259 I WEBVIEW WEBVIEW_DATA_DIR_SUFFIX suffix=vapp1 slot=1
1788680504.264 10303 11002 11002 I UniqueNative: crash: recording 6 signal(s) to /data/user/0/com.unique/files/virtual/runtime/diagnostics/1/com.openai.chatgpt/native-crash-11002.properties
1788680504.265 10303 11002 11002 I Unique  : 2026-09-06 14:41:44.264 I NATIVE NATIVE_CRASH_HANDLER status=OK file=/data/user/0/com.unique/files/virtual/runtime/diagnostics/1/com.openai.chatgpt/native-crash-11002.properties
1788680504.268 10303 11002 11002 I Unique  : 2026-09-06 14:41:44.267 I STORAGE EXTERNAL_STORAGE_REDIRECTED package=com.openai.chatgpt vuid=1 root=/data/user/0/com.unique/files/virtual/users/1/sdcard
1788680504.270 10303 11002 11002 I Unique  : 2026-09-06 14:41:44.269 I HOOK SERVICE_HOOKED service=alarm cache=true singletons=0 bound=callerPackage matched=callerPackage=canScheduleExactAlarms+cancelPoweroffAlarm+hasScheduleExactAlarm+removeAll+set+setTimeZone
1788680504.271 10303 11002 11002 I Unique  : 2026-09-06 14:41:44.270 I HOOK IDENTITY_HOOK_INSTALLED service=alarm package=com.openai.chatgpt matched=callerPackage=canScheduleExactAlarms+cancelPoweroffAlarm+hasScheduleExactAlarm+removeAll+set+setTimeZone
1788680504.273 10303 11002 11002 I Unique  : 2026-09-06 14:41:44.272 I HOOK SERVICE_HOOKED service=clipboard cache=true singletons=0 bound=callerPackage matched=callerPackage=addPrimaryClipChangedListener+clearPrimaryClip+getPrimaryClip+getPrimaryClipDescription+getPrimaryClipSource+getUserPrimaryClip+hasClipboardText+hasPrimaryClip+removePrimaryClipChangedListener+setPrimaryClip+setPrimaryClipAsPackage
1788680504.276 10303 11002 11002 I Unique  : 2026-09-06 14:41:44.274 I HOOK IDENTITY_HOOK_INSTALLED service=clipboard package=com.openai.chatgpt matched=callerPackage=addPrimaryClipChangedListener+clearPrimaryClip+getPrimaryClip+getPrimaryClipDescription+getPrimaryClipSource+getUserPrimaryClip+hasClipboardText+hasPrimaryClip+removePrimaryClipChangedListener+setPrimaryClip+setPrimaryClipAsPackage
1788680504.278 10303 11002 11002 I Unique  : 2026-09-06 14:41:44.277 I HOOK SERVICE_HOOKED service=restrictions cache=true singletons=0 bound=callerPackage matched=callerPackage=getApplicationRestrictions+getApplicationRestrictionsPerAdminForUser+notifyPermissionResponse+requestPermission
1788680504.279 10303 11002 11002 I Unique  : 2026-09-06 14:41:44.278 I HOOK IDENTITY_HOOK_INSTALLED service=restrictions package=com.openai.chatgpt matched=callerPackage=getApplicationRestrictions+getApplicationRestrictionsPerAdminForUser+notifyPermissionResponse+requestPermission
1788680504.286 10303 11002 11002 I Unique  : 2026-09-06 14:41:44.282 I HOOK SERVICE_HOOKED service=locale cache=true singletons=0 bound=callerPackage,setApplicationLocales matched=callerPackage=getApplicationLocales+getOverrideLocaleConfig+setOverrideLocaleConfig,setApplicationLocales
1788680504.287 10303 11002 11002 I Unique  : 2026-09-06 14:41:44.286 I HOOK IDENTITY_HOOK_INSTALLED service=locale package=com.openai.chatgpt matched=callerPackage=getApplicationLocales+getOverrideLocaleConfig+setOverrideLocaleConfig,setApplicationLocales
1788680504.291 10303 11002 11002 I Unique  : 2026-09-06 14:41:44.289 I HOOK SERVICE_HOOKED service=connectivity cache=true singletons=0 bound=callerPackage matched=callerPackage=getDefaultNetworkCapabilitiesForUser+getLastTetherError+getNetworkCapabilities+getRedactedLinkPropertiesForPackage+getRedactedNetworkCapabilitiesForPackage+isConnectivityServiceFeatureEnabledForTesting+listenForNetwork+pendingListenForNetwork+pendingRequestForNetwork+registerConnectivityDiagnosticsCallback+registerNetworkProvider+requestNetwork+requestRouteToHostAddress+setProvisioni
1788680504.292 10303 11002 11002 I Unique  : 2026-09-06 14:41:44.291 I HOOK IDENTITY_HOOK_INSTALLED service=connectivity package=com.openai.chatgpt matched=callerPackage=getDefaultNetworkCapabilitiesForUser+getLastTetherError+getNetworkCapabilities+getRedactedLinkPropertiesForPackage+getRedactedNetworkCapabilitiesForPackage+isConnectivityServiceFeatureEnabledForTesting+listenForNetwork+pendingListenForNetwork+pendingRequestForNetwork+registerConnectivi
1788680504.294 10303 11002 11002 I Unique  : 2026-09-06 14:41:44.293 I HOOK SERVICE_HOOKED service=power cache=true singletons=0 bound=callerPackage matched=callerPackage=acquireWakeLock+acquireWakeLockAsync+acquireWakeLockWithUid+crash+isAmbientDisplaySuppressedForToken+isAmbientDisplaySuppressedForTokenByApp+isFeatureAllowedInLowPowerStandby+reboot+shutdown+suppressAmbientDisplay+updateWakeLockWorkSource+wakeUp
1788680504.295 10303 11002 11002 I Unique  : 2026-09-06 14:41:44.294 I HOOK IDENTITY_HOOK_INSTALLED service=power package=com.openai.chatgpt matched=callerPackage=acquireWakeLock+acquireWakeLockAsync+acquireWakeLockWithUid+crash+isAmbientDisplaySuppressedForToken+isAmbientDisplaySuppressedForTokenByApp+isFeatureAllowedInLowPowerStandby+reboot+shutdown+suppressAmbientDisplay+updateWakeLockWorkSource+wakeUp
1788680504.306 10303 11002 11002 I Unique  : 2026-09-06 14:41:44.305 I HOOK SERVICE_HOOKED service=wifi cache=true singletons=0 bound=callerPackage matched=callerPackage=acquireMulticastLock+acquireWifiLock+addLocalOnlyConnectionStatusListener+addNetworkSuggestions+addOrUpdateNetwork+addOrUpdateNetworkPrivileged+addOrUpdatePasspointConfiguration+addQosPolicies+addSuggestionUserApprovalStatusListener+allowAutojoinGlobal+allowAutojoinPasspoint+connect+disableEphemeralNetwork+disableNetwork+disconnect+enableNetwork+enableTdls+enableTdlsWithMacAddress+en
1788680504.307 10303 11002 11002 I Unique  : 2026-09-06 14:41:44.306 I HOOK IDENTITY_HOOK_INSTALLED service=wifi package=com.openai.chatgpt matched=callerPackage=acquireMulticastLock+acquireWifiLock+addLocalOnlyConnectionStatusListener+addNetworkSuggestions+addOrUpdateNetwork+addOrUpdateNetworkPrivileged+addOrUpdatePasspointConfiguration+addQosPolicies+addSuggestionUserApprovalStatusListener+allowAutojoinGlobal+allowAutojoinPasspoint+connect+di
1788680504.311 10303 11002 11002 I Unique  : 2026-09-06 14:41:44.310 I HOOK SERVICE_HOOKED service=location cache=true singletons=0 bound=callerPackage matched=callerPackage=addGnssAntennaInfoListener+addGnssMeasurementsListener+addGnssNavigationMessageListener+addTestProvider+getCurrentLocation+getLastLocation+getProviderPackages+getProviderProperties+hasProvider+isProviderEnabledForUser+isProviderPackage+registerGnssNmeaCallback+registerGnssStatusCallback+registerLocationListener+registerLocationPendingIntent+removeTestProvider+requestGeofence+requestL
1788680504.312 10303 11002 11002 I Unique  : 2026-09-06 14:41:44.311 I HOOK IDENTITY_HOOK_INSTALLED service=location package=com.openai.chatgpt matched=callerPackage=addGnssAntennaInfoListener+addGnssMeasurementsListener+addGnssNavigationMessageListener+addTestProvider+getCurrentLocation+getLastLocation+getProviderPackages+getProviderProperties+hasProvider+isProviderEnabledForUser+isProviderPackage+registerGnssNmeaCallback+registerGnssStatusCallbac
1788680504.323 10303 11002 11002 I Unique  : 2026-09-06 14:41:44.322 I HOOK SERVICE_HOOKED service=audio cache=true singletons=0 bound=callerPackage matched=callerPackage=abandonAudioFocus+abandonAudioFocusForTest+adjustStreamVolume+adjustStreamVolumeForUid+adjustStreamVolumeWithAttribution+adjustSuggestedStreamVolumeForUid+adjustVolumeGroupVolume+cacheParameters+disableSafeMediaVolume+getBluetoothAudioDeviceCategory+getBluetoothAudioDeviceCategory_legacy+getCacheParameters+getDeviceVolume+getNotificationUri+getPlayerVolume+handleVolumeKey+isBluetooth
1788680504.324 10303 11002 11002 I Unique  : 2026-09-06 14:41:44.323 I HOOK IDENTITY_HOOK_INSTALLED service=audio package=com.openai.chatgpt matched=callerPackage=abandonAudioFocus+abandonAudioFocusForTest+adjustStreamVolume+adjustStreamVolumeForUid+adjustStreamVolumeWithAttribution+adjustSuggestedStreamVolumeForUid+adjustVolumeGroupVolume+cacheParameters+disableSafeMediaVolume+getBluetoothAudioDeviceCategory+getBluetoothAudioDeviceCategory_lega
1788680504.327 10303 11002 11002 I Unique  : 2026-09-06 14:41:44.326 I HOOK SERVICE_HOOKED service=vibrator_manager cache=true singletons=0 bound=callerPackage matched=callerPackage=performHapticFeedback+setAlwaysOnEffect+vibrate
1788680504.330 10303 11002 11002 I Unique  : 2026-09-06 14:41:44.328 I HOOK IDENTITY_HOOK_INSTALLED service=vibrator_manager package=com.openai.chatgpt matched=callerPackage=performHapticFeedback+setAlwaysOnEffect+vibrate
1788680504.333 10303 11002 11002 I Unique  : 2026-09-06 14:41:44.332 I HOOK SERVICE_HOOKED service=usagestats cache=true singletons=0 bound=callerPackage matched=callerPackage=clearBroadcastEvents+clearBroadcastResponseStats+getAppMinStandbyBucket+getAppStandbyBucket+getAppStandbyBuckets+getAppStandbyConstant+getLastTimeAnyComponentUsed+isAppInactive+isPackageExemptedFromBroadcastResponseStats+queryBroadcastResponseStats+queryConfigurationStats+queryEventStats+queryEvents+queryEventsForPackage+queryEventsForPackageForUser+queryEventsForUser+queryEventsWith
1788680504.334 10303 11002 11002 I Unique  : 2026-09-06 14:41:44.333 I HOOK IDENTITY_HOOK_INSTALLED service=usagestats package=com.openai.chatgpt matched=callerPackage=clearBroadcastEvents+clearBroadcastResponseStats+getAppMinStandbyBucket+getAppStandbyBucket+getAppStandbyBuckets+getAppStandbyConstant+getLastTimeAnyComponentUsed+isAppInactive+isPackageExemptedFromBroadcastResponseStats+queryBroadcastResponseStats+queryConfigurationStats+queryEventSta
1788680504.339 10303 11002 11002 I Unique  : 2026-09-06 14:41:44.337 I HOOK SERVICE_HOOKED service=netstats cache=true singletons=0 bound=callerPackage matched=callerPackage=getIfaceStats+notifyNetworkStatus+openSessionForUsageStats+registerNetworkStatsProvider+registerUsageCallback+setStatsProviderWarningAndLimitAsync
1788680504.340 10303 11002 11002 I Unique  : 2026-09-06 14:41:44.339 I HOOK IDENTITY_HOOK_INSTALLED service=netstats package=com.openai.chatgpt matched=callerPackage=getIfaceStats+notifyNetworkStatus+openSessionForUsageStats+registerNetworkStatsProvider+registerUsageCallback+setStatsProviderWarningAndLimitAsync
1788680504.343 10303 11002 11002 I Unique  : 2026-09-06 14:41:44.342 I HOOK SERVICE_HOOKED service=content cache=true singletons=0 bound=callerPackage matched=callerPackage=addPeriodicSync+cancelSync+cancelSyncAsUser+getCache+getIsSyncable+getIsSyncableAsUser+getPeriodicSyncs+getSyncAdapterPackageAsUser+getSyncAdapterPackagesForAuthorityAsUser+getSyncAutomatically+getSyncAutomaticallyAsUser+getSyncStatus+getSyncStatusAsUser+isSyncActive+isSyncPending+isSyncPendingAsUser+notifyChange+onDbCorruption+putCache+removePeriodicSync+requestSync+setIsSyncable+se
1788680504.344 10303 11002 11002 I Unique  : 2026-09-06 14:41:44.343 I HOOK IDENTITY_HOOK_INSTALLED service=content package=com.openai.chatgpt matched=callerPackage=addPeriodicSync+cancelSync+cancelSyncAsUser+getCache+getIsSyncable+getIsSyncableAsUser+getPeriodicSyncs+getSyncAdapterPackageAsUser+getSyncAdapterPackagesForAuthorityAsUser+getSyncAutomatically+getSyncAutomaticallyAsUser+getSyncStatus+getSyncStatusAsUser+isSyncActive+isSyncPending+isSy
1788680504.348 10303 11002 11002 I Unique  : 2026-09-06 14:41:44.347 I HOOK SERVICE_HOOKED service=shortcut cache=true singletons=0 bound=shortcutPublish,callerPackage matched=shortcutPublish=addDynamicShortcuts+createShortcutResultIntent+pushDynamicShortcut+requestPinShortcut+setDynamicShortcuts+updateShortcuts,callerPackage=disableShortcuts+enableShortcuts+getIconMaxDimensions+getMaxShortcutCountPerActivity+getRateLimitResetTime+getRemainingCallCount+getShareTargets+getShortcuts+hasShareTargets+onApplicationActive+removeAllDynamicShortcuts+removeDynamicShortcuts+remov
1788680504.349 10303 11002 11002 I Unique  : 2026-09-06 14:41:44.348 I HOOK IDENTITY_HOOK_INSTALLED service=shortcut package=com.openai.chatgpt matched=shortcutPublish=addDynamicShortcuts+createShortcutResultIntent+pushDynamicShortcut+requestPinShortcut+setDynamicShortcuts+updateShortcuts,callerPackage=disableShortcuts+enableShortcuts+getIconMaxDimensions+getMaxShortcutCountPerActivity+getRateLimitResetTime+getRemainingCallCount+getShareTargets+get
1788680504.353 10303 11002 11002 I Unique  : 2026-09-06 14:41:44.351 I HOOK SERVICE_HOOKED service=mount cache=true singletons=0 bound=callerPackage,volumeList matched=callerPackage=abortChanges+allocateBytes+benchmark+destroyUserStorage+disableAppDataIsolation+fixupAppDir+fixupAppDirRecursive+fixupSysfsFile+forgetVolume+format+getAllocatableBytes+getCacheQuotaBytes+getCacheSizeBytes+getExternalStorageMountMode+getManageSpaceActivityIntent+getMountedObbPath+isAppIoBlocked+isObbMounted+mkdirs+mount+mountObb+moveStorageQuickly+notifyAppIoBlocked+notifyAppIoResumed
1788680504.354 10303 11002 11002 I Unique  : 2026-09-06 14:41:44.353 I HOOK IDENTITY_HOOK_INSTALLED service=mount package=com.openai.chatgpt matched=callerPackage=abortChanges+allocateBytes+benchmark+destroyUserStorage+disableAppDataIsolation+fixupAppDir+fixupAppDirRecursive+fixupSysfsFile+forgetVolume+format+getAllocatableBytes+getCacheQuotaBytes+getCacheSizeBytes+getExternalStorageMountMode+getManageSpaceActivityIntent+getMountedObbPath+isAppI
1788680504.357 10303 11002 11002 I Unique  : 2026-09-06 14:41:44.356 I HOOK SERVICE_HOOKED service=account cache=true singletons=0 bound=callerPackage matched=callerPackage=addAccount+addAccountAsUser+addAccountExplicitly+addAccountExplicitlyWithVisibility+addSharedAccountsFromParentUser+createRequestAccountAccessIntentSenderAsUser+editProperties+getAccountByTypeAndFeatures+getAccountVisibility+getAccountsAndVisibilityForPackage+getAccountsAsUser+getAccountsByFeatures+getAccountsByTypeForPackage+getAccountsForPackage+getAuthToken+getAuthTokenLabel+getUs
1788680504.359 10303 11002 11002 I Unique  : 2026-09-06 14:41:44.358 I HOOK IDENTITY_HOOK_INSTALLED service=account package=com.openai.chatgpt matched=callerPackage=addAccount+addAccountAsUser+addAccountExplicitly+addAccountExplicitlyWithVisibility+addSharedAccountsFromParentUser+createRequestAccountAccessIntentSenderAsUser+editProperties+getAccountByTypeAndFeatures+getAccountVisibility+getAccountsAndVisibilityForPackage+getAccountsAsUser+getAccou
1788680504.371 10303 11002 11002 I Unique  : 2026-09-06 14:41:44.370 I HOOK SERVICE_HOOKED service=phone cache=true singletons=0 bound=callerPackage matched=callerPackage=call+canChangeDtmfToneLength+changeIccLockPassword+checkCarrierPrivilegesForPackage+checkCarrierPrivilegesForPackageAnyPhone+clearSignalStrengthUpdateRequest+deprovisionSatelliteService+dial+disableDataConnectivity+disableVisualVoicemailSmsFilter+doesSwitchMultiSimConfigTriggerReboot+enableDataConnectivity+enableVisualVoicemailSmsFilter+enqueueSmsPickResult+factoryReset+getAllCellInf
1788680504.371 10303 11002 11002 I Unique  : 2026-09-06 14:41:44.371 I HOOK IDENTITY_HOOK_INSTALLED service=phone package=com.openai.chatgpt matched=callerPackage=call+canChangeDtmfToneLength+changeIccLockPassword+checkCarrierPrivilegesForPackage+checkCarrierPrivilegesForPackageAnyPhone+clearSignalStrengthUpdateRequest+deprovisionSatelliteService+dial+disableDataConnectivity+disableVisualVoicemailSmsFilter+doesSwitchMultiSimConfigTriggerReboot+e
1788680504.382 10303 11002 11002 I Unique  : 2026-09-06 14:41:44.381 I HOOK SERVICE_HOOKED service=device_policy cache=true singletons=0 bound=callerPackage matched=callerPackage=addCrossProfileIntentFilter+addCrossProfileWidgetProvider+addPersistentPreferredActivity+approveCaCert+checkDeviceIdentifierAccess+checkProvisioningPrecondition+choosePrivateKeyAlias+clearApplicationUserData+clearCrossProfileIntentFilters+clearDeviceOwner+clearPackagePersistentPreferredActivities+clearResetPasswordToken+createAdminSupportIntent+createAndManageUser+createAndProvisionM
1788680504.383 10303 11002 11002 I Unique  : 2026-09-06 14:41:44.382 I HOOK IDENTITY_HOOK_INSTALLED service=device_policy package=com.openai.chatgpt matched=callerPackage=addCrossProfileIntentFilter+addCrossProfileWidgetProvider+addPersistentPreferredActivity+approveCaCert+checkDeviceIdentifierAccess+checkProvisioningPrecondition+choosePrivateKeyAlias+clearApplicationUserData+clearCrossProfileIntentFilters+clearDeviceOwner+clearPackagePersistentPreferre
1788680504.387 10303 11002 11002 I Unique  : 2026-09-06 14:41:44.384 I HOOK SERVICE_HOOKED service=media.camera cache=true singletons=0 bound=callerPackage matched=callerPackage=connect+connectDevice+createDefaultRequest+getCameraCharacteristics+getSessionCharacteristics+getTorchStrengthLevel+injectCamera+injectSessionParams+isHiddenPhysicalCamera+isSessionConfigurationWithParametersSupported+setTorchMode+supportsCameraApi+turnOnTorchWithStrengthLevel
1788680504.388 10303 11002 11002 I Unique  : 2026-09-06 14:41:44.387 I HOOK IDENTITY_HOOK_INSTALLED service=media.camera package=com.openai.chatgpt matched=callerPackage=connect+connectDevice+createDefaultRequest+getCameraCharacteristics+getSessionCharacteristics+getTorchStrengthLevel+injectCamera+injectSessionParams+isHiddenPhysicalCamera+isSessionConfigurationWithParametersSupported+setTorchMode+supportsCameraApi+turnOnTorchWithStrengthLevel
1788680504.393 10303 11002 11002 I Unique  : 2026-09-06 14:41:44.392 I HOOK SERVICE_HOOKED service=telecom cache=true singletons=0 bound=callerPackage matched=callerPackage=acceptHandover+acceptRingingCall+acceptRingingCallWithVideoState+addCall+addNewIncomingCall+addNewIncomingConference+addOrRemoveTestCallCompanionApp+cancelMissedCallsNotification+clearAccounts+createLaunchEmergencyDialerIntent+createManageBlockedNumbersIntent+endCall+getAdnUriForPhoneAccount+getCallCapablePhoneAccounts+getCallStateUsingPackage+getCurrentTtyMode+getDefaultDialerPackag
1788680504.394 10303 11002 11002 I Unique  : 2026-09-06 14:41:44.393 I HOOK IDENTITY_HOOK_INSTALLED service=telecom package=com.openai.chatgpt matched=callerPackage=acceptHandover+acceptRingingCall+acceptRingingCallWithVideoState+addCall+addNewIncomingCall+addNewIncomingConference+addOrRemoveTestCallCompanionApp+cancelMissedCallsNotification+clearAccounts+createLaunchEmergencyDialerIntent+createManageBlockedNumbersIntent+endCall+getAdnUriForPhoneA
1788680504.401 10303 11002 11002 I Unique  : 2026-09-06 14:41:44.400 I HOOK SERVICE_HOOKED service=media_router cache=true singletons=0 bound=callerPackage matched=callerPackage=deselectRouteWithManager+deselectRouteWithRouter2+getSystemRoutes+getSystemSessionInfoForPackage+registerClientAsUser+registerClientGroupId+registerManager+registerProxyRouter+registerRouter2+releaseSessionWithManager+releaseSessionWithRouter2+requestCreateSessionWithManager+requestSetVolume+requestUpdateVolume+selectRouteWithManager+selectRouteWithRouter2+setSelectedRoute+setSession
1788680504.402 10303 11002 11002 I Unique  : 2026-09-06 14:41:44.401 I HOOK IDENTITY_HOOK_INSTALLED service=media_router package=com.openai.chatgpt matched=callerPackage=deselectRouteWithManager+deselectRouteWithRouter2+getSystemRoutes+getSystemSessionInfoForPackage+registerClientAsUser+registerClientGroupId+registerManager+registerProxyRouter+registerRouter2+releaseSessionWithManager+releaseSessionWithRouter2+requestCreateSessionWithManager+requestSet
1788680504.404 10303 11002 11002 I Unique  : 2026-09-06 14:41:44.403 I HOOK SERVICE_HOOKED service=media_session cache=true singletons=0 bound=callerPackage matched=callerPackage=addOnMediaKeyEventSessionChangedListener+createSession+dispatchAdjustVolume+dispatchMediaKeyEvent+dispatchMediaKeyEventToSessionAsSystemService+dispatchVolumeKeyEvent+dispatchVolumeKeyEventToSessionAsSystemService+getMediaKeyEventSession+getMediaKeyEventSessionPackageName+hasCustomMediaKeyDispatcher+hasCustomMediaSessionPolicyProvider+isTrusted+setCustomMediaKeyDispatcher+setCustomMe
1788680504.405 10303 11002 11002 I Unique  : 2026-09-06 14:41:44.405 I HOOK IDENTITY_HOOK_INSTALLED service=media_session package=com.openai.chatgpt matched=callerPackage=addOnMediaKeyEventSessionChangedListener+createSession+dispatchAdjustVolume+dispatchMediaKeyEvent+dispatchMediaKeyEventToSessionAsSystemService+dispatchVolumeKeyEvent+dispatchVolumeKeyEventToSessionAsSystemService+getMediaKeyEventSession+getMediaKeyEventSessionPackageName+hasCustomMedi
1788680504.408 10303 11002 11002 I Unique  : 2026-09-06 14:41:44.407 I HOOK SERVICE_HOOKED service=appwidget cache=true singletons=0 bound=callerPackage,appWidgetIdentity matched=callerPackage=allocateAppWidgetId+bindRemoteViewsService+createAppWidgetConfigIntentSender+deleteAppWidgetId+deleteHost+getAppWidgetIdsForHost+getAppWidgetInfo+getAppWidgetOfHost+getAppWidgetOptions+getAppWidgetViews+getInstalledProvidersForProfile+hasBindAppWidgetPermission+isBoundWidgetPackage+noteAppWidgetTapped+notifyAppWidgetViewDataChanged+partiallyUpdateAppWidgetIds+setAppWidgetHidden+setBi
1788680504.409 10303 11002 11002 I Unique  : 2026-09-06 14:41:44.408 I HOOK IDENTITY_HOOK_INSTALLED service=appwidget package=com.openai.chatgpt matched=callerPackage=allocateAppWidgetId+bindRemoteViewsService+createAppWidgetConfigIntentSender+deleteAppWidgetId+deleteHost+getAppWidgetIdsForHost+getAppWidgetInfo+getAppWidgetOfHost+getAppWidgetOptions+getAppWidgetViews+getInstalledProvidersForProfile+hasBindAppWidgetPermission+isBoundWidgetPackage+not
1788680504.411 10303 11002 11002 W Unique  : 2026-09-06 14:41:44.410 W HOOK SINGLETON_PATCH_SKIPPED service=input_method field=com.android.internal.inputmethod.IInputMethodManagerGlobalInvoker.sServiceCache
1788680504.412 10303 11002 11002 I Unique  : 2026-09-06 14:41:44.411 I HOOK SERVICE_HOOKED service=input_method cache=true singletons=1 bound=callerPackage,editorIdentity matched=callerPackage=acceptStylusHandwritingDelegation+acceptStylusHandwritingDelegationAsync+getEnabledInputMethodSubtypeList+prepareStylusHandwritingDelegation+setAdditionalInputMethodSubtypes+setExplicitlyEnabledInputMethodSubtypes+startConnectionlessStylusHandwriting+startProtoDump,editorIdentity=startInputOrWindowGainedFocus+startInputOrWindowGainedFocusAsync
1788680504.413 10303 11002 11002 I Unique  : 2026-09-06 14:41:44.412 I HOOK IDENTITY_HOOK_INSTALLED service=input_method package=com.openai.chatgpt matched=callerPackage=acceptStylusHandwritingDelegation+acceptStylusHandwritingDelegationAsync+getEnabledInputMethodSubtypeList+prepareStylusHandwritingDelegation+setAdditionalInputMethodSubtypes+setExplicitlyEnabledInputMethodSubtypes+startConnectionlessStylusHandwriting+startProtoDump,editorIdentity=start
1788680504.416 10303 11002 11002 I Unique  : 2026-09-06 14:41:44.413 I HOOK IDENTITY_HOOKS_INSTALLED package=com.openai.chatgpt installed=alarm,clipboard,restrictions,locale,connectivity,power,wifi,location,audio,vibrator_manager,usagestats,netstats,content,shortcut,mount,account,phone,device_policy,media.camera,telecom,media_router,media_session,appwidget,input_method skipped=
1788680504.417 10303 11002 11002 W Unique  : 2026-09-06 14:41:44.417 W PROCESS ALARM_EXACT_UNAVAILABLE detail=UNIQUE does not hold SCHEDULE_EXACT_ALARM; a guest asking for an exact alarm will get the platform's SecurityException
1788680504.543 10303 11002 11030 D Unique  : 2026-09-06 14:41:44.542 D PROCESS PERMISSION_CHECK permission=android.permission.WAKE_LOCK result=GRANTED
1788680504.549 10303 11002 11030 I Unique  : 2026-09-06 14:41:44.548 I LAUNCH GOOGLE_STACK_HIDDEN package=com.google.android.gms detail=Play services refuses a virtual app's identity and kills it from a Handler; reported absent so the SDK takes its own unavailable path
1788680504.566 10303 11002 11002 I UniqueNative: io_redirect installed: 1 slot(s) in 1/390 libraries (1 total), 8 rule(s), page size 4096
1788680504.566 10303 11002 11002 I UniqueNative: io_redirect: hooked 1 new slot(s) after loading /data/user/0/com.unique/files/virtual/apk/com.openai.chatgpt/2623716/lib/arm64-v8a/libconscrypt_jni.so (1 total)
1788680504.566 10303 11002 11002 D nativeloader: Load /data/user/0/com.unique/files/virtual/apk/com.openai.chatgpt/2623716/lib/arm64-v8a/libconscrypt_jni.so using class loader ns clns-8 (caller=/data/user/0/com.unique/files/virtual/apk/com.openai.chatgpt/2623716/base.apk): ok
1788680504.585 10303 11002 11030 W FirebaseMessaging: Failed to resolve IID implementation package, falling back
1788680504.588 10303 11002 11030 D Unique  : 2026-09-06 14:41:44.586 D PROCESS PERMISSION_CHECK permission=android.permission.ACCESS_NETWORK_STATE result=GRANTED
1788680504.590 10303 11002 11030 W FirebaseMessaging: Failed to find package android.content.pm.PackageManager$NameNotFoundException: com.google.android.gms
1788680504.631 10303 11002 11002 I Unique  : 2026-09-06 14:41:44.629 I PROCESS COMPONENT_STATE_SET package=com.openai.chatgpt vuid=1 component=androidx.work.impl.background.systemjob.SystemJobService state=1
1788680504.661 10303 11002 11024 I Unique  : 2026-09-06 14:41:44.660 I LAUNCH SIGNATURES_LOADED package=com.openai.chatgpt signers=1 hasSigningInfo=true
1788680504.670 10303 11002 11002 W DdRumContentProvider: processImportance:100
1788680504.671 10303 11002 11002 I Unique  : 2026-09-06 14:41:44.670 I PROCESS PROVIDERS_PUBLISHED package=com.openai.chatgpt process=com.openai.chatgpt declared=13 authorities=[redacted]
1788680504.673 10303 11002 11002 I Unique  : 2026-09-06 14:41:44.672 I HOOK SERVICE_HOOKED service=jobscheduler cache=true singletons=0 bound=jobById,scheduleJob,pendingJobs matched=jobById=cancel+getPendingJob+getPendingJobReason,scheduleJob=enqueue+schedule+scheduleAsPackage,pendingJobs=getAllPendingJobs+getAllPendingJobsInNamespace
1788680504.674 10303 11002 11002 I Unique  : 2026-09-06 14:41:44.673 I HOOK JOB_HOOKED package=com.openai.chatgpt slot=1 matched=jobById=cancel+getPendingJob+getPendingJobReason,scheduleJob=enqueue+schedule+scheduleAsPackage,pendingJobs=getAllPendingJobs+getAllPendingJobsInNamespace
1788680504.680 10303 11002 11002 I Unique  : 2026-09-06 14:41:44.678 I HOOK SERVICE_HOOKED service=notification cache=true singletons=1 bound=notificationIdentity,enqueue,channels matched=notificationIdentity=addAutomaticZenRule+areBubblesAllowed+areNotificationsEnabled+areNotificationsEnabledForPackage+buzzBeepBlinkForNotification+canNotifyAsPackage+canShowBadge+cancelAllNotifications+cancelNotificationFromListener+cancelToast+clearData+deleteNotificationHistoryItem+enqueueTextToast+enqueueToast+finishToken+getActiveNotifications+getActiveNotificationsWithAttribution+getAllowedAss
1788680504.682 10303 11002 11002 I Unique  : 2026-09-06 14:41:44.680 I HOOK NOTIFICATION_HOOKED package=com.openai.chatgpt vuid=1 matched=notificationIdentity=addAutomaticZenRule+areBubblesAllowed+areNotificationsEnabled+areNotificationsEnabledForPackage+buzzBeepBlinkForNotification+canNotifyAsPackage+canShowBadge+cancelAllNotifications+cancelNotificationFromListener+cancelToast+clearData+deleteNotificationHistoryItem+enqueueTextToast+enqueueToast+finishToken+getActiveNotifications+getActiveNotificationsWithAttribution+getAllowedAss
1788680504.690 10303 11002 11002 I Unique  : 2026-09-06 14:41:44.689 I PROCESS RECEIVERS_REGISTERED package=com.openai.chatgpt declared=6 registered=9 actions=com.openai.apps.appbase.app.managedconfig.ManagedConfigurationsChangedReceiver#android.intent.action.APPLICATION_RESTRICTIONS_CHANGED;com.openai.feature.widget.WidgetReceiver#android.appwidget.action.APPWIDGET_UPDATE;com.google.firebase.iid.FirebaseInstanceIdReceiver#com.google.android.c2dm.intent.RECEIVE;androidx.glance.appwidget.MyPackageReplacedReceiver#android.intent.action.MY_PACKAGE_REPLACED exported=4
1788680504.690 10303 11002 11002 I Unique  : 2026-09-06 14:41:44.690 I LAUNCH ACTIVITY_LIFECYCLE_INSTALLED package=com.openai.chatgpt
1788680504.755 10303 10861 10861 D Unique  : 2026-09-06 14:41:44.753 D PROCESS u0 com.a0soft.gphone.acc.free SERVICE_INTENT_ROUTED service=com.google.android.gms.measurement.AppMeasurementService stub=com.unique.stub.ServiceStub_p0_s0 action=com.google.android.gms.measurement.START
1788680504.772 10303 11002 11033 E FeatureFlagsImplExport: android.os.flagging.AconfigStorageReadException: ERROR_PACKAGE_NOT_FOUND: package com.android.libcore cannot be found on the device
1788680504.999 10303 11002 11060 W System.err: SLF4J(W): No SLF4J providers were found.
1788680504.999 10303 11002 11060 W System.err: SLF4J(W): Defaulting to no-operation (NOP) logger implementation
1788680504.999 10303 11002 11060 W System.err: SLF4J(W): See https://www.slf4j.org/codes.html#noProviders for further details.
1788680505.079 10303 11002 11064 I UniqueNative: io_redirect installed: 0 slot(s) in 1/390 libraries (1 total), 8 rule(s), page size 4096
1788680505.079 10303 11002 11064 D nativeloader: Load /system/lib64/liblog.so using class loader ns clns-8 (caller=/data/user/0/com.unique/files/virtual/apk/com.openai.chatgpt/2623716/base.apk!classes7.dex): ok
1788680505.083 10303 11002 11064 I UniqueNative: io_redirect installed: 8 slot(s) in 2/391 libraries (9 total), 8 rule(s), page size 4096
1788680505.084 10303 11002 11064 I UniqueNative: io_redirect: hooked 8 new slot(s) after loading /data/user/0/com.unique/files/virtual/apk/com.openai.chatgpt/2623716/lib/arm64-v8a/libsentry.so (9 total)
1788680505.084 10303 11002 11064 D nativeloader: Load /data/user/0/com.unique/files/virtual/apk/com.openai.chatgpt/2623716/lib/arm64-v8a/libsentry.so using class loader ns clns-8 (caller=/data/user/0/com.unique/files/virtual/apk/com.openai.chatgpt/2623716/base.apk!classes7.dex): ok
1788680505.089 10303 11002 11064 I UniqueNative: io_redirect installed: 1 slot(s) in 3/392 libraries (10 total), 8 rule(s), page size 4096
1788680505.089 10303 11002 11064 I UniqueNative: io_redirect: hooked 1 new slot(s) after loading /data/user/0/com.unique/files/virtual/apk/com.openai.chatgpt/2623716/lib/arm64-v8a/libsentry-android.so (10 total)
1788680505.089 10303 11002 11064 D nativeloader: Load /data/user/0/com.unique/files/virtual/apk/com.openai.chatgpt/2623716/lib/arm64-v8a/libsentry-android.so using class loader ns clns-8 (caller=/data/user/0/com.unique/files/virtual/apk/com.openai.chatgpt/2623716/base.apk!classes7.dex): ok
1788680505.094 10303 11002 11065 D Unique  : 2026-09-06 14:41:45.092 D PROCESS u1 com.openai.chatgpt PERMISSION_CHECK permission=android.permission.ACCESS_NETWORK_STATE result=GRANTED
1788680505.102 10303 11002 11044 D Unique  : 2026-09-06 14:41:45.102 D PROCESS u1 com.openai.chatgpt SERVICE_CONNECTION_WRAPPED connection=nws
1788680505.142 10303 11002 11002 D Unique  : 2026-09-06 14:41:45.142 D PROCESS u1 com.openai.chatgpt PERMISSION_CHECK permission=android.permission.ACCESS_NETWORK_STATE result=GRANTED
1788680505.146 10303 11002 11002 I UniqueNative: redirect table set: 8 rule(s)
1788680505.147 10303 11002 11002 I UniqueNative: io_redirect installed: 0 slot(s) in 3/392 libraries (10 total), 8 rule(s), page size 4096
1788680505.148 10303 11002 11002 I Unique  : 2026-09-06 14:41:45.148 I NATIVE u1 com.openai.chatgpt IO_REDIRECT_INSTALLED status=NOTHING_TO_HOOK watch=OK rules=8 slots=10 scope=/data/user/0/com.unique/files/virtual/apk/com.openai.chatgpt/2623716/lib/arm64-v8a,/data/data/com.unique/files/virtual/apk/com.openai.chatgpt/2623716/lib/arm64-v8a,/data/user/0/com.unique/files/virtua
1788680505.150 10303 11002 11002 I Unique  : 2026-09-06 14:41:45.149 I LAUNCH u1 com.openai.chatgpt BOOTSTRAP_OK package=com.openai.chatgpt vuid=1 slot=1 applicationClass=com.openai.chatgpt.app.MainApplication dataDir=/data/user/0/com.unique/files/virtual/users/1/data/com.openai.chatgpt sourceDir=/data/user/0/com.unique/files/virtual/apk/com.openai.chatgpt/2623716/base.apk nativeLibraryDir=/data/user/0/com.unique/files/virtual/apk/com.openai.chatgpt/2623716/lib/arm64-v8a targetSdk=37 observedPackageName=com.openai.chatgpt observedFilesDir=/data/user/0/com.unique/files/virtual/users/1/data/com.openai.chatgpt/files millis=1452
1788680505.151 10303 11002 11002 I Unique  : 2026-09-06 14:41:45.151 I LAUNCH u1 com.openai.chatgpt TRANSACTION_REWRITTEN package=com.openai.chatgpt activity=com.openai.chatgpt.MainActivity vuid=1 item=LaunchActivityItem theme=2132083481
1788680505.153 10303 11002 11002 I ActivityThread: HardwareRenderer preload  done
1788680505.155 10303  9702  9710 I Unique  : 2026-09-06 14:41:45.154 I PROCESS PROVIDER_SLOT_READY slot=1 vuid=1 pid=11002
1788680505.170 10303 11002 11002 I Unique  : 2026-09-06 14:41:45.169 I LAUNCH u1 com.openai.chatgpt ACTIVITY_HARDWARE_ACCELERATED activity=com.openai.chatgpt.MainActivity fromActivityInfo=false applied=true
1788680505.179 10303 11002 11093 E om.unique:vapp1: setpriority success to 100 : mali-cmar-backend
1788680505.180 10303 11002 11002 W libc    : Access denied finding property "persist.vendor.camera.IsVariableApertureSupported"
1788680505.180 10303 11002 11002 W libc    : Access denied finding property "persist.vendor.camera.IsStreetModeSupported"
1788680505.212 10303 11002 11078 W Unique  : 2026-09-06 14:41:45.210 W HOOK u1 com.openai.chatgpt APP_LOCALE_SET_UNSUPPORTED detail=a guest asked to set its own app locale; UNIQUE cannot store one for a package the platform has not installed, and applying it would change UNIQUE's own
1788680505.213 10303 11002 11078 I Unique  : 2026-09-06 14:41:45.213 I PROCESS u1 com.openai.chatgpt COMPONENT_STATE_SET package=com.openai.chatgpt vuid=1 component=androidx.appcompat.app.AppLocalesMetadataHolderService state=1
1788680505.273 10303 11002 11002 W libc    : Access denied finding property "ro.vendor.df.effect.conflict"
1788680505.298 10303 11002 11094 D Unique  : 2026-09-06 14:41:45.297 D PROCESS u1 com.openai.chatgpt SERVICE_INTENT_CROSS_APP action=com.google.android.play.core.install.BIND_UPDATE_SERVICE target=com.android.vending
1788680505.298 10303 11002 11094 D Unique  : 2026-09-06 14:41:45.298 D PROCESS u1 com.openai.chatgpt SERVICE_CONNECTION_WRAPPED connection=zvx
1788680505.302 10303 11002 11002 D nativeloader: Load libpowerhalwrap_jni.so using system ns (caller=/system_ext/framework/mediatek-framework.jar): ok
1788680505.318 10303 11002 11002 W libc    : Access denied finding property "ro.vendor.perf.scroll_opt"
1788680505.321 10303 11002 11076 W libc    : Access denied finding property "ro.vendor.display.iris_x7.support"
1788680505.334 10303 11002 11002 D Unique  : 2026-09-06 14:41:45.334 D LAUNCH u1 com.openai.chatgpt CALLBACK_ALIVE what=159 obj=android.app.servertransaction.ClientTransaction
1788680505.335 10303 11002 11002 D Unique  : 2026-09-06 14:41:45.334 D LAUNCH u1 com.openai.chatgpt NO_LAUNCH_ITEM transaction=android.app.servertransaction.ClientTransaction shape=CREATOR: mActivityCallbacks:[TopResumedActivityChangeItem] mActivityToken:BinderProxy mClient:null mLifecycleStateRequest:null mTransactionItems:[TopResumedActivityChangeItem] seen=2
1788680505.336 10303 11002 11002 D Unique  : 2026-09-06 14:41:45.335 D LAUNCH u1 com.openai.chatgpt CALLBACK_ALIVE what=149 obj=android.os.BinderProxy
1788680505.698 10303 11002 11076 W libc    : Access denied finding property "ro.vendor.display.iris_x7.support"
1788680505.704 10303 11002 11076 E LB      : fail to open file: No such file or directory
1788680505.704 10303 11002 11076 E LB      : fail to open node: No such file or directory
1788680505.704 10303 11002 11076 E LB      : fail to open node: No such file or directory
1788680505.705 10303 11002 11076 W libc    : Access denied finding property "ro.vendor.display.iris_x7.support"
1788680505.769 10303 11002 11002 D Unique  : 2026-09-06 14:41:45.768 D LAUNCH u1 com.openai.chatgpt NO_LAUNCH_ITEM transaction=android.app.servertransaction.ClientTransaction shape=CREATOR: mActivityCallbacks:[WindowStateInsetsControlChangeItem] mActivityToken:null mClient:null mLifecycleStateRequest:null mTransactionItems:[WindowStateInsetsControlChangeItem] seen=3
1788680505.783 10303 11002 11076 W libc    : Access denied finding property "ro.vendor.display.iris_x7.support"
1788680505.829 10303 11002 11002 D Unique  : 2026-09-06 14:41:45.828 D LAUNCH u1 com.openai.chatgpt NO_LAUNCH_ITEM transaction=android.app.servertransaction.ClientTransaction shape=CREATOR: mActivityCallbacks:[WindowStateInsetsControlChangeItem] mActivityToken:null mClient:null mLifecycleStateRequest:null mTransactionItems:[WindowStateInsetsControlChangeItem] seen=4
1788680505.874 10303 11002 11002 W GooglePlayServicesUtil: com.openai.chatgpt requires Google Play services, but they are missing.
1788680505.875 10303 11002 11118 W GooglePlayServicesUtil: com.openai.chatgpt requires Google Play services, but they are missing.
1788680505.877 10303 11002 11118 D Unique  : 2026-09-06 14:41:45.876 D PROCESS u1 com.openai.chatgpt SETTING_ANSWERED setting=ANDROID_ID value=73d7f3a1db3a1095
1788680505.915 10303 11002 11113 W GooglePlayServicesUtil: com.openai.chatgpt requires Google Play services, but they are missing.
1788680505.945 10303 11002 11115 W GooglePlayServicesUtil: com.openai.chatgpt requires Google Play services, but they are missing.
1788680505.956 10303 11002 11117 W GooglePlayServicesUtil: com.openai.chatgpt requires Google Play services, but they are missing.
1788680505.960 10303 11002 11135 W GooglePlayServicesUtil: com.openai.chatgpt requires Google Play services, but they are missing.
1788680505.962 10303 11002 11135 W GoogleApiManager: The service for b0i0 is not available: hof{statusCode=SERVICE_MISSING, resolution=null, message=null, clientMethodKey=null}
1788680505.965 10303 11002 11135 W GooglePlayServicesUtil: com.openai.chatgpt requires Google Play services, but they are missing.
1788680505.966 10303 11002 11135 W GoogleApiManager: The service for jbg0 is not available: hof{statusCode=SERVICE_MISSING, resolution=null, message=null, clientMethodKey=null}
1788680505.969 10303 11002 11135 W GooglePlayServicesUtil: com.openai.chatgpt requires Google Play services, but they are missing.
1788680505.970 10303 11002 11135 W GoogleApiManager: The service for jbg0 is not available: hof{statusCode=SERVICE_MISSING, resolution=null, message=null, clientMethodKey=null}
1788680506.019 10303 11002 11023 W om.unique:vapp1: Method void dkd.a(java.lang.String, bkd, isb) failed lock verification and will run slower.
1788680506.019 10303 11002 11023 W om.unique:vapp1: Common causes for lock verification issues are non-optimized dex code
1788680506.019 10303 11002 11023 W om.unique:vapp1: and incorrect proguard optimizations.
1788680506.025 10303 11002 11023 W om.unique:vapp1: Method java.lang.Object k8e.q(java.lang.String, rqc, rsg) failed lock verification and will run slower.
1788680506.209 10303 11002 11153 D Unique  : 2026-09-06 14:41:46.207 D PROCESS u1 com.openai.chatgpt SERVICE_INTENT_CROSS_APP action=com.google.android.play.core.expressintegrityservice.BIND_EXPRESS_INTEGRITY_SERVICE target=com.android.vending
1788680506.210 10303 11002 11153 D Unique  : 2026-09-06 14:41:46.209 D PROCESS u1 com.openai.chatgpt SERVICE_CONNECTION_WRAPPED connection=zvx
1788680506.349 10303 11002 11111 W statsig::Http: java.io.InterruptedIOException: timeout
1788680506.454 10303 11002 11136 W statsig::Http: java.io.InterruptedIOException: timeout
1788680507.390 10303 11002 11030 W Metadata: Failed to find package android.content.pm.PackageManager$NameNotFoundException: com.google.android.gms
1788680507.392 10303 11002 11030 W Metadata: Failed to resolve IID implementation package, falling back
1788680507.516 10303 11002 11051 D Unique  : 2026-09-06 14:41:47.515 D PROCESS u1 com.openai.chatgpt PERMISSION_CHECK permission=android.permission.ACCESS_NETWORK_STATE result=GRANTED
1788680507.517 10303 11002 11061 D Unique  : 2026-09-06 14:41:47.515 D PROCESS u1 com.openai.chatgpt PERMISSION_CHECK permission=android.permission.ACCESS_NETWORK_STATE result=GRANTED
1788680507.518 10303 11002 11055 D Unique  : 2026-09-06 14:41:47.514 D PROCESS u1 com.openai.chatgpt PERMISSION_CHECK permission=android.permission.ACCESS_NETWORK_STATE result=GRANTED
1788680507.521 10303 11002 11053 D Unique  : 2026-09-06 14:41:47.520 D PROCESS u1 com.openai.chatgpt PERMISSION_CHECK permission=android.permission.ACCESS_NETWORK_STATE result=GRANTED
1788680507.521 10303 11002 11182 D Unique  : 2026-09-06 14:41:47.521 D PROCESS u1 com.openai.chatgpt PERMISSION_CHECK permission=android.permission.ACCESS_NETWORK_STATE result=GRANTED
1788680507.522 10303 11002 11181 D Unique  : 2026-09-06 14:41:47.521 D PROCESS u1 com.openai.chatgpt PERMISSION_CHECK permission=android.permission.ACCESS_NETWORK_STATE result=GRANTED
1788680507.525 10303 11002 11180 D Unique  : 2026-09-06 14:41:47.524 D PROCESS u1 com.openai.chatgpt PERMISSION_CHECK permission=android.permission.ACCESS_NETWORK_STATE result=GRANTED
1788680508.711 10303 11002 11076 E om.unique:vapp1: DynamicFPS DF open fail: No such file or directory
1788680509.615 10303 11002 11094 D Unique  : 2026-09-06 14:41:49.614 D PROCESS u1 com.openai.chatgpt SERVICE_INTENT_CROSS_APP action=com.google.android.play.core.install.BIND_UPDATE_SERVICE target=com.android.vending
1788680509.616 10303 11002 11094 D Unique  : 2026-09-06 14:41:49.615 D PROCESS u1 com.openai.chatgpt SERVICE_CONNECTION_WRAPPED connection=zvx
1788680509.623 10303 11002 11048 I Unique  : 2026-09-06 14:41:49.620 I PROCESS u1 com.openai.chatgpt COMPONENT_STATE_SET package=com.openai.chatgpt vuid=1 component=com.openai.feature.notification.impl.AppUpdateReceiver state=1
1788680509.632 10303 11002 11044 W GooglePlayServicesUtil: com.openai.chatgpt requires Google Play services, but they are missing.
1788680509.635 10303 11002 11196 W GooglePlayServicesUtil: com.openai.chatgpt requires Google Play services, but they are missing.
1788680509.640 10303 11002 11196 E GooglePlayServicesUtil: GooglePlayServices not available due to error 1
1788680509.640 10303 11002 11135 W GooglePlayServicesUtil: com.openai.chatgpt requires Google Play services, but they are missing.
1788680509.644 10303 11002 11135 W GoogleApiManager: The service for jbg0 is not available: hof{statusCode=SERVICE_MISSING, resolution=null, message=null, clientMethodKey=null}
1788680509.648 10303 11002 11135 W GooglePlayServicesUtil: com.openai.chatgpt requires Google Play services, but they are missing.
1788680509.651 10303 11002 11135 W GoogleApiManager: The service for jbg0 is not available: hof{statusCode=SERVICE_MISSING, resolution=null, message=null, clientMethodKey=null}
1788680509.661 10303 11002 11135 W GoogleApiManager: The service for jbg0 is not available: hof{statusCode=SERVICE_MISSING, resolution=null, message=null, clientMethodKey=null}
1788680509.668 10303 11002 11180 D Unique  : 2026-09-06 14:41:49.666 D PROCESS u1 com.openai.chatgpt PERMISSION_CHECK permission=android.permission.ACCESS_NETWORK_STATE result=GRANTED
1788680509.701 10303 11002 11180 D Unique  : 2026-09-06 14:41:49.700 D PROCESS u1 com.openai.chatgpt PERMISSION_CHECK permission=android.permission.ACCESS_NETWORK_STATE result=GRANTED
1788680509.759 10303 11002 11198 E om.unique:vapp1: Failed to open APK '/data/resource-cache/com.android.systemui-neutral-vSDz.frro': Invalid file
1788680509.762 10303 11002 11198 W AssetManager: Failed to load asset, key = ApkKey[lib: /data/resource-cache/com.android.systemui-neutral-vSDz.frro]
1788680509.762 10303 11002 11198 W AssetManager: java.io.IOException: Failed to load asset path /data/resource-cache/com.android.systemui-neutral-vSDz.frro
1788680509.762 10303 11002 11198 W AssetManager: 	at android.content.res.ApkAssets.nativeLoad(Native Method)
1788680509.762 10303 11002 11198 W AssetManager: 	at android.content.res.ApkAssets.<init>(ApkAssets.java:303)
1788680509.762 10303 11002 11198 W AssetManager: 	at android.content.res.ApkAssets.loadFromPath(ApkAssets.java:152)
1788680509.762 10303 11002 11198 W AssetManager: 	at android.app.ResourcesManager.loadApkAssets(ResourcesManager.java:607)
1788680509.762 10303 11002 11198 W AssetManager: 	at android.content.res.AssetManager.loadAssets(AssetManager.java:596)
1788680509.762 10303 11002 11198 W AssetManager: 	at android.content.res.AssetManager.addAssetPathInternal(AssetManager.java:542)
1788680509.762 10303 11002 11198 W AssetManager: 	at android.content.res.AssetManager.addAssetPathAsSharedLibrary(AssetManager.java:488)
1788680509.762 10303 11002 11198 W AssetManager: 	at android.webkit.WebViewFactory.getProviderClass(WebViewFactory.java:558)
1788680509.762 10303 11002 11198 W AssetManager: 	at android.webkit.WebViewFactory.getProvider(WebViewFactory.java:362)
1788680509.762 10303 11002 11198 W AssetManager: 	at android.webkit.WebView.getFactory(WebView.java:2621)
1788680509.762 10303 11002 11198 W AssetManager: 	at android.webkit.WebView.getWebViewClassLoader(WebView.java:2406)
1788680509.762 10303 11002 11198 W AssetManager: 	at cx0.k(r8-map-id-b66f4a19bf5703a6754d09897c3fb096aa12c72988c76210c12309a8ee4b2cc5:1)
1788680509.762 10303 11002 11198 W AssetManager: 	at co60.g(dex-id-1ef026ccdf1c8a6b9733ced714c53421e7bae790:7)
1788680509.762 10303 11002 11198 W AssetManager: 	at ol3.run(r8-map-id-b66f4a19bf5703a6754d09897c3fb096aa12c72988c76210c12309a8ee4b2cc5:43)
1788680509.762 10303 11002 11198 W AssetManager: 	at ol3.run(r8-map-id-b66f4a19bf5703a6754d09897c3fb096aa12c72988c76210c12309a8ee4b2cc5:20)
1788680509.762 10303 11002 11198 W AssetManager: 	at java.util.concurrent.ThreadPoolExecutor.runWorker(ThreadPoolExecutor.java:1100)
1788680509.762 10303 11002 11198 W AssetManager: 	at java.util.concurrent.ThreadPoolExecutor$Worker.run(ThreadPoolExecutor.java:624)
1788680509.762 10303 11002 11198 W AssetManager: 	at java.lang.Thread.run(Thread.java:1572)
1788680509.763 10303 11002 11198 E om.unique:vapp1: Failed to open APK '/data/resource-cache/com.android.systemui-accent-m9sI.frro': Invalid file
1788680509.764 10303 11002 11198 W AssetManager: Failed to load asset, key = ApkKey[lib: /data/resource-cache/com.android.systemui-accent-m9sI.frro]
1788680509.764 10303 11002 11198 W AssetManager: java.io.IOException: Failed to load asset path /data/resource-cache/com.android.systemui-accent-m9sI.frro
1788680509.764 10303 11002 11198 W AssetManager: 	at android.content.res.ApkAssets.nativeLoad(Native Method)
1788680509.764 10303 11002 11198 W AssetManager: 	at android.content.res.ApkAssets.<init>(ApkAssets.java:303)
1788680509.764 10303 11002 11198 W AssetManager: 	at android.content.res.ApkAssets.loadFromPath(ApkAssets.java:152)
1788680509.764 10303 11002 11198 W AssetManager: 	at android.app.ResourcesManager.loadApkAssets(ResourcesManager.java:607)
1788680509.764 10303 11002 11198 W AssetManager: 	at android.content.res.AssetManager.loadAssets(AssetManager.java:596)
1788680509.764 10303 11002 11198 W AssetManager: 	at android.content.res.AssetManager.addAssetPathInternal(AssetManager.java:542)
1788680509.764 10303 11002 11198 W AssetManager: 	at android.content.res.AssetManager.addAssetPathAsSharedLibrary(AssetManager.java:488)
1788680509.764 10303 11002 11198 W AssetManager: 	at android.webkit.WebViewFactory.getProviderClass(WebViewFactory.java:558)
1788680509.764 10303 11002 11198 W AssetManager: 	at android.webkit.WebViewFactory.getProvider(WebViewFactory.java:362)
1788680509.764 10303 11002 11198 W AssetManager: 	at android.webkit.WebView.getFactory(WebView.java:2621)
1788680509.764 10303 11002 11198 W AssetManager: 	at android.webkit.WebView.getWebViewClassLoader(WebView.java:2406)
1788680509.764 10303 11002 11198 W AssetManager: 	at cx0.k(r8-map-id-b66f4a19bf5703a6754d09897c3fb096aa12c72988c76210c12309a8ee4b2cc5:1)
1788680509.764 10303 11002 11198 W AssetManager: 	at co60.g(dex-id-1ef026ccdf1c8a6b9733ced714c53421e7bae790:7)
1788680509.764 10303 11002 11198 W AssetManager: 	at ol3.run(r8-map-id-b66f4a19bf5703a6754d09897c3fb096aa12c72988c76210c12309a8ee4b2cc5:43)
1788680509.764 10303 11002 11198 W AssetManager: 	at ol3.run(r8-map-id-b66f4a19bf5703a6754d09897c3fb096aa12c72988c76210c12309a8ee4b2cc5:20)
1788680509.764 10303 11002 11198 W AssetManager: 	at java.util.concurrent.ThreadPoolExecutor.runWorker(ThreadPoolExecutor.java:1100)
1788680509.764 10303 11002 11198 W AssetManager: 	at java.util.concurrent.ThreadPoolExecutor$Worker.run(ThreadPoolExecutor.java:624)
1788680509.764 10303 11002 11198 W AssetManager: 	at java.lang.Thread.run(Thread.java:1572)
1788680509.764 10303 11002 11198 E om.unique:vapp1: Failed to open APK '/data/resource-cache/com.android.systemui-dynamic-gTnv.frro': Invalid file
1788680509.765 10303 11002 11198 W AssetManager: Failed to load asset, key = ApkKey[lib: /data/resource-cache/com.android.systemui-dynamic-gTnv.frro]
1788680509.765 10303 11002 11198 W AssetManager: java.io.IOException: Failed to load asset path /data/resource-cache/com.android.systemui-dynamic-gTnv.frro
1788680509.765 10303 11002 11198 W AssetManager: 	at android.content.res.ApkAssets.nativeLoad(Native Method)
1788680509.765 10303 11002 11198 W AssetManager: 	at android.content.res.ApkAssets.<init>(ApkAssets.java:303)
1788680509.765 10303 11002 11198 W AssetManager: 	at android.content.res.ApkAssets.loadFromPath(ApkAssets.java:152)
1788680509.765 10303 11002 11198 W AssetManager: 	at android.app.ResourcesManager.loadApkAssets(ResourcesManager.java:607)
1788680509.765 10303 11002 11198 W AssetManager: 	at android.content.res.AssetManager.loadAssets(AssetManager.java:596)
1788680509.765 10303 11002 11198 W AssetManager: 	at android.content.res.AssetManager.addAssetPathInternal(AssetManager.java:542)
1788680509.765 10303 11002 11198 W AssetManager: 	at android.content.res.AssetManager.addAssetPathAsSharedLibrary(AssetManager.java:488)
1788680509.765 10303 11002 11198 W AssetManager: 	at android.webkit.WebViewFactory.getProviderClass(WebViewFactory.java:558)
1788680509.765 10303 11002 11198 W AssetManager: 	at android.webkit.WebViewFactory.getProvider(WebViewFactory.java:362)
1788680509.765 10303 11002 11198 W AssetManager: 	at android.webkit.WebView.getFactory(WebView.java:2621)
1788680509.765 10303 11002 11198 W AssetManager: 	at android.webkit.WebView.getWebViewClassLoader(WebView.java:2406)
1788680509.765 10303 11002 11198 W AssetManager: 	at cx0.k(r8-map-id-b66f4a19bf5703a6754d09897c3fb096aa12c72988c76210c12309a8ee4b2cc5:1)
1788680509.765 10303 11002 11198 W AssetManager: 	at co60.g(dex-id-1ef026ccdf1c8a6b9733ced714c53421e7bae790:7)
1788680509.765 10303 11002 11198 W AssetManager: 	at ol3.run(r8-map-id-b66f4a19bf5703a6754d09897c3fb096aa12c72988c76210c12309a8ee4b2cc5:43)
1788680509.765 10303 11002 11198 W AssetManager: 	at ol3.run(r8-map-id-b66f4a19bf5703a6754d09897c3fb096aa12c72988c76210c12309a8ee4b2cc5:20)
1788680509.765 10303 11002 11198 W AssetManager: 	at java.util.concurrent.ThreadPoolExecutor.runWorker(ThreadPoolExecutor.java:1100)
1788680509.765 10303 11002 11198 W AssetManager: 	at java.util.concurrent.ThreadPoolExecutor$Worker.run(ThreadPoolExecutor.java:624)
1788680509.765 10303 11002 11198 W AssetManager: 	at java.lang.Thread.run(Thread.java:1572)
1788680509.767 10303 11002 11198 D ApplicationLoaders: Returning zygote-cached class loader: /system/framework/android.test.base.jar
1788680509.767 10303 11002 11198 D ApplicationLoaders: Returning zygote-cached class loader: /system_ext/framework/androidx.window.extensions.jar
1788680509.785 10303 11002 11198 I UniqueNative: io_redirect installed: 0 slot(s) in 3/410 libraries (10 total), 8 rule(s), page size 4096
1788680509.854 10303 11002 11053 D Unique  : 2026-09-06 14:41:49.853 D PROCESS u1 com.openai.chatgpt PERMISSION_CHECK permission=android.permission.ACCESS_NETWORK_STATE result=GRANTED
1788680509.929 10303 11002 11198 D nativeloader: Configuring clns-9 for other apk /data/app/~~Px77FaHZaD3CkeQcYe3ztQ==/com.google.android.webview-cV2_JqtEoGZZQQIXt-WAiw==/base.apk. target_sdk_version=36, uses_libraries=, library_path=/data/app/~~Px77FaHZaD3CkeQcYe3ztQ==/com.google.android.webview-cV2_JqtEoGZZQQIXt-WAiw==/lib/arm64:/data/app/~~Px77FaHZaD3CkeQcYe3ztQ==/com.google.android.webview-cV2_JqtEoGZZQQIXt-WAiw==/base.apk!/lib/arm64-v8a, permitted_path=/data:/mnt/expand
1788680510.052 10303 11002 11002 D Unique  : 2026-09-06 14:41:50.050 D PROCESS u1 com.openai.chatgpt PERMISSION_CHECK permission=android.permission.POST_NOTIFICATIONS result=DENIED
1788680510.053 10303 11002 11198 I UniqueNative: io_redirect installed: 0 slot(s) in 3/411 libraries (10 total), 8 rule(s), page size 4096
1788680510.053 10303 11002 11198 D nativeloader: Load /data/app/~~Px77FaHZaD3CkeQcYe3ztQ==/com.google.android.webview-cV2_JqtEoGZZQQIXt-WAiw==/base.apk!/lib/arm64-v8a/libwebviewchromium.so using class loader ns clns-9 (caller=/data/app/~~Px77FaHZaD3CkeQcYe3ztQ==/com.google.android.webview-cV2_JqtEoGZZQQIXt-WAiw==/base.apk): ok
1788680510.069 10303 11002 11153 D Unique  : 2026-09-06 14:41:50.068 D PROCESS u1 com.openai.chatgpt SERVICE_INTENT_CROSS_APP action=com.google.android.play.core.expressintegrityservice.BIND_EXPRESS_INTEGRITY_SERVICE target=com.android.vending
1788680510.070 10303 11002 11153 D Unique  : 2026-09-06 14:41:50.069 D PROCESS u1 com.openai.chatgpt SERVICE_CONNECTION_WRAPPED connection=zvx
1788680510.070 10303 11002 11198 I UniqueNative: io_redirect installed: 0 slot(s) in 3/411 libraries (10 total), 8 rule(s), page size 4096
1788680510.071 10303 11002 11198 D nativeloader: Load /system/lib64/libwebviewchromium_plat_support.so using class loader ns clns-9 (caller=/data/app/~~Px77FaHZaD3CkeQcYe3ztQ==/com.google.android.webview-cV2_JqtEoGZZQQIXt-WAiw==/base.apk): ok
1788680510.116 10303 11002 11002 D Unique  : 2026-09-06 14:41:50.115 D PROCESS u1 com.openai.chatgpt PERMISSION_CHECK permission=android.permission.POST_NOTIFICATIONS result=DENIED
1788680510.171 10303 11002 11002 D Unique  : 2026-09-06 14:41:50.169 D PROCESS u1 com.openai.chatgpt PERMISSION_CHECK permission=android.permission.POST_NOTIFICATIONS result=DENIED
1788680510.196 10303 11002 11002 D Unique  : 2026-09-06 14:41:50.195 D PROCESS u1 com.openai.chatgpt PERMISSION_CHECK permission=android.permission.POST_NOTIFICATIONS result=DENIED
1788680510.208 10303 11002 11002 D Unique  : 2026-09-06 14:41:50.207 D PROCESS u1 com.openai.chatgpt PERMISSION_CHECK permission=android.permission.POST_NOTIFICATIONS result=DENIED
1788680510.297 10303 11002 11002 D Unique  : 2026-09-06 14:41:50.296 D PROCESS u1 com.openai.chatgpt PERMISSION_CHECK permission=android.permission.POST_NOTIFICATIONS result=DENIED
1788680510.299 10303 11002 11002 D Unique  : 2026-09-06 14:41:50.299 D PROCESS u1 com.openai.chatgpt PERMISSION_CHECK permission=android.permission.POST_NOTIFICATIONS result=DENIED
1788680510.370 10303 11002 11002 D Unique  : 2026-09-06 14:41:50.369 D PROCESS u1 com.openai.chatgpt PERMISSION_CHECK permission=android.permission.POST_NOTIFICATIONS result=DENIED
1788680510.372 10303 11002 11002 D Unique  : 2026-09-06 14:41:50.372 D PROCESS u1 com.openai.chatgpt PERMISSION_CHECK permission=android.permission.POST_NOTIFICATIONS result=DENIED
1788680510.588 10303 11002 11002 D Unique  : 2026-09-06 14:41:50.587 D PROCESS u1 com.openai.chatgpt PERMISSION_CHECK permission=android.permission.POST_NOTIFICATIONS result=DENIED
1788680510.695 10303 11002 11215 D Unique  : 2026-09-06 14:41:50.694 D PROCESS u1 com.openai.chatgpt SERVICE_CONNECTION_WRAPPED connection=WV.nv
1788680510.703 10303 11002 11215 D Unique  : 2026-09-06 14:41:50.702 D PROCESS u1 com.openai.chatgpt SERVICE_CONNECTION_WRAPPED connection=WV.nv
1788680510.822 10303 11002 11076 E om.unique:vapp1: FrameInsert open fail: No such file or directory
1788680510.833 10303 11002 11153 D Unique  : 2026-09-06 14:41:50.832 D PROCESS u1 com.openai.chatgpt SERVICE_INTENT_CROSS_APP action=com.google.android.play.core.expressintegrityservice.BIND_EXPRESS_INTEGRITY_SERVICE target=com.android.vending
1788680510.833 10303 11002 11153 D Unique  : 2026-09-06 14:41:50.833 D PROCESS u1 com.openai.chatgpt SERVICE_CONNECTION_WRAPPED connection=zvx
1788680510.991 10303 11002 11002 W WindowOnBackDispatcher: OnBackInvokedCallback is not enabled for the application.
1788680510.991 10303 11002 11002 W WindowOnBackDispatcher: Set 'android:enableOnBackInvokedCallback="true"' in the application manifest.
1788680510.997 10303 11002 11076 W libc    : Access denied finding property "ro.vendor.display.iris_x7.support"
1788680511.173 10303 11002 11076 W libc    : Access denied finding property "ro.vendor.display.iris_x7.support"
1788680511.212 10303 11002 11002 W cr_PlatformSer-Internal: Unable to find GMS package on device
1788680511.309 10303 11002 11002 D Unique  : 2026-09-06 14:41:51.308 D LAUNCH u1 com.openai.chatgpt NO_LAUNCH_ITEM transaction=android.app.servertransaction.ClientTransaction shape=CREATOR: mActivityCallbacks:[WindowStateInsetsControlChangeItem] mActivityToken:null mClient:null mLifecycleStateRequest:null mTransactionItems:[WindowStateInsetsControlChangeItem] seen=5
1788680511.311 10303 11002 11002 D Unique  : 2026-09-06 14:41:51.310 D LAUNCH u1 com.openai.chatgpt NO_LAUNCH_ITEM transaction=android.app.servertransaction.ClientTransaction shape=CREATOR: mActivityCallbacks:[WindowStateInsetsControlChangeItem] mActivityToken:null mClient:null mLifecycleStateRequest:null mTransactionItems:[WindowStateInsetsControlChangeItem] seen=6
1788680511.389 10303 11002 11002 D Unique  : 2026-09-06 14:41:51.389 D PROCESS u1 com.openai.chatgpt PERMISSION_CHECK permission=android.permission.INTERNET result=GRANTED
1788680511.439 10303 11002 11002 D Unique  : 2026-09-06 14:41:51.437 D LAUNCH u1 com.openai.chatgpt NO_LAUNCH_ITEM transaction=android.app.servertransaction.ClientTransaction shape=CREATOR: mActivityCallbacks:[WindowStateResizeItem|WindowStateResizeItem] mActivityToken:null mClient:null mLifecycleStateRequest:null mTransactionItems:[WindowStateResizeItem|WindowStateResizeItem] seen=7
1788680511.442 10303 11002 11002 D Unique  : 2026-09-06 14:41:51.441 D LAUNCH u1 com.openai.chatgpt NO_LAUNCH_ITEM transaction=android.app.servertransaction.ClientTransaction shape=CREATOR: mActivityCallbacks:[WindowStateResizeItem|WindowStateResizeItem] mActivityToken:null mClient:null mLifecycleStateRequest:null mTransactionItems:[WindowStateResizeItem|WindowStateResizeItem] seen=8
1788680511.452 10303  9702  9710 W Unique  : 2026-09-06 14:41:51.451 W PROCESS PROVIDER_ROUTE_UNKNOWN vuid=1 authority=[redacted]
1788680511.536 10303 11002 11002 W InteractionJankMonitor: Initializing without READ_DEVICE_CONFIG permission. enabled=false, interval=1, missedFrameThreshold=3, frameTimeThreshold=64, package=com.openai.chatgpt
1788680511.539 10303 11002 11002 W RemoteInputConnectionImpl: requestCursorUpdates on inactive InputConnection
1788680511.566 10303 11002 11008 W om.unique:vapp1: Missing inline cache for java.lang.Object hv50.invoke(java.lang.Object)
1788680511.569 10303 11002 11002 D Unique  : 2026-09-06 14:41:51.567 D LAUNCH u1 com.openai.chatgpt NO_LAUNCH_ITEM transaction=android.app.servertransaction.ClientTransaction shape=CREATOR: mActivityCallbacks:[WindowStateInsetsControlChangeItem] mActivityToken:null mClient:null mLifecycleStateRequest:null mTransactionItems:[WindowStateInsetsControlChangeItem] seen=9
1788680511.579 10303 11002 11002 D Unique  : 2026-09-06 14:41:51.578 D LAUNCH u1 com.openai.chatgpt NO_LAUNCH_ITEM transaction=android.app.servertransaction.ClientTransaction shape=CREATOR: mActivityCallbacks:[WindowStateInsetsControlChangeItem] mActivityToken:null mClient:null mLifecycleStateRequest:null mTransactionItems:[WindowStateInsetsControlChangeItem] seen=10
1788680511.633 10303 11002 11118 D Unique  : 2026-09-06 14:41:51.632 D PROCESS u1 com.openai.chatgpt PERMISSION_CHECK permission=android.permission.ACCESS_FINE_LOCATION result=DENIED
1788680511.638 10303 11002 11118 D Unique  : 2026-09-06 14:41:51.634 D PROCESS u1 com.openai.chatgpt PERMISSION_CHECK permission=android.permission.ACCESS_COARSE_LOCATION result=DENIED
1788680511.797 10303 11002 11268 W libc    : Access denied finding property "vendor.camera.aux.packagelist"
1788680511.798 10303 11002 11268 W libc    : Access denied finding property "vendor.camera.aux.packagelistext"
1788680511.798 10303 11002 11268 W CameraExtImplXiaoMi: ignore the status update of camera: 2
1788680511.798 10303 11002 11268 W libc    : Access denied finding property "vendor.camera.aux.packagelist"
1788680511.798 10303 11002 11268 W libc    : Access denied finding property "vendor.camera.aux.packagelistext"
1788680511.798 10303 11002 11268 W CameraExtImplXiaoMi: ignore the status update of camera: 3
1788680511.799 10303 11002 11268 W libc    : Access denied finding property "vendor.camera.aux.packagelist"
1788680511.799 10303 11002 11268 W libc    : Access denied finding property "vendor.camera.aux.packagelistext"
1788680511.799 10303 11002 11268 W CameraExtImplXiaoMi: ignore the status update of camera: 4
1788680511.800 10303 11002 11014 W om.unique:vapp1: Long monitor contention with owner ThreadPoolSingl (11268) at void android.hardware.camera2.CameraManager$CameraManagerGlobal.registerAvailabilityCallback(android.hardware.camera2.CameraManager$AvailabilityCallback, java.util.concurrent.Executor, boolean, int, int)(CameraManager.java:3221) waiters=0 in void android.hardware.camera2.CameraManager$CameraManagerGlobal.onTorchStatusChanged(int, java.lang.String, int) for 363ms
1788680511.800 10303 11002 11014 W om.unique:vapp1: PerfMonitor async binderTransact :  time=363ms interface=android.hardware.ICameraServiceListener code=3
1788680511.801 10303 11002 11014 W libc    : Access denied finding property "vendor.camera.aux.packagelist"
1788680511.801 10303 11002 11014 W libc    : Access denied finding property "vendor.camera.aux.packagelistext"
1788680511.801 10303 11002 11014 W CameraManagerGlobal: ignore the torch status update of camera: 2
1788680511.801 10303 11002 11014 W libc    : Access denied finding property "vendor.camera.aux.packagelist"
1788680511.801 10303 11002 11014 W libc    : Access denied finding property "vendor.camera.aux.packagelistext"
1788680511.801 10303 11002 11014 W CameraManagerGlobal: ignore the torch status update of camera: 3
1788680511.801 10303 11002 11014 W libc    : Access denied finding property "vendor.camera.aux.packagelist"
1788680511.801 10303 11002 11014 W libc    : Access denied finding property "vendor.camera.aux.packagelistext"
1788680511.801 10303 11002 11014 W CameraManagerGlobal: ignore the torch status update of camera: 4
1788680511.953 10303 11002 11294 W Unique  : 2026-09-06 14:41:51.952 W PROCESS u1 com.openai.chatgpt SERVICE_INTENT_IMPLICIT action=com.google.firebase.MESSAGING_EVENT package=com.openai.chatgpt matches=2
1788680511.953 10303 11002 11294 D Unique  : 2026-09-06 14:41:51.953 D PROCESS u1 com.openai.chatgpt SERVICE_CONNECTION_WRAPPED connection=okf0
1788680511.957 10303 11002 11294 E FirebaseMessaging: Exception while binding the service
1788680511.957 10303 11002 11294 E FirebaseMessaging: java.lang.SecurityException: Not allowed to bind to service Intent { act=com.google.firebase.MESSAGING_EVENT pkg=com.openai.chatgpt }
1788680511.957 10303 11002 11294 E FirebaseMessaging: 	at android.app.ContextImpl.bindServiceCommon(ContextImpl.java:2195)
1788680511.957 10303 11002 11294 E FirebaseMessaging: 	at android.app.ContextImpl.bindService(ContextImpl.java:2052)
1788680511.957 10303 11002 11294 E FirebaseMessaging: 	at android.content.ContextWrapper.bindService(ContextWrapper.java:900)
1788680511.957 10303 11002 11294 E FirebaseMessaging: 	at xof.c(r8-map-id-b66f4a19bf5703a6754d09897c3fb096aa12c72988c76210c12309a8ee4b2cc5:97)
1788680511.957 10303 11002 11294 E FirebaseMessaging: 	at okf0.a(r8-map-id-b66f4a19bf5703a6754d09897c3fb096aa12c72988c76210c12309a8ee4b2cc5:88)
1788680511.957 10303 11002 11294 E FirebaseMessaging: 	at okf0.b(r8-map-id-b66f4a19bf5703a6754d09897c3fb096aa12c72988c76210c12309a8ee4b2cc5:49)
1788680511.957 10303 11002 11294 E FirebaseMessaging: 	at t2j.a(r8-map-id-b66f4a19bf5703a6754d09897c3fb096aa12c72988c76210c12309a8ee4b2cc5:97)
1788680511.957 10303 11002 11294 E FirebaseMessaging: 	at t2j.s(r8-map-id-b66f4a19bf5703a6754d09897c3fb096aa12c72988c76210c12309a8ee4b2cc5:64)
1788680511.957 10303 11002 11294 E FirebaseMessaging: 	at f6p.then(r8-map-id-b66f4a19bf5703a6754d09897c3fb096aa12c72988c76210c12309a8ee4b2cc5:147)
1788680511.957 10303 11002 11294 E FirebaseMessaging: 	at edi0.run(r8-map-id-b66f4a19bf5703a6754d09897c3fb096aa12c72988c76210c12309a8ee4b2cc5:26)
1788680511.957 10303 11002 11294 E FirebaseMessaging: 	at java.util.concurrent.ThreadPoolExecutor.runWorker(ThreadPoolExecutor.java:1100)
1788680511.957 10303 11002 11294 E FirebaseMessaging: 	at java.util.concurrent.ThreadPoolExecutor$Worker.run(ThreadPoolExecutor.java:624)
1788680511.957 10303 11002 11294 E FirebaseMessaging: 	at gt0.run(r8-map-id-b66f4a19bf5703a6754d09897c3fb096aa12c72988c76210c12309a8ee4b2cc5:17)
1788680511.957 10303 11002 11294 E FirebaseMessaging: 	at java.lang.Thread.run(Thread.java:1572)
1788680512.078 10303 11002 11270 E CameraInjector: getResultFromProvider: Attempt to invoke virtual method 'java.io.File android.content.Context.getCacheDir()' on a null object reference
1788680512.078 10303 11002 11270 E CameraInjector: updateCloudCameraControllerInfoAsync: latch count down error
1788680512.115 10303 11002 11002 D Unique  : 2026-09-06 14:41:52.113 D LAUNCH u1 com.openai.chatgpt NO_LAUNCH_ITEM transaction=android.app.servertransaction.ClientTransaction shape=CREATOR: mActivityCallbacks:[WindowStateResizeItem|WindowStateResizeItem] mActivityToken:null mClient:null mLifecycleStateRequest:null mTransactionItems:[WindowStateResizeItem|WindowStateResizeItem] seen=11
1788680512.132 10303 11002 11002 D Unique  : 2026-09-06 14:41:52.124 D LAUNCH u1 com.openai.chatgpt NO_LAUNCH_ITEM transaction=android.app.servertransaction.ClientTransaction shape=CREATOR: mActivityCallbacks:[WindowStateResizeItem|WindowStateResizeItem] mActivityToken:null mClient:null mLifecycleStateRequest:null mTransactionItems:[WindowStateResizeItem|WindowStateResizeItem] seen=12
1788680513.367 10303 11002 11239 D Unique  : 2026-09-06 14:41:53.367 D PROCESS u1 com.openai.chatgpt SERVICE_CONNECTION_WRAPPED connection=WV.xx2
1788680513.378 10303 11002 11239 D Unique  : 2026-09-06 14:41:53.378 D PROCESS u1 com.openai.chatgpt SERVICE_CONNECTION_WRAPPED connection=WV.ne
1788680514.127 10303 11002 11002 W MirrorManager: this model don't Support
1788680514.205 10303 11002 11002 D Unique  : 2026-09-06 14:41:54.204 D PROCESS u1 com.openai.chatgpt PERMISSION_CHECK permission=android.permission.POST_NOTIFICATIONS result=DENIED
1788680514.249 10303 11002 11153 D Unique  : 2026-09-06 14:41:54.248 D PROCESS u1 com.openai.chatgpt SERVICE_INTENT_CROSS_APP action=com.google.android.play.core.expressintegrityservice.BIND_EXPRESS_INTEGRITY_SERVICE target=com.android.vending
1788680514.251 10303 11002 11153 D Unique  : 2026-09-06 14:41:54.249 D PROCESS u1 com.openai.chatgpt SERVICE_CONNECTION_WRAPPED connection=zvx
1788680514.278 10303 11002 11002 D Unique  : 2026-09-06 14:41:54.278 D LAUNCH u1 com.openai.chatgpt ACTIVITY_INTENT_ROUTED activity=com.openai.feature.auth.impl.web.WebAuthenticationActivity stub=com.unique.stub.ActivityStub_p1_m2_a0 launchMode=2
1788680514.311 10303 11002 11002 D Unique  : 2026-09-06 14:41:54.311 D LAUNCH u1 com.openai.chatgpt NO_LAUNCH_ITEM transaction=android.app.servertransaction.ClientTransaction shape=CREATOR: mActivityCallbacks:[TopResumedActivityChangeItem] mActivityToken:BinderProxy mClient:null mLifecycleStateRequest:PauseActivityItem mTransactionItems:[TopResumedActivityChangeItem|PauseActivityItem] seen=13
1788680514.401 10303 11002 11002 I Unique  : 2026-09-06 14:41:54.400 I LAUNCH u1 com.openai.chatgpt TRANSACTION_REWRITTEN package=com.openai.chatgpt activity=com.openai.feature.auth.impl.web.WebAuthenticationActivity vuid=1 item=LaunchActivityItem theme=16973840
1788680514.401 10303 11002 11002 I ActivityThread: HardwareRenderer preload  done
1788680514.404 10303 11002 11002 I Unique  : 2026-09-06 14:41:54.404 I LAUNCH u1 com.openai.chatgpt ACTIVITY_HARDWARE_ACCELERATED activity=com.openai.feature.auth.impl.web.WebAuthenticationActivity fromActivityInfo=false applied=true
1788680514.419 10303 11002 11002 D Unique  : 2026-09-06 14:41:54.418 D PROCESS u1 com.openai.chatgpt SERVICE_INTENT_CROSS_APP action=android.support.customtabs.action.CustomTabsService target=com.android.chrome
1788680514.419 10303 11002 11002 D Unique  : 2026-09-06 14:41:54.419 D PROCESS u1 com.openai.chatgpt SERVICE_CONNECTION_WRAPPED connection=w6f0
1788680514.427 10303 11002 11076 W libc    : Access denied finding property "ro.vendor.display.iris_x7.support"
1788680514.489 10303 11002 11002 I Unique  : 2026-09-06 14:41:54.489 I LAUNCH u1 com.openai.chatgpt ACTIVITY_IMPLICIT_LEFT_GUEST action=android.intent.action.VIEW data=https package=com.openai.chatgpt handledByHost=com.android.chrome detail=no activity of the guest matches; the host's own apps answer this intent, with the host's data
1788680514.580 10303 11002 11040 E WM-SystemJobScheduler: Unable to schedule {WorkSpec: ab7a5b7c-c51e-4ff2-8bf7-49a825af9113}
1788680514.580 10303 11002 11040 E WM-SystemJobScheduler: java.lang.IllegalArgumentException: uid 10303 cannot schedule job in com.openai.chatgpt
1788680514.580 10303 11002 11040 E WM-SystemJobScheduler: 	at android.os.Parcel.createExceptionOrNull(Parcel.java:3259)
1788680514.580 10303 11002 11040 E WM-SystemJobScheduler: 	at android.os.Parcel.createException(Parcel.java:3239)
1788680514.580 10303 11002 11040 E WM-SystemJobScheduler: 	at android.os.Parcel.readException(Parcel.java:3222)
1788680514.580 10303 11002 11040 E WM-SystemJobScheduler: 	at android.os.Parcel.readException(Parcel.java:3164)
1788680514.580 10303 11002 11040 E WM-SystemJobScheduler: 	at android.app.job.IJobScheduler$Stub$Proxy.schedule(IJobScheduler.java:435)
1788680514.580 10303 11002 11040 E WM-SystemJobScheduler: 	at android.app.JobSchedulerImpl.schedule(JobSchedulerImpl.java:87)
1788680514.580 10303 11002 11040 E WM-SystemJobScheduler: 	at a2a0.g(r8-map-id-b66f4a19bf5703a6754d09897c3fb096aa12c72988c76210c12309a8ee4b2cc5:24)
1788680514.580 10303 11002 11040 E WM-SystemJobScheduler: 	at a2a0.c(r8-map-id-b66f4a19bf5703a6754d09897c3fb096aa12c72988c76210c12309a8ee4b2cc5:171)
1788680514.580 10303 11002 11040 E WM-SystemJobScheduler: 	at xp50.b(r8-map-id-b66f4a19bf5703a6754d09897c3fb096aa12c72988c76210c12309a8ee4b2cc5:122)
1788680514.580 10303 11002 11040 E WM-SystemJobScheduler: 	at tpa0.invoke(r8-map-id-b66f4a19bf5703a6754d09897c3fb096aa12c72988c76210c12309a8ee4b2cc5:93)
1788680514.580 10303 11002 11040 E WM-SystemJobScheduler: 	at zo8.run(r8-map-id-b66f4a19bf5703a6754d09897c3fb096aa12c72988c76210c12309a8ee4b2cc5:120)
1788680514.580 10303 11002 11040 E WM-SystemJobScheduler: 	at ih3.run(r8-map-id-b66f4a19bf5703a6754d09897c3fb096aa12c72988c76210c12309a8ee4b2cc5:79)
1788680514.580 10303 11002 11040 E WM-SystemJobScheduler: 	at java.util.concurrent.ThreadPoolExecutor.runWorker(ThreadPoolExecutor.java:1100)
1788680514.580 10303 11002 11040 E WM-SystemJobScheduler: 	at java.util.concurrent.ThreadPoolExecutor$Worker.run(ThreadPoolExecutor.java:624)
1788680514.580 10303 11002 11040 E WM-SystemJobScheduler: 	at java.lang.Thread.run(Thread.java:1572)
1788680514.587 10303 11002 11040 I Unique  : 2026-09-06 14:41:54.585 I PROCESS u1 com.openai.chatgpt COMPONENT_STATE_SET package=com.openai.chatgpt vuid=1 component=androidx.work.impl.background.systemalarm.RescheduleReceiver state=1
1788680517.592 10303 11002 11002 D Unique  : 2026-09-06 14:41:57.591 D PROCESS u1 com.openai.chatgpt PERMISSION_CHECK permission=android.permission.POST_NOTIFICATIONS result=DENIED
1788680517.607 10303 11002 11094 D Unique  : 2026-09-06 14:41:57.601 D PROCESS u1 com.openai.chatgpt SERVICE_INTENT_CROSS_APP action=com.google.android.play.core.install.BIND_UPDATE_SERVICE target=com.android.vending
1788680517.608 10303 11002 11094 D Unique  : 2026-09-06 14:41:57.607 D PROCESS u1 com.openai.chatgpt SERVICE_CONNECTION_WRAPPED connection=zvx
1788680519.621 10303 11002 11036 I Unique  : 2026-09-06 14:41:59.620 I PROCESS u1 com.openai.chatgpt COMPONENT_STATE_SET package=com.openai.chatgpt vuid=1 component=androidx.work.impl.background.systemalarm.RescheduleReceiver state=2
1788680539.713 10303 11002 11153 D Unique  : 2026-09-06 14:42:19.703 D PROCESS u1 com.openai.chatgpt SERVICE_INTENT_CROSS_APP action=com.google.android.play.core.expressintegrityservice.BIND_EXPRESS_INTEGRITY_SERVICE target=com.android.vending
1788680539.715 10303 11002 11153 D Unique  : 2026-09-06 14:42:19.714 D PROCESS u1 com.openai.chatgpt SERVICE_CONNECTION_WRAPPED connection=zvx
1788680557.474 10303 11002 11094 D Unique  : 2026-09-06 14:42:37.474 D PROCESS u1 com.openai.chatgpt SERVICE_INTENT_CROSS_APP action=com.google.android.play.core.install.BIND_UPDATE_SERVICE target=com.android.vending
1788680557.475 10303 11002 11094 D Unique  : 2026-09-06 14:42:37.474 D PROCESS u1 com.openai.chatgpt SERVICE_CONNECTION_WRAPPED connection=zvx
1788680557.708 10303 11002 11002 W WindowOnBackDispatcher: sendCancelIfRunning: isInProgress=false callback=android.view.ViewRootImpl$$ExternalSyntheticLambda12@209618e
1788680557.721 10303 11002 11040 E WM-SystemJobScheduler: Unable to schedule {WorkSpec: 50158847-8b17-405d-9b37-64b1dabb4f0a}
1788680557.721 10303 11002 11040 E WM-SystemJobScheduler: java.lang.IllegalArgumentException: uid 10303 cannot schedule job in com.openai.chatgpt
1788680557.721 10303 11002 11040 E WM-SystemJobScheduler: 	at android.os.Parcel.createExceptionOrNull(Parcel.java:3259)
1788680557.721 10303 11002 11040 E WM-SystemJobScheduler: 	at android.os.Parcel.createException(Parcel.java:3239)
1788680557.721 10303 11002 11040 E WM-SystemJobScheduler: 	at android.os.Parcel.readException(Parcel.java:3222)
1788680557.721 10303 11002 11040 E WM-SystemJobScheduler: 	at android.os.Parcel.readException(Parcel.java:3164)
1788680557.721 10303 11002 11040 E WM-SystemJobScheduler: 	at android.app.job.IJobScheduler$Stub$Proxy.schedule(IJobScheduler.java:435)
1788680557.721 10303 11002 11040 E WM-SystemJobScheduler: 	at android.app.JobSchedulerImpl.schedule(JobSchedulerImpl.java:87)
1788680557.721 10303 11002 11040 E WM-SystemJobScheduler: 	at a2a0.g(r8-map-id-b66f4a19bf5703a6754d09897c3fb096aa12c72988c76210c12309a8ee4b2cc5:24)
1788680557.721 10303 11002 11040 E WM-SystemJobScheduler: 	at a2a0.c(r8-map-id-b66f4a19bf5703a6754d09897c3fb096aa12c72988c76210c12309a8ee4b2cc5:171)
1788680557.721 10303 11002 11040 E WM-SystemJobScheduler: 	at xp50.b(r8-map-id-b66f4a19bf5703a6754d09897c3fb096aa12c72988c76210c12309a8ee4b2cc5:122)
1788680557.721 10303 11002 11040 E WM-SystemJobScheduler: 	at tpa0.invoke(r8-map-id-b66f4a19bf5703a6754d09897c3fb096aa12c72988c76210c12309a8ee4b2cc5:93)
1788680557.721 10303 11002 11040 E WM-SystemJobScheduler: 	at zo8.run(r8-map-id-b66f4a19bf5703a6754d09897c3fb096aa12c72988c76210c12309a8ee4b2cc5:120)
1788680557.721 10303 11002 11040 E WM-SystemJobScheduler: 	at ih3.run(r8-map-id-b66f4a19bf5703a6754d09897c3fb096aa12c72988c76210c12309a8ee4b2cc5:79)
1788680557.721 10303 11002 11040 E WM-SystemJobScheduler: 	at java.util.concurrent.ThreadPoolExecutor.runWorker(ThreadPoolExecutor.java:1100)
1788680557.721 10303 11002 11040 E WM-SystemJobScheduler: 	at java.util.concurrent.ThreadPoolExecutor$Worker.run(ThreadPoolExecutor.java:624)
1788680557.721 10303 11002 11040 E WM-SystemJobScheduler: 	at java.lang.Thread.run(Thread.java:1572)
1788680557.733 10303 11002 11040 I Unique  : 2026-09-06 14:42:37.732 I PROCESS u1 com.openai.chatgpt COMPONENT_STATE_SET package=com.openai.chatgpt vuid=1 component=androidx.work.impl.background.systemalarm.RescheduleReceiver state=1
1788680557.808 10303 11002 11153 D Unique  : 2026-09-06 14:42:37.806 D PROCESS u1 com.openai.chatgpt SERVICE_INTENT_CROSS_APP action=com.google.android.play.core.expressintegrityservice.BIND_EXPRESS_INTEGRITY_SERVICE target=com.android.vending
1788680557.810 10303 11002 11153 D Unique  : 2026-09-06 14:42:37.809 D PROCESS u1 com.openai.chatgpt SERVICE_CONNECTION_WRAPPED connection=zvx
1788680557.952 10303 11002 11136 W statsig::Http: java.io.InterruptedIOException: timeout
1788680557.958 10303 11002 11111 W statsig::Http: java.io.InterruptedIOException: timeout
1788680558.453 10303 11002 11625 W statsig::Http: java.io.InterruptedIOException: timeout
1788680558.460 10303 11002 11627 W statsig::Http: java.io.InterruptedIOException: timeout
1788680559.198 10303 11002 11153 D Unique  : 2026-09-06 14:42:39.198 D PROCESS u1 com.openai.chatgpt SERVICE_INTENT_CROSS_APP action=com.google.android.play.core.expressintegrityservice.BIND_EXPRESS_INTEGRITY_SERVICE target=com.android.vending
1788680559.199 10303 11002 11153 D Unique  : 2026-09-06 14:42:39.198 D PROCESS u1 com.openai.chatgpt SERVICE_CONNECTION_WRAPPED connection=zvx
1788680559.223 10303 11002 11002 D Unique  : 2026-09-06 14:42:39.223 D LAUNCH u1 com.openai.chatgpt ACTIVITY_INTENT_ROUTED activity=com.openai.feature.auth.impl.web.WebAuthenticationActivity stub=com.unique.stub.ActivityStub_p1_m2_a0 launchMode=2
1788680559.341 10303 11002 11002 I Unique  : 2026-09-06 14:42:39.340 I LAUNCH u1 com.openai.chatgpt TRANSACTION_REWRITTEN package=com.openai.chatgpt activity=com.openai.feature.auth.impl.web.WebAuthenticationActivity vuid=1 item=LaunchActivityItem theme=16973840
1788680559.341 10303 11002 11002 I ActivityThread: HardwareRenderer preload  done
1788680559.346 10303 11002 11002 I Unique  : 2026-09-06 14:42:39.346 I LAUNCH u1 com.openai.chatgpt ACTIVITY_HARDWARE_ACCELERATED activity=com.openai.feature.auth.impl.web.WebAuthenticationActivity fromActivityInfo=false applied=true
1788680559.354 10303 11002 11002 D Unique  : 2026-09-06 14:42:39.354 D PROCESS u1 com.openai.chatgpt SERVICE_INTENT_CROSS_APP action=android.support.customtabs.action.CustomTabsService target=com.android.chrome
1788680559.355 10303 11002 11002 D Unique  : 2026-09-06 14:42:39.354 D PROCESS u1 com.openai.chatgpt SERVICE_CONNECTION_WRAPPED connection=w6f0
1788680559.358 10303 11002 11041 I Unique  : 2026-09-06 14:42:39.358 I PROCESS u1 com.openai.chatgpt COMPONENT_STATE_SET package=com.openai.chatgpt vuid=1 component=androidx.work.impl.background.systemalarm.RescheduleReceiver state=2
1788680559.361 10303 11002 11076 W libc    : Access denied finding property "ro.vendor.display.iris_x7.support"
1788680559.400 10303 11002 11002 I Unique  : 2026-09-06 14:42:39.399 I LAUNCH u1 com.openai.chatgpt ACTIVITY_IMPLICIT_LEFT_GUEST action=android.intent.action.VIEW data=https package=com.openai.chatgpt handledByHost=com.android.chrome detail=no activity of the guest matches; the host's own apps answer this intent, with the host's data
1788680559.484 10303 11002 11041 E WM-SystemJobScheduler: Unable to schedule {WorkSpec: 43a78c6f-bc0f-47e0-9789-711313ee8caf}
1788680559.484 10303 11002 11041 E WM-SystemJobScheduler: java.lang.IllegalArgumentException: uid 10303 cannot schedule job in com.openai.chatgpt
1788680559.484 10303 11002 11041 E WM-SystemJobScheduler: 	at android.os.Parcel.createExceptionOrNull(Parcel.java:3259)
1788680559.484 10303 11002 11041 E WM-SystemJobScheduler: 	at android.os.Parcel.createException(Parcel.java:3239)
1788680559.484 10303 11002 11041 E WM-SystemJobScheduler: 	at android.os.Parcel.readException(Parcel.java:3222)
1788680559.484 10303 11002 11041 E WM-SystemJobScheduler: 	at android.os.Parcel.readException(Parcel.java:3164)
1788680559.484 10303 11002 11041 E WM-SystemJobScheduler: 	at android.app.job.IJobScheduler$Stub$Proxy.schedule(IJobScheduler.java:435)
1788680559.484 10303 11002 11041 E WM-SystemJobScheduler: 	at android.app.JobSchedulerImpl.schedule(JobSchedulerImpl.java:87)
1788680559.484 10303 11002 11041 E WM-SystemJobScheduler: 	at a2a0.g(r8-map-id-b66f4a19bf5703a6754d09897c3fb096aa12c72988c76210c12309a8ee4b2cc5:24)
1788680559.484 10303 11002 11041 E WM-SystemJobScheduler: 	at a2a0.c(r8-map-id-b66f4a19bf5703a6754d09897c3fb096aa12c72988c76210c12309a8ee4b2cc5:171)
1788680559.484 10303 11002 11041 E WM-SystemJobScheduler: 	at xp50.b(r8-map-id-b66f4a19bf5703a6754d09897c3fb096aa12c72988c76210c12309a8ee4b2cc5:122)
1788680559.484 10303 11002 11041 E WM-SystemJobScheduler: 	at tpa0.invoke(r8-map-id-b66f4a19bf5703a6754d09897c3fb096aa12c72988c76210c12309a8ee4b2cc5:93)
1788680559.484 10303 11002 11041 E WM-SystemJobScheduler: 	at zo8.run(r8-map-id-b66f4a19bf5703a6754d09897c3fb096aa12c72988c76210c12309a8ee4b2cc5:120)
1788680559.484 10303 11002 11041 E WM-SystemJobScheduler: 	at ih3.run(r8-map-id-b66f4a19bf5703a6754d09897c3fb096aa12c72988c76210c12309a8ee4b2cc5:79)
1788680559.484 10303 11002 11041 E WM-SystemJobScheduler: 	at java.util.concurrent.ThreadPoolExecutor.runWorker(ThreadPoolExecutor.java:1100)
1788680559.484 10303 11002 11041 E WM-SystemJobScheduler: 	at java.util.concurrent.ThreadPoolExecutor$Worker.run(ThreadPoolExecutor.java:624)
1788680559.484 10303 11002 11041 E WM-SystemJobScheduler: 	at java.lang.Thread.run(Thread.java:1572)
1788680559.487 10303 11002 11041 I Unique  : 2026-09-06 14:42:39.487 I PROCESS u1 com.openai.chatgpt COMPONENT_STATE_SET package=com.openai.chatgpt vuid=1 component=androidx.work.impl.background.systemalarm.RescheduleReceiver state=1
1788680559.790 10303 11002 11138 W statsig::Http: java.io.InterruptedIOException: timeout
1788680561.648 10303 11002 11094 D Unique  : 2026-09-06 14:42:41.639 D PROCESS u1 com.openai.chatgpt SERVICE_INTENT_CROSS_APP action=com.google.android.play.core.install.BIND_UPDATE_SERVICE target=com.android.vending
1788680561.650 10303 11002 11094 D Unique  : 2026-09-06 14:42:41.649 D PROCESS u1 com.openai.chatgpt SERVICE_CONNECTION_WRAPPED connection=zvx
1788680566.644 10303 11002 11036 E WM-SystemJobScheduler: Unable to schedule {WorkSpec: 43a78c6f-bc0f-47e0-9789-711313ee8caf}
1788680566.644 10303 11002 11036 E WM-SystemJobScheduler: java.lang.IllegalArgumentException: uid 10303 cannot schedule job in com.openai.chatgpt
1788680566.644 10303 11002 11036 E WM-SystemJobScheduler: 	at android.os.Parcel.createExceptionOrNull(Parcel.java:3259)
1788680566.644 10303 11002 11036 E WM-SystemJobScheduler: 	at android.os.Parcel.createException(Parcel.java:3239)
1788680566.644 10303 11002 11036 E WM-SystemJobScheduler: 	at android.os.Parcel.readException(Parcel.java:3222)
1788680566.644 10303 11002 11036 E WM-SystemJobScheduler: 	at android.os.Parcel.readException(Parcel.java:3164)
1788680566.644 10303 11002 11036 E WM-SystemJobScheduler: 	at android.app.job.IJobScheduler$Stub$Proxy.schedule(IJobScheduler.java:435)
1788680566.644 10303 11002 11036 E WM-SystemJobScheduler: 	at android.app.JobSchedulerImpl.schedule(JobSchedulerImpl.java:87)
1788680566.644 10303 11002 11036 E WM-SystemJobScheduler: 	at a2a0.g(r8-map-id-b66f4a19bf5703a6754d09897c3fb096aa12c72988c76210c12309a8ee4b2cc5:24)
1788680566.644 10303 11002 11036 E WM-SystemJobScheduler: 	at a2a0.c(r8-map-id-b66f4a19bf5703a6754d09897c3fb096aa12c72988c76210c12309a8ee4b2cc5:171)
1788680566.644 10303 11002 11036 E WM-SystemJobScheduler: 	at xp50.b(r8-map-id-b66f4a19bf5703a6754d09897c3fb096aa12c72988c76210c12309a8ee4b2cc5:122)
1788680566.644 10303 11002 11036 E WM-SystemJobScheduler: 	at zo8.run(r8-map-id-b66f4a19bf5703a6754d09897c3fb096aa12c72988c76210c12309a8ee4b2cc5:83)
1788680566.644 10303 11002 11036 E WM-SystemJobScheduler: 	at ih3.run(r8-map-id-b66f4a19bf5703a6754d09897c3fb096aa12c72988c76210c12309a8ee4b2cc5:79)
1788680566.644 10303 11002 11036 E WM-SystemJobScheduler: 	at java.util.concurrent.ThreadPoolExecutor.runWorker(ThreadPoolExecutor.java:1100)
1788680566.644 10303 11002 11036 E WM-SystemJobScheduler: 	at java.util.concurrent.ThreadPoolExecutor$Worker.run(ThreadPoolExecutor.java:624)
1788680566.644 10303 11002 11036 E WM-SystemJobScheduler: 	at java.lang.Thread.run(Thread.java:1572)
1788680586.709 10303 11002 11094 D Unique  : 2026-09-06 14:43:06.705 D PROCESS u1 com.openai.chatgpt SERVICE_INTENT_CROSS_APP action=com.google.android.play.core.install.BIND_UPDATE_SERVICE target=com.android.vending
1788680586.735 10303 11002 11040 I Unique  : 2026-09-06 14:43:06.734 I PROCESS u1 com.openai.chatgpt COMPONENT_STATE_SET package=com.openai.chatgpt vuid=1 component=androidx.work.impl.background.systemalarm.RescheduleReceiver state=2
1788680586.941 10303 11002 11002 W WindowOnBackDispatcher: sendCancelIfRunning: isInProgress=false callback=android.view.ViewRootImpl$$ExternalSyntheticLambda12@8626e60
1788680586.954 10303 11002 11040 E WM-SystemJobScheduler: Unable to schedule {WorkSpec: fcc709f1-d2b4-4dcd-8d1e-a13367947d06}
1788680586.954 10303 11002 11040 E WM-SystemJobScheduler: java.lang.IllegalArgumentException: uid 10303 cannot schedule job in com.openai.chatgpt
1788680586.954 10303 11002 11040 E WM-SystemJobScheduler: 	at android.os.Parcel.createExceptionOrNull(Parcel.java:3259)
1788680586.954 10303 11002 11040 E WM-SystemJobScheduler: 	at android.os.Parcel.createException(Parcel.java:3239)
1788680586.954 10303 11002 11040 E WM-SystemJobScheduler: 	at android.os.Parcel.readException(Parcel.java:3222)
1788680586.954 10303 11002 11040 E WM-SystemJobScheduler: 	at android.os.Parcel.readException(Parcel.java:3164)
1788680586.954 10303 11002 11040 E WM-SystemJobScheduler: 	at android.app.job.IJobScheduler$Stub$Proxy.schedule(IJobScheduler.java:435)
1788680586.954 10303 11002 11040 E WM-SystemJobScheduler: 	at android.app.JobSchedulerImpl.schedule(JobSchedulerImpl.java:87)
1788680586.954 10303 11002 11040 E WM-SystemJobScheduler: 	at a2a0.g(r8-map-id-b66f4a19bf5703a6754d09897c3fb096aa12c72988c76210c12309a8ee4b2cc5:24)
1788680586.954 10303 11002 11040 E WM-SystemJobScheduler: 	at a2a0.c(r8-map-id-b66f4a19bf5703a6754d09897c3fb096aa12c72988c76210c12309a8ee4b2cc5:171)
1788680586.954 10303 11002 11040 E WM-SystemJobScheduler: 	at xp50.b(r8-map-id-b66f4a19bf5703a6754d09897c3fb096aa12c72988c76210c12309a8ee4b2cc5:122)
1788680586.954 10303 11002 11040 E WM-SystemJobScheduler: 	at tpa0.invoke(r8-map-id-b66f4a19bf5703a6754d09897c3fb096aa12c72988c76210c12309a8ee4b2cc5:93)
1788680586.954 10303 11002 11040 E WM-SystemJobScheduler: 	at zo8.run(r8-map-id-b66f4a19bf5703a6754d09897c3fb096aa12c72988c76210c12309a8ee4b2cc5:120)
1788680586.954 10303 11002 11040 E WM-SystemJobScheduler: 	at ih3.run(r8-map-id-b66f4a19bf5703a6754d09897c3fb096aa12c72988c76210c12309a8ee4b2cc5:79)
1788680586.954 10303 11002 11040 E WM-SystemJobScheduler: 	at java.util.concurrent.ThreadPoolExecutor.runWorker(ThreadPoolExecutor.java:1100)
1788680586.954 10303 11002 11040 E WM-SystemJobScheduler: 	at java.util.concurrent.ThreadPoolExecutor$Worker.run(ThreadPoolExecutor.java:624)
1788680586.954 10303 11002 11040 E WM-SystemJobScheduler: 	at java.lang.Thread.run(Thread.java:1572)
1788680586.970 10303 11002 11040 I Unique  : 2026-09-06 14:43:06.956 I PROCESS u1 com.openai.chatgpt COMPONENT_STATE_SET package=com.openai.chatgpt vuid=1 component=androidx.work.impl.background.systemalarm.RescheduleReceiver state=1
1788680587.028 10303 11002 11153 D Unique  : 2026-09-06 14:43:07.027 D PROCESS u1 com.openai.chatgpt SERVICE_INTENT_CROSS_APP action=com.google.android.play.core.expressintegrityservice.BIND_EXPRESS_INTEGRITY_SERVICE target=com.android.vending
1788680587.215 10303 11002 11111 W statsig::Http: java.io.InterruptedIOException: timeout
1788680587.224 10303 11002 11627 W statsig::Http: java.io.InterruptedIOException: timeout
1788680587.718 10303 11002 11643 W statsig::Http: java.io.InterruptedIOException: timeout
1788680588.308 10303 11002 11002 W WindowOnBackDispatcher: sendCancelIfRunning: isInProgress=false callback=android.view.ViewRootImpl$$ExternalSyntheticLambda12@7717273
1788680589.303 10303 11002 11002 W WindowOnBackDispatcher: OnBackInvokedCallback is not enabled for the application.
1788680589.303 10303 11002 11002 W WindowOnBackDispatcher: Set 'android:enableOnBackInvokedCallback="true"' in the application manifest.
1788680589.383 10303 11002 11002 W RemoteInputConnectionImpl: requestCursorUpdates on inactive InputConnection
1788680591.187 10303 11002 11002 W WindowOnBackDispatcher: OnBackInvokedCallback is not enabled for the application.
1788680591.187 10303 11002 11002 W WindowOnBackDispatcher: Set 'android:enableOnBackInvokedCallback="true"' in the application manifest.
1788680591.969 10303 11002 11040 I Unique  : 2026-09-06 14:43:11.968 I PROCESS u1 com.openai.chatgpt COMPONENT_STATE_SET package=com.openai.chatgpt vuid=1 component=androidx.work.impl.background.systemalarm.RescheduleReceiver state=2
1788680592.217 10303 11002 11153 D Unique  : 2026-09-06 14:43:12.216 D PROCESS u1 com.openai.chatgpt SERVICE_INTENT_CROSS_APP action=com.google.android.play.core.expressintegrityservice.BIND_EXPRESS_INTEGRITY_SERVICE target=com.android.vending
1788680592.247 10303 11002 11002 D Unique  : 2026-09-06 14:43:12.246 D LAUNCH u1 com.openai.chatgpt ACTIVITY_INTENT_ROUTED activity=com.openai.feature.auth.impl.web.WebAuthenticationActivity stub=com.unique.stub.ActivityStub_p1_m2_a0 launchMode=2
1788680592.333 10303 11002 11002 I Unique  : 2026-09-06 14:43:12.333 I LAUNCH u1 com.openai.chatgpt TRANSACTION_REWRITTEN package=com.openai.chatgpt activity=com.openai.feature.auth.impl.web.WebAuthenticationActivity vuid=1 item=LaunchActivityItem theme=16973840
1788680592.334 10303 11002 11002 I ActivityThread: HardwareRenderer preload  done
1788680592.336 10303 11002 11002 I Unique  : 2026-09-06 14:43:12.336 I LAUNCH u1 com.openai.chatgpt ACTIVITY_HARDWARE_ACCELERATED activity=com.openai.feature.auth.impl.web.WebAuthenticationActivity fromActivityInfo=false applied=true
1788680592.347 10303 11002 11002 D Unique  : 2026-09-06 14:43:12.346 D PROCESS u1 com.openai.chatgpt SERVICE_INTENT_CROSS_APP action=android.support.customtabs.action.CustomTabsService target=com.android.chrome
1788680592.347 10303 11002 11002 D Unique  : 2026-09-06 14:43:12.347 D PROCESS u1 com.openai.chatgpt SERVICE_CONNECTION_WRAPPED connection=w6f0
1788680592.394 10303 11002 11002 I Unique  : 2026-09-06 14:43:12.391 I LAUNCH u1 com.openai.chatgpt ACTIVITY_IMPLICIT_LEFT_GUEST action=android.intent.action.VIEW data=https package=com.openai.chatgpt handledByHost=com.android.chrome detail=no activity of the guest matches; the host's own apps answer this intent, with the host's data
1788680592.482 10303 11002 11042 E WM-SystemJobScheduler: Unable to schedule {WorkSpec: 593b13a1-5065-4675-903c-3693773e38c0}
1788680592.482 10303 11002 11042 E WM-SystemJobScheduler: java.lang.IllegalArgumentException: uid 10303 cannot schedule job in com.openai.chatgpt
1788680592.482 10303 11002 11042 E WM-SystemJobScheduler: 	at android.os.Parcel.createExceptionOrNull(Parcel.java:3259)
1788680592.482 10303 11002 11042 E WM-SystemJobScheduler: 	at android.os.Parcel.createException(Parcel.java:3239)
1788680592.482 10303 11002 11042 E WM-SystemJobScheduler: 	at android.os.Parcel.readException(Parcel.java:3222)
1788680592.482 10303 11002 11042 E WM-SystemJobScheduler: 	at android.os.Parcel.readException(Parcel.java:3164)
1788680592.482 10303 11002 11042 E WM-SystemJobScheduler: 	at android.app.job.IJobScheduler$Stub$Proxy.schedule(IJobScheduler.java:435)
1788680592.482 10303 11002 11042 E WM-SystemJobScheduler: 	at android.app.JobSchedulerImpl.schedule(JobSchedulerImpl.java:87)
1788680592.482 10303 11002 11042 E WM-SystemJobScheduler: 	at a2a0.g(r8-map-id-b66f4a19bf5703a6754d09897c3fb096aa12c72988c76210c12309a8ee4b2cc5:24)
1788680592.482 10303 11002 11042 E WM-SystemJobScheduler: 	at a2a0.c(r8-map-id-b66f4a19bf5703a6754d09897c3fb096aa12c72988c76210c12309a8ee4b2cc5:171)
1788680592.482 10303 11002 11042 E WM-SystemJobScheduler: 	at xp50.b(r8-map-id-b66f4a19bf5703a6754d09897c3fb096aa12c72988c76210c12309a8ee4b2cc5:122)
1788680592.482 10303 11002 11042 E WM-SystemJobScheduler: 	at tpa0.invoke(r8-map-id-b66f4a19bf5703a6754d09897c3fb096aa12c72988c76210c12309a8ee4b2cc5:93)
1788680592.482 10303 11002 11042 E WM-SystemJobScheduler: 	at zo8.run(r8-map-id-b66f4a19bf5703a6754d09897c3fb096aa12c72988c76210c12309a8ee4b2cc5:120)
1788680592.482 10303 11002 11042 E WM-SystemJobScheduler: 	at ih3.run(r8-map-id-b66f4a19bf5703a6754d09897c3fb096aa12c72988c76210c12309a8ee4b2cc5:79)
1788680592.482 10303 11002 11042 E WM-SystemJobScheduler: 	at java.util.concurrent.ThreadPoolExecutor.runWorker(ThreadPoolExecutor.java:1100)
1788680592.482 10303 11002 11042 E WM-SystemJobScheduler: 	at java.util.concurrent.ThreadPoolExecutor$Worker.run(ThreadPoolExecutor.java:624)
1788680592.482 10303 11002 11042 E WM-SystemJobScheduler: 	at java.lang.Thread.run(Thread.java:1572)
1788680592.489 10303 11002 11042 I Unique  : 2026-09-06 14:43:12.489 I PROCESS u1 com.openai.chatgpt COMPONENT_STATE_SET package=com.openai.chatgpt vuid=1 component=androidx.work.impl.background.systemalarm.RescheduleReceiver state=1
1788680595.173 10303 11002 11094 D Unique  : 2026-09-06 14:43:15.172 D PROCESS u1 com.openai.chatgpt SERVICE_INTENT_CROSS_APP action=com.google.android.play.core.install.BIND_UPDATE_SERVICE target=com.android.vending
1788680597.522 10303 11002 11036 I Unique  : 2026-09-06 14:43:17.520 I PROCESS u1 com.openai.chatgpt COMPONENT_STATE_SET package=com.openai.chatgpt vuid=1 component=androidx.work.impl.background.systemalarm.RescheduleReceiver state=2
1788680617.770 10303 11002 11145 W om.unique:vapp1: Monitor::Inflate: Install failed 0x2358458
1788680624.532 10303 11002 11094 D Unique  : 2026-09-06 14:43:44.531 D PROCESS u1 com.openai.chatgpt SERVICE_INTENT_CROSS_APP action=com.google.android.play.core.install.BIND_UPDATE_SERVICE target=com.android.vending
1788680624.776 10303 11002 11002 W WindowOnBackDispatcher: sendCancelIfRunning: isInProgress=false callback=android.view.ViewRootImpl$$ExternalSyntheticLambda12@64ae3a7
1788680624.778 10303 11002 11041 E WM-SystemJobScheduler: Unable to schedule {WorkSpec: 15a7dfd4-24af-417a-9127-c31cba62ba9c}
1788680624.778 10303 11002 11041 E WM-SystemJobScheduler: java.lang.IllegalArgumentException: uid 10303 cannot schedule job in com.openai.chatgpt
1788680624.778 10303 11002 11041 E WM-SystemJobScheduler: 	at android.os.Parcel.createExceptionOrNull(Parcel.java:3259)
1788680624.778 10303 11002 11041 E WM-SystemJobScheduler: 	at android.os.Parcel.createException(Parcel.java:3239)
1788680624.778 10303 11002 11041 E WM-SystemJobScheduler: 	at android.app.job.IJobScheduler$Stub$Proxy.schedule(IJobScheduler.java:435)
1788680624.778 10303 11002 11041 E WM-SystemJobScheduler: 	at android.app.JobSchedulerImpl.schedule(JobSchedulerImpl.java:87)
1788680624.778 10303 11002 11041 E WM-SystemJobScheduler: 	at a2a0.g(r8-map-id-b66f4a19bf5703a6754d09897c3fb096aa12c72988c76210c12309a8ee4b2cc5:24)
1788680624.778 10303 11002 11041 E WM-SystemJobScheduler: 	at a2a0.c(r8-map-id-b66f4a19bf5703a6754d09897c3fb096aa12c72988c76210c12309a8ee4b2cc5:171)
1788680624.778 10303 11002 11041 E WM-SystemJobScheduler: 	at xp50.b(r8-map-id-b66f4a19bf5703a6754d09897c3fb096aa12c72988c76210c12309a8ee4b2cc5:122)
1788680624.778 10303 11002 11041 E WM-SystemJobScheduler: 	at tpa0.invoke(r8-map-id-b66f4a19bf5703a6754d09897c3fb096aa12c72988c76210c12309a8ee4b2cc5:93)
1788680624.778 10303 11002 11041 E WM-SystemJobScheduler: 	at zo8.run(r8-map-id-b66f4a19bf5703a6754d09897c3fb096aa12c72988c76210c12309a8ee4b2cc5:120)
1788680624.778 10303 11002 11041 E WM-SystemJobScheduler: 	at ih3.run(r8-map-id-b66f4a19bf5703a6754d09897c3fb096aa12c72988c76210c12309a8ee4b2cc5:79)
1788680624.778 10303 11002 11041 E WM-SystemJobScheduler: 	at java.util.concurrent.ThreadPoolExecutor.runWorker(ThreadPoolExecutor.java:1100)
1788680624.778 10303 11002 11041 E WM-SystemJobScheduler: 	at java.util.concurrent.ThreadPoolExecutor$Worker.run(ThreadPoolExecutor.java:624)
1788680624.778 10303 11002 11041 E WM-SystemJobScheduler: 	at java.lang.Thread.run(Thread.java:1572)
1788680624.794 10303 11002 11041 I Unique  : 2026-09-06 14:43:44.793 I PROCESS u1 com.openai.chatgpt COMPONENT_STATE_SET package=com.openai.chatgpt vuid=1 component=androidx.work.impl.background.systemalarm.RescheduleReceiver state=1
1788680624.845 10303 11002 11153 D Unique  : 2026-09-06 14:43:44.845 D PROCESS u1 com.openai.chatgpt SERVICE_INTENT_CROSS_APP action=com.google.android.play.core.expressintegrityservice.BIND_EXPRESS_INTEGRITY_SERVICE target=com.android.vending
1788680626.055 10303 11002 11002 W WindowOnBackDispatcher: sendCancelIfRunning: isInProgress=false callback=android.view.ViewRootImpl$$ExternalSyntheticLambda12@32f5718
1788680626.179 10303 11002 11002 W WindowOnBackDispatcher: sendCancelIfRunning: isInProgress=false callback=android.view.ViewRootImpl$$ExternalSyntheticLambda12@fde6ad6
1788680626.447 10303  9702  9746 E com.unique: checkIfsupportxIntfps do not binder to joyose
1788680626.551 10303 11002 11094 D Unique  : 2026-09-06 14:43:46.541 D PROCESS u1 com.openai.chatgpt SERVICE_INTENT_CROSS_APP action=com.google.android.play.core.install.BIND_UPDATE_SERVICE target=com.android.vending
1788680629.095 10303  9702  9705 W com.unique: Missing inline cache for void android.view.InputEventManagerImpl.logOnInputEvent(android.view.InputEvent, java.lang.String)
1788680629.249 10303 11002 11627 W statsig::Http: java.io.InterruptedIOException: timeout
1788680629.249 10303 11002 11111 W statsig::Http: java.io.InterruptedIOException: timeout
1788680629.799 10303 11002 11036 I Unique  : 2026-09-06 14:43:49.797 I PROCESS u1 com.openai.chatgpt COMPONENT_STATE_SET package=com.openai.chatgpt vuid=1 component=androidx.work.impl.background.systemalarm.RescheduleReceiver state=2
1788680645.465 10303  9702  9702 W WindowOnBackDispatcher: sendCancelIfRunning: isInProgress=false callback=io.flutter.embedding.android.FlutterActivity$1@cab8d4d
1788680646.369 10303  9702  9708 W com.unique: ApkAssets: Deleting an ApkAssets object '<empty> and /data/app/~~5UvyUty5uHV3AXEdZmqD2w==/com.pinterest-lPffnbjAGLKDxKewLDe9fA==/split_config.arm64_v8a.apk' with 1 weak references
1788680646.383 10303  9702  9708 W com.unique: ApkAssets: Deleting an ApkAssets object '<empty> and /data/app/~~5UvyUty5uHV3AXEdZmqD2w==/com.pinterest-lPffnbjAGLKDxKewLDe9fA==/split_config.ru.apk' with 1 weak references
1788680646.383 10303  9702  9708 W com.unique: ApkAssets: Deleting an ApkAssets object '<empty> and /data/app/~~5UvyUty5uHV3AXEdZmqD2w==/com.pinterest-lPffnbjAGLKDxKewLDe9fA==/split_config.xxhdpi.apk' with 1 weak references
1788680647.852 10303  9702  9702 W InteractionJankMonitor: Initializing without READ_DEVICE_CONFIG permission. enabled=false, interval=1, missedFrameThreshold=3, frameTimeThreshold=64, package=com.unique
1788680649.235 10303  9702  9708 W com.unique: ApkAssets: Deleting an ApkAssets object '<empty> and /data/app/~~e73com6-x5yH2jsqLP0xmw==/com.preff.kb.xm-KpegMO3lV97rVDDSSmsbFg==/base.apk' with 1 weak references
1788680649.236 10303  9702  9708 W com.unique: ApkAssets: Deleting an ApkAssets object '<empty> and /data/app/MIUICompassGlobal/base.apk' with 1 weak references
1788680649.237 10303  9702  9708 W com.unique: ApkAssets: Deleting an ApkAssets object '<empty> and /system_ext/app/miuisystem/miuisystem.apk' with 4 weak references
1788680649.237 10303  9702  9708 W com.unique: ApkAssets: Deleting an ApkAssets object '<empty> and /data/app/~~FbRqAr85vnOKgdJeIwPSHg==/com.f0x1d.logfox-3E_m6EooCJ8N7AUdxRJEng==/base.apk' with 1 weak references
1788680649.238 10303  9702  9708 W com.unique: ApkAssets: Deleting an ApkAssets object '<empty> and /data/app/~~R3xOm83wV6nXDxL1np_JpQ==/com.axlebolt.standoff2-1qyH-RbRcbkMQBQ-x5XKyg==/base.apk' with 1 weak references
1788680649.239 10303  9702  9708 W com.unique: ApkAssets: Deleting an ApkAssets object '<empty> and /data/app/~~J39jRrIsqrfa_ve43AGRfA==/com.google.android.apps.bard-tjj9Z_NgMfNFo9NyS1eyrw==/base.apk' with 1 weak references
1788680649.240 10303  9702  9708 W com.unique: ApkAssets: Deleting an ApkAssets object '<empty> and /data/app/~~J39jRrIsqrfa_ve43AGRfA==/com.google.android.apps.bard-tjj9Z_NgMfNFo9NyS1eyrw==/split_config.arm64_v8a.apk' with 1 weak references
1788680649.242 10303  9702  9708 W com.unique: ApkAssets: Deleting an ApkAssets object '<empty> and /data/app/~~J39jRrIsqrfa_ve43AGRfA==/com.google.android.apps.bard-tjj9Z_NgMfNFo9NyS1eyrw==/split_config.bn.apk' with 1 weak references
1788680649.242 10303  9702  9708 W com.unique: ApkAssets: Deleting an ApkAssets object '<empty> and /data/app/~~J39jRrIsqrfa_ve43AGRfA==/com.google.android.apps.bard-tjj9Z_NgMfNFo9NyS1eyrw==/split_config.en.apk' with 1 weak references
1788680649.242 10303  9702  9708 W com.unique: ApkAssets: Deleting an ApkAssets object '<empty> and /data/app/~~J39jRrIsqrfa_ve43AGRfA==/com.google.android.apps.bard-tjj9Z_NgMfNFo9NyS1eyrw==/split_config.gu.apk' with 1 weak references
1788680649.242 10303  9702  9708 W com.unique: ApkAssets: Deleting an ApkAssets object '<empty> and /data/app/~~J39jRrIsqrfa_ve43AGRfA==/com.google.android.apps.bard-tjj9Z_NgMfNFo9NyS1eyrw==/split_config.hi.apk' with 1 weak references
1788680649.242 10303  9702  9708 W com.unique: ApkAssets: Deleting an ApkAssets object '<empty> and /data/app/~~J39jRrIsqrfa_ve43AGRfA==/com.google.android.apps.bard-tjj9Z_NgMfNFo9NyS1eyrw==/split_config.kn.apk' with 1 weak references
1788680649.242 10303  9702  9708 W com.unique: ApkAssets: Deleting an ApkAssets object '<empty> and /data/app/~~J39jRrIsqrfa_ve43AGRfA==/com.google.android.apps.bard-tjj9Z_NgMfNFo9NyS1eyrw==/split_config.mr.apk' with 1 weak references
1788680649.242 10303  9702  9708 W com.unique: ApkAssets: Deleting an ApkAssets object '<empty> and /data/app/~~J39jRrIsqrfa_ve43AGRfA==/com.google.android.apps.bard-tjj9Z_NgMfNFo9NyS1eyrw==/split_config.ru.apk' with 1 weak references
1788680649.242 10303  9702  9708 W com.unique: ApkAssets: Deleting an ApkAssets object '<empty> and /data/app/~~J39jRrIsqrfa_ve43AGRfA==/com.google.android.apps.bard-tjj9Z_NgMfNFo9NyS1eyrw==/split_config.ta.apk' with 1 weak references
1788680649.242 10303  9702  9708 W com.unique: ApkAssets: Deleting an ApkAssets object '<empty> and /data/app/~~J39jRrIsqrfa_ve43AGRfA==/com.google.android.apps.bard-tjj9Z_NgMfNFo9NyS1eyrw==/split_config.te.apk' with 1 weak references
1788680649.242 10303  9702  9708 W com.unique: ApkAssets: Deleting an ApkAssets object '<empty> and /data/app/~~J39jRrIsqrfa_ve43AGRfA==/com.google.android.apps.bard-tjj9Z_NgMfNFo9NyS1eyrw==/split_config.xxhdpi.apk' with 1 weak references
1788680649.243 10303  9702  9708 W com.unique: ApkAssets: Deleting an ApkAssets object '<empty> and /data/app/~~fDqH7SpA32dU_mxStcmXBQ==/com.emanuelef.remote_capture-5WExiOcv_yR73wMh7w64Zg==/base.apk' with 1 weak references
1788680649.243 10303  9702  9708 W com.unique: ApkAssets: Deleting an ApkAssets object '<empty> and /data/app/~~fDqH7SpA32dU_mxStcmXBQ==/com.emanuelef.remote_capture-5WExiOcv_yR73wMh7w64Zg==/split_config.arm64_v8a.apk' with 1 weak references
1788680649.244 10303  9702  9708 W com.unique: ApkAssets: Deleting an ApkAssets object '<empty> and /data/app/~~fDqH7SpA32dU_mxStcmXBQ==/com.emanuelef.remote_capture-5WExiOcv_yR73wMh7w64Zg==/split_config.ru.apk' with 1 weak references
1788680649.244 10303  9702  9708 W com.unique: ApkAssets: Deleting an ApkAssets object '<empty> and /data/app/~~fDqH7SpA32dU_mxStcmXBQ==/com.emanuelef.remote_capture-5WExiOcv_yR73wMh7w64Zg==/split_config.xxhdpi.apk' with 1 weak references
1788680649.244 10303  9702  9708 W com.unique: ApkAssets: Deleting an ApkAssets object '<empty> and /data/app/MIUINotes/base.apk' with 1 weak references
1788680649.245 10303  9702  9708 W com.unique: ApkAssets: Deleting an ApkAssets object '<empty> and /system_ext/priv-app/RtMiCloudSDK/RtMiCloudSDK.apk' with 2 weak references
1788680649.246 10303  9702  9708 W com.unique: ApkAssets: Deleting an ApkAssets object '<empty> and /data/app/~~ToEzooAkrU67onkDMsOz-A==/com.xiaomi.midrop-QRwPNiaj1B-KMGM4I2vZlg==/base.apk' with 1 weak references
1788680649.246 10303  9702  9708 W com.unique: ApkAssets: Deleting an ApkAssets object '<empty> and /data/app/~~znQWjrS88Ohx8dtGgw8_cg==/com.avo.vpn-Qnj7RP4c8L4ASKYHsR0wRg==/base.apk' with 1 weak references
1788680649.246 10303  9702  9708 W com.unique: ApkAssets: Deleting an ApkAssets object '<empty> and /data/app/~~znQWjrS88Ohx8dtGgw8_cg==/com.avo.vpn-Qnj7RP4c8L4ASKYHsR0wRg==/split_config.arm64_v8a.apk' with 1 weak references
1788680649.246 10303  9702  9708 W com.unique: ApkAssets: Deleting an ApkAssets object '<empty> and /data/app/~~znQWjrS88Ohx8dtGgw8_cg==/com.avo.vpn-Qnj7RP4c8L4ASKYHsR0wRg==/split_config.ru.apk' with 1 weak references
1788680649.246 10303  9702  9708 W com.unique: ApkAssets: Deleting an ApkAssets object '<empty> and /data/app/~~znQWjrS88Ohx8dtGgw8_cg==/com.avo.vpn-Qnj7RP4c8L4ASKYHsR0wRg==/split_config.xxhdpi.apk' with 1 weak references
1788680649.247 10303  9702  9708 W com.unique: ApkAssets: Deleting an ApkAssets object '<empty> and /data/app/MIUICalculatorGlobal/base.apk' with 1 weak references
1788680649.247 10303  9702  9708 W com.unique: ApkAssets: Deleting an ApkAssets object '<empty> and /data/app/~~0P94X6q7hQFnvISy4kIBtA==/org.mozilla.firefox-V-RMBJjuN885jasHsv697A==/base.apk' with 1 weak references
1788680649.248 10303  9702  9708 W com.unique: ApkAssets: Deleting an ApkAssets object '<empty> and /data/app/~~0P94X6q7hQFnvISy4kIBtA==/org.mozilla.firefox-V-RMBJjuN885jasHsv697A==/split_config.arm64_v8a.apk' with 1 weak references
1788680649.248 10303  9702  9708 W com.unique: ApkAssets: Deleting an ApkAssets object '<empty> and /data/app/~~0P94X6q7hQFnvISy4kIBtA==/org.mozilla.firefox-V-RMBJjuN885jasHsv697A==/split_config.xxhdpi.apk' with 1 weak references
1788680649.248 10303  9702  9708 W com.unique: ApkAssets: Deleting an ApkAssets object '<empty> and /data/app/~~0uKMRni55eIeGuBA-UdIqg==/llc.itdev.incy-mpenI8rpAkCFByZR5jO9gg==/base.apk' with 1 weak references
1788680649.248 10303  9702  9708 W com.unique: ApkAssets: Deleting an ApkAssets object '<empty> and /data/app/MIUIWeatherGlobal/base.apk' with 1 weak references
1788680649.249 10303  9702  9708 W com.unique: ApkAssets: Deleting an ApkAssets object '<empty> and /data/app/~~aWOPbtkIcfivimg0lCNOxw==/com.termux-PK0SDb6b5-Yp-w60yEc5cg==/base.apk' with 1 weak references
1788680649.249 10303  9702  9708 W com.unique: ApkAssets: Deleting an ApkAssets object '<empty> and /data/app/MiuiScanner/base.apk' with 1 weak references
1788680649.250 10303  9702  9708 W com.unique: ApkAssets: Deleting an ApkAssets object '<empty> and /data/app/~~czZ5M9QoNKe1-aNwTzx9sA==/com.exteragram.messenger-NDtal6OMkucurs3uXfhA7A==/base.apk' with 1 weak references
1788680649.251 10303  9702  9708 W com.unique: ApkAssets: Deleting an ApkAssets object '<empty> and /data/app/~~Cw5RUU5MGia-dEV1d9CLeg==/net.typeblog.shelter-UAvs0yASnxf_3imb0u9Fdg==/base.apk' with 1 weak references
1788680649.251 10303  9702  9708 W com.unique: ApkAssets: Deleting an ApkAssets object '<empty> and /data/app/~~wmE2oqYZyY7aIsry4NiImg==/com.miui.mediaeditor-LsfNStuNXHsHhzEvN6SaPg==/base.apk' with 1 weak references
1788680649.253 10303  9702  9708 W com.unique: ApkAssets: Deleting an ApkAssets object '<empty> and /data/app/~~b9TjLo4gS3fKmrh4CgsMJQ==/com.google.android.apps.work.clouddpc-ax2up3DCBKFKlcjxKXhiAA==/base.apk' with 1 weak references
1788680649.253 10303  9702  9708 W com.unique: ApkAssets: Deleting an ApkAssets object '<empty> and /data/app/~~b9TjLo4gS3fKmrh4CgsMJQ==/com.google.android.apps.work.clouddpc-ax2up3DCBKFKlcjxKXhiAA==/split_config.arm64_v8a.apk' with 1 weak references
1788680649.253 10303  9702  9708 W com.unique: ApkAssets: Deleting an ApkAssets object '<empty> and /data/app/~~b9TjLo4gS3fKmrh4CgsMJQ==/com.google.android.apps.work.clouddpc-ax2up3DCBKFKlcjxKXhiAA==/split_config.ru.apk' with 1 weak references
1788680649.253 10303  9702  9708 W com.unique: ApkAssets: Deleting an ApkAssets object '<empty> and /data/app/~~b9TjLo4gS3fKmrh4CgsMJQ==/com.google.android.apps.work.clouddpc-ax2up3DCBKFKlcjxKXhiAA==/split_config.xxhdpi.apk' with 1 weak references
1788680649.253 10303  9702  9708 W com.unique: ApkAssets: Deleting an ApkAssets object '<empty> and /data/app/~~jeF1Np_NXFV0Nk3IsGvrCw==/com.google.android.apps.adm-fbP92EYBU7Wwf2yJcdIUfg==/base.apk' with 1 weak references
1788680649.254 10303  9702  9708 W com.unique: ApkAssets: Deleting an ApkAssets object '<empty> and /data/app/~~jeF1Np_NXFV0Nk3IsGvrCw==/com.google.android.apps.adm-fbP92EYBU7Wwf2yJcdIUfg==/split_config.arm64_v8a.apk' with 1 weak references
1788680649.254 10303  9702  9708 W com.unique: ApkAssets: Deleting an ApkAssets object '<empty> and /data/app/~~jeF1Np_NXFV0Nk3IsGvrCw==/com.google.android.apps.adm-fbP92EYBU7Wwf2yJcdIUfg==/split_config.ru.apk' with 1 weak references
1788680649.254 10303  9702  9708 W com.unique: ApkAssets: Deleting an ApkAssets object '<empty> and /data/app/~~jeF1Np_NXFV0Nk3IsGvrCw==/com.google.android.apps.adm-fbP92EYBU7Wwf2yJcdIUfg==/split_config.xxhdpi.apk' with 1 weak references
1788680650.298 10303  9702  9702 W WindowOnBackDispatcher: sendCancelIfRunning: isInProgress=false callback=ImeCallback=ImeOnBackInvokedCallback@173820566 Callback=android.window.IOnBackInvokedCallback$Stub$Proxy@871a7ab
1788680651.296 10303  9702 12244 I Unique  : 2026-09-06 14:44:11.296 I STORAGE IMPORT_STARTED package=com.gordey.standarling files=1
1788680653.951 10303  9702  9723 I Unique  : 2026-09-06 14:44:13.951 I STORAGE IMPORT_STARTED package=com.Chillow.CustomRise files=1
1788680661.511 10303  9702  9702 W WindowOnBackDispatcher: sendCancelIfRunning: isInProgress=false callback=io.flutter.embedding.android.FlutterActivity$1@cab8d4d
1788680662.920 10303  9702  9708 W com.unique: ApkAssets: Deleting an ApkAssets object '<empty> and /data/app/~~0uKMRni55eIeGuBA-UdIqg==/llc.itdev.incy-mpenI8rpAkCFByZR5jO9gg==/base.apk' with 1 weak references
1788680662.921 10303  9702  9708 W com.unique: ApkAssets: Deleting an ApkAssets object '<empty> and /data/app/~~FbRqAr85vnOKgdJeIwPSHg==/com.f0x1d.logfox-3E_m6EooCJ8N7AUdxRJEng==/base.apk' with 1 weak references
1788680662.923 10303  9702  9708 W com.unique: ApkAssets: Deleting an ApkAssets object '<empty> and /data/app/~~LvuV9aG6AJttZ9KZG9DfUQ==/nu.gpu.nagram-piHbsnG6qKY0S-0pb2n_mg==/base.apk' with 1 weak references
1788680664.385 10303  9702 12244 I Unique  : 2026-09-06 14:44:24.384 I STORAGE PACKAGE_IMPORTED package=com.gordey.standarling versionCode=1090 splits=1 libs=16 abi=arm64-v8a bytes=1671480385 readOnlyApks=1
1788680664.459 10303  9702  9815 I Unique  : 2026-09-06 14:44:24.456 I STORAGE INSTANCE_PREPARED vuid=2 package=com.gordey.standarling created=12
1788680664.468 10303  9702  9815 I Unique  : 2026-09-06 14:44:24.465 I STORAGE INSTANCE_CREATED package=com.gordey.standarling vuid=2 name=Profile 1 androidId=75ba21d66b9bc4f4
1788680664.517 10303  9702  9815 I Unique  : 2026-09-06 14:44:24.515 I PROCESS BROADCAST_ROUTES_REGISTERED package=com.a0soft.gphone.acc.free vuid=0 routes=26 actions=android.intent.action.APPLICATION_RESTRICTIONS_CHANGED,android.intent.action.MEDIA_MOUNTED,androidx.work.diagnostics.REQUEST_DIAGNOSTICS,androidx.profileinstaller.action.SKIP_FILE,android.intent.action.LOCALE_CHANGED,androidx.profileinstaller.action.BENCHMARK_OPERATION,com.a0soft.gphone.base.process
1788680664.519 10303  9702  9815 I Unique  : 2026-09-06 14:44:24.518 I PROCESS PROVIDER_ROUTES_REGISTERED package=com.a0soft.gphone.acc.free vuid=0 authorities=[redacted]
1788680664.543 10303  9702  9815 I Unique  : 2026-09-06 14:44:24.542 I PROCESS BROADCAST_ROUTES_REGISTERED package=com.openai.chatgpt vuid=1 routes=9 actions=android.intent.action.APPLICATION_RESTRICTIONS_CHANGED,android.intent.action.MEDIA_MOUNTED,androidx.work.diagnostics.REQUEST_DIAGNOSTICS,androidx.profileinstaller.action.SKIP_FILE,android.intent.action.LOCALE_CHANGED,androidx.profileinstaller.action.BENCHMARK_OPERATION,com.a0soft.gphone.base.process
1788680664.543 10303  9702  9815 I Unique  : 2026-09-06 14:44:24.543 I PROCESS PROVIDER_ROUTES_REGISTERED package=com.openai.chatgpt vuid=1 authorities=[redacted]
1788680664.549 10303  9702  9815 I Unique  : 2026-09-06 14:44:24.549 I PROCESS BROADCAST_ROUTES_REGISTERED package=com.gordey.standarling vuid=2 routes=3 actions=android.intent.action.APPLICATION_RESTRICTIONS_CHANGED,android.intent.action.MEDIA_MOUNTED,androidx.work.diagnostics.REQUEST_DIAGNOSTICS,com.attribution.SYSTEM_INSTALLER_REFERRER,androidx.profileinstaller.action.SKIP_FILE,android.intent.action.LOCALE_CHANGED,com.facebook.sdk.ACTION_CURRENT_ACCESS_TO
1788680664.550 10303  9702  9815 I Unique  : 2026-09-06 14:44:24.550 I PROCESS PROVIDER_ROUTES_REGISTERED package=com.gordey.standarling vuid=2 authorities=[redacted]
1788680664.551 10303  9702  9815 I Unique  : 2026-09-06 14:44:24.550 I PROCESS BROADCAST_ROUTER_READY instances=3 actions=23 authorities=[redacted]
1788680664.826 10303  9702  9822 I Unique  : 2026-09-06 14:44:24.825 I STORAGE GUEST_INFO_RESOLVED package=com.gordey.standarling label=Standarling icon=true
1788680669.141 10303  9702  9708 W com.unique: ApkAssets: Deleting an ApkAssets object '<empty> and /data/user/0/com.unique/files/virtual/apk/com.gordey.standarling/1090/base.apk' with 1 weak references
1788680671.376 10303  9702  9723 I Unique  : 2026-09-06 14:44:31.375 I STORAGE PACKAGE_IMPORTED package=com.Chillow.CustomRise versionCode=1 splits=1 libs=16 abi=arm64-v8a bytes=2054083149 readOnlyApks=1
1788680671.400 10303  9702  9723 I Unique  : 2026-09-06 14:44:31.399 I STORAGE INSTANCE_PREPARED vuid=3 package=com.Chillow.CustomRise created=13
1788680671.406 10303  9702  9723 I Unique  : 2026-09-06 14:44:31.405 I STORAGE INSTANCE_CREATED package=com.Chillow.CustomRise vuid=3 name=Profile 1 androidId=81769e56d369dd15
1788680671.474 10303  9702  9822 I Unique  : 2026-09-06 14:44:31.471 I PROCESS BROADCAST_ROUTES_REGISTERED package=com.a0soft.gphone.acc.free vuid=0 routes=26 actions=android.intent.action.APPLICATION_RESTRICTIONS_CHANGED,android.intent.action.MEDIA_MOUNTED,androidx.work.diagnostics.REQUEST_DIAGNOSTICS,com.attribution.SYSTEM_INSTALLER_REFERRER,androidx.profileinstaller.action.SKIP_FILE,android.intent.action.LOCALE_CHANGED,com.facebook.sdk.ACTION_CURRENT_ACCESS_TO
1788680671.477 10303  9702  9822 I Unique  : 2026-09-06 14:44:31.475 I PROCESS PROVIDER_ROUTES_REGISTERED package=com.a0soft.gphone.acc.free vuid=0 authorities=[redacted]
1788680671.514 10303  9702  9822 I Unique  : 2026-09-06 14:44:31.512 I PROCESS BROADCAST_ROUTES_REGISTERED package=com.openai.chatgpt vuid=1 routes=9 actions=android.intent.action.APPLICATION_RESTRICTIONS_CHANGED,android.intent.action.MEDIA_MOUNTED,androidx.work.diagnostics.REQUEST_DIAGNOSTICS,com.attribution.SYSTEM_INSTALLER_REFERRER,androidx.profileinstaller.action.SKIP_FILE,android.intent.action.LOCALE_CHANGED,com.facebook.sdk.ACTION_CURRENT_ACCESS_TO
1788680671.515 10303  9702  9822 I Unique  : 2026-09-06 14:44:31.514 I PROCESS PROVIDER_ROUTES_REGISTERED package=com.openai.chatgpt vuid=1 authorities=[redacted]
1788680671.569 10303  9702  9822 I Unique  : 2026-09-06 14:44:31.567 I PROCESS BROADCAST_ROUTES_REGISTERED package=com.gordey.standarling vuid=2 routes=3 actions=android.intent.action.APPLICATION_RESTRICTIONS_CHANGED,android.intent.action.MEDIA_MOUNTED,androidx.work.diagnostics.REQUEST_DIAGNOSTICS,com.attribution.SYSTEM_INSTALLER_REFERRER,androidx.profileinstaller.action.SKIP_FILE,android.intent.action.LOCALE_CHANGED,com.facebook.sdk.ACTION_CURRENT_ACCESS_TO
1788680671.570 10303  9702  9822 I Unique  : 2026-09-06 14:44:31.569 I PROCESS PROVIDER_ROUTES_REGISTERED package=com.gordey.standarling vuid=2 authorities=[redacted]
1788680671.577 10303  9702  9822 I Unique  : 2026-09-06 14:44:31.576 I PROCESS BROADCAST_ROUTES_REGISTERED package=com.Chillow.CustomRise vuid=3 routes=4 actions=android.intent.action.APPLICATION_RESTRICTIONS_CHANGED,android.intent.action.MEDIA_MOUNTED,androidx.work.diagnostics.REQUEST_DIAGNOSTICS,com.attribution.SYSTEM_INSTALLER_REFERRER,androidx.profileinstaller.action.SKIP_FILE,android.intent.action.LOCALE_CHANGED,com.facebook.sdk.ACTION_CURRENT_ACCESS_TO
1788680671.578 10303  9702  9822 I Unique  : 2026-09-06 14:44:31.577 I PROCESS PROVIDER_ROUTES_REGISTERED package=com.Chillow.CustomRise vuid=3 authorities=[redacted]
1788680671.579 10303  9702  9822 I Unique  : 2026-09-06 14:44:31.578 I PROCESS BROADCAST_ROUTER_READY instances=4 actions=23 authorities=[redacted]
1788680671.747 10303  9702  9815 I Unique  : 2026-09-06 14:44:31.746 I STORAGE GUEST_INFO_RESOLVED package=com.Chillow.CustomRise label=StandChillow icon=true
1788680672.684 10303  9702 12244 I Unique  : 2026-09-06 14:44:32.683 I GOOGLE GOOGLE_ENVIRONMENT gmsPresent=true gmsEnabled=true gmsVersionCode=263234035 gmsVersionName=26.32.34 (260400-968093310) vendingPresent=true gsfPresent=true customTabs=com.android.chrome hostGmsAvailable=true virtualGmsInstalled=false customTabsAvailable=true
1788680672.700 10303  9702  9815 I Unique  : 2026-09-06 14:44:32.698 I GOOGLE GOOGLE_ENVIRONMENT gmsPresent=true gmsEnabled=true gmsVersionCode=263234035 gmsVersionName=26.32.34 (260400-968093310) vendingPresent=true gsfPresent=true customTabs=com.android.chrome hostGmsAvailable=true virtualGmsInstalled=false customTabsAvailable=true
1788680672.701 10303  9702  9815 I Unique  : 2026-09-06 14:44:32.700 I GOOGLE GOOGLE_ROUTE package=com.gordey.standarling flow=SIGN_IN mode=PASSTHROUGH why=The app declares an OAuth redirect scheme, so the browser flow can be used and is the most reliable path.
1788680672.702 10303  9702  9815 I Unique  : 2026-09-06 14:44:32.701 I GOOGLE GOOGLE_ROUTE package=com.gordey.standarling flow=CREDENTIAL_MANAGER mode=HOST_BRIDGE why=Unverified: Sign in with Google issues a token for the app's server client, so the device's own Google Play services should be able to answer. Not yet confirmed against a real sample.
1788680672.703 10303  9702  9815 I Unique  : 2026-09-06 14:44:32.702 I GOOGLE GOOGLE_ROUTE package=com.gordey.standarling flow=ACCOUNT_MANAGER mode=HOST_BRIDGE why=Account access is bridged to the device's accounts; consent is shown as UNIQUE.
1788680672.704 10303  9702  9815 I Unique  : 2026-09-06 14:44:32.703 I GOOGLE GOOGLE_ROUTE package=com.gordey.standarling flow=FIREBASE_AUTH mode=PASSTHROUGH why=Firebase Auth consumes a token from another flow; the app's browser redirect can supply it.
1788680672.704 10303  9702  9815 I Unique  : 2026-09-06 14:44:32.704 I GOOGLE GOOGLE_ROUTE package=com.gordey.standarling flow=OAUTH_WEB mode=PASSTHROUGH why=Browser-based OAuth needs no Google Play services, only a working redirect back into this instance.
1788680672.705 10303  9702  9815 I Unique  : 2026-09-06 14:44:32.704 I GOOGLE GOOGLE_ROUTE package=com.gordey.standarling flow=FCM mode=HOST_BRIDGE why=Experimental: push registration is bridged through the host. Whether Google Play services accepts it varies by version; the result is recorded per device.
1788680672.705 10303  9702  9815 I Unique  : 2026-09-06 14:44:32.705 I GOOGLE GOOGLE_ROUTE package=com.gordey.standarling flow=PLAY_GAMES mode=UNSUPPORTED why=Not supported yet: Play Games checks an attested app identity, and UNIQUE has not been tested against it.
1788680673.222 10303  9702  9815 I Unique  : 2026-09-06 14:44:33.221 I PROCESS PROCESS_ASSIGNED slot=:vapp2 vuid=2 process=com.gordey.standarling
1788680673.250 10303  9702  9815 I Unique  : 2026-09-06 14:44:33.249 I LAUNCH LAUNCH_REQUESTED package=com.gordey.standarling vuid=2 activity=com.google.firebase.MessagingUnityPlayerActivity slot=:vapp2 launchMode=2
1788680673.306 10303 12278 12278 D nativeloader: Load libframework-connectivity-tiramisu-jni.so using APEX ns com_android_tethering for caller /apex/com.android.tethering/javalib/framework-connectivity-t.jar: ok
1788680673.344 10303 12278 12278 D ActivityThread: setEmbeddedParam packageName=com.unique processName=com.unique:vapp2 isEmbedded=false isIsolated=false
1788680673.345 10303 12278 12278 D ApplicationLoaders: Returning zygote-cached class loader: /system_ext/framework/androidx.window.extensions.jar
1788680673.345 10303 12278 12278 D ApplicationLoaders: Returning zygote-cached class loader: /system_ext/framework/androidx.window.sidecar.jar
1788680673.350 10303 12278 12278 D nativeloader: Configuring clns-7 for other apk /data/app/~~uSPrrBDnPbh7oiSxSbJTTw==/com.unique-Tvl4u3f1WcQMODM0rNq5rg==/base.apk. target_sdk_version=36, uses_libraries=, library_path=/data/app/~~uSPrrBDnPbh7oiSxSbJTTw==/com.unique-Tvl4u3f1WcQMODM0rNq5rg==/lib/arm64:/data/app/~~uSPrrBDnPbh7oiSxSbJTTw==/com.unique-Tvl4u3f1WcQMODM0rNq5rg==/base.apk!/lib/arm64-v8a, permitted_path=/data:/mnt/expand:/data/user/0/com.unique
1788680673.363 10303 12278 12278 V GraphicsEnvironment: Currently set values for:
1788680673.363 10303 12278 12278 V GraphicsEnvironment:   angle_gl_driver_selection_pkgs=[]
1788680673.363 10303 12278 12278 V GraphicsEnvironment:   angle_gl_driver_selection_values=[]
1788680673.363 10303 12278 12278 V GraphicsEnvironment: Global.Settings values are invalid: number of packages: 0, number of values: 0
1788680673.363 10303 12278 12278 V GraphicsEnvironment: App is not on the allowlist for updatable production driver.
1788680673.364 10303 12278 12278 I ActivityThread: TrafficStats init done
1788680673.367 10303 12278 12278 D ActivityThread: useGrowthLimitOutExpendMethod invoke error.
1788680673.374 10303 12278 12278 D nativeloader: Load libforcedarkimpl.so using system ns (caller=/system_ext/framework/miui-framework.jar): ok
1788680673.380 10303 12278 12278 I ActivityThread: Miui Feature Init done
1788680673.394 10303 12278 12278 I Unique  : 2026-09-06 14:44:33.386 I PROCESS PROCESS_START process=com.unique:vapp2 kind=VAPP sdk=35 abi=arm64-v8a,armeabi-v7a,armeabi
1788680673.395 10303 12278 12278 W om.unique:vapp2: Unsupported class loader: java.lang.Class<org.lsposed.hiddenapibypass.CoreOjClassLoader>
1788680673.463 10303 12278 12278 W om.unique:vapp2: Unsupported class loader: java.lang.Class<org.lsposed.hiddenapibypass.CoreOjClassLoader>
1788680673.463 10303 12278 12278 W om.unique:vapp2: Unsupported class loader: java.lang.Class<org.lsposed.hiddenapibypass.CoreOjClassLoader>
1788680673.465 10303 12278 12278 I Unique  : 2026-09-06 14:44:33.465 I HOOK HIDDEN_API_GRANTED via=HiddenApiBypass
1788680673.474 10303 12278 12278 D nativeloader: Load /data/app/~~uSPrrBDnPbh7oiSxSbJTTw==/com.unique-Tvl4u3f1WcQMODM0rNq5rg==/base.apk!/lib/arm64-v8a/libunique_native.so using class loader ns clns-7 (caller=/data/app/~~uSPrrBDnPbh7oiSxSbJTTw==/com.unique-Tvl4u3f1WcQMODM0rNq5rg==/base.apk): ok
1788680673.474 10303 12278 12278 I UniqueNative: libunique_native loaded (page size 4096)
1788680673.477 10303 12278 12278 I Unique  : 2026-09-06 14:44:33.476 I LAUNCH INTERCEPTOR_INSTALLED executeTransaction=159
1788680673.477 10303 12278 12278 I Unique  : 2026-09-06 14:44:33.477 I PROCESS VAPP_READY slot=2
1788680673.484 10303 12278 12278 I Unique  : 2026-09-06 14:44:33.483 I PROCESS STUB_PROVIDER_CREATED slot=2
1788680673.506 10303 12278 12278 D Unique  : 2026-09-06 14:44:33.505 D LAUNCH CALLBACK_ALIVE what=164 obj=java.lang.String
1788680673.508 10303 12278 12278 D Unique  : 2026-09-06 14:44:33.507 D LAUNCH CALLBACK_ALIVE what=159 obj=android.app.servertransaction.ClientTransaction
1788680673.531 10303 12278 12278 I Unique  : 2026-09-06 14:44:33.530 I PROCESS PROCESS_RENAMED argv0=com.gordey.standarling
1788680673.693 10303 12278 12278 D nativeloader: Configuring clns-8 for other apk /data/user/0/com.unique/files/virtual/apk/com.gordey.standarling/1090/base.apk. target_sdk_version=30, uses_libraries=, library_path=/data/user/0/com.unique/files/virtual/apk/com.gordey.standarling/1090/lib/arm64-v8a:/data/user/0/com.unique/files/virtual/apk/com.gordey.standarling/1090/base.apk!/lib/arm64-v8a, permitted_path=/data:/mnt/expand:/data/user/0/com.unique/files/virtual/users/2/data/com.gordey.standarling
1788680673.693 10303 12278 12278 D nativeloader: Extending system_exposed_libraries: libapuwareapusys.mtk.so:libapuwareapusys_v2.mtk.so:libapuwarexrp.mtk.so:libapuwarexrp_v2.mtk.so:libapuwareutils.mtk.so:libapuwareutils_v2.mtk.so:libapuwarehmp.mtk.so:libneuron_graph_delegate.mtk.so:libneuronusdk_adapter.mtk.so:libtflite_mtk.mtk.so:libarmnn_ndk.mtk.so:libcmdl_ndk.mtk.so:libnir_neon_driver_ndk.mtk.so:libmvpu_runtime.mtk.so:libmvpu_runtime_pub.mtk.so:libmvpu_engine_pub.mtk.so:libmvpu_pattern_pub.mtk.so:libmvpuop_mtk_cv.mtk.so:libmvpuop_mtk_nn.mtk.so:libmvpu_runtime_25.mtk.so:libmvpu_runtime_25_pub.mtk.so:libmvpu_engine_25_pub.mtk.so:libmvpu_pattern_25_pub.mtk.so:libmvpuop25_mtk_cv.mtk.so:libmvpuop25_mtk_nn.mtk.so:libmvpu_config.mtk.so:libteeservice_client.trustonic.so:libmisys_jni.xiaomi.so:libpag.hyperos.so:libffavc.hyperos.so
1788680673.699 10303 12278 12278 I Unique  : 2026-09-06 14:44:33.698 I PROCESS PROFILE_BOUND profile=a08b3805-4ae3-4b57-9799-77c411a5addf androidId=75ba21d66b9bc4f4 generation=1
1788680673.702 10303 12278 12278 I Unique  : 2026-09-06 14:44:33.702 I PROCESS BUILD_OVERRIDES_APPLIED applied=1 requested=1
1788680673.703 10303 12278 12278 I Unique  : 2026-09-06 14:44:33.703 I LAUNCH PROFILE_BOUND profileId=a08b3805-4ae3-4b57-9799-77c411a5addf generation=1
1788680673.708 10303 12278 12278 I Unique  : 2026-09-06 14:44:33.707 I PROCESS PERMISSION_CACHE_DISABLED disabled=disablePackageNamePermissionCache,disablePermissionCache,disableApplicationInfoCache,disablePackageInfoCache,disableGetPackagesForUidCache failed=android.app.ActivityManager: no disable*Cache()
1788680673.715 10303 12278 12278 I Unique  : 2026-09-06 14:44:33.714 I PROCESS PERMISSIONS_BOUND package=com.gordey.standarling vuid=2 declared=19 restored=0 runtime=3 installTime=16 selfDefined=1
1788680673.726 10303 12278 12278 I Unique  : 2026-09-06 14:44:33.725 I HOOK SERVICE_HOOKED service=package cache=true singletons=1 bound=permissionCheck,getActivityInfo,applicationEnabledSetting,getApplicationInfo,componentEnabledSetting,installedPackages,getInstallerPackageName,getNameForUid,getPackageUid,getPackageInfo,getPackagesForUid,getProviderInfo,getReceiverInfo,getServiceInfo,queryIntent,resolveContentProvider,resolveIntent matched=permissionCheck=checkPermission+checkUidPermission,getActivityInfo,applicationEnabledSetting=getApplicationEnabledSetting+setApplicationEnabledSetting,getApplicationInfo,componentEnabledSetting=getComponentEnabledSetting+setComponentEnabledSetting,installedPackages=getInstalledApplications+getInstalledPackages,getInstallerPackageName,getNameForUid,getPackageUid=getPackageGids+getPackageUid,getPack
1788680673.727 10303 12278 12278 I Unique  : 2026-09-06 14:44:33.726 I LAUNCH VPM_HOOK_INSTALLED package=com.gordey.standarling bound=permissionCheck,getActivityInfo,applicationEnabledSetting,getApplicationInfo,componentEnabledSetting,installedPackages,getInstallerPackageName,getNameForUid,getPackageUid,getPackageInfo,getPackagesForUid,getProviderInfo,getReceiverInfo,getServiceInfo,queryIntent,resolveContentProvider,resolveIntent
1788680673.740 10303 12278 12278 I Unique  : 2026-09-06 14:44:33.739 I HOOK SERVICE_HOOKED service=activity cache=true singletons=1 bound=serviceDispatch,callerIdentity,permissionCheck,getContentProvider,intentSender,runningProcesses,registerReceiver,foregroundService matched=serviceDispatch=bindService+bindServiceInstance+peekService+publishService+startService+stopService+unbindFinished,callerIdentity=broadcastIntent+broadcastIntentWithFeature+getBindingUidProcessState+getContentProviderExternal+getHistoricalProcessExitReasons+getHistoricalProcessStartReasons+getPackageProcessState+getTagForIntentSender+getUidLastIdleElapsedTime+getUidProcessCapabilities+getUidProces
1788680673.741 10303 12278 12278 I Unique  : 2026-09-06 14:44:33.740 I LAUNCH VAM_HOOK_INSTALLED package=com.gordey.standarling host=com.unique methods=8 matched=serviceDispatch=bindService+bindServiceInstance+peekService+publishService+startService+stopService+unbindFinished,callerIdentity=broadcastIntent+broadcastIntentWithFeature+getBindingUidProcessState+getContentProviderExternal+getHistoricalProcessExitReasons+getHistoricalProcessStartReasons+getPackageProcessState+getTagForIntentSender+getUidLastIdleElapsedTime+getUidProcessCapabilities+getUidProcessState+grantUriPermission+isBackgroundRestricted+isUidActive+moveTaskToFront+revokeUriPermission+sendIntentSender+startActivity+startActivityAsUser+startActivityAsUserWithFeature+startActivityWithFeature,permissionCheck=checkPermission+checkPermissionForDevice,getContentProvider,intentSender=getIntentSender+getIntentSenderWithFeature,runningProcesses=getRunningAppProcesses+getServices,registerReceiver=registerReceiver+registerReceiverWithFeature,foregroundService=setServiceForeground
1788680673.746 10303 12278 12278 I Unique  : 2026-09-06 14:44:33.745 I HOOK SERVICE_HOOKED service=activity_task cache=true singletons=1 bound=activityStart matched=activityStart=startActivities+startActivity+startActivityAndWait+startActivityAsCaller+startActivityAsUser+startActivityFromGameSession+startActivityIntentSender+startActivityWithConfig
1788680673.747 10303 12278 12278 I Unique  : 2026-09-06 14:44:33.746 I LAUNCH ATM_HOOK_INSTALLED package=com.gordey.standarling host=com.unique matched=activityStart=startActivities+startActivity+startActivityAndWait+startActivityAsCaller+startActivityAsUser+startActivityFromGameSession+startActivityIntentSender+startActivityWithConfig
1788680673.749 10303 12278 12278 I Unique  : 2026-09-06 14:44:33.748 I HOOK SERVICE_HOOKED service=permissionmgr cache=true singletons=1 bound=shouldShowRequestPermissionRationale matched=shouldShowRequestPermissionRationale
1788680673.749 10303 12278 12278 I Unique  : 2026-09-06 14:44:33.749 I HOOK PERMISSION_MANAGER_HOOKED matched=shouldShowRequestPermissionRationale
1788680673.752 10303 12278 12278 I Unique  : 2026-09-06 14:44:33.751 I HOOK SERVICE_HOOKED service=appops cache=true singletons=0 bound=appOpIdentity matched=appOpIdentity=checkAudioOperation+checkOperation+checkOperationForDevice+checkOperationRaw+checkOperationRawForDevice+checkPackage+collectNoteOpCallsForValidation+extractAsyncOps+finishOperation+finishOperationForDevice+getHistoricalOps+getHistoricalOpsFromDiskRaw+getOpsForPackage+getPackagesForOpsForDevice+isOperationActive+isProxying+noteOperation+noteOperationForDevice+noteProxyOperation+notePr
1788680673.753 10303 12278 12278 I Unique  : 2026-09-06 14:44:33.752 I HOOK APPOPS_HOOKED package=com.gordey.standarling host=com.unique matched=appOpIdentity=checkAudioOperation+checkOperation+checkOperationForDevice+checkOperationRaw+checkOperationRawForDevice+checkPackage+collectNoteOpCallsForValidation+extractAsyncOps+finishOperation+finishOperationForDevice+getHistoricalOps+getHistoricalOpsFromDiskRaw+getOpsForPackage+getPackagesForOpsForDevice+isOperationActive+isProxying+noteOperation+noteOperationForDevice+noteProxyOperation+notePr
1788680673.761 10303 12278 12278 I Unique  : 2026-09-06 14:44:33.760 I PROCESS SETTINGS_CACHES_PRIMED wrappedByHand=0 alreadyWrapped=3 empty=1
1788680673.762 10303 12278 12278 I Unique  : 2026-09-06 14:44:33.761 I PROCESS PROVIDER_CACHES_EVICTED activityThreadProviders=2 providerRefCounts=1 settingsCaches=4 settingsWrapped=3 hostSource=com.unique hostSourceUid=10303
1788680673.770 10303 12278 12278 I Unique  : 2026-09-06 14:44:33.767 I PROCESS NETWORK_SECURITY_INSTALLED package=com.gordey.standarling configRes=0 targetSdk=30
1788680673.770 10303 12278 12278 I UniqueNative: redirect table set: 8 rule(s)
1788680673.771 10303 12278 12278 W UniqueNative: io_redirect: filter did not match: /data/user/0/com.unique/files/virtual/apk/com.gordey.standarling/1090/lib/arm64-v8a
1788680673.771 10303 12278 12278 W UniqueNative: io_redirect: filter did not match: /data/data/com.unique/files/virtual/apk/com.gordey.standarling/1090/lib/arm64-v8a
1788680673.771 10303 12278 12278 W UniqueNative: io_redirect: filter did not match: /data/user/0/com.unique/files/virtual/apk/com.gordey.standarling/1090
1788680673.771 10303 12278 12278 W UniqueNative: io_redirect: filter did not match: /data/data/com.unique/files/virtual/apk/com.gordey.standarling/1090
1788680673.771 10303 12278 12278 W UniqueNative: io_redirect: app-private library seen: /data/misc/apexdata/com.android.art/dalvik-cache/arm64/boot.oat
1788680673.771 10303 12278 12278 W UniqueNative: io_redirect: app-private library seen: /data/misc/apexdata/com.android.art/dalvik-cache/arm64/boot-framework-adservices.oat
1788680673.771 10303 12278 12278 W UniqueNative: io_redirect: app-private library seen: /data/app/~~uSPrrBDnPbh7oiSxSbJTTw==/com.unique-Tvl4u3f1WcQMODM0rNq5rg==/oat/arm64/base.odex
1788680673.771 10303 12278 12278 W UniqueNative: io_redirect: app-private library seen: /data/app/~~uSPrrBDnPbh7oiSxSbJTTw==/com.unique-Tvl4u3f1WcQMODM0rNq5rg==/base.apk!/lib/arm64-v8a/libunique_native.so
1788680673.772 10303 12278 12278 I UniqueNative: io_redirect: library-load watch installed (3 slot(s) in 2 libraries)
1788680673.772 10303 12278 12278 W UniqueNative: io_redirect: watch saw but did not match: /data/misc/apexdata/com.android.art/dalvik-cache/arm64/boot.oat
1788680673.772 10303 12278 12278 W UniqueNative: io_redirect: watch saw but did not match: /data/misc/apexdata/com.android.art/dalvik-cache/arm64/boot-framework-adservices.oat
1788680673.772 10303 12278 12278 W UniqueNative: io_redirect: watch saw but did not match: /data/app/~~uSPrrBDnPbh7oiSxSbJTTw==/com.unique-Tvl4u3f1WcQMODM0rNq5rg==/oat/arm64/base.odex
1788680673.772 10303 12278 12278 W UniqueNative: io_redirect: watch saw but did not match: /data/app/~~uSPrrBDnPbh7oiSxSbJTTw==/com.unique-Tvl4u3f1WcQMODM0rNq5rg==/base.apk!/lib/arm64-v8a/libunique_native.so
1788680673.773 10303 12278 12278 I Unique  : 2026-09-06 14:44:33.772 I NATIVE IO_REDIRECT_INSTALLED status=NOTHING_TO_HOOK watch=OK rules=8 slots=0 scope=/data/user/0/com.unique/files/virtual/apk/com.gordey.standarling/1090/lib/arm64-v8a,/data/data/com.unique/files/virtual/apk/com.gordey.standarling/1090/lib/arm64-v8a,/data/user/0/com.unique/files/virt
1788680673.774 10303 12278 12278 I Unique  : 2026-09-06 14:44:33.773 I WEBVIEW WEBVIEW_DATA_DIR_SUFFIX suffix=vapp2 slot=2
1788680673.778 10303 12278 12278 I UniqueNative: crash: recording 6 signal(s) to /data/user/0/com.unique/files/virtual/runtime/diagnostics/2/com.gordey.standarling/native-crash-12278.properties
1788680673.779 10303 12278 12278 I Unique  : 2026-09-06 14:44:33.778 I NATIVE NATIVE_CRASH_HANDLER status=OK file=/data/user/0/com.unique/files/virtual/runtime/diagnostics/2/com.gordey.standarling/native-crash-12278.properties
1788680673.785 10303 12278 12278 I Unique  : 2026-09-06 14:44:33.784 I PROCESS COMPAT_CHANGES_DISABLED targetSdk=30 changes=PENDING_INTENT_EXPLICIT_MUTABILITY_REQUIRED=160794467
1788680673.786 10303 12278 12278 I Unique  : 2026-09-06 14:44:33.785 I STORAGE EXTERNAL_STORAGE_REDIRECTED package=com.gordey.standarling vuid=2 root=/data/user/0/com.unique/files/virtual/users/2/sdcard
1788680673.788 10303 12278 12278 I Unique  : 2026-09-06 14:44:33.787 I HOOK SERVICE_HOOKED service=alarm cache=true singletons=0 bound=callerPackage matched=callerPackage=canScheduleExactAlarms+cancelPoweroffAlarm+hasScheduleExactAlarm+removeAll+set+setTimeZone
1788680673.790 10303 12278 12278 I Unique  : 2026-09-06 14:44:33.788 I HOOK IDENTITY_HOOK_INSTALLED service=alarm package=com.gordey.standarling matched=callerPackage=canScheduleExactAlarms+cancelPoweroffAlarm+hasScheduleExactAlarm+removeAll+set+setTimeZone
1788680673.793 10303 12278 12278 I Unique  : 2026-09-06 14:44:33.792 I HOOK SERVICE_HOOKED service=clipboard cache=true singletons=0 bound=callerPackage matched=callerPackage=addPrimaryClipChangedListener+clearPrimaryClip+getPrimaryClip+getPrimaryClipDescription+getPrimaryClipSource+getUserPrimaryClip+hasClipboardText+hasPrimaryClip+removePrimaryClipChangedListener+setPrimaryClip+setPrimaryClipAsPackage
1788680673.794 10303 12278 12278 I Unique  : 2026-09-06 14:44:33.793 I HOOK IDENTITY_HOOK_INSTALLED service=clipboard package=com.gordey.standarling matched=callerPackage=addPrimaryClipChangedListener+clearPrimaryClip+getPrimaryClip+getPrimaryClipDescription+getPrimaryClipSource+getUserPrimaryClip+hasClipboardText+hasPrimaryClip+removePrimaryClipChangedListener+setPrimaryClip+setPrimaryClipAsPackage
1788680673.798 10303 12278 12278 I Unique  : 2026-09-06 14:44:33.796 I HOOK SERVICE_HOOKED service=restrictions cache=true singletons=0 bound=callerPackage matched=callerPackage=getApplicationRestrictions+getApplicationRestrictionsPerAdminForUser+notifyPermissionResponse+requestPermission
1788680673.800 10303 12278 12278 I Unique  : 2026-09-06 14:44:33.798 I HOOK IDENTITY_HOOK_INSTALLED service=restrictions package=com.gordey.standarling matched=callerPackage=getApplicationRestrictions+getApplicationRestrictionsPerAdminForUser+notifyPermissionResponse+requestPermission
1788680673.803 10303 12278 12278 I Unique  : 2026-09-06 14:44:33.802 I HOOK SERVICE_HOOKED service=locale cache=true singletons=0 bound=callerPackage,setApplicationLocales matched=callerPackage=getApplicationLocales+getOverrideLocaleConfig+setOverrideLocaleConfig,setApplicationLocales
1788680673.803 10303 12278 12278 I Unique  : 2026-09-06 14:44:33.803 I HOOK IDENTITY_HOOK_INSTALLED service=locale package=com.gordey.standarling matched=callerPackage=getApplicationLocales+getOverrideLocaleConfig+setOverrideLocaleConfig,setApplicationLocales
1788680673.806 10303 12278 12278 I Unique  : 2026-09-06 14:44:33.805 I HOOK SERVICE_HOOKED service=connectivity cache=true singletons=0 bound=callerPackage matched=callerPackage=getDefaultNetworkCapabilitiesForUser+getLastTetherError+getNetworkCapabilities+getRedactedLinkPropertiesForPackage+getRedactedNetworkCapabilitiesForPackage+isConnectivityServiceFeatureEnabledForTesting+listenForNetwork+pendingListenForNetwork+pendingRequestForNetwork+registerConnectivityDiagnosticsCallback+registerNetworkProvider+requestNetwork+requestRouteToHostAddress+setProvisioni
1788680673.807 10303 12278 12278 I Unique  : 2026-09-06 14:44:33.806 I HOOK IDENTITY_HOOK_INSTALLED service=connectivity package=com.gordey.standarling matched=callerPackage=getDefaultNetworkCapabilitiesForUser+getLastTetherError+getNetworkCapabilities+getRedactedLinkPropertiesForPackage+getRedactedNetworkCapabilitiesForPackage+isConnectivityServiceFeatureEnabledForTesting+listenForNetwork+pendingListenForNetwork+pendingRequestForNetwork+registerConnectivi
1788680673.808 10303 12278 12278 I Unique  : 2026-09-06 14:44:33.808 I HOOK SERVICE_HOOKED service=power cache=true singletons=0 bound=callerPackage matched=callerPackage=acquireWakeLock+acquireWakeLockAsync+acquireWakeLockWithUid+crash+isAmbientDisplaySuppressedForToken+isAmbientDisplaySuppressedForTokenByApp+isFeatureAllowedInLowPowerStandby+reboot+shutdown+suppressAmbientDisplay+updateWakeLockWorkSource+wakeUp
1788680673.809 10303 12278 12278 I Unique  : 2026-09-06 14:44:33.809 I HOOK IDENTITY_HOOK_INSTALLED service=power package=com.gordey.standarling matched=callerPackage=acquireWakeLock+acquireWakeLockAsync+acquireWakeLockWithUid+crash+isAmbientDisplaySuppressedForToken+isAmbientDisplaySuppressedForTokenByApp+isFeatureAllowedInLowPowerStandby+reboot+shutdown+suppressAmbientDisplay+updateWakeLockWorkSource+wakeUp
1788680673.817 10303 12278 12278 I Unique  : 2026-09-06 14:44:33.816 I HOOK SERVICE_HOOKED service=wifi cache=true singletons=0 bound=callerPackage matched=callerPackage=acquireMulticastLock+acquireWifiLock+addLocalOnlyConnectionStatusListener+addNetworkSuggestions+addOrUpdateNetwork+addOrUpdateNetworkPrivileged+addOrUpdatePasspointConfiguration+addQosPolicies+addSuggestionUserApprovalStatusListener+allowAutojoinGlobal+allowAutojoinPasspoint+connect+disableEphemeralNetwork+disableNetwork+disconnect+enableNetwork+enableTdls+enableTdlsWithMacAddress+en
1788680673.818 10303 12278 12278 I Unique  : 2026-09-06 14:44:33.817 I HOOK IDENTITY_HOOK_INSTALLED service=wifi package=com.gordey.standarling matched=callerPackage=acquireMulticastLock+acquireWifiLock+addLocalOnlyConnectionStatusListener+addNetworkSuggestions+addOrUpdateNetwork+addOrUpdateNetworkPrivileged+addOrUpdatePasspointConfiguration+addQosPolicies+addSuggestionUserApprovalStatusListener+allowAutojoinGlobal+allowAutojoinPasspoint+connect+di
1788680673.821 10303 12278 12278 I Unique  : 2026-09-06 14:44:33.820 I HOOK SERVICE_HOOKED service=location cache=true singletons=0 bound=callerPackage matched=callerPackage=addGnssAntennaInfoListener+addGnssMeasurementsListener+addGnssNavigationMessageListener+addTestProvider+getCurrentLocation+getLastLocation+getProviderPackages+getProviderProperties+hasProvider+isProviderEnabledForUser+isProviderPackage+registerGnssNmeaCallback+registerGnssStatusCallback+registerLocationListener+registerLocationPendingIntent+removeTestProvider+requestGeofence+requestL
1788680673.823 10303 12278 12278 I Unique  : 2026-09-06 14:44:33.821 I HOOK IDENTITY_HOOK_INSTALLED service=location package=com.gordey.standarling matched=callerPackage=addGnssAntennaInfoListener+addGnssMeasurementsListener+addGnssNavigationMessageListener+addTestProvider+getCurrentLocation+getLastLocation+getProviderPackages+getProviderProperties+hasProvider+isProviderEnabledForUser+isProviderPackage+registerGnssNmeaCallback+registerGnssStatusCallbac
1788680673.828 10303 12278 12278 I Unique  : 2026-09-06 14:44:33.827 I HOOK SERVICE_HOOKED service=audio cache=true singletons=0 bound=callerPackage matched=callerPackage=abandonAudioFocus+abandonAudioFocusForTest+adjustStreamVolume+adjustStreamVolumeForUid+adjustStreamVolumeWithAttribution+adjustSuggestedStreamVolumeForUid+adjustVolumeGroupVolume+cacheParameters+disableSafeMediaVolume+getBluetoothAudioDeviceCategory+getBluetoothAudioDeviceCategory_legacy+getCacheParameters+getDeviceVolume+getNotificationUri+getPlayerVolume+handleVolumeKey+isBluetooth
1788680673.829 10303 12278 12278 I Unique  : 2026-09-06 14:44:33.828 I HOOK IDENTITY_HOOK_INSTALLED service=audio package=com.gordey.standarling matched=callerPackage=abandonAudioFocus+abandonAudioFocusForTest+adjustStreamVolume+adjustStreamVolumeForUid+adjustStreamVolumeWithAttribution+adjustSuggestedStreamVolumeForUid+adjustVolumeGroupVolume+cacheParameters+disableSafeMediaVolume+getBluetoothAudioDeviceCategory+getBluetoothAudioDeviceCategory_lega
1788680673.831 10303 12278 12278 I Unique  : 2026-09-06 14:44:33.830 I HOOK SERVICE_HOOKED service=vibrator_manager cache=true singletons=0 bound=callerPackage matched=callerPackage=performHapticFeedback+setAlwaysOnEffect+vibrate
1788680673.831 10303 12278 12278 I Unique  : 2026-09-06 14:44:33.831 I HOOK IDENTITY_HOOK_INSTALLED service=vibrator_manager package=com.gordey.standarling matched=callerPackage=performHapticFeedback+setAlwaysOnEffect+vibrate
1788680673.835 10303 12278 12278 I Unique  : 2026-09-06 14:44:33.834 I HOOK SERVICE_HOOKED service=usagestats cache=true singletons=0 bound=callerPackage matched=callerPackage=clearBroadcastEvents+clearBroadcastResponseStats+getAppMinStandbyBucket+getAppStandbyBucket+getAppStandbyBuckets+getAppStandbyConstant+getLastTimeAnyComponentUsed+isAppInactive+isPackageExemptedFromBroadcastResponseStats+queryBroadcastResponseStats+queryConfigurationStats+queryEventStats+queryEvents+queryEventsForPackage+queryEventsForPackageForUser+queryEventsForUser+queryEventsWith
1788680673.836 10303 12278 12278 I Unique  : 2026-09-06 14:44:33.835 I HOOK IDENTITY_HOOK_INSTALLED service=usagestats package=com.gordey.standarling matched=callerPackage=clearBroadcastEvents+clearBroadcastResponseStats+getAppMinStandbyBucket+getAppStandbyBucket+getAppStandbyBuckets+getAppStandbyConstant+getLastTimeAnyComponentUsed+isAppInactive+isPackageExemptedFromBroadcastResponseStats+queryBroadcastResponseStats+queryConfigurationStats+queryEventSta
1788680673.838 10303 12278 12278 I Unique  : 2026-09-06 14:44:33.837 I HOOK SERVICE_HOOKED service=netstats cache=true singletons=0 bound=callerPackage matched=callerPackage=getIfaceStats+notifyNetworkStatus+openSessionForUsageStats+registerNetworkStatsProvider+registerUsageCallback+setStatsProviderWarningAndLimitAsync
1788680673.839 10303 12278 12278 I Unique  : 2026-09-06 14:44:33.838 I HOOK IDENTITY_HOOK_INSTALLED service=netstats package=com.gordey.standarling matched=callerPackage=getIfaceStats+notifyNetworkStatus+openSessionForUsageStats+registerNetworkStatsProvider+registerUsageCallback+setStatsProviderWarningAndLimitAsync
1788680673.841 10303 12278 12278 I Unique  : 2026-09-06 14:44:33.840 I HOOK SERVICE_HOOKED service=content cache=true singletons=0 bound=callerPackage matched=callerPackage=addPeriodicSync+cancelSync+cancelSyncAsUser+getCache+getIsSyncable+getIsSyncableAsUser+getPeriodicSyncs+getSyncAdapterPackageAsUser+getSyncAdapterPackagesForAuthorityAsUser+getSyncAutomatically+getSyncAutomaticallyAsUser+getSyncStatus+getSyncStatusAsUser+isSyncActive+isSyncPending+isSyncPendingAsUser+notifyChange+onDbCorruption+putCache+removePeriodicSync+requestSync+setIsSyncable+se
1788680673.842 10303 12278 12278 I Unique  : 2026-09-06 14:44:33.841 I HOOK IDENTITY_HOOK_INSTALLED service=content package=com.gordey.standarling matched=callerPackage=addPeriodicSync+cancelSync+cancelSyncAsUser+getCache+getIsSyncable+getIsSyncableAsUser+getPeriodicSyncs+getSyncAdapterPackageAsUser+getSyncAdapterPackagesForAuthorityAsUser+getSyncAutomatically+getSyncAutomaticallyAsUser+getSyncStatus+getSyncStatusAsUser+isSyncActive+isSyncPending+isSy
1788680673.845 10303 12278 12278 I Unique  : 2026-09-06 14:44:33.843 I HOOK SERVICE_HOOKED service=shortcut cache=true singletons=0 bound=shortcutPublish,callerPackage matched=shortcutPublish=addDynamicShortcuts+createShortcutResultIntent+pushDynamicShortcut+requestPinShortcut+setDynamicShortcuts+updateShortcuts,callerPackage=disableShortcuts+enableShortcuts+getIconMaxDimensions+getMaxShortcutCountPerActivity+getRateLimitResetTime+getRemainingCallCount+getShareTargets+getShortcuts+hasShareTargets+onApplicationActive+removeAllDynamicShortcuts+removeDynamicShortcuts+remov
1788680673.846 10303 12278 12278 I Unique  : 2026-09-06 14:44:33.845 I HOOK IDENTITY_HOOK_INSTALLED service=shortcut package=com.gordey.standarling matched=shortcutPublish=addDynamicShortcuts+createShortcutResultIntent+pushDynamicShortcut+requestPinShortcut+setDynamicShortcuts+updateShortcuts,callerPackage=disableShortcuts+enableShortcuts+getIconMaxDimensions+getMaxShortcutCountPerActivity+getRateLimitResetTime+getRemainingCallCount+getShareTargets+get
1788680673.852 10303 12278 12278 I Unique  : 2026-09-06 14:44:33.851 I HOOK SERVICE_HOOKED service=mount cache=true singletons=0 bound=callerPackage,volumeList matched=callerPackage=abortChanges+allocateBytes+benchmark+destroyUserStorage+disableAppDataIsolation+fixupAppDir+fixupAppDirRecursive+fixupSysfsFile+forgetVolume+format+getAllocatableBytes+getCacheQuotaBytes+getCacheSizeBytes+getExternalStorageMountMode+getManageSpaceActivityIntent+getMountedObbPath+isAppIoBlocked+isObbMounted+mkdirs+mount+mountObb+moveStorageQuickly+notifyAppIoBlocked+notifyAppIoResumed
1788680673.854 10303 12278 12278 I Unique  : 2026-09-06 14:44:33.853 I HOOK IDENTITY_HOOK_INSTALLED service=mount package=com.gordey.standarling matched=callerPackage=abortChanges+allocateBytes+benchmark+destroyUserStorage+disableAppDataIsolation+fixupAppDir+fixupAppDirRecursive+fixupSysfsFile+forgetVolume+format+getAllocatableBytes+getCacheQuotaBytes+getCacheSizeBytes+getExternalStorageMountMode+getManageSpaceActivityIntent+getMountedObbPath+isAppI
1788680673.858 10303 12278 12278 I Unique  : 2026-09-06 14:44:33.857 I HOOK SERVICE_HOOKED service=account cache=true singletons=0 bound=callerPackage matched=callerPackage=addAccount+addAccountAsUser+addAccountExplicitly+addAccountExplicitlyWithVisibility+addSharedAccountsFromParentUser+createRequestAccountAccessIntentSenderAsUser+editProperties+getAccountByTypeAndFeatures+getAccountVisibility+getAccountsAndVisibilityForPackage+getAccountsAsUser+getAccountsByFeatures+getAccountsByTypeForPackage+getAccountsForPackage+getAuthToken+getAuthTokenLabel+getUs
1788680673.860 10303 12278 12278 I Unique  : 2026-09-06 14:44:33.859 I HOOK IDENTITY_HOOK_INSTALLED service=account package=com.gordey.standarling matched=callerPackage=addAccount+addAccountAsUser+addAccountExplicitly+addAccountExplicitlyWithVisibility+addSharedAccountsFromParentUser+createRequestAccountAccessIntentSenderAsUser+editProperties+getAccountByTypeAndFeatures+getAccountVisibility+getAccountsAndVisibilityForPackage+getAccountsAsUser+getAccou
1788680673.871 10303 12278 12278 I Unique  : 2026-09-06 14:44:33.870 I HOOK SERVICE_HOOKED service=phone cache=true singletons=0 bound=callerPackage matched=callerPackage=call+canChangeDtmfToneLength+changeIccLockPassword+checkCarrierPrivilegesForPackage+checkCarrierPrivilegesForPackageAnyPhone+clearSignalStrengthUpdateRequest+deprovisionSatelliteService+dial+disableDataConnectivity+disableVisualVoicemailSmsFilter+doesSwitchMultiSimConfigTriggerReboot+enableDataConnectivity+enableVisualVoicemailSmsFilter+enqueueSmsPickResult+factoryReset+getAllCellInf
1788680673.872 10303 12278 12278 I Unique  : 2026-09-06 14:44:33.871 I HOOK IDENTITY_HOOK_INSTALLED service=phone package=com.gordey.standarling matched=callerPackage=call+canChangeDtmfToneLength+changeIccLockPassword+checkCarrierPrivilegesForPackage+checkCarrierPrivilegesForPackageAnyPhone+clearSignalStrengthUpdateRequest+deprovisionSatelliteService+dial+disableDataConnectivity+disableVisualVoicemailSmsFilter+doesSwitchMultiSimConfigTriggerReboot+e
1788680673.884 10303 12278 12278 I Unique  : 2026-09-06 14:44:33.883 I HOOK SERVICE_HOOKED service=device_policy cache=true singletons=0 bound=callerPackage matched=callerPackage=addCrossProfileIntentFilter+addCrossProfileWidgetProvider+addPersistentPreferredActivity+approveCaCert+checkDeviceIdentifierAccess+checkProvisioningPrecondition+choosePrivateKeyAlias+clearApplicationUserData+clearCrossProfileIntentFilters+clearDeviceOwner+clearPackagePersistentPreferredActivities+clearResetPasswordToken+createAdminSupportIntent+createAndManageUser+createAndProvisionM
1788680673.885 10303 12278 12278 I Unique  : 2026-09-06 14:44:33.884 I HOOK IDENTITY_HOOK_INSTALLED service=device_policy package=com.gordey.standarling matched=callerPackage=addCrossProfileIntentFilter+addCrossProfileWidgetProvider+addPersistentPreferredActivity+approveCaCert+checkDeviceIdentifierAccess+checkProvisioningPrecondition+choosePrivateKeyAlias+clearApplicationUserData+clearCrossProfileIntentFilters+clearDeviceOwner+clearPackagePersistentPreferre
1788680673.892 10303 12278 12278 I Unique  : 2026-09-06 14:44:33.891 I HOOK SERVICE_HOOKED service=media.camera cache=true singletons=0 bound=callerPackage matched=callerPackage=connect+connectDevice+createDefaultRequest+getCameraCharacteristics+getSessionCharacteristics+getTorchStrengthLevel+injectCamera+injectSessionParams+isHiddenPhysicalCamera+isSessionConfigurationWithParametersSupported+setTorchMode+supportsCameraApi+turnOnTorchWithStrengthLevel
1788680673.893 10303 12278 12278 I Unique  : 2026-09-06 14:44:33.892 I HOOK IDENTITY_HOOK_INSTALLED service=media.camera package=com.gordey.standarling matched=callerPackage=connect+connectDevice+createDefaultRequest+getCameraCharacteristics+getSessionCharacteristics+getTorchStrengthLevel+injectCamera+injectSessionParams+isHiddenPhysicalCamera+isSessionConfigurationWithParametersSupported+setTorchMode+supportsCameraApi+turnOnTorchWithStrengthLevel
1788680673.898 10303 12278 12278 I Unique  : 2026-09-06 14:44:33.897 I HOOK SERVICE_HOOKED service=telecom cache=true singletons=0 bound=callerPackage matched=callerPackage=acceptHandover+acceptRingingCall+acceptRingingCallWithVideoState+addCall+addNewIncomingCall+addNewIncomingConference+addOrRemoveTestCallCompanionApp+cancelMissedCallsNotification+clearAccounts+createLaunchEmergencyDialerIntent+createManageBlockedNumbersIntent+endCall+getAdnUriForPhoneAccount+getCallCapablePhoneAccounts+getCallStateUsingPackage+getCurrentTtyMode+getDefaultDialerPackag
1788680673.903 10303 12278 12278 I Unique  : 2026-09-06 14:44:33.901 I HOOK IDENTITY_HOOK_INSTALLED service=telecom package=com.gordey.standarling matched=callerPackage=acceptHandover+acceptRingingCall+acceptRingingCallWithVideoState+addCall+addNewIncomingCall+addNewIncomingConference+addOrRemoveTestCallCompanionApp+cancelMissedCallsNotification+clearAccounts+createLaunchEmergencyDialerIntent+createManageBlockedNumbersIntent+endCall+getAdnUriForPhoneA
1788680673.906 10303 12278 12278 I Unique  : 2026-09-06 14:44:33.905 I HOOK SERVICE_HOOKED service=media_router cache=true singletons=0 bound=callerPackage matched=callerPackage=deselectRouteWithManager+deselectRouteWithRouter2+getSystemRoutes+getSystemSessionInfoForPackage+registerClientAsUser+registerClientGroupId+registerManager+registerProxyRouter+registerRouter2+releaseSessionWithManager+releaseSessionWithRouter2+requestCreateSessionWithManager+requestSetVolume+requestUpdateVolume+selectRouteWithManager+selectRouteWithRouter2+setSelectedRoute+setSession
1788680673.907 10303 12278 12278 I Unique  : 2026-09-06 14:44:33.906 I HOOK IDENTITY_HOOK_INSTALLED service=media_router package=com.gordey.standarling matched=callerPackage=deselectRouteWithManager+deselectRouteWithRouter2+getSystemRoutes+getSystemSessionInfoForPackage+registerClientAsUser+registerClientGroupId+registerManager+registerProxyRouter+registerRouter2+releaseSessionWithManager+releaseSessionWithRouter2+requestCreateSessionWithManager+requestSet
1788680673.910 10303 12278 12278 I Unique  : 2026-09-06 14:44:33.909 I HOOK SERVICE_HOOKED service=media_session cache=true singletons=0 bound=callerPackage matched=callerPackage=addOnMediaKeyEventSessionChangedListener+createSession+dispatchAdjustVolume+dispatchMediaKeyEvent+dispatchMediaKeyEventToSessionAsSystemService+dispatchVolumeKeyEvent+dispatchVolumeKeyEventToSessionAsSystemService+getMediaKeyEventSession+getMediaKeyEventSessionPackageName+hasCustomMediaKeyDispatcher+hasCustomMediaSessionPolicyProvider+isTrusted+setCustomMediaKeyDispatcher+setCustomMe
1788680673.912 10303 12278 12278 I Unique  : 2026-09-06 14:44:33.910 I HOOK IDENTITY_HOOK_INSTALLED service=media_session package=com.gordey.standarling matched=callerPackage=addOnMediaKeyEventSessionChangedListener+createSession+dispatchAdjustVolume+dispatchMediaKeyEvent+dispatchMediaKeyEventToSessionAsSystemService+dispatchVolumeKeyEvent+dispatchVolumeKeyEventToSessionAsSystemService+getMediaKeyEventSession+getMediaKeyEventSessionPackageName+hasCustomMedi
1788680673.915 10303 12278 12278 I Unique  : 2026-09-06 14:44:33.914 I HOOK SERVICE_HOOKED service=appwidget cache=true singletons=0 bound=callerPackage,appWidgetIdentity matched=callerPackage=allocateAppWidgetId+bindRemoteViewsService+createAppWidgetConfigIntentSender+deleteAppWidgetId+deleteHost+getAppWidgetIdsForHost+getAppWidgetInfo+getAppWidgetOfHost+getAppWidgetOptions+getAppWidgetViews+getInstalledProvidersForProfile+hasBindAppWidgetPermission+isBoundWidgetPackage+noteAppWidgetTapped+notifyAppWidgetViewDataChanged+partiallyUpdateAppWidgetIds+setAppWidgetHidden+setBi
1788680673.916 10303 12278 12278 I Unique  : 2026-09-06 14:44:33.916 I HOOK IDENTITY_HOOK_INSTALLED service=appwidget package=com.gordey.standarling matched=callerPackage=allocateAppWidgetId+bindRemoteViewsService+createAppWidgetConfigIntentSender+deleteAppWidgetId+deleteHost+getAppWidgetIdsForHost+getAppWidgetInfo+getAppWidgetOfHost+getAppWidgetOptions+getAppWidgetViews+getInstalledProvidersForProfile+hasBindAppWidgetPermission+isBoundWidgetPackage+not
1788680673.918 10303 12278 12278 W Unique  : 2026-09-06 14:44:33.918 W HOOK SINGLETON_PATCH_SKIPPED service=input_method field=com.android.internal.inputmethod.IInputMethodManagerGlobalInvoker.sServiceCache
1788680673.919 10303 12278 12278 I Unique  : 2026-09-06 14:44:33.918 I HOOK SERVICE_HOOKED service=input_method cache=true singletons=1 bound=callerPackage,editorIdentity matched=callerPackage=acceptStylusHandwritingDelegation+acceptStylusHandwritingDelegationAsync+getEnabledInputMethodSubtypeList+prepareStylusHandwritingDelegation+setAdditionalInputMethodSubtypes+setExplicitlyEnabledInputMethodSubtypes+startConnectionlessStylusHandwriting+startProtoDump,editorIdentity=startInputOrWindowGainedFocus+startInputOrWindowGainedFocusAsync
1788680673.920 10303 12278 12278 I Unique  : 2026-09-06 14:44:33.919 I HOOK IDENTITY_HOOK_INSTALLED service=input_method package=com.gordey.standarling matched=callerPackage=acceptStylusHandwritingDelegation+acceptStylusHandwritingDelegationAsync+getEnabledInputMethodSubtypeList+prepareStylusHandwritingDelegation+setAdditionalInputMethodSubtypes+setExplicitlyEnabledInputMethodSubtypes+startConnectionlessStylusHandwriting+startProtoDump,editorIdentity=start
1788680673.921 10303 12278 12278 I Unique  : 2026-09-06 14:44:33.920 I HOOK IDENTITY_HOOKS_INSTALLED package=com.gordey.standarling installed=alarm,clipboard,restrictions,locale,connectivity,power,wifi,location,audio,vibrator_manager,usagestats,netstats,content,shortcut,mount,account,phone,device_policy,media.camera,telecom,media_router,media_session,appwidget,input_method skipped=
1788680673.923 10303 12278 12278 W Unique  : 2026-09-06 14:44:33.923 W PROCESS ALARM_EXACT_UNAVAILABLE detail=UNIQUE does not hold SCHEDULE_EXACT_ALARM; a guest asking for an exact alarm will get the platform's SecurityException
1788680673.937 10303 12278 12301 I Unique  : 2026-09-06 14:44:33.934 I LAUNCH GOOGLE_STACK_HIDDEN package=com.google.android.gms detail=Play services refuses a virtual app's identity and kills it from a Handler; reported absent so the SDK takes its own unavailable path
1788680673.940 10303 12278 12278 D Unique  : 2026-09-06 14:44:33.940 D PROCESS PERMISSION_CHECK permission=android.permission.INTERNET result=GRANTED
1788680673.945 10303 12278 12301 W GooglePlayServicesUtil: com.gordey.standarling requires Google Play services, but they are missing.
1788680673.948 10303 12278 12278 W com.facebook.UserSettingsManager: Please set a value for AutoLogAppEventsEnabled. Set the flag to TRUE if you want to collect app install, app launch and in-app purchase events automatically. To request user consent before collecting data, set the flag value to FALSE, then change to TRUE once user consent is received. Learn more: https://developers.facebook.com/docs/app-events/getting-started-app-events-android#disable-auto-events.
1788680673.948 10303 12278 12278 W com.facebook.UserSettingsManager: You haven't set a value for AdvertiserIDCollectionEnabled. Set the flag to TRUE if you want to collect Advertiser ID for better advertising and analytics results. To request user consent before collecting data, set the flag value to FALSE, then change to TRUE once user consent is received. Learn more: https://developers.facebook.com/docs/app-events/getting-started-app-events-android#disable-auto-events.
1788680673.948 10303 12278 12301 E AppLovinSdk: [DataCollector] Could not collect Google Advertising ID - this will negatively impact your eCPMs! Please integrate the Google Play Services SDK into your application. More info can be found online at http://developer.android.com/google/play-services/setup.html. If you're sure you've integrated the SDK and are still seeing this message, you may need to add a ProGuard exception: -keep public class com.google.android.gms.** { public protected *; }
1788680673.948 10303 12278 12301 E AppLovinSdk: java.io.IOException: Google Play services not available
1788680673.948 10303 12278 12301 E AppLovinSdk: 	at com.google.android.gms.ads.identifier.AdvertisingIdClient.zza(dex-id-ffd9dfb5f38697736427fc1a28d16d569bfb0e87:31)
1788680673.948 10303 12278 12301 E AppLovinSdk: 	at com.google.android.gms.ads.identifier.AdvertisingIdClient.zza(dex-id-ffd9dfb5f38697736427fc1a28d16d569bfb0e87:17)
1788680673.948 10303 12278 12301 E AppLovinSdk: 	at com.google.android.gms.ads.identifier.AdvertisingIdClient.getAdvertisingIdInfo(dex-id-ffd9dfb5f38697736427fc1a28d16d569bfb0e87:47)
1788680673.948 10303 12278 12301 E AppLovinSdk: 	at com.applovin.impl.sdk.p.c(dex-id-ffd9dfb5f38697736427fc1a28d16d569bfb0e87:15)
1788680673.948 10303 12278 12301 E AppLovinSdk: 	at com.applovin.impl.sdk.p.b(dex-id-ffd9dfb5f38697736427fc1a28d16d569bfb0e87:0)
1788680673.948 10303 12278 12301 E AppLovinSdk: 	at com.applovin.impl.sdk.p$a.run(dex-id-ffd9dfb5f38697736427fc1a28d16d569bfb0e87:6)
1788680673.948 10303 12278 12301 E AppLovinSdk: 	at java.lang.Thread.run(Thread.java:1572)
1788680673.966 10303 12278 12303 W GraphRequest: Starting with v13 of the SDK, a client token must be embedded in your client code before making Graph API calls. Visit https://developers.facebook.com/docs/android/getting-started#client-token to learn how to implement this change.
1788680674.108 10303 12278 12305 W GraphRequest: Starting with v13 of the SDK, a client token must be embedded in your client code before making Graph API calls. Visit https://developers.facebook.com/docs/android/getting-started#client-token to learn how to implement this change.
1788680674.112 10303 12278 12306 W GooglePlayServicesUtil: com.gordey.standarling requires Google Play services, but they are missing.
1788680674.113 10303 12278 12306 D Unique  : 2026-09-06 14:44:34.112 D PROCESS SERVICE_CONNECTION_WRAPPED connection=com.facebook.internal.AttributionIdentifiers$GoogleAdServiceConnection
1788680674.125 10303 12278 12307 W GraphRequest: Starting with v13 of the SDK, a client token must be embedded in your client code before making Graph API calls. Visit https://developers.facebook.com/docs/android/getting-started#client-token to learn how to implement this change.
1788680674.152 10303 12278 12318 D Unique  : 2026-09-06 14:44:34.151 D PROCESS PERMISSION_CHECK permission=android.permission.WAKE_LOCK result=GRANTED
1788680674.161 10303 12278 12318 W FirebaseInstanceId: Failed to resolve IID implementation package, falling back
1788680674.161 10303 12278 12278 I Unique  : 2026-09-06 14:44:34.161 I PROCESS PROVIDERS_PUBLISHED package=com.gordey.standarling process=com.gordey.standarling declared=5 authorities=[redacted]
1788680674.164 10303 12278 12278 I Unique  : 2026-09-06 14:44:34.163 I HOOK SERVICE_HOOKED service=jobscheduler cache=true singletons=0 bound=jobById,scheduleJob,pendingJobs matched=jobById=cancel+getPendingJob+getPendingJobReason,scheduleJob=enqueue+schedule+scheduleAsPackage,pendingJobs=getAllPendingJobs+getAllPendingJobsInNamespace
1788680674.164 10303 12278 12318 D Unique  : 2026-09-06 14:44:34.162 D PROCESS PERMISSION_CHECK permission=android.permission.ACCESS_NETWORK_STATE result=GRANTED
1788680674.164 10303 12278 12278 I Unique  : 2026-09-06 14:44:34.164 I HOOK JOB_HOOKED package=com.gordey.standarling slot=2 matched=jobById=cancel+getPendingJob+getPendingJobReason,scheduleJob=enqueue+schedule+scheduleAsPackage,pendingJobs=getAllPendingJobs+getAllPendingJobsInNamespace
1788680674.171 10303 12278 12278 I Unique  : 2026-09-06 14:44:34.170 I HOOK SERVICE_HOOKED service=notification cache=true singletons=1 bound=notificationIdentity,enqueue,channels matched=notificationIdentity=addAutomaticZenRule+areBubblesAllowed+areNotificationsEnabled+areNotificationsEnabledForPackage+buzzBeepBlinkForNotification+canNotifyAsPackage+canShowBadge+cancelAllNotifications+cancelNotificationFromListener+cancelToast+clearData+deleteNotificationHistoryItem+enqueueTextToast+enqueueToast+finishToken+getActiveNotifications+getActiveNotificationsWithAttribution+getAllowedAss
1788680674.172 10303 12278 12278 I Unique  : 2026-09-06 14:44:34.171 I HOOK NOTIFICATION_HOOKED package=com.gordey.standarling vuid=2 matched=notificationIdentity=addAutomaticZenRule+areBubblesAllowed+areNotificationsEnabled+areNotificationsEnabledForPackage+buzzBeepBlinkForNotification+canNotifyAsPackage+canShowBadge+cancelAllNotifications+cancelNotificationFromListener+cancelToast+clearData+deleteNotificationHistoryItem+enqueueTextToast+enqueueToast+finishToken+getActiveNotifications+getActiveNotificationsWithAttribution+getAllowedAss
1788680674.173 10303 12278 12319 I DynamiteModule: Considering local module com.google.android.gms.measurement.dynamite:17 and remote module com.google.android.gms.measurement.dynamite:0
1788680674.173 10303 12278 12319 I DynamiteModule: Selected local version of com.google.android.gms.measurement.dynamite
1788680674.177 10303 12278 12278 I Unique  : 2026-09-06 14:44:34.175 I PROCESS RECEIVERS_REGISTERED package=com.gordey.standarling declared=3 registered=3 actions=com.adjust.sdk.AdjustPreinstallReferrerReceiver#com.attribution.SYSTEM_INSTALLER_REFERRER;com.facebook.CurrentAccessTokenExpirationBroadcastReceiver#com.facebook.sdk.ACTION_CURRENT_ACCESS_TOKEN_CHANGED;com.google.firebase.iid.FirebaseInstanceIdReceiver#com.google.android.c2dm.intent.RECEIVE exported=2
1788680674.178 10303 12278 12278 I Unique  : 2026-09-06 14:44:34.178 I LAUNCH ACTIVITY_LIFECYCLE_INSTALLED package=com.gordey.standarling
1788680674.182 10303 12278 12278 I UniqueNative: redirect table set: 8 rule(s)
1788680674.183 10303 12278 12278 W UniqueNative: io_redirect: filter did not match: /data/user/0/com.unique/files/virtual/apk/com.gordey.standarling/1090/lib/arm64-v8a
1788680674.183 10303 12278 12278 W UniqueNative: io_redirect: filter did not match: /data/data/com.unique/files/virtual/apk/com.gordey.standarling/1090/lib/arm64-v8a
1788680674.183 10303 12278 12278 W UniqueNative: io_redirect: filter did not match: /data/user/0/com.unique/files/virtual/apk/com.gordey.standarling/1090
1788680674.183 10303 12278 12278 W UniqueNative: io_redirect: filter did not match: /data/data/com.unique/files/virtual/apk/com.gordey.standarling/1090
1788680674.183 10303 12278 12278 W UniqueNative: io_redirect: app-private library seen: /data/misc/apexdata/com.android.art/dalvik-cache/arm64/boot.oat
1788680674.183 10303 12278 12278 W UniqueNative: io_redirect: app-private library seen: /data/misc/apexdata/com.android.art/dalvik-cache/arm64/boot-framework-adservices.oat
1788680674.183 10303 12278 12278 W UniqueNative: io_redirect: app-private library seen: /data/app/~~uSPrrBDnPbh7oiSxSbJTTw==/com.unique-Tvl4u3f1WcQMODM0rNq5rg==/oat/arm64/base.odex
1788680674.183 10303 12278 12278 W UniqueNative: io_redirect: app-private library seen: /data/app/~~uSPrrBDnPbh7oiSxSbJTTw==/com.unique-Tvl4u3f1WcQMODM0rNq5rg==/base.apk!/lib/arm64-v8a/libunique_native.so
1788680674.184 10303 12278 12278 I Unique  : 2026-09-06 14:44:34.183 I NATIVE u2 com.gordey.standarling IO_REDIRECT_INSTALLED status=NOTHING_TO_HOOK watch=OK rules=8 slots=0 scope=/data/user/0/com.unique/files/virtual/apk/com.gordey.standarling/1090/lib/arm64-v8a,/data/data/com.unique/files/virtual/apk/com.gordey.standarling/1090/lib/arm64-v8a,/data/user/0/com.unique/files/virt
1788680674.185 10303 12278 12317 W FirebaseInstanceId: Failed to find package android.content.pm.PackageManager$NameNotFoundException: com.google.android.gms
1788680674.186 10303 12278 12278 I Unique  : 2026-09-06 14:44:34.184 I LAUNCH u2 com.gordey.standarling BOOTSTRAP_OK package=com.gordey.standarling vuid=2 slot=2 applicationClass=android.app.Application dataDir=/data/user/0/com.unique/files/virtual/users/2/data/com.gordey.standarling sourceDir=/data/user/0/com.unique/files/virtual/apk/com.gordey.standarling/1090/base.apk nativeLibraryDir=/data/user/0/com.unique/files/virtual/apk/com.gordey.standarling/1090/lib/arm64-v8a targetSdk=30 observedPackageName=com.gordey.standarling observedFilesDir=/data/user/0/com.unique/files/virtual/users/2/data/com.gordey.standarling/files millis=675
1788680674.187 10303 12278 12278 I Unique  : 2026-09-06 14:44:34.186 I LAUNCH u2 com.gordey.standarling TRANSACTION_REWRITTEN package=com.gordey.standarling activity=com.google.firebase.MessagingUnityPlayerActivity vuid=2 item=LaunchActivityItem theme=0
1788680674.196 10303  9702  9711 W Unique  : 2026-09-06 14:44:34.196 W PROCESS PROVIDER_ROUTE_UNKNOWN vuid=2 authority=[redacted]
1788680674.209 10303  9702 12172 I Unique  : 2026-09-06 14:44:34.208 I PROCESS PROVIDER_SLOT_READY slot=2 vuid=2 pid=12278
1788680674.408 10303 12278 12278 W BpBinder: Slow Binder: BpBinder transact took 208 ms, interface=android.app.IActivityClientController, code=33 oneway=false
1788680674.409 10303 12278 12278 I Unique  : 2026-09-06 14:44:34.408 I LAUNCH u2 com.gordey.standarling ACTIVITY_ORIENTATION_APPLIED activity=com.google.firebase.MessagingUnityPlayerActivity orientation=6 applied=true
1788680674.413 10303 12278 12337 D Unique  : 2026-09-06 14:44:34.398 D PROCESS u2 com.gordey.standarling PERMISSION_CHECK permission=com.google.android.providers.gsf.permission.READ_GSERVICES result=GRANTED
1788680674.432 10303 12278 12278 W libc    : Access denied finding property "persist.vendor.camera.IsVariableApertureSupported"
1788680674.432 10303 12278 12278 W libc    : Access denied finding property "persist.vendor.camera.IsStreetModeSupported"
1788680674.441 10303  9702  9702 W BpBinder: Slow Binder: BpBinder transact took 234 ms, interface=android.view.IWindowSession, code=6 oneway=false
1788680674.470 10303  9702 12172 W Unique  : 2026-09-06 14:44:34.469 W PROCESS PROVIDER_ROUTE_UNKNOWN vuid=2 authority=[redacted]
1788680674.518 10303 12278 12278 D nativeloader: Load /data/user/0/com.unique/files/virtual/apk/com.gordey.standarling/1090/lib/arm64-v8a/libmain.so using class loader ns clns-8 (caller=/data/user/0/com.unique/files/virtual/apk/com.gordey.standarling/1090/base.apk): ok
1788680674.533 10303 11002 11002 W BpBinder: Slow Binder: BpBinder transact took 259 ms, interface=android.view.IWindowManager, code=114 oneway=false
1788680674.688 10303 12278 12319 W om.unique:vapp2: Long monitor contention with owner Measurement Worker (12337) at java.lang.Object com.google.android.gms.internal.measurement.q2.b()(com.google.android.gms:play-services-measurement-impl@@17.5.0:36) waiters=0 in java.lang.Object com.google.android.gms.internal.measurement.q2.b() for 262ms
1788680674.784 10303 12278 12278 I UniqueNative: io_redirect: hooked 22 new slot(s) after loading /data/user/0/com.unique/files/virtual/apk/com.gordey.standarling/1090/lib/arm64-v8a/libgrave.so (22 total)
1788680674.784 10303 12278 12278 D nativeloader: Load /data/user/0/com.unique/files/virtual/apk/com.gordey.standarling/1090/lib/arm64-v8a/libgrave.so using class loader ns clns-8 (caller=/data/user/0/com.unique/files/virtual/apk/com.gordey.standarling/1090/base.apk): ok
1788680675.046 10303 12278 12303 E FeatureFlagsImplExport: android.os.flagging.AconfigStorageReadException: ERROR_PACKAGE_NOT_FOUND: package com.android.libcore cannot be found on the device
1788680675.441 10303 12278 12337 I FA      : App measurement initialized, version: 31049
1788680675.442 10303 12278 12337 I FA      : To enable debug logging run: adb shell setprop log.tag.FA VERBOSE
1788680675.442 10303 12278 12337 I FA      : To enable faster debug mode event logging run:
1788680675.442 10303 12278 12337 I FA      :   adb shell setprop debug.firebase.analytics.app com.gordey.standarling
1788680675.446 10303 12278 12337 D Unique  : 2026-09-06 14:44:35.445 D PROCESS u2 com.gordey.standarling PERMISSION_CHECK permission=android.permission.INTERNET result=GRANTED
1788680675.449 10303 12278 12337 D Unique  : 2026-09-06 14:44:35.448 D PROCESS u2 com.gordey.standarling PERMISSION_CHECK permission=android.permission.ACCESS_NETWORK_STATE result=GRANTED
1788680676.007 10303 12278 12291 W MIUIScout App: Enter APP_SCOUT_WARNING State
1788680676.007 10303 12278 12291 W MIUIScout App:  (Current message: duration=2501ms seq=4 late=10ms h=android.app.ActivityThread$H w=159)
1788680676.010 10303 12278 12358 W MIUIScout App: Event:APP_SCOUT_WARNING Thread:main backtrace:
1788680676.010 10303 12278 12358 W MIUIScout App:     at java.lang.Runtime.nativeLoad(Native Method)
1788680676.010 10303 12278 12358 W MIUIScout App:     at java.lang.Runtime.loadLibrary0(Runtime.java:1109)
1788680676.010 10303 12278 12358 W MIUIScout App:     at java.lang.Runtime.loadLibrary0(Runtime.java:1033)
1788680676.010 10303 12278 12358 W MIUIScout App:     at java.lang.System.loadLibrary(System.java:1765)
1788680676.010 10303 12278 12358 W MIUIScout App:     at com.unity3d.player.UnityPlayerActivity.onCreate(UnityPlayerActivity.java:6)
1788680676.010 10303 12278 12358 W MIUIScout App:     at com.google.firebase.MessagingUnityPlayerActivity.onCreate(MessagingUnityPlayerActivity.java:4)
1788680676.010 10303 12278 12358 W MIUIScout App:     at android.app.Activity.performCreate(Activity.java:9209)
1788680676.010 10303 12278 12358 W MIUIScout App:     at android.app.Activity.performCreate(Activity.java:9165)
1788680676.010 10303 12278 12358 W MIUIScout App:     at android.app.Instrumentation.callActivityOnCreate(Instrumentation.java:1537)
1788680676.010 10303 12278 12358 W MIUIScout App:     at android.app.ActivityThread.performLaunchActivity(ActivityThread.java:4397)
1788680676.010 10303 12278 12358 W MIUIScout App:     at android.app.ActivityThread.handleLaunchActivity(ActivityThread.java:4636)
1788680676.010 10303 12278 12358 W MIUIScout App:     at android.app.servertransaction.LaunchActivityItem.execute(LaunchActivityItem.java:112)
1788680676.010 10303 12278 12358 W MIUIScout App:     at android.app.servertransaction.TransactionExecutor.executeNonLifecycleItem(TransactionExecutor.java:186)
1788680676.010 10303 12278 12358 W MIUIScout App:     at android.app.servertransaction.TransactionExecutor.executeTransactionItems(TransactionExecutor.java:112)
1788680676.010 10303 12278 12358 W MIUIScout App:     at android.app.servertransaction.TransactionExecutor.execute(TransactionExecutor.java:84)
1788680676.010 10303 12278 12358 W MIUIScout App:     at android.app.ActivityThread$H.handleMessage(ActivityThread.java:2878)
1788680676.010 10303 12278 12358 W MIUIScout App:     at android.os.Handler.dispatchMessage(Handler.java:107)
1788680676.010 10303 12278 12358 W MIUIScout App:     at android.os.Looper.loopOnce(Looper.java:249)
1788680676.010 10303 12278 12358 W MIUIScout App:     at android.os.Looper.loop(Looper.java:337)
1788680676.010 10303 12278 12358 W MIUIScout App:     at android.app.ActivityThread.main(ActivityThread.java:9469)
1788680676.010 10303 12278 12358 W MIUIScout App:     at java.lang.reflect.Method.invoke(Native Method)
1788680676.010 10303 12278 12358 W MIUIScout App:     at com.android.internal.os.RuntimeInit$MethodAndArgsCaller.run(RuntimeInit.java:636)
1788680676.010 10303 12278 12358 W MIUIScout App:     at com.android.internal.os.ZygoteInit.main(ZygoteInit.java:1005)
1788680676.742 10303 12278 12307 E com.facebook.GraphResponse: {HttpStatus: 400, errorCode: 100, subErrorCode: 33, errorType: GraphMethodException, errorMessage: Unsupported get request. Object with ID '75257380179802112312300' does not exist, cannot be loaded due to missing permissions, or does not support this operation. Please read the Graph API documentation at https://developers.facebook.com/docs/graph-api}
1788680676.743 10303 12278 12307 W GraphRequest: Starting with v13 of the SDK, a client token must be embedded in your client code before making Graph API calls. Visit https://developers.facebook.com/docs/android/getting-started#client-token to learn how to implement this change.
1788680676.748 10303 12278 12303 E com.facebook.GraphResponse: {HttpStatus: 400, errorCode: 100, subErrorCode: 33, errorType: GraphMethodException, errorMessage: Unsupported get request. Object with ID '75257380179802112312300' does not exist, cannot be loaded due to missing permissions, or does not support this operation. Please read the Graph API documentation at https://developers.facebook.com/docs/graph-api}
1788680677.016 10303 12278 12307 E com.facebook.GraphResponse: {HttpStatus: 400, errorCode: 100, subErrorCode: 33, errorType: GraphMethodException, errorMessage: Unsupported get request. Object with ID '75257380179802112312300' does not exist, cannot be loaded due to missing permissions, or does not support this operation. Please read the Graph API documentation at https://developers.facebook.com/docs/graph-api}
1788680677.018 10303 12278 12303 W GooglePlayServicesUtil: com.gordey.standarling requires Google Play services, but they are missing.
1788680677.020 10303 12278 12303 D Unique  : 2026-09-06 14:44:37.019 D PROCESS u2 com.gordey.standarling SERVICE_INTENT_CROSS_APP action=com.google.android.gms.ads.identifier.service.START target=com.google.android.gms
1788680677.022 10303 12278 12303 D Unique  : 2026-09-06 14:44:37.021 D PROCESS u2 com.gordey.standarling SERVICE_CONNECTION_WRAPPED connection=com.facebook.internal.AttributionIdentifiers$GoogleAdServiceConnection
1788680677.272 10303 12278 12305 E com.facebook.GraphResponse: {HttpStatus: 400, errorCode: 100, subErrorCode: 33, errorType: GraphMethodException, errorMessage: Unsupported get request. Object with ID '75257380179802112312300' does not exist, cannot be loaded due to missing permissions, or does not support this operation. Please read the Graph API documentation at https://developers.facebook.com/docs/graph-api}
1788680678.510 10303 12278 12291 W MIUIScout App: Enter APP_SCOUT_HANG state
1788680678.510 10303 12278 12291 W MIUIScout App:  (Current message: duration=5003ms seq=4 late=10ms h=android.app.ActivityThread$H w=159)
1788680678.514 10303 12278 12375 W MIUIScout App: Event:APP_SCOUT_HANG Thread:main backtrace:
1788680678.514 10303 12278 12375 W MIUIScout App:     at java.lang.Runtime.nativeLoad(Native Method)
1788680678.514 10303 12278 12375 W MIUIScout App:     at java.lang.Runtime.loadLibrary0(Runtime.java:1109)
1788680678.514 10303 12278 12375 W MIUIScout App:     at java.lang.Runtime.loadLibrary0(Runtime.java:1033)
1788680678.514 10303 12278 12375 W MIUIScout App:     at java.lang.System.loadLibrary(System.java:1765)
1788680678.514 10303 12278 12375 W MIUIScout App:     at com.unity3d.player.UnityPlayerActivity.onCreate(UnityPlayerActivity.java:6)
1788680678.514 10303 12278 12375 W MIUIScout App:     at com.google.firebase.MessagingUnityPlayerActivity.onCreate(MessagingUnityPlayerActivity.java:4)
1788680678.514 10303 12278 12375 W MIUIScout App:     at android.app.Activity.performCreate(Activity.java:9209)
1788680678.514 10303 12278 12375 W MIUIScout App:     at android.app.Activity.performCreate(Activity.java:9165)
1788680678.514 10303 12278 12375 W MIUIScout App:     at android.app.Instrumentation.callActivityOnCreate(Instrumentation.java:1537)
1788680678.514 10303 12278 12375 W MIUIScout App:     at android.app.ActivityThread.performLaunchActivity(ActivityThread.java:4397)
1788680678.514 10303 12278 12375 W MIUIScout App:     at android.app.ActivityThread.handleLaunchActivity(ActivityThread.java:4636)
1788680678.514 10303 12278 12375 W MIUIScout App:     at android.app.servertransaction.LaunchActivityItem.execute(LaunchActivityItem.java:112)
1788680678.514 10303 12278 12375 W MIUIScout App:     at android.app.servertransaction.TransactionExecutor.executeNonLifecycleItem(TransactionExecutor.java:186)
1788680678.514 10303 12278 12375 W MIUIScout App:     at android.app.servertransaction.TransactionExecutor.executeTransactionItems(TransactionExecutor.java:112)
1788680678.514 10303 12278 12375 W MIUIScout App:     at android.app.servertransaction.TransactionExecutor.execute(TransactionExecutor.java:84)
1788680678.514 10303 12278 12375 W MIUIScout App:     at android.app.ActivityThread$H.handleMessage(ActivityThread.java:2878)
1788680678.514 10303 12278 12375 W MIUIScout App:     at android.os.Handler.dispatchMessage(Handler.java:107)
1788680678.514 10303 12278 12375 W MIUIScout App:     at android.os.Looper.loopOnce(Looper.java:249)
1788680678.514 10303 12278 12375 W MIUIScout App:     at android.os.Looper.loop(Looper.java:337)
1788680678.514 10303 12278 12375 W MIUIScout App:     at android.app.ActivityThread.main(ActivityThread.java:9469)
1788680678.514 10303 12278 12375 W MIUIScout App:     at java.lang.reflect.Method.invoke(Native Method)
1788680678.514 10303 12278 12375 W MIUIScout App:     at com.android.internal.os.RuntimeInit$MethodAndArgsCaller.run(RuntimeInit.java:636)
1788680678.514 10303 12278 12375 W MIUIScout App:     at com.android.internal.os.ZygoteInit.main(ZygoteInit.java:1005)
1788680678.625 10303 12278 12278 W Activity: PerfMonitor: Slow Operation: Activity com.gordey.standarling/com.google.firebase.MessagingUnityPlayerActivity onCreate took 4215ms
1788680678.631 10303 12278 12278 W libc    : Access denied finding property "ro.vendor.df.effect.conflict"
1788680678.671 10303 12278 12278 D nativeloader: Load libpowerhalwrap_jni.so using system ns (caller=/system_ext/framework/mediatek-framework.jar): ok
1788680678.724 10303 12278 12278 W libc    : Access denied finding property "ro.vendor.perf.scroll_opt"
1788680678.798 10303 12278 12278 D Unique  : 2026-09-06 14:44:38.797 D LAUNCH u2 com.gordey.standarling CALLBACK_ALIVE what=159 obj=android.app.servertransaction.ClientTransaction
1788680678.801 10303 12278 12278 D Unique  : 2026-09-06 14:44:38.798 D LAUNCH u2 com.gordey.standarling NO_LAUNCH_ITEM transaction=android.app.servertransaction.ClientTransaction shape=CREATOR: mActivityCallbacks:[TopResumedActivityChangeItem] mActivityToken:BinderProxy mClient:null mLifecycleStateRequest:null mTransactionItems:[TopResumedActivityChangeItem] seen=2
1788680678.805 10303 12278 12278 D Unique  : 2026-09-06 14:44:38.802 D LAUNCH u2 com.gordey.standarling CALLBACK_ALIVE what=149 obj=android.os.BinderProxy
1788680678.813 10303 12278 12278 D Unique  : 2026-09-06 14:44:38.805 D LAUNCH u2 com.gordey.standarling NO_LAUNCH_ITEM transaction=android.app.servertransaction.ClientTransaction shape=CREATOR: mActivityCallbacks:[ConfigurationChangeItem] mActivityToken:null mClient:null mLifecycleStateRequest:null mTransactionItems:[ConfigurationChangeItem] seen=3
1788680678.816 10303 12278 12278 D Unique  : 2026-09-06 14:44:38.815 D LAUNCH u2 com.gordey.standarling NO_LAUNCH_ITEM transaction=android.app.servertransaction.ClientTransaction shape=CREATOR: mActivityCallbacks:[ActivityConfigurationChangeItem] mActivityToken:BinderProxy mClient:null mLifecycleStateRequest:null mTransactionItems:[ActivityConfigurationChangeItem] seen=4
1788680678.820 10303 12278 12305 W GraphRequest: Starting with v13 of the SDK, a client token must be embedded in your client code before making Graph API calls. Visit https://developers.facebook.com/docs/android/getting-started#client-token to learn how to implement this change.
1788680678.946 10303 12278 12306 D Unique  : 2026-09-06 14:44:38.945 D PROCESS u2 com.gordey.standarling SERVICE_CONNECTION_WRAPPED connection=com.android.installreferrer.api.InstallReferrerClientImpl$b
1788680678.970 10303 12278 12303 I Unique  : 2026-09-06 14:44:38.968 I STORAGE u2 com.gordey.standarling EXTERNAL_VOLUME_REPOINTED path=/data/user/0/com.unique/files/virtual/users/2/sdcard fields=mPath,mInternalPath
1788680678.973 10303 12278 12303 I Unique  : 2026-09-06 14:44:38.972 I STORAGE u2 com.gordey.standarling EXTERNAL_VOLUME_REPOINTED path=/data/user/0/com.unique/files/virtual/users/2/sdcard fields=mPath,mInternalPath
1788680678.977 10303 12278 12303 I Unique  : 2026-09-06 14:44:38.975 I STORAGE u2 com.gordey.standarling EXTERNAL_VOLUME_REPOINTED path=/data/user/0/com.unique/files/virtual/users/2/sdcard fields=mPath,mInternalPath
1788680678.995 10303 12278 12303 I Unique  : 2026-09-06 14:44:38.978 I STORAGE u2 com.gordey.standarling EXTERNAL_VOLUME_REPOINTED path=/data/user/0/com.unique/files/virtual/users/2/sdcard fields=mPath,mInternalPath
1788680678.998 10303 12278 12398 E om.unique:vapp2: setpriority success to 100 : mali-cmar-backend
1788680679.005 10303 12278 12303 I Unique  : 2026-09-06 14:44:39.002 I STORAGE u2 com.gordey.standarling EXTERNAL_VOLUME_REPOINTED path=/data/user/0/com.unique/files/virtual/users/2/sdcard fields=mPath,mInternalPath
1788680679.013 10303 12278 12303 I Unique  : 2026-09-06 14:44:39.012 I STORAGE u2 com.gordey.standarling EXTERNAL_VOLUME_REPOINTED path=/data/user/0/com.unique/files/virtual/users/2/sdcard fields=mPath,mInternalPath
1788680679.034 10303 12278 12303 W GraphRequest: Starting with v13 of the SDK, a client token must be embedded in your client code before making Graph API calls. Visit https://developers.facebook.com/docs/android/getting-started#client-token to learn how to implement this change.
1788680679.086 10303 12278 12385 E CRASH   : *** *** *** *** *** *** *** *** *** *** *** *** *** *** *** ***
1788680679.086 10303 12278 12385 E CRASH   : Version '2019.4.22f1 (9fdda2fe27ad)', Build type 'Release', Scripting Backend 'il2cpp', CPU 'arm64-v8a'
1788680679.086 10303 12278 12385 E CRASH   : Build fingerprint: 'Redmi/sea_ru/sea:15/AP3A.240905.015.A2/OS2.0.209.0.VHZRUXM:user/release-keys'
1788680679.086 10303 12278 12385 E CRASH   : Revision: '0'
1788680679.086 10303 12278 12385 E CRASH   : ABI: 'arm64'
1788680679.086 10303 12278 12385 E CRASH   : Timestamp: 2026-09-06 14:44:39+0700
1788680679.087 10303 12278 12385 E CRASH   : pid: 12278, tid: 12385, name: dey.standarling  >>> com.gordey.standarling <<<
1788680679.087 10303 12278 12385 E CRASH   : uid: 10303
1788680679.087 10303 12278 12385 E CRASH   : signal 7 (SIGBUS), code 1 (BUS_ADRALN), fault addr 0x7dd33219f7
1788680679.087 10303 12278 12385 E CRASH   :     x0  0000007a584f9938  x1  0000000000001000  x2  0000000000000001  x3  0000000000000022
1788680679.087 10303 12278 12385 E CRASH   :     x4  ffffffffffffffff  x5  0000000000000000  x6  0000007a584ae4f4  x7  00000000a76eed96
1788680679.087 10303 12278 12385 E CRASH   :     x8  0000007a585f86b7  x9  0000007a585f8640  x10 00000000000000b7  x11 0000007dd3321000
1788680679.087 10303 12278 12385 E CRASH   :     x12 0000000000000000  x13 0000000000000002  x14 0000000000000005  x15 0000000000000001
1788680679.087 10303 12278 12385 E CRASH   :     x16 00000000000000ea  x17 0000000030bf13af  x18 00000079a15e0000  x19 b400007bdb1436f0
1788680679.087 10303 12278 12385 E CRASH   :     x20 00000000a6842c4b  x21 0000007a585f86f0  x22 000000000000305d  x23 0000000000002ff6
1788680679.087 10303 12278 12385 E CRASH   :     x24 0000007a585f86f0  x25 0000007a585f86f0  x26 0000007a585f8a30  x27 b400007bdb1436f0
1788680679.087 10303 12278 12385 E CRASH   :     x28 0000000000104000  x29 0000007a585f86b7
1788680679.087 10303 12278 12385 E CRASH   :     sp  0000007a585f8630  lr  0000007dd33219f7  pc  0000007dd33219f7
1788680679.087 10303 12278 12385 E CRASH   : backtrace:
1788680679.087 10303 12278 12385 E CRASH   :       #00 pc 00000000000009f7  <anonymous:0000007dd3321000>
1788680679.087 10303 12278 12385 E CRASH   : Forwarding signal 11
1788680679.092 10303 12278 12385 F libc    : Fatal signal 11 (SIGSEGV), code 1 (SEGV_MAPERR), fault addr 0x0 in tid 12385 (dey.standarling), pid 12278 (dey.standarling)
1788680679.096 10303 12278 12385 I libc    : debuggerd_dispatch_pseudothread start. crashing tid: 12385
1788680679.114 10303 12278 12305 E com.facebook.GraphResponse: {HttpStatus: 400, errorCode: 100, subErrorCode: 33, errorType: GraphMethodException, errorMessage: Unsupported get request. Object with ID '75257380179802112312300' does not exist, cannot be loaded due to missing permissions, or does not support this operation. Please read the Graph API documentation at https://developers.facebook.com/docs/graph-api}
1788680679.174 10303 12278 12384 E LB      : fail to open file: No such file or directory
1788680679.174 10303 12278 12384 E LB      : fail to open node: No such file or directory
1788680679.174 10303 12278 12384 E LB      : fail to open node: No such file or directory
1788680679.183 10303 12278 12278 D Unique  : 2026-09-06 14:44:39.182 D LAUNCH u2 com.gordey.standarling NO_LAUNCH_ITEM transaction=android.app.servertransaction.ClientTransaction shape=CREATOR: mActivityCallbacks:[WindowStateInsetsControlChangeItem] mActivityToken:null mClient:null mLifecycleStateRequest:null mTransactionItems:[WindowStateInsetsControlChangeItem] seen=5
1788680679.188 10303 12278 12278 D Unique  : 2026-09-06 14:44:39.187 D LAUNCH u2 com.gordey.standarling NO_LAUNCH_ITEM transaction=android.app.servertransaction.ClientTransaction shape=CREATOR: mActivityCallbacks:[WindowStateResizeItem] mActivityToken:null mClient:null mLifecycleStateRequest:null mTransactionItems:[WindowStateResizeItem] seen=6
1788680679.190 10303 12278 12305 W GraphRequest: Starting with v13 of the SDK, a client token must be embedded in your client code before making Graph API calls. Visit https://developers.facebook.com/docs/android/getting-started#client-token to learn how to implement this change.
1788680679.209 10303 12404 12404 W libc    : Access denied finding property "persist.vendor.track.malloc.enable"
1788680679.209 10303 12404 12404 W libc    : Access denied finding property "persist.vendor.fd.monitor.enable"
1788680679.241 10303 12410 12410 E crash_dump64: failed to get the guest state header for thread 12278: Bad address
1788680679.243 10303 12410 12410 E crash_dump64: failed to get the guest state header for thread 12280: Bad address
1788680679.275 10303 12410 12410 E crash_dump64: failed to get the guest state header for thread 12281: Bad address
1788680679.285 10303 12410 12410 E crash_dump64: failed to get the guest state header for thread 12282: Bad address
1788680679.305 10303 12410 12410 E crash_dump64: failed to get the guest state header for thread 12283: Bad address
1788680679.310 10303 12410 12410 E crash_dump64: failed to get the guest state header for thread 12284: Bad address
1788680679.312 10303 12410 12410 E crash_dump64: failed to get the guest state header for thread 12285: Bad address
1788680679.331 10303 12278 12345 I Unity   : MemoryManager: Using 'Dynamic Heap' Allocator.
1788680679.336 10303 12410 12410 E crash_dump64: failed to get the guest state header for thread 12286: Bad address
1788680679.337 10303 12410 12410 E crash_dump64: failed to get the guest state header for thread 12287: Bad address
1788680679.339 10303 12410 12410 E crash_dump64: failed to get the guest state header for thread 12288: Bad address
1788680679.341 10303 12278 12303 E com.facebook.GraphResponse: {HttpStatus: 400, errorCode: 100, subErrorCode: 33, errorType: GraphMethodException, errorMessage: Unsupported post request. Object with ID '75257380179802112312300' does not exist, cannot be loaded due to missing permissions, or does not support this operation. Please read the Graph API documentation at https://developers.facebook.com/docs/graph-api}
1788680679.341 10303 12410 12410 E crash_dump64: failed to get the guest state header for thread 12289: Bad address
1788680679.342 10303 12410 12410 E crash_dump64: failed to get the guest state header for thread 12290: Bad address
1788680679.427 10303 12410 12410 I crash_dump64: obtaining output fd from tombstoned, type: kDebuggerdTombstoneProto
1788680679.427 10303 12278 12345 I Unique  : 2026-09-06 14:44:39.426 I STORAGE u2 com.gordey.standarling EXTERNAL_VOLUME_REPOINTED path=/data/user/0/com.unique/files/virtual/users/2/sdcard fields=mPath,mInternalPath
1788680679.438 10303 12278 12278 D Unique  : 2026-09-06 14:44:39.436 D LAUNCH u2 com.gordey.standarling NO_LAUNCH_ITEM transaction=android.app.servertransaction.ClientTransaction shape=CREATOR: mActivityCallbacks:[WindowStateInsetsControlChangeItem] mActivityToken:null mClient:null mLifecycleStateRequest:null mTransactionItems:[WindowStateInsetsControlChangeItem] seen=7
1788680679.440 10303 12410 12410 I crash_dump64: performing dump of process 12278 (target tid = 12385)
1788680679.445 10303 12278 12345 I Unique  : 2026-09-06 14:44:39.441 I STORAGE u2 com.gordey.standarling EXTERNAL_VOLUME_REPOINTED path=/data/user/0/com.unique/files/virtual/users/2/sdcard fields=mPath,mInternalPath
1788680679.451 10303 12278 12345 I Unique  : 2026-09-06 14:44:39.451 I STORAGE u2 com.gordey.standarling EXTERNAL_VOLUME_REPOINTED path=/data/user/0/com.unique/files/virtual/users/2/sdcard fields=mPath,mInternalPath
1788680679.452 10303 12278 12305 E com.facebook.GraphResponse: {HttpStatus: 400, errorCode: 100, subErrorCode: 33, errorType: GraphMethodException, errorMessage: Unsupported get request. Object with ID '75257380179802112312300' does not exist, cannot be loaded due to missing permissions, or does not support this operation. Please read the Graph API documentation at https://developers.facebook.com/docs/graph-api}
1788680679.461 10303 12278 12305 W GraphRequest: Starting with v13 of the SDK, a client token must be embedded in your client code before making Graph API calls. Visit https://developers.facebook.com/docs/android/getting-started#client-token to learn how to implement this change.
1788680679.490 10303 12278 12299 I Unique  : 2026-09-06 14:44:39.488 I LAUNCH u2 com.gordey.standarling SIGNATURES_LOADED package=com.gordey.standarling signers=1 hasSigningInfo=true
1788680679.534 10303 12278 12345 I Unique  : 2026-09-06 14:44:39.533 I STORAGE u2 com.gordey.standarling EXTERNAL_VOLUME_REPOINTED path=/data/user/0/com.unique/files/virtual/users/2/sdcard fields=mPath,mInternalPath
1788680679.537 10303 12278 12337 W GooglePlayServicesUtil: com.gordey.standarling requires Google Play services, but they are missing.
1788680679.542 10303 12278 12337 I Unique  : 2026-09-06 14:44:39.540 I PROCESS u2 com.gordey.standarling SERVICE_STUB_RESERVED slot=2 stub=0 service=com.google.android.gms.measurement.AppMeasurementService vuid=2
1788680679.545 10303 12278 12337 D Unique  : 2026-09-06 14:44:39.543 D PROCESS u2 com.gordey.standarling SERVICE_INTENT_ROUTED service=com.google.android.gms.measurement.AppMeasurementService stub=com.unique.stub.ServiceStub_p2_s0 action=com.google.android.gms.measurement.START
1788680679.547 10303 12278 12345 I Unity   : SystemInfo CPU = ARM64 FP ASIMD AES, Cores = 8, Memory = 7707mb
1788680679.547 10303 12278 12345 I Unity   : SystemInfo ARM big.LITTLE configuration: 2 big (mask: 0xc0), 6 little (mask: 0x3f)
1788680679.547 10303 12278 12345 I Unity   : ApplicationInfo com.gordey.standarling version 0.19.1 build f73e0fd9-6520-4584-a63f-ad56c69eedcf
1788680679.547 10303 12278 12345 I Unity   : Built from '2019.4/staging' branch, Version '2019.4.22f1 (9fdda2fe27ad)', Build type 'Release', Scripting Backend 'il2cpp', CPU 'arm64-v8a', Stripping 'Enabled'
1788680679.548 10303 12278 12337 D Unique  : 2026-09-06 14:44:39.546 D PROCESS u2 com.gordey.standarling SERVICE_CONNECTION_WRAPPED connection=com.google.android.gms.measurement.internal.v8
1788680679.561 10303 12278 12408 W InteractionJankMonitor: Initializing without READ_DEVICE_CONFIG permission. enabled=false, interval=1, missedFrameThreshold=3, frameTimeThreshold=64, package=com.gordey.standarling
1788680679.569 10303 12278 12278 I Unique  : 2026-09-06 14:44:39.569 I PROCESS u2 com.gordey.standarling CREATE_SERVICE_REWRITTEN stub=com.unique.stub.ServiceStub_p2_s0 service=com.google.android.gms.measurement.AppMeasurementService
1788680679.572 10303 12278 12278 D Unique  : 2026-09-06 14:44:39.571 D PROCESS u2 com.gordey.standarling SERVICE_INTENT_ROUTED service=com.google.android.gms.measurement.AppMeasurementService stub=com.unique.stub.ServiceStub_p2_s0 action=com.google.android.gms.measurement.START
1788680679.574 10303 12278 12278 D Unique  : 2026-09-06 14:44:39.573 D LAUNCH u2 com.gordey.standarling NO_LAUNCH_ITEM transaction=android.app.servertransaction.ClientTransaction shape=CREATOR: mActivityCallbacks:[WindowStateResizeItem] mActivityToken:null mClient:null mLifecycleStateRequest:null mTransactionItems:[WindowStateResizeItem] seen=8
1788680679.575 10303 12278 12278 D Unique  : 2026-09-06 14:44:39.575 D PROCESS u2 com.gordey.standarling SERVICE_CONNECTION_RENAMED stub=com.unique.stub.ServiceStub_p2_s0 service=com.google.android.gms.measurement.AppMeasurementService
1788680679.578 10303 12278 12337 I FA      : Tag Manager is not found and thus will not be used
1788680679.580 10303 12278 12337 W GooglePlayServicesUtil: Google Play services is missing.
1788680679.710 10303 12278 12337 W Unique  : 2026-09-06 14:44:39.706 W LAUNCH u2 com.gordey.standarling PENDING_INTENT_RECEIVER_UNSUPPORTED receiver=com.google.android.gms.measurement.AppMeasurementReceiver package=com.gordey.standarling
1788680679.712 10303 12278 12305 E com.facebook.GraphResponse: {HttpStatus: 400, errorCode: 100, subErrorCode: 33, errorType: GraphMethodException, errorMessage: Unsupported get request. Object with ID '75257380179802112312300' does not exist, cannot be loaded due to missing permissions, or does not support this operation. Please read the Graph API documentation at https://developers.facebook.com/docs/graph-api}
1788680679.714 10303 12278 12305 W GraphRequest: Starting with v13 of the SDK, a client token must be embedded in your client code before making Graph API calls. Visit https://developers.facebook.com/docs/android/getting-started#client-token to learn how to implement this change.
1788680679.977 10303 12278 12305 E com.facebook.GraphResponse: {HttpStatus: 400, errorCode: 100, subErrorCode: 33, errorType: GraphMethodException, errorMessage: Unsupported get request. Object with ID '75257380179802112312300' does not exist, cannot be loaded due to missing permissions, or does not support this operation. Please read the Graph API documentation at https://developers.facebook.com/docs/graph-api}
1788680679.991 10303 12278 12337 W Unique  : 2026-09-06 14:44:39.989 W LAUNCH u2 com.gordey.standarling PENDING_INTENT_RECEIVER_UNSUPPORTED receiver=com.google.android.gms.measurement.AppMeasurementReceiver package=com.gordey.standarling
1788680680.012 10303 12278 12337 W GooglePlayServicesUtil: com.gordey.standarling requires Google Play services, but they are missing.
1788680680.052 10303 12278 12337 D Unique  : 2026-09-06 14:44:40.050 D PROCESS u2 com.gordey.standarling SERVICE_CONNECTION_WRAPPED connection=com.google.android.gms.measurement.internal.x4
1788680680.133 10303  9702 12172 W Unique  : 2026-09-06 14:44:40.131 W PROCESS PROVIDER_ROUTE_UNKNOWN vuid=2 authority=[redacted]
1788680680.222 10303 12278 12337 W Unique  : 2026-09-06 14:44:40.220 W LAUNCH u2 com.gordey.standarling PENDING_INTENT_RECEIVER_UNSUPPORTED receiver=com.google.android.gms.measurement.AppMeasurementReceiver package=com.gordey.standarling
1788680680.226 10303 12278 12337 W JobInfo : Job 'com.gordey.standarling/com.google.android.gms.measurement.AppMeasurementJobService#-1081621338' has a deadline with no functional constraints. The deadline won't improve job execution latency. Consider removing the deadline.
1788680680.235 10303 12278 12337 I Unique  : 2026-09-06 14:44:40.233 I PROCESS u2 com.gordey.standarling JOB_SCHEDULED service=com.google.android.gms.measurement.AppMeasurementJobService virtualJobId=-1081621338 hostJobId=2606246 stub=com.unique.stub.JobStub_p2
1788680680.241 10303 12278 12345 W libc    : Access denied finding property "vendor.migl.debug"
1788680680.262 10303 12278 12337 W Unique  : 2026-09-06 14:44:40.260 W LAUNCH u2 com.gordey.standarling PENDING_INTENT_RECEIVER_UNSUPPORTED receiver=com.google.android.gms.measurement.AppMeasurementReceiver package=com.gordey.standarling
1788680680.268 10303 12278 12345 E QT      : [QT]file does not exist
1788680680.274 10303 12278 12337 W JobInfo : Job 'com.gordey.standarling/com.google.android.gms.measurement.AppMeasurementJobService#-1081621338' has a deadline with no functional constraints. The deadline won't improve job execution latency. Consider removing the deadline.
1788680680.277 10303 12278 12456 E om.unique:vapp2: setpriority success to 100 : mali-cmar-backend
1788680680.279 10303 12278 12337 I Unique  : 2026-09-06 14:44:40.277 I PROCESS u2 com.gordey.standarling JOB_SCHEDULED service=com.google.android.gms.measurement.AppMeasurementJobService virtualJobId=-1081621338 hostJobId=2606246 stub=com.unique.stub.JobStub_p2
1788680680.321 10303 12278 12345 E om.unique:vapp2: checkIfsupportxIntfps do not binder to joyose
1788680680.334 10303 12278 12345 D Unity   :  GL_EXT_debug_marker GL_ARM_rgba8 GL_ARM_mali_shader_binary GL_ARM_debug_assert GL_OES_depth24 GL_OES_depth_texture GL_OES_depth_texture_cube_map GL_OES_packed_depth_stencil GL_OES_rgb8_rgba8 GL_EXT_read_format_bgra GL_OES_compressed_paletted_texture GL_OES_compressed_ETC1_RGB8_texture GL_OES_standard_derivatives GL_OES_EGL_image GL_OES_EGL_image_external GL_OES_EGL_image_external_essl3 GL_OES_EGL_sync GL_OES_texture_npot GL_OES_vertex_half_float GL_OES_required_internalformat GL_OES_vertex_array_object GL_OES_mapbuffer GL_EXT_texture_format_BGRA8888 GL_EXT_texture_rg GL_EXT_texture_type_2_10_10_10_REV GL_OES_fbo_render_mipmap GL_OES_element_index_uint GL_EXT_shadow_samplers GL_OES_texture_compression_astc GL_KHR_texture_compression_astc_ldr GL_KHR_texture_compression_astc_hdr GL_KHR_texture_compression_astc_sliced_3d GL_EXT_texture_compression_astc_decode_mode GL_EXT_texture_compression_astc_decode_mode_rgb9e5 GL_KHR_debug GL_EXT_occlusion_query_boolean GL_EXT_disjoint_timer_query GL_EXT_blend_minmax GL_EXT
1788680680.334 10303 12278 12345 D Unity   : _discard_framebuffer GL_OES_get_program_binary GL_OES_texture_3D GL_EXT_texture_storage GL_EXT_multisampled_render_to_texture GL_EXT_multisampled_render_to_texture2 GL_OES_surfaceless_context GL_OES_texture_stencil8 GL_EXT_shader_pixel_local_storage GL_ARM_shader_framebuffer_fetch GL_ARM_shader_framebuffer_fetch_depth_stencil GL_ARM_mali_program_binary GL_EXT_sRGB GL_EXT_sRGB_write_control GL_EXT_texture_sRGB_decode GL_EXT_texture_sRGB_R8 GL_EXT_texture_sRGB_RG8 GL_KHR_blend_equation_advanced GL_KHR_blend_equation_advanced_coherent GL_OES_texture_storage_multisample_2d_array GL_OES_shader_image_atomic GL_EXT_robustness GL_EXT_draw_buffers_indexed GL_OES_draw_buffers_indexed GL_EXT_texture_border_clamp GL_OES_texture_border_clamp GL_EXT_texture_cube_map_array GL_OES_texture_cube_map_array GL_OES_sample_variables GL_OES_sample_shading GL_OES_shader_multisample_interpolation GL_EXT_shader_io_blocks GL_OES_shader_io_blocks GL_EXT_tessellation_shader GL_OES_tessellation_shader GL_EXT_primitive_bounding_box GL_OES
1788680680.334 10303 12278 12345 D Unity   : _primitive_bounding_box GL_EXT_geometry_shader GL_OES_geometry_shader GL_ANDROID_extension_pack_es31a GL_EXT_gpu_shader5 GL_OES_gpu_shader5 GL_EXT_texture_buffer GL_OES_texture_buffer GL_EXT_copy_image GL_OES_copy_image GL_EXT_shader_non_constant_global_initializers GL_EXT_color_buffer_half_float GL_EXT_unpack_subimage GL_EXT_color_buffer_float GL_EXT_float_blend GL_EXT_YUV_target GL_OVR_multiview GL_OVR_multiview2 GL_OVR_multiview_multisampled_render_to_texture GL_KHR_robustness GL_KHR_robust_buffer_access_behavior GL_EXT_draw_elements_base_vertex GL_OES_draw_elements_base_vertex GL_EXT_protected_textures GL_EXT_buffer_storage GL_EXT_external_buffer GL_EXT_EGL_image_array GL_EXT_clear_texture GL_ARM_shader_core_properties GL_EXT_texture_filter_anisotropic GL_OES_texture_float_linear GL_ARM_texture_unnormalized_coordinates GL_EXT_shader_framebuffer_fetch GL_EXT_clip_control GL_EXT_polygon_offset_clamp GL_EXT_EGL_image_storage
1788680680.340 10303 12278 12345 I Unique  : 2026-09-06 14:44:40.339 I STORAGE u2 com.gordey.standarling EXTERNAL_VOLUME_REPOINTED path=/data/user/0/com.unique/files/virtual/users/2/sdcard fields=mPath,mInternalPath
1788680680.342 10303 12278 12345 I Unique  : 2026-09-06 14:44:40.341 I STORAGE u2 com.gordey.standarling EXTERNAL_VOLUME_REPOINTED path=/data/user/0/com.unique/files/virtual/users/2/sdcard fields=mPath,mInternalPath
1788680680.379 10303 12278 12337 W Unique  : 2026-09-06 14:44:40.378 W LAUNCH u2 com.gordey.standarling PENDING_INTENT_RECEIVER_UNSUPPORTED receiver=com.google.android.gms.measurement.AppMeasurementReceiver package=com.gordey.standarling
1788680680.393 10303 12278 12337 W JobInfo : Job 'com.gordey.standarling/com.google.android.gms.measurement.AppMeasurementJobService#-1081621338' has a deadline with no functional constraints. The deadline won't improve job execution latency. Consider removing the deadline.
1788680680.395 10303 12278 12337 I Unique  : 2026-09-06 14:44:40.394 I PROCESS u2 com.gordey.standarling JOB_SCHEDULED service=com.google.android.gms.measurement.AppMeasurementJobService virtualJobId=-1081621338 hostJobId=2606246 stub=com.unique.stub.JobStub_p2
1788680680.418 10303 12278 12337 W Unique  : 2026-09-06 14:44:40.418 W LAUNCH u2 com.gordey.standarling PENDING_INTENT_RECEIVER_UNSUPPORTED receiver=com.google.android.gms.measurement.AppMeasurementReceiver package=com.gordey.standarling
1788680680.423 10303 12278 12345 D AudioTrack: INSP: type=audio,case=1,set=0xb400007c0b15a500,stream_type=-1,sample_rate=48000,format=0x1,channel_mask=0x3,frame_count=0,flags=0x104,notification_frames=-8,session_id=3345,transfer_type=0,uid=-1,pid=-1
1788680680.424 10303 12278 12345 D AudioTrack: INSP: type=audio,case=1,attributes=1,content_type=0,usage=1,source=0,flags=0x100
1788680680.431 10303 12278 12345 D AudioTrack: set: mPowerTrackStatus=0
1788680680.432 10303 12278 12337 W JobInfo : Job 'com.gordey.standarling/com.google.android.gms.measurement.AppMeasurementJobService#-1081621338' has a deadline with no functional constraints. The deadline won't improve job execution latency. Consider removing the deadline.
1788680680.436 10303 12278 12337 I Unique  : 2026-09-06 14:44:40.434 I PROCESS u2 com.gordey.standarling JOB_SCHEDULED service=com.google.android.gms.measurement.AppMeasurementJobService virtualJobId=-1081621338 hostJobId=2606246 stub=com.unique.stub.JobStub_p2
1788680680.446 10303 12278 12337 W FA      : Callable skipped the worker queue.
1788680680.449 10303 12278 12345 I AudioTrack: createTrack_l(0): AUDIO_OUTPUT_FLAG_FAST successful; frameCount 0 -> 2048
1788680680.450 10303 12278 12345 D AudioTrack: createTrack_l(433): 0xb400007c0b15a500, mCblk = 0x7ddc7e0000, mLatency = 84, mAfLatency = 42, frameCount = 2048, mSampleRate = 48000, mFlags = 0x4, mReqFrameCount = 2048, mNotificationFramesAct = 256
1788680680.457 10303 12278 12345 D AudioTrack: start(433): 0xb400007c0b15a500, prior state:STATE_STOPPED packageName:
1788680680.461 10303 12278 12337 W FA      : Service response is missing Install Referrer install timestamp
1788680680.783 10303 12278 12345 D Unique  : 2026-09-06 14:44:40.782 D PROCESS u2 com.gordey.standarling RECEIVER_EXPORT_DEFAULTED package=com.gordey.standarling targetSdk=30 flag=RECEIVER_EXPORTED
1788680680.785 10303 12278 12345 D Unique  : 2026-09-06 14:44:40.784 D PROCESS u2 com.gordey.standarling RECEIVER_EXPORT_DEFAULTED package=com.gordey.standarling targetSdk=30 flag=RECEIVER_EXPORTED
1788680681.133 10303 12278 12384 W RenderInspector: DequeueBuffer time out on com.gordey.standarling/com.google.firebase.MessagingUnityPlayerActivity, count=1, avg=30 ms, max=30 ms.
1788680681.493 10303 12278 12475 D AudioTrack: [audioTrackData][zero] 1s(f:0 m:0 s:0 k:0 z:1000) : pid 12278 uid 10303 sessionId 3345 sr 48000 ch 2 fmt 1  mMaxAmplitude 0
1788680681.958 10303 12410 12410 F DEBUG   : *** *** *** *** *** *** *** *** *** *** *** *** *** *** *** ***
1788680681.958 10303 12410 12410 F DEBUG   : Build fingerprint: 'Redmi/sea_ru/sea:15/AP3A.240905.015.A2/OS2.0.209.0.VHZRUXM:user/release-keys'
1788680681.958 10303 12410 12410 F DEBUG   : Revision: '0'
1788680681.958 10303 12410 12410 F DEBUG   : ABI: 'arm64'
1788680681.958 10303 12410 12410 F DEBUG   : Timestamp: 2026-09-06 14:44:39.476004252+0700
1788680681.958 10303 12410 12410 F DEBUG   : Process uptime: 7s
1788680681.958 10303 12410 12410 F DEBUG   : Cmdline: com.gordey.standarling
1788680681.958 10303 12410 12410 F DEBUG   : pid: 12278, tid: 12385, name: dey.standarling  >>> com.gordey.standarling <<<
1788680681.958 10303 12410 12410 F DEBUG   : uid: 10303
1788680681.958 10303 12410 12410 F DEBUG   : tagged_addr_ctrl: 0000000000000001 (PR_TAGGED_ADDR_ENABLE)
1788680681.958 10303 12410 12410 F DEBUG   : signal 11 (SIGSEGV), code 1 (SEGV_MAPERR), fault addr 0x0000000000000000
1788680681.958 10303 12410 12410 F DEBUG   : Cause: null pointer dereference
1788680681.958 10303 12410 12410 F DEBUG   :     x0  0000007dbd08e890  x1  0000007a46522bd0  x2  0000000000000000  x3  0000000000000080
1788680681.958 10303 12410 12410 F DEBUG   :     x4  0000000000000010  x5  00000000ffffffff  x6  0a3a6b636174730a  x7  0a3a6b636174730a
1788680681.958 10303 12410 12410 F DEBUG   :     x8  0000007dbd08e6e0  x9  0000000000000080  x10 0000000000000001  x11 0000000000000001
1788680681.958 10303 12410 12410 F DEBUG   :     x12 0000000000000001  x13 ffffffffffe00000  x14 fffffc00001fffff  x15 0000000000000000
1788680681.958 10303 12410 12410 F DEBUG   :     x16 0000000000000001  x17 0000000000000000  x18 00000079a15e0000  x19 00000000ffffffff
1788680681.958 10303 12410 12410 F DEBUG   :     x20 0000007dbd08e7b8  x21 0000007a46522bd0  x22 0000007dbd08e890  x23 0000007dbd08e660
1788680681.958 10303 12410 12410 F DEBUG   :     x24 0000007a585f8a40  x25 0000007dbd08e9d8  x26 00000079b0001dc8  x27 00000079b0001de8
1788680681.958 10303 12410 12410 F DEBUG   :     x28 0000000000000000  x29 0000007dbd08e7a0
1788680681.958 10303 12410 12410 F DEBUG   :     lr  0000007a45c21e7c  sp  0000007dbd08e660  pc  0000007a45c21fb0  pst 0000000060001000
1788680681.958 10303 12410 12410 F DEBUG   : 9 total frames
1788680681.958 10303 12410 12410 F DEBUG   : backtrace:
1788680681.958 10303 12410 12410 F DEBUG   :   NOTE: Function names and BuildId information is missing for some frames due
1788680681.958 10303 12410 12410 F DEBUG   :   NOTE: to unreadable libraries. For unwinds of apps, only shared libraries
1788680681.958 10303 12410 12410 F DEBUG   :   NOTE: found under the lib/ directory are readable.
1788680681.958 10303 12410 12410 F DEBUG   :   NOTE: On this device, run setenforce 0 to make the libraries readable.
1788680681.958 10303 12410 12410 F DEBUG   :   NOTE: Unreadable libraries:
1788680681.958 10303 12410 12410 F DEBUG   :   NOTE:   /data/data/com.unique/files/virtual/apk/com.gordey.standarling/1090/lib/arm64-v8a/libunity.so
1788680681.958 10303 12410 12410 F DEBUG   :       #00 pc 00000000007f4fb0  /data/data/com.unique/files/virtual/apk/com.gordey.standarling/1090/lib/arm64-v8a/libunity.so
1788680681.958 10303 12410 12410 F DEBUG   :       #01 pc 00000000007f4e78  /data/data/com.unique/files/virtual/apk/com.gordey.standarling/1090/lib/arm64-v8a/libunity.so
1788680681.958 10303 12410 12410 F DEBUG   :       #02 pc 0000000000389330  /data/data/com.unique/files/virtual/apk/com.gordey.standarling/1090/lib/arm64-v8a/libunity.so
1788680681.958 10303 12410 12410 F DEBUG   :       #03 pc 00000000007f6560  /data/data/com.unique/files/virtual/apk/com.gordey.standarling/1090/lib/arm64-v8a/libunity.so
1788680681.958 10303 12410 12410 F DEBUG   :       #04 pc 00000000007f5fb0  /data/data/com.unique/files/virtual/apk/com.gordey.standarling/1090/lib/arm64-v8a/libunity.so
1788680681.958 10303 12410 12410 F DEBUG   :       #05 pc 00000000003845f0  /data/data/com.unique/files/virtual/apk/com.gordey.standarling/1090/lib/arm64-v8a/libunity.so
1788680681.958 10303 12410 12410 F DEBUG   :       #06 pc 00000000000070a0  /apex/com.android.art/lib64/libsigchain.so (art::SignalChain::Handler(int, siginfo*, void*)+1152) (BuildId: b6eee6262e0caa13108e99cc46dd5b5d)
1788680681.958 10303 12410 12410 F DEBUG   :       #07 pc 0000000000000848  [vdso]
1788680681.958 10303 12410 12410 F DEBUG   :       #08 pc 00000000000009f3  <anonymous:7dd3321000>
1788680682.122 10303 12410 12410 I crash_dump64: start notify aee_aed tombstone path: /data/tombstones/.temporary5
1788680682.122 10303 12410 12410 I crash_dump64: Built commit ee9c8d056d0978e98e0583affba824f8cf3d7097
1788680682.123 10303 12410 12410 I crash_dump64: socket name: android:aee_aed, sfd: 8
1788680682.150 10303 12410 12410 I crash_dump64: crash_temporary_file_notify:
1788680682.151 10303 12410 12410 I crash_dump64: crash_temporary_file_notify exit
1788680682.182 10303 12278 12459 E om.unique:vapp2: DynamicFPS DF open fail: No such file or directory
1788680682.294 10303 12410 12410 I crash_dump64: start aee dumping
1788680682.294 10303 12410 12410 E crash_dump64: crash_mini_dump_notify: writing 'start dumping' fail: Broken pipe
1788680682.294 10303 12410 12410 I crash_dump64: crash_mini_dump_notify exit!
1788680682.296 10303 12410 12410 E MIUINDBG: miui_native_debug_process_O
1788680682.390 10303 12410 12410 E MIUINDBG: crash_dump(miuindbg) client read ack success
1788680682.390 10303 12410 12410 E MIUINDBG: core type: 0
1788680682.390 10303 12410 12410 E MIUINDBG: unable to connect to mqsas native socket
1788680682.496 10303 12278 12475 D AudioTrack: [audioTrackData][zero] 2s(f:0 m:0 s:0 k:0 z:2002) : pid 12278 uid 10303 sessionId 3345 sr 48000 ch 2 fmt 1  mMaxAmplitude 0
1788680682.505 10303 12278 12278 D Unique  : 2026-09-06 14:44:42.504 D LAUNCH u2 com.gordey.standarling NO_LAUNCH_ITEM transaction=android.app.servertransaction.ClientTransaction shape=CREATOR: mActivityCallbacks:[TopResumedActivityChangeItem] mActivityToken:BinderProxy mClient:null mLifecycleStateRequest:PauseActivityItem mTransactionItems:[TopResumedActivityChangeItem|PauseActivityItem] seen=9
1788680682.783 10303  9702  9746 E com.unique: checkIfsupportxIntfps do not binder to joyose
1788680682.863 10303  9702  9729 W libc    : Access denied finding property "ro.vendor.display.iris_x7.support"
1788680685.756 10303 12680 12680 D nativeloader: Load libframework-connectivity-tiramisu-jni.so using APEX ns com_android_tethering for caller /apex/com.android.tethering/javalib/framework-connectivity-t.jar: ok
1788680685.797 10303 12680 12680 D ActivityThread: setEmbeddedParam packageName=com.unique processName=com.unique:vapp2 isEmbedded=false isIsolated=false
1788680685.802 10303 12680 12680 D ApplicationLoaders: Returning zygote-cached class loader: /system_ext/framework/androidx.window.extensions.jar
1788680685.802 10303 12680 12680 D ApplicationLoaders: Returning zygote-cached class loader: /system_ext/framework/androidx.window.sidecar.jar
1788680685.813 10303 12680 12680 D nativeloader: Configuring clns-7 for other apk /data/app/~~uSPrrBDnPbh7oiSxSbJTTw==/com.unique-Tvl4u3f1WcQMODM0rNq5rg==/base.apk. target_sdk_version=36, uses_libraries=, library_path=/data/app/~~uSPrrBDnPbh7oiSxSbJTTw==/com.unique-Tvl4u3f1WcQMODM0rNq5rg==/lib/arm64:/data/app/~~uSPrrBDnPbh7oiSxSbJTTw==/com.unique-Tvl4u3f1WcQMODM0rNq5rg==/base.apk!/lib/arm64-v8a, permitted_path=/data:/mnt/expand:/data/user/0/com.unique
1788680685.822 10303 12680 12680 V GraphicsEnvironment: Currently set values for:
1788680685.822 10303 12680 12680 V GraphicsEnvironment:   angle_gl_driver_selection_pkgs=[]
1788680685.822 10303 12680 12680 V GraphicsEnvironment:   angle_gl_driver_selection_values=[]
1788680685.822 10303 12680 12680 V GraphicsEnvironment: Global.Settings values are invalid: number of packages: 0, number of values: 0
1788680685.822 10303 12680 12680 V GraphicsEnvironment: App is not on the allowlist for updatable production driver.
1788680685.824 10303 12680 12680 I ActivityThread: TrafficStats init done
1788680685.831 10303 12680 12680 D ActivityThread: useGrowthLimitOutExpendMethod invoke error.
1788680685.845 10303 12680 12680 D nativeloader: Load libforcedarkimpl.so using system ns (caller=/system_ext/framework/miui-framework.jar): ok
1788680685.859 10303 12680 12680 I ActivityThread: Miui Feature Init done
1788680685.878 10303 12680 12680 I Unique  : 2026-09-06 14:44:45.870 I PROCESS PROCESS_START process=com.unique:vapp2 kind=VAPP sdk=35 abi=arm64-v8a,armeabi-v7a,armeabi
1788680685.879 10303 12680 12680 W om.unique:vapp2: Unsupported class loader: java.lang.Class<org.lsposed.hiddenapibypass.CoreOjClassLoader>
1788680685.954 10303  9702  9702 W WindowOnBackDispatcher: sendCancelIfRunning: isInProgress=false callback=io.flutter.embedding.android.FlutterActivity$1@cab8d4d
1788680685.971 10303 12680 12680 W om.unique:vapp2: Unsupported class loader: java.lang.Class<org.lsposed.hiddenapibypass.CoreOjClassLoader>
1788680685.971 10303 12680 12680 W om.unique:vapp2: Unsupported class loader: java.lang.Class<org.lsposed.hiddenapibypass.CoreOjClassLoader>
1788680685.973 10303 12680 12680 I Unique  : 2026-09-06 14:44:45.973 I HOOK HIDDEN_API_GRANTED via=HiddenApiBypass
1788680685.986 10303 12680 12680 D nativeloader: Load /data/app/~~uSPrrBDnPbh7oiSxSbJTTw==/com.unique-Tvl4u3f1WcQMODM0rNq5rg==/base.apk!/lib/arm64-v8a/libunique_native.so using class loader ns clns-7 (caller=/data/app/~~uSPrrBDnPbh7oiSxSbJTTw==/com.unique-Tvl4u3f1WcQMODM0rNq5rg==/base.apk): ok
1788680685.986 10303 12680 12680 I UniqueNative: libunique_native loaded (page size 4096)
1788680685.993 10303 12680 12680 I Unique  : 2026-09-06 14:44:45.991 I LAUNCH INTERCEPTOR_INSTALLED executeTransaction=159
1788680685.994 10303 12680 12680 I Unique  : 2026-09-06 14:44:45.993 I PROCESS VAPP_READY slot=2
1788680686.004 10303 12680 12680 I Unique  : 2026-09-06 14:44:46.003 I PROCESS STUB_PROVIDER_CREATED slot=2
1788680686.022 10303 12680 12680 D Unique  : 2026-09-06 14:44:46.020 D LAUNCH CALLBACK_ALIVE what=164 obj=java.lang.String
1788680686.024 10303 12680 12680 D Unique  : 2026-09-06 14:44:46.023 D LAUNCH CALLBACK_ALIVE what=114 obj=android.app.ActivityThread$CreateServiceData
1788680686.025 10303 12680 12680 D Unique  : 2026-09-06 14:44:46.025 D PROCESS CREATE_SERVICE_UNMAPPED stub=com.unique.stub.JobStub_p2
1788680686.028 10303 12680 12680 D Unique  : 2026-09-06 14:44:46.027 D LAUNCH CALLBACK_ALIVE what=121 obj=android.app.ActivityThread$BindServiceData
1788680686.089 10303 12680 12680 I Unique  : 2026-09-06 14:44:46.088 I PROCESS PROCESS_RENAMED argv0=com.gordey.standarling
1788680686.175 10303 12680 12680 D nativeloader: Configuring clns-8 for other apk /data/user/0/com.unique/files/virtual/apk/com.gordey.standarling/1090/base.apk. target_sdk_version=30, uses_libraries=, library_path=/data/user/0/com.unique/files/virtual/apk/com.gordey.standarling/1090/lib/arm64-v8a:/data/user/0/com.unique/files/virtual/apk/com.gordey.standarling/1090/base.apk!/lib/arm64-v8a, permitted_path=/data:/mnt/expand:/data/user/0/com.unique/files/virtual/users/2/data/com.gordey.standarling
1788680686.175 10303 12680 12680 D nativeloader: Extending system_exposed_libraries: libapuwareapusys.mtk.so:libapuwareapusys_v2.mtk.so:libapuwarexrp.mtk.so:libapuwarexrp_v2.mtk.so:libapuwareutils.mtk.so:libapuwareutils_v2.mtk.so:libapuwarehmp.mtk.so:libneuron_graph_delegate.mtk.so:libneuronusdk_adapter.mtk.so:libtflite_mtk.mtk.so:libarmnn_ndk.mtk.so:libcmdl_ndk.mtk.so:libnir_neon_driver_ndk.mtk.so:libmvpu_runtime.mtk.so:libmvpu_runtime_pub.mtk.so:libmvpu_engine_pub.mtk.so:libmvpu_pattern_pub.mtk.so:libmvpuop_mtk_cv.mtk.so:libmvpuop_mtk_nn.mtk.so:libmvpu_runtime_25.mtk.so:libmvpu_runtime_25_pub.mtk.so:libmvpu_engine_25_pub.mtk.so:libmvpu_pattern_25_pub.mtk.so:libmvpuop25_mtk_cv.mtk.so:libmvpuop25_mtk_nn.mtk.so:libmvpu_config.mtk.so:libteeservice_client.trustonic.so:libmisys_jni.xiaomi.so:libpag.hyperos.so:libffavc.hyperos.so
1788680686.191 10303 12680 12680 I Unique  : 2026-09-06 14:44:46.190 I PROCESS PROFILE_BOUND profile=a08b3805-4ae3-4b57-9799-77c411a5addf androidId=75ba21d66b9bc4f4 generation=1
1788680686.196 10303 12680 12680 I Unique  : 2026-09-06 14:44:46.193 I PROCESS BUILD_OVERRIDES_APPLIED applied=1 requested=1
1788680686.198 10303 12680 12680 I Unique  : 2026-09-06 14:44:46.196 I LAUNCH PROFILE_BOUND profileId=a08b3805-4ae3-4b57-9799-77c411a5addf generation=1
1788680686.212 10303 12680 12680 I Unique  : 2026-09-06 14:44:46.210 I PROCESS PERMISSION_CACHE_DISABLED disabled=disablePackageNamePermissionCache,disablePermissionCache,disableApplicationInfoCache,disablePackageInfoCache,disableGetPackagesForUidCache failed=android.app.ActivityManager: no disable*Cache()
1788680686.222 10303 12680 12680 I Unique  : 2026-09-06 14:44:46.219 I PROCESS PERMISSIONS_BOUND package=com.gordey.standarling vuid=2 declared=19 restored=0 runtime=3 installTime=16 selfDefined=1
1788680686.246 10303 12680 12680 I Unique  : 2026-09-06 14:44:46.243 I HOOK SERVICE_HOOKED service=package cache=true singletons=1 bound=permissionCheck,getActivityInfo,applicationEnabledSetting,getApplicationInfo,componentEnabledSetting,installedPackages,getInstallerPackageName,getNameForUid,getPackageUid,getPackageInfo,getPackagesForUid,getProviderInfo,getReceiverInfo,getServiceInfo,queryIntent,resolveContentProvider,resolveIntent matched=permissionCheck=checkPermission+checkUidPermission,getActivityInfo,applicationEnabledSetting=getApplicationEnabledSetting+setApplicationEnabledSetting,getApplicationInfo,componentEnabledSetting=getComponentEnabledSetting+setComponentEnabledSetting,installedPackages=getInstalledApplications+getInstalledPackages,getInstallerPackageName,getNameForUid,getPackageUid=getPackageGids+getPackageUid,getPack
1788680686.248 10303 12680 12680 I Unique  : 2026-09-06 14:44:46.246 I LAUNCH VPM_HOOK_INSTALLED package=com.gordey.standarling bound=permissionCheck,getActivityInfo,applicationEnabledSetting,getApplicationInfo,componentEnabledSetting,installedPackages,getInstallerPackageName,getNameForUid,getPackageUid,getPackageInfo,getPackagesForUid,getProviderInfo,getReceiverInfo,getServiceInfo,queryIntent,resolveContentProvider,resolveIntent
1788680686.293 10303 12680 12680 I Unique  : 2026-09-06 14:44:46.290 I HOOK SERVICE_HOOKED service=activity cache=true singletons=1 bound=serviceDispatch,callerIdentity,permissionCheck,getContentProvider,intentSender,runningProcesses,registerReceiver,foregroundService matched=serviceDispatch=bindService+bindServiceInstance+peekService+publishService+startService+stopService+unbindFinished,callerIdentity=broadcastIntent+broadcastIntentWithFeature+getBindingUidProcessState+getContentProviderExternal+getHistoricalProcessExitReasons+getHistoricalProcessStartReasons+getPackageProcessState+getTagForIntentSender+getUidLastIdleElapsedTime+getUidProcessCapabilities+getUidProces
1788680686.297 10303 12680 12680 I Unique  : 2026-09-06 14:44:46.293 I LAUNCH VAM_HOOK_INSTALLED package=com.gordey.standarling host=com.unique methods=8 matched=serviceDispatch=bindService+bindServiceInstance+peekService+publishService+startService+stopService+unbindFinished,callerIdentity=broadcastIntent+broadcastIntentWithFeature+getBindingUidProcessState+getContentProviderExternal+getHistoricalProcessExitReasons+getHistoricalProcessStartReasons+getPackageProcessState+getTagForIntentSender+getUidLastIdleElapsedTime+getUidProcessCapabilities+getUidProcessState+grantUriPermission+isBackgroundRestricted+isUidActive+moveTaskToFront+revokeUriPermission+sendIntentSender+startActivity+startActivityAsUser+startActivityAsUserWithFeature+startActivityWithFeature,permissionCheck=checkPermission+checkPermissionForDevice,getContentProvider,intentSender=getIntentSender+getIntentSenderWithFeature,runningProcesses=getRunningAppProcesses+getServices,registerReceiver=registerReceiver+registerReceiverWithFeature,foregroundService=setServiceForeground
1788680686.307 10303 12680 12680 I Unique  : 2026-09-06 14:44:46.305 I HOOK SERVICE_HOOKED service=activity_task cache=true singletons=1 bound=activityStart matched=activityStart=startActivities+startActivity+startActivityAndWait+startActivityAsCaller+startActivityAsUser+startActivityFromGameSession+startActivityIntentSender+startActivityWithConfig
1788680686.310 10303 12680 12680 I Unique  : 2026-09-06 14:44:46.308 I LAUNCH ATM_HOOK_INSTALLED package=com.gordey.standarling host=com.unique matched=activityStart=startActivities+startActivity+startActivityAndWait+startActivityAsCaller+startActivityAsUser+startActivityFromGameSession+startActivityIntentSender+startActivityWithConfig
1788680686.315 10303 12680 12680 I Unique  : 2026-09-06 14:44:46.313 I HOOK SERVICE_HOOKED service=permissionmgr cache=true singletons=1 bound=shouldShowRequestPermissionRationale matched=shouldShowRequestPermissionRationale
1788680686.316 10303 12680 12680 I Unique  : 2026-09-06 14:44:46.315 I HOOK PERMISSION_MANAGER_HOOKED matched=shouldShowRequestPermissionRationale
1788680686.324 10303 12680 12680 I Unique  : 2026-09-06 14:44:46.321 I HOOK SERVICE_HOOKED service=appops cache=true singletons=0 bound=appOpIdentity matched=appOpIdentity=checkAudioOperation+checkOperation+checkOperationForDevice+checkOperationRaw+checkOperationRawForDevice+checkPackage+collectNoteOpCallsForValidation+extractAsyncOps+finishOperation+finishOperationForDevice+getHistoricalOps+getHistoricalOpsFromDiskRaw+getOpsForPackage+getPackagesForOpsForDevice+isOperationActive+isProxying+noteOperation+noteOperationForDevice+noteProxyOperation+notePr
1788680686.326 10303 12680 12680 I Unique  : 2026-09-06 14:44:46.324 I HOOK APPOPS_HOOKED package=com.gordey.standarling host=com.unique matched=appOpIdentity=checkAudioOperation+checkOperation+checkOperationForDevice+checkOperationRaw+checkOperationRawForDevice+checkPackage+collectNoteOpCallsForValidation+extractAsyncOps+finishOperation+finishOperationForDevice+getHistoricalOps+getHistoricalOpsFromDiskRaw+getOpsForPackage+getPackagesForOpsForDevice+isOperationActive+isProxying+noteOperation+noteOperationForDevice+noteProxyOperation+notePr
1788680686.340 10303 12680 12680 I Unique  : 2026-09-06 14:44:46.338 I PROCESS SETTINGS_CACHES_PRIMED wrappedByHand=0 alreadyWrapped=3 empty=1
1788680686.344 10303 12680 12680 I Unique  : 2026-09-06 14:44:46.340 I PROCESS PROVIDER_CACHES_EVICTED activityThreadProviders=2 providerRefCounts=1 settingsCaches=4 settingsWrapped=3 hostSource=com.unique hostSourceUid=10303
1788680686.352 10303 12680 12680 I Unique  : 2026-09-06 14:44:46.350 I PROCESS NETWORK_SECURITY_INSTALLED package=com.gordey.standarling configRes=0 targetSdk=30
1788680686.353 10303 12680 12680 I UniqueNative: redirect table set: 8 rule(s)
1788680686.355 10303 12680 12680 W UniqueNative: io_redirect: filter did not match: /data/user/0/com.unique/files/virtual/apk/com.gordey.standarling/1090/lib/arm64-v8a
1788680686.355 10303 12680 12680 W UniqueNative: io_redirect: filter did not match: /data/data/com.unique/files/virtual/apk/com.gordey.standarling/1090/lib/arm64-v8a
1788680686.355 10303 12680 12680 W UniqueNative: io_redirect: filter did not match: /data/user/0/com.unique/files/virtual/apk/com.gordey.standarling/1090
1788680686.355 10303 12680 12680 W UniqueNative: io_redirect: filter did not match: /data/data/com.unique/files/virtual/apk/com.gordey.standarling/1090
1788680686.355 10303 12680 12680 W UniqueNative: io_redirect: app-private library seen: /data/misc/apexdata/com.android.art/dalvik-cache/arm64/boot.oat
1788680686.355 10303 12680 12680 W UniqueNative: io_redirect: app-private library seen: /data/misc/apexdata/com.android.art/dalvik-cache/arm64/boot-framework-adservices.oat
1788680686.355 10303 12680 12680 W UniqueNative: io_redirect: app-private library seen: /data/app/~~uSPrrBDnPbh7oiSxSbJTTw==/com.unique-Tvl4u3f1WcQMODM0rNq5rg==/oat/arm64/base.odex
1788680686.355 10303 12680 12680 W UniqueNative: io_redirect: app-private library seen: /data/app/~~uSPrrBDnPbh7oiSxSbJTTw==/com.unique-Tvl4u3f1WcQMODM0rNq5rg==/base.apk!/lib/arm64-v8a/libunique_native.so
1788680686.357 10303 12680 12680 I UniqueNative: io_redirect: library-load watch installed (3 slot(s) in 2 libraries)
1788680686.357 10303 12680 12680 W UniqueNative: io_redirect: watch saw but did not match: /data/misc/apexdata/com.android.art/dalvik-cache/arm64/boot.oat
1788680686.357 10303 12680 12680 W UniqueNative: io_redirect: watch saw but did not match: /data/misc/apexdata/com.android.art/dalvik-cache/arm64/boot-framework-adservices.oat
1788680686.357 10303 12680 12680 W UniqueNative: io_redirect: watch saw but did not match: /data/app/~~uSPrrBDnPbh7oiSxSbJTTw==/com.unique-Tvl4u3f1WcQMODM0rNq5rg==/oat/arm64/base.odex
1788680686.357 10303 12680 12680 W UniqueNative: io_redirect: watch saw but did not match: /data/app/~~uSPrrBDnPbh7oiSxSbJTTw==/com.unique-Tvl4u3f1WcQMODM0rNq5rg==/base.apk!/lib/arm64-v8a/libunique_native.so
1788680686.359 10303 12680 12680 I Unique  : 2026-09-06 14:44:46.357 I NATIVE IO_REDIRECT_INSTALLED status=NOTHING_TO_HOOK watch=OK rules=8 slots=0 scope=/data/user/0/com.unique/files/virtual/apk/com.gordey.standarling/1090/lib/arm64-v8a,/data/data/com.unique/files/virtual/apk/com.gordey.standarling/1090/lib/arm64-v8a,/data/user/0/com.unique/files/virt
1788680686.361 10303 12680 12680 I Unique  : 2026-09-06 14:44:46.360 I WEBVIEW WEBVIEW_DATA_DIR_SUFFIX suffix=vapp2 slot=2
1788680686.363 10303 12680 12680 I UniqueNative: crash: recording 6 signal(s) to /data/user/0/com.unique/files/virtual/runtime/diagnostics/2/com.gordey.standarling/native-crash-12680.properties
1788680686.364 10303 12680 12680 I Unique  : 2026-09-06 14:44:46.363 I NATIVE NATIVE_CRASH_HANDLER status=OK file=/data/user/0/com.unique/files/virtual/runtime/diagnostics/2/com.gordey.standarling/native-crash-12680.properties
1788680686.368 10303 12680 12680 I Unique  : 2026-09-06 14:44:46.366 I PROCESS COMPAT_CHANGES_DISABLED targetSdk=30 changes=PENDING_INTENT_EXPLICIT_MUTABILITY_REQUIRED=160794467
1788680686.369 10303 12680 12680 I Unique  : 2026-09-06 14:44:46.368 I STORAGE EXTERNAL_STORAGE_REDIRECTED package=com.gordey.standarling vuid=2 root=/data/user/0/com.unique/files/virtual/users/2/sdcard
1788680686.374 10303 12680 12680 I Unique  : 2026-09-06 14:44:46.372 I HOOK SERVICE_HOOKED service=alarm cache=true singletons=0 bound=callerPackage matched=callerPackage=canScheduleExactAlarms+cancelPoweroffAlarm+hasScheduleExactAlarm+removeAll+set+setTimeZone
1788680686.375 10303 12680 12680 I Unique  : 2026-09-06 14:44:46.374 I HOOK IDENTITY_HOOK_INSTALLED service=alarm package=com.gordey.standarling matched=callerPackage=canScheduleExactAlarms+cancelPoweroffAlarm+hasScheduleExactAlarm+removeAll+set+setTimeZone
1788680686.379 10303 12680 12680 I Unique  : 2026-09-06 14:44:46.377 I HOOK SERVICE_HOOKED service=clipboard cache=true singletons=0 bound=callerPackage matched=callerPackage=addPrimaryClipChangedListener+clearPrimaryClip+getPrimaryClip+getPrimaryClipDescription+getPrimaryClipSource+getUserPrimaryClip+hasClipboardText+hasPrimaryClip+removePrimaryClipChangedListener+setPrimaryClip+setPrimaryClipAsPackage
1788680686.381 10303 12680 12680 I Unique  : 2026-09-06 14:44:46.380 I HOOK IDENTITY_HOOK_INSTALLED service=clipboard package=com.gordey.standarling matched=callerPackage=addPrimaryClipChangedListener+clearPrimaryClip+getPrimaryClip+getPrimaryClipDescription+getPrimaryClipSource+getUserPrimaryClip+hasClipboardText+hasPrimaryClip+removePrimaryClipChangedListener+setPrimaryClip+setPrimaryClipAsPackage
1788680686.385 10303 12680 12680 I Unique  : 2026-09-06 14:44:46.384 I HOOK SERVICE_HOOKED service=restrictions cache=true singletons=0 bound=callerPackage matched=callerPackage=getApplicationRestrictions+getApplicationRestrictionsPerAdminForUser+notifyPermissionResponse+requestPermission
1788680686.387 10303 12680 12680 I Unique  : 2026-09-06 14:44:46.385 I HOOK IDENTITY_HOOK_INSTALLED service=restrictions package=com.gordey.standarling matched=callerPackage=getApplicationRestrictions+getApplicationRestrictionsPerAdminForUser+notifyPermissionResponse+requestPermission
1788680686.391 10303 12680 12680 I Unique  : 2026-09-06 14:44:46.389 I HOOK SERVICE_HOOKED service=locale cache=true singletons=0 bound=callerPackage,setApplicationLocales matched=callerPackage=getApplicationLocales+getOverrideLocaleConfig+setOverrideLocaleConfig,setApplicationLocales
1788680686.393 10303 12680 12680 I Unique  : 2026-09-06 14:44:46.392 I HOOK IDENTITY_HOOK_INSTALLED service=locale package=com.gordey.standarling matched=callerPackage=getApplicationLocales+getOverrideLocaleConfig+setOverrideLocaleConfig,setApplicationLocales
1788680686.399 10303 12680 12680 I Unique  : 2026-09-06 14:44:46.397 I HOOK SERVICE_HOOKED service=connectivity cache=true singletons=0 bound=callerPackage matched=callerPackage=getDefaultNetworkCapabilitiesForUser+getLastTetherError+getNetworkCapabilities+getRedactedLinkPropertiesForPackage+getRedactedNetworkCapabilitiesForPackage+isConnectivityServiceFeatureEnabledForTesting+listenForNetwork+pendingListenForNetwork+pendingRequestForNetwork+registerConnectivityDiagnosticsCallback+registerNetworkProvider+requestNetwork+requestRouteToHostAddress+setProvisioni
1788680686.401 10303 12680 12680 I Unique  : 2026-09-06 14:44:46.399 I HOOK IDENTITY_HOOK_INSTALLED service=connectivity package=com.gordey.standarling matched=callerPackage=getDefaultNetworkCapabilitiesForUser+getLastTetherError+getNetworkCapabilities+getRedactedLinkPropertiesForPackage+getRedactedNetworkCapabilitiesForPackage+isConnectivityServiceFeatureEnabledForTesting+listenForNetwork+pendingListenForNetwork+pendingRequestForNetwork+registerConnectivi
1788680686.407 10303 12680 12680 I Unique  : 2026-09-06 14:44:46.404 I HOOK SERVICE_HOOKED service=power cache=true singletons=0 bound=callerPackage matched=callerPackage=acquireWakeLock+acquireWakeLockAsync+acquireWakeLockWithUid+crash+isAmbientDisplaySuppressedForToken+isAmbientDisplaySuppressedForTokenByApp+isFeatureAllowedInLowPowerStandby+reboot+shutdown+suppressAmbientDisplay+updateWakeLockWorkSource+wakeUp
1788680686.410 10303 12680 12680 I Unique  : 2026-09-06 14:44:46.408 I HOOK IDENTITY_HOOK_INSTALLED service=power package=com.gordey.standarling matched=callerPackage=acquireWakeLock+acquireWakeLockAsync+acquireWakeLockWithUid+crash+isAmbientDisplaySuppressedForToken+isAmbientDisplaySuppressedForTokenByApp+isFeatureAllowedInLowPowerStandby+reboot+shutdown+suppressAmbientDisplay+updateWakeLockWorkSource+wakeUp
1788680686.433 10303 12680 12680 I Unique  : 2026-09-06 14:44:46.430 I HOOK SERVICE_HOOKED service=wifi cache=true singletons=0 bound=callerPackage matched=callerPackage=acquireMulticastLock+acquireWifiLock+addLocalOnlyConnectionStatusListener+addNetworkSuggestions+addOrUpdateNetwork+addOrUpdateNetworkPrivileged+addOrUpdatePasspointConfiguration+addQosPolicies+addSuggestionUserApprovalStatusListener+allowAutojoinGlobal+allowAutojoinPasspoint+connect+disableEphemeralNetwork+disableNetwork+disconnect+enableNetwork+enableTdls+enableTdlsWithMacAddress+en
1788680686.436 10303 12680 12680 I Unique  : 2026-09-06 14:44:46.433 I HOOK IDENTITY_HOOK_INSTALLED service=wifi package=com.gordey.standarling matched=callerPackage=acquireMulticastLock+acquireWifiLock+addLocalOnlyConnectionStatusListener+addNetworkSuggestions+addOrUpdateNetwork+addOrUpdateNetworkPrivileged+addOrUpdatePasspointConfiguration+addQosPolicies+addSuggestionUserApprovalStatusListener+allowAutojoinGlobal+allowAutojoinPasspoint+connect+di
1788680686.445 10303 12680 12680 I Unique  : 2026-09-06 14:44:46.443 I HOOK SERVICE_HOOKED service=location cache=true singletons=0 bound=callerPackage matched=callerPackage=addGnssAntennaInfoListener+addGnssMeasurementsListener+addGnssNavigationMessageListener+addTestProvider+getCurrentLocation+getLastLocation+getProviderPackages+getProviderProperties+hasProvider+isProviderEnabledForUser+isProviderPackage+registerGnssNmeaCallback+registerGnssStatusCallback+registerLocationListener+registerLocationPendingIntent+removeTestProvider+requestGeofence+requestL
1788680686.447 10303 12680 12680 I Unique  : 2026-09-06 14:44:46.446 I HOOK IDENTITY_HOOK_INSTALLED service=location package=com.gordey.standarling matched=callerPackage=addGnssAntennaInfoListener+addGnssMeasurementsListener+addGnssNavigationMessageListener+addTestProvider+getCurrentLocation+getLastLocation+getProviderPackages+getProviderProperties+hasProvider+isProviderEnabledForUser+isProviderPackage+registerGnssNmeaCallback+registerGnssStatusCallbac
1788680686.462 10303 12680 12680 I Unique  : 2026-09-06 14:44:46.460 I HOOK SERVICE_HOOKED service=audio cache=true singletons=0 bound=callerPackage matched=callerPackage=abandonAudioFocus+abandonAudioFocusForTest+adjustStreamVolume+adjustStreamVolumeForUid+adjustStreamVolumeWithAttribution+adjustSuggestedStreamVolumeForUid+adjustVolumeGroupVolume+cacheParameters+disableSafeMediaVolume+getBluetoothAudioDeviceCategory+getBluetoothAudioDeviceCategory_legacy+getCacheParameters+getDeviceVolume+getNotificationUri+getPlayerVolume+handleVolumeKey+isBluetooth
1788680686.464 10303 12680 12680 I Unique  : 2026-09-06 14:44:46.462 I HOOK IDENTITY_HOOK_INSTALLED service=audio package=com.gordey.standarling matched=callerPackage=abandonAudioFocus+abandonAudioFocusForTest+adjustStreamVolume+adjustStreamVolumeForUid+adjustStreamVolumeWithAttribution+adjustSuggestedStreamVolumeForUid+adjustVolumeGroupVolume+cacheParameters+disableSafeMediaVolume+getBluetoothAudioDeviceCategory+getBluetoothAudioDeviceCategory_lega
1788680686.468 10303 12680 12680 I Unique  : 2026-09-06 14:44:46.466 I HOOK SERVICE_HOOKED service=vibrator_manager cache=true singletons=0 bound=callerPackage matched=callerPackage=performHapticFeedback+setAlwaysOnEffect+vibrate
1788680686.470 10303 12680 12680 I Unique  : 2026-09-06 14:44:46.468 I HOOK IDENTITY_HOOK_INSTALLED service=vibrator_manager package=com.gordey.standarling matched=callerPackage=performHapticFeedback+setAlwaysOnEffect+vibrate
1788680686.477 10303 12680 12680 I Unique  : 2026-09-06 14:44:46.474 I HOOK SERVICE_HOOKED service=usagestats cache=true singletons=0 bound=callerPackage matched=callerPackage=clearBroadcastEvents+clearBroadcastResponseStats+getAppMinStandbyBucket+getAppStandbyBucket+getAppStandbyBuckets+getAppStandbyConstant+getLastTimeAnyComponentUsed+isAppInactive+isPackageExemptedFromBroadcastResponseStats+queryBroadcastResponseStats+queryConfigurationStats+queryEventStats+queryEvents+queryEventsForPackage+queryEventsForPackageForUser+queryEventsForUser+queryEventsWith
1788680686.479 10303 12680 12680 I Unique  : 2026-09-06 14:44:46.477 I HOOK IDENTITY_HOOK_INSTALLED service=usagestats package=com.gordey.standarling matched=callerPackage=clearBroadcastEvents+clearBroadcastResponseStats+getAppMinStandbyBucket+getAppStandbyBucket+getAppStandbyBuckets+getAppStandbyConstant+getLastTimeAnyComponentUsed+isAppInactive+isPackageExemptedFromBroadcastResponseStats+queryBroadcastResponseStats+queryConfigurationStats+queryEventSta
1788680686.486 10303 12680 12680 I Unique  : 2026-09-06 14:44:46.484 I HOOK SERVICE_HOOKED service=netstats cache=true singletons=0 bound=callerPackage matched=callerPackage=getIfaceStats+notifyNetworkStatus+openSessionForUsageStats+registerNetworkStatsProvider+registerUsageCallback+setStatsProviderWarningAndLimitAsync
1788680686.488 10303 12680 12680 I Unique  : 2026-09-06 14:44:46.486 I HOOK IDENTITY_HOOK_INSTALLED service=netstats package=com.gordey.standarling matched=callerPackage=getIfaceStats+notifyNetworkStatus+openSessionForUsageStats+registerNetworkStatsProvider+registerUsageCallback+setStatsProviderWarningAndLimitAsync
1788680686.493 10303 12680 12680 I Unique  : 2026-09-06 14:44:46.490 I HOOK SERVICE_HOOKED service=content cache=true singletons=0 bound=callerPackage matched=callerPackage=addPeriodicSync+cancelSync+cancelSyncAsUser+getCache+getIsSyncable+getIsSyncableAsUser+getPeriodicSyncs+getSyncAdapterPackageAsUser+getSyncAdapterPackagesForAuthorityAsUser+getSyncAutomatically+getSyncAutomaticallyAsUser+getSyncStatus+getSyncStatusAsUser+isSyncActive+isSyncPending+isSyncPendingAsUser+notifyChange+onDbCorruption+putCache+removePeriodicSync+requestSync+setIsSyncable+se
1788680686.495 10303 12680 12680 I Unique  : 2026-09-06 14:44:46.493 I HOOK IDENTITY_HOOK_INSTALLED service=content package=com.gordey.standarling matched=callerPackage=addPeriodicSync+cancelSync+cancelSyncAsUser+getCache+getIsSyncable+getIsSyncableAsUser+getPeriodicSyncs+getSyncAdapterPackageAsUser+getSyncAdapterPackagesForAuthorityAsUser+getSyncAutomatically+getSyncAutomaticallyAsUser+getSyncStatus+getSyncStatusAsUser+isSyncActive+isSyncPending+isSy
1788680686.501 10303 12680 12680 I Unique  : 2026-09-06 14:44:46.499 I HOOK SERVICE_HOOKED service=shortcut cache=true singletons=0 bound=shortcutPublish,callerPackage matched=shortcutPublish=addDynamicShortcuts+createShortcutResultIntent+pushDynamicShortcut+requestPinShortcut+setDynamicShortcuts+updateShortcuts,callerPackage=disableShortcuts+enableShortcuts+getIconMaxDimensions+getMaxShortcutCountPerActivity+getRateLimitResetTime+getRemainingCallCount+getShareTargets+getShortcuts+hasShareTargets+onApplicationActive+removeAllDynamicShortcuts+removeDynamicShortcuts+remov
1788680686.503 10303 12680 12680 I Unique  : 2026-09-06 14:44:46.501 I HOOK IDENTITY_HOOK_INSTALLED service=shortcut package=com.gordey.standarling matched=shortcutPublish=addDynamicShortcuts+createShortcutResultIntent+pushDynamicShortcut+requestPinShortcut+setDynamicShortcuts+updateShortcuts,callerPackage=disableShortcuts+enableShortcuts+getIconMaxDimensions+getMaxShortcutCountPerActivity+getRateLimitResetTime+getRemainingCallCount+getShareTargets+get
1788680686.510 10303 12680 12680 I Unique  : 2026-09-06 14:44:46.507 I HOOK SERVICE_HOOKED service=mount cache=true singletons=0 bound=callerPackage,volumeList matched=callerPackage=abortChanges+allocateBytes+benchmark+destroyUserStorage+disableAppDataIsolation+fixupAppDir+fixupAppDirRecursive+fixupSysfsFile+forgetVolume+format+getAllocatableBytes+getCacheQuotaBytes+getCacheSizeBytes+getExternalStorageMountMode+getManageSpaceActivityIntent+getMountedObbPath+isAppIoBlocked+isObbMounted+mkdirs+mount+mountObb+moveStorageQuickly+notifyAppIoBlocked+notifyAppIoResumed
1788680686.512 10303 12680 12680 I Unique  : 2026-09-06 14:44:46.510 I HOOK IDENTITY_HOOK_INSTALLED service=mount package=com.gordey.standarling matched=callerPackage=abortChanges+allocateBytes+benchmark+destroyUserStorage+disableAppDataIsolation+fixupAppDir+fixupAppDirRecursive+fixupSysfsFile+forgetVolume+format+getAllocatableBytes+getCacheQuotaBytes+getCacheSizeBytes+getExternalStorageMountMode+getManageSpaceActivityIntent+getMountedObbPath+isAppI
1788680686.518 10303 12680 12680 I Unique  : 2026-09-06 14:44:46.515 I HOOK SERVICE_HOOKED service=account cache=true singletons=0 bound=callerPackage matched=callerPackage=addAccount+addAccountAsUser+addAccountExplicitly+addAccountExplicitlyWithVisibility+addSharedAccountsFromParentUser+createRequestAccountAccessIntentSenderAsUser+editProperties+getAccountByTypeAndFeatures+getAccountVisibility+getAccountsAndVisibilityForPackage+getAccountsAsUser+getAccountsByFeatures+getAccountsByTypeForPackage+getAccountsForPackage+getAuthToken+getAuthTokenLabel+getUs
1788680686.520 10303 12680 12680 I Unique  : 2026-09-06 14:44:46.518 I HOOK IDENTITY_HOOK_INSTALLED service=account package=com.gordey.standarling matched=callerPackage=addAccount+addAccountAsUser+addAccountExplicitly+addAccountExplicitlyWithVisibility+addSharedAccountsFromParentUser+createRequestAccountAccessIntentSenderAsUser+editProperties+getAccountByTypeAndFeatures+getAccountVisibility+getAccountsAndVisibilityForPackage+getAccountsAsUser+getAccou
1788680686.543 10303 12680 12680 I Unique  : 2026-09-06 14:44:46.540 I HOOK SERVICE_HOOKED service=phone cache=true singletons=0 bound=callerPackage matched=callerPackage=call+canChangeDtmfToneLength+changeIccLockPassword+checkCarrierPrivilegesForPackage+checkCarrierPrivilegesForPackageAnyPhone+clearSignalStrengthUpdateRequest+deprovisionSatelliteService+dial+disableDataConnectivity+disableVisualVoicemailSmsFilter+doesSwitchMultiSimConfigTriggerReboot+enableDataConnectivity+enableVisualVoicemailSmsFilter+enqueueSmsPickResult+factoryReset+getAllCellInf
1788680686.545 10303 12680 12680 I Unique  : 2026-09-06 14:44:46.544 I HOOK IDENTITY_HOOK_INSTALLED service=phone package=com.gordey.standarling matched=callerPackage=call+canChangeDtmfToneLength+changeIccLockPassword+checkCarrierPrivilegesForPackage+checkCarrierPrivilegesForPackageAnyPhone+clearSignalStrengthUpdateRequest+deprovisionSatelliteService+dial+disableDataConnectivity+disableVisualVoicemailSmsFilter+doesSwitchMultiSimConfigTriggerReboot+e
1788680686.565 10303 12680 12680 I Unique  : 2026-09-06 14:44:46.562 I HOOK SERVICE_HOOKED service=device_policy cache=true singletons=0 bound=callerPackage matched=callerPackage=addCrossProfileIntentFilter+addCrossProfileWidgetProvider+addPersistentPreferredActivity+approveCaCert+checkDeviceIdentifierAccess+checkProvisioningPrecondition+choosePrivateKeyAlias+clearApplicationUserData+clearCrossProfileIntentFilters+clearDeviceOwner+clearPackagePersistentPreferredActivities+clearResetPasswordToken+createAdminSupportIntent+createAndManageUser+createAndProvisionM
1788680686.567 10303 12680 12680 I Unique  : 2026-09-06 14:44:46.565 I HOOK IDENTITY_HOOK_INSTALLED service=device_policy package=com.gordey.standarling matched=callerPackage=addCrossProfileIntentFilter+addCrossProfileWidgetProvider+addPersistentPreferredActivity+approveCaCert+checkDeviceIdentifierAccess+checkProvisioningPrecondition+choosePrivateKeyAlias+clearApplicationUserData+clearCrossProfileIntentFilters+clearDeviceOwner+clearPackagePersistentPreferre
1788680686.573 10303 12680 12680 I Unique  : 2026-09-06 14:44:46.571 I HOOK SERVICE_HOOKED service=media.camera cache=true singletons=0 bound=callerPackage matched=callerPackage=connect+connectDevice+createDefaultRequest+getCameraCharacteristics+getSessionCharacteristics+getTorchStrengthLevel+injectCamera+injectSessionParams+isHiddenPhysicalCamera+isSessionConfigurationWithParametersSupported+setTorchMode+supportsCameraApi+turnOnTorchWithStrengthLevel
1788680686.575 10303 12680 12680 I Unique  : 2026-09-06 14:44:46.573 I HOOK IDENTITY_HOOK_INSTALLED service=media.camera package=com.gordey.standarling matched=callerPackage=connect+connectDevice+createDefaultRequest+getCameraCharacteristics+getSessionCharacteristics+getTorchStrengthLevel+injectCamera+injectSessionParams+isHiddenPhysicalCamera+isSessionConfigurationWithParametersSupported+setTorchMode+supportsCameraApi+turnOnTorchWithStrengthLevel
1788680686.582 10303 12680 12680 I Unique  : 2026-09-06 14:44:46.579 I HOOK SERVICE_HOOKED service=telecom cache=true singletons=0 bound=callerPackage matched=callerPackage=acceptHandover+acceptRingingCall+acceptRingingCallWithVideoState+addCall+addNewIncomingCall+addNewIncomingConference+addOrRemoveTestCallCompanionApp+cancelMissedCallsNotification+clearAccounts+createLaunchEmergencyDialerIntent+createManageBlockedNumbersIntent+endCall+getAdnUriForPhoneAccount+getCallCapablePhoneAccounts+getCallStateUsingPackage+getCurrentTtyMode+getDefaultDialerPackag
1788680686.584 10303 12680 12680 I Unique  : 2026-09-06 14:44:46.583 I HOOK IDENTITY_HOOK_INSTALLED service=telecom package=com.gordey.standarling matched=callerPackage=acceptHandover+acceptRingingCall+acceptRingingCallWithVideoState+addCall+addNewIncomingCall+addNewIncomingConference+addOrRemoveTestCallCompanionApp+cancelMissedCallsNotification+clearAccounts+createLaunchEmergencyDialerIntent+createManageBlockedNumbersIntent+endCall+getAdnUriForPhoneA
1788680686.590 10303 12680 12680 I Unique  : 2026-09-06 14:44:46.588 I HOOK SERVICE_HOOKED service=media_router cache=true singletons=0 bound=callerPackage matched=callerPackage=deselectRouteWithManager+deselectRouteWithRouter2+getSystemRoutes+getSystemSessionInfoForPackage+registerClientAsUser+registerClientGroupId+registerManager+registerProxyRouter+registerRouter2+releaseSessionWithManager+releaseSessionWithRouter2+requestCreateSessionWithManager+requestSetVolume+requestUpdateVolume+selectRouteWithManager+selectRouteWithRouter2+setSelectedRoute+setSession
1788680686.592 10303 12680 12680 I Unique  : 2026-09-06 14:44:46.590 I HOOK IDENTITY_HOOK_INSTALLED service=media_router package=com.gordey.standarling matched=callerPackage=deselectRouteWithManager+deselectRouteWithRouter2+getSystemRoutes+getSystemSessionInfoForPackage+registerClientAsUser+registerClientGroupId+registerManager+registerProxyRouter+registerRouter2+releaseSessionWithManager+releaseSessionWithRouter2+requestCreateSessionWithManager+requestSet
1788680686.598 10303 12680 12680 I Unique  : 2026-09-06 14:44:46.595 I HOOK SERVICE_HOOKED service=media_session cache=true singletons=0 bound=callerPackage matched=callerPackage=addOnMediaKeyEventSessionChangedListener+createSession+dispatchAdjustVolume+dispatchMediaKeyEvent+dispatchMediaKeyEventToSessionAsSystemService+dispatchVolumeKeyEvent+dispatchVolumeKeyEventToSessionAsSystemService+getMediaKeyEventSession+getMediaKeyEventSessionPackageName+hasCustomMediaKeyDispatcher+hasCustomMediaSessionPolicyProvider+isTrusted+setCustomMediaKeyDispatcher+setCustomMe
1788680686.600 10303 12680 12680 I Unique  : 2026-09-06 14:44:46.598 I HOOK IDENTITY_HOOK_INSTALLED service=media_session package=com.gordey.standarling matched=callerPackage=addOnMediaKeyEventSessionChangedListener+createSession+dispatchAdjustVolume+dispatchMediaKeyEvent+dispatchMediaKeyEventToSessionAsSystemService+dispatchVolumeKeyEvent+dispatchVolumeKeyEventToSessionAsSystemService+getMediaKeyEventSession+getMediaKeyEventSessionPackageName+hasCustomMedi
1788680686.606 10303 12680 12680 I Unique  : 2026-09-06 14:44:46.603 I HOOK SERVICE_HOOKED service=appwidget cache=true singletons=0 bound=callerPackage,appWidgetIdentity matched=callerPackage=allocateAppWidgetId+bindRemoteViewsService+createAppWidgetConfigIntentSender+deleteAppWidgetId+deleteHost+getAppWidgetIdsForHost+getAppWidgetInfo+getAppWidgetOfHost+getAppWidgetOptions+getAppWidgetViews+getInstalledProvidersForProfile+hasBindAppWidgetPermission+isBoundWidgetPackage+noteAppWidgetTapped+notifyAppWidgetViewDataChanged+partiallyUpdateAppWidgetIds+setAppWidgetHidden+setBi
1788680686.608 10303 12680 12680 I Unique  : 2026-09-06 14:44:46.606 I HOOK IDENTITY_HOOK_INSTALLED service=appwidget package=com.gordey.standarling matched=callerPackage=allocateAppWidgetId+bindRemoteViewsService+createAppWidgetConfigIntentSender+deleteAppWidgetId+deleteHost+getAppWidgetIdsForHost+getAppWidgetInfo+getAppWidgetOfHost+getAppWidgetOptions+getAppWidgetViews+getInstalledProvidersForProfile+hasBindAppWidgetPermission+isBoundWidgetPackage+not
1788680686.615 10303 12680 12680 W Unique  : 2026-09-06 14:44:46.612 W HOOK SINGLETON_PATCH_SKIPPED service=input_method field=com.android.internal.inputmethod.IInputMethodManagerGlobalInvoker.sServiceCache
1788680686.618 10303 12680 12680 I Unique  : 2026-09-06 14:44:46.615 I HOOK SERVICE_HOOKED service=input_method cache=true singletons=1 bound=callerPackage,editorIdentity matched=callerPackage=acceptStylusHandwritingDelegation+acceptStylusHandwritingDelegationAsync+getEnabledInputMethodSubtypeList+prepareStylusHandwritingDelegation+setAdditionalInputMethodSubtypes+setExplicitlyEnabledInputMethodSubtypes+startConnectionlessStylusHandwriting+startProtoDump,editorIdentity=startInputOrWindowGainedFocus+startInputOrWindowGainedFocusAsync
1788680686.621 10303 12680 12680 I Unique  : 2026-09-06 14:44:46.618 I HOOK IDENTITY_HOOK_INSTALLED service=input_method package=com.gordey.standarling matched=callerPackage=acceptStylusHandwritingDelegation+acceptStylusHandwritingDelegationAsync+getEnabledInputMethodSubtypeList+prepareStylusHandwritingDelegation+setAdditionalInputMethodSubtypes+setExplicitlyEnabledInputMethodSubtypes+startConnectionlessStylusHandwriting+startProtoDump,editorIdentity=start
1788680686.623 10303 12680 12680 I Unique  : 2026-09-06 14:44:46.621 I HOOK IDENTITY_HOOKS_INSTALLED package=com.gordey.standarling installed=alarm,clipboard,restrictions,locale,connectivity,power,wifi,location,audio,vibrator_manager,usagestats,netstats,content,shortcut,mount,account,phone,device_policy,media.camera,telecom,media_router,media_session,appwidget,input_method skipped=
1788680686.626 10303 12680 12680 W Unique  : 2026-09-06 14:44:46.625 W PROCESS ALARM_EXACT_UNAVAILABLE detail=UNIQUE does not hold SCHEDULE_EXACT_ALARM; a guest asking for an exact alarm will get the platform's SecurityException
1788680686.635 10303 12680 12708 I Unique  : 2026-09-06 14:44:46.633 I LAUNCH GOOGLE_STACK_HIDDEN package=com.google.android.gms detail=Play services refuses a virtual app's identity and kills it from a Handler; reported absent so the SDK takes its own unavailable path
1788680686.638 10303 12680 12680 D Unique  : 2026-09-06 14:44:46.637 D PROCESS PERMISSION_CHECK permission=android.permission.INTERNET result=GRANTED
1788680686.640 10303 12680 12708 W GooglePlayServicesUtil: com.gordey.standarling requires Google Play services, but they are missing.
1788680686.642 10303 12680 12708 E AppLovinSdk: [DataCollector] Could not collect Google Advertising ID - this will negatively impact your eCPMs! Please integrate the Google Play Services SDK into your application. More info can be found online at http://developer.android.com/google/play-services/setup.html. If you're sure you've integrated the SDK and are still seeing this message, you may need to add a ProGuard exception: -keep public class com.google.android.gms.** { public protected *; }
1788680686.642 10303 12680 12708 E AppLovinSdk: java.io.IOException: Google Play services not available
1788680686.642 10303 12680 12708 E AppLovinSdk: 	at com.google.android.gms.ads.identifier.AdvertisingIdClient.zza(dex-id-ffd9dfb5f38697736427fc1a28d16d569bfb0e87:31)
1788680686.642 10303 12680 12708 E AppLovinSdk: 	at com.google.android.gms.ads.identifier.AdvertisingIdClient.zza(dex-id-ffd9dfb5f38697736427fc1a28d16d569bfb0e87:17)
1788680686.642 10303 12680 12708 E AppLovinSdk: 	at com.google.android.gms.ads.identifier.AdvertisingIdClient.getAdvertisingIdInfo(dex-id-ffd9dfb5f38697736427fc1a28d16d569bfb0e87:47)
1788680686.642 10303 12680 12708 E AppLovinSdk: 	at com.applovin.impl.sdk.p.c(dex-id-ffd9dfb5f38697736427fc1a28d16d569bfb0e87:15)
1788680686.642 10303 12680 12708 E AppLovinSdk: 	at com.applovin.impl.sdk.p.b(dex-id-ffd9dfb5f38697736427fc1a28d16d569bfb0e87:0)
1788680686.642 10303 12680 12708 E AppLovinSdk: 	at com.applovin.impl.sdk.p$a.run(dex-id-ffd9dfb5f38697736427fc1a28d16d569bfb0e87:6)
1788680686.642 10303 12680 12708 E AppLovinSdk: 	at java.lang.Thread.run(Thread.java:1572)
1788680686.646 10303 12680 12680 W com.facebook.UserSettingsManager: Please set a value for AutoLogAppEventsEnabled. Set the flag to TRUE if you want to collect app install, app launch and in-app purchase events automatically. To request user consent before collecting data, set the flag value to FALSE, then change to TRUE once user consent is received. Learn more: https://developers.facebook.com/docs/app-events/getting-started-app-events-android#disable-auto-events.
1788680686.646 10303 12680 12680 W com.facebook.UserSettingsManager: You haven't set a value for AdvertiserIDCollectionEnabled. Set the flag to TRUE if you want to collect Advertiser ID for better advertising and analytics results. To request user consent before collecting data, set the flag value to FALSE, then change to TRUE once user consent is received. Learn more: https://developers.facebook.com/docs/app-events/getting-started-app-events-android#disable-auto-events.
1788680686.658 10303 12680 12709 W GraphRequest: Starting with v13 of the SDK, a client token must be embedded in your client code before making Graph API calls. Visit https://developers.facebook.com/docs/android/getting-started#client-token to learn how to implement this change.
1788680686.667 10303 12680 12710 W GraphRequest: Starting with v13 of the SDK, a client token must be embedded in your client code before making Graph API calls. Visit https://developers.facebook.com/docs/android/getting-started#client-token to learn how to implement this change.
1788680686.673 10303 12680 12711 W GraphRequest: Starting with v13 of the SDK, a client token must be embedded in your client code before making Graph API calls. Visit https://developers.facebook.com/docs/android/getting-started#client-token to learn how to implement this change.
1788680686.710 10303 12680 12723 D Unique  : 2026-09-06 14:44:46.709 D PROCESS PERMISSION_CHECK permission=android.permission.WAKE_LOCK result=GRANTED
1788680686.721 10303 12680 12724 I DynamiteModule: Considering local module com.google.android.gms.measurement.dynamite:17 and remote module com.google.android.gms.measurement.dynamite:0
1788680686.721 10303 12680 12724 I DynamiteModule: Selected local version of com.google.android.gms.measurement.dynamite
1788680686.724 10303 12680 12723 W FirebaseInstanceId: Failed to resolve IID implementation package, falling back
1788680686.726 10303 12680 12723 D Unique  : 2026-09-06 14:44:46.725 D PROCESS PERMISSION_CHECK permission=android.permission.ACCESS_NETWORK_STATE result=GRANTED
1788680686.743 10303 12680 12680 I Unique  : 2026-09-06 14:44:46.742 I PROCESS PROVIDERS_PUBLISHED package=com.gordey.standarling process=com.gordey.standarling declared=5 authorities=[redacted]
1788680686.749 10303 12680 12680 I Unique  : 2026-09-06 14:44:46.746 I HOOK SERVICE_HOOKED service=jobscheduler cache=true singletons=0 bound=jobById,scheduleJob,pendingJobs matched=jobById=cancel+getPendingJob+getPendingJobReason,scheduleJob=enqueue+schedule+scheduleAsPackage,pendingJobs=getAllPendingJobs+getAllPendingJobsInNamespace
1788680686.752 10303 12680 12680 I Unique  : 2026-09-06 14:44:46.750 I HOOK JOB_HOOKED package=com.gordey.standarling slot=2 matched=jobById=cancel+getPendingJob+getPendingJobReason,scheduleJob=enqueue+schedule+scheduleAsPackage,pendingJobs=getAllPendingJobs+getAllPendingJobsInNamespace
1788680686.758 10303 12680 12722 W FirebaseInstanceId: Failed to find package android.content.pm.PackageManager$NameNotFoundException: com.google.android.gms
1788680686.769 10303 12680 12680 I Unique  : 2026-09-06 14:44:46.766 I HOOK SERVICE_HOOKED service=notification cache=true singletons=1 bound=notificationIdentity,enqueue,channels matched=notificationIdentity=addAutomaticZenRule+areBubblesAllowed+areNotificationsEnabled+areNotificationsEnabledForPackage+buzzBeepBlinkForNotification+canNotifyAsPackage+canShowBadge+cancelAllNotifications+cancelNotificationFromListener+cancelToast+clearData+deleteNotificationHistoryItem+enqueueTextToast+enqueueToast+finishToken+getActiveNotifications+getActiveNotificationsWithAttribution+getAllowedAss
1788680686.773 10303 12680 12680 I Unique  : 2026-09-06 14:44:46.770 I HOOK NOTIFICATION_HOOKED package=com.gordey.standarling vuid=2 matched=notificationIdentity=addAutomaticZenRule+areBubblesAllowed+areNotificationsEnabled+areNotificationsEnabledForPackage+buzzBeepBlinkForNotification+canNotifyAsPackage+canShowBadge+cancelAllNotifications+cancelNotificationFromListener+cancelToast+clearData+deleteNotificationHistoryItem+enqueueTextToast+enqueueToast+finishToken+getActiveNotifications+getActiveNotificationsWithAttribution+getAllowedAss
1788680686.785 10303  9702  9723 I Unique  : 2026-09-06 14:44:46.782 I GOOGLE GOOGLE_ENVIRONMENT gmsPresent=true gmsEnabled=true gmsVersionCode=263234035 gmsVersionName=26.32.34 (260400-968093310) vendingPresent=true gsfPresent=true customTabs=com.android.chrome hostGmsAvailable=true virtualGmsInstalled=false customTabsAvailable=true
1788680686.800 10303 12680 12736 D Unique  : 2026-09-06 14:44:46.799 D PROCESS PERMISSION_CHECK permission=com.google.android.providers.gsf.permission.READ_GSERVICES result=GRANTED
1788680686.805 10303 12680 12680 I Unique  : 2026-09-06 14:44:46.803 I PROCESS RECEIVERS_REGISTERED package=com.gordey.standarling declared=3 registered=3 actions=com.adjust.sdk.AdjustPreinstallReferrerReceiver#com.attribution.SYSTEM_INSTALLER_REFERRER;com.facebook.CurrentAccessTokenExpirationBroadcastReceiver#com.facebook.sdk.ACTION_CURRENT_ACCESS_TOKEN_CHANGED;com.google.firebase.iid.FirebaseInstanceIdReceiver#com.google.android.c2dm.intent.RECEIVE exported=2
1788680686.808 10303 12680 12680 I Unique  : 2026-09-06 14:44:46.806 I LAUNCH ACTIVITY_LIFECYCLE_INSTALLED package=com.gordey.standarling
1788680686.813 10303 12680 12680 I UniqueNative: redirect table set: 8 rule(s)
1788680686.815 10303 12680 12680 W UniqueNative: io_redirect: filter did not match: /data/user/0/com.unique/files/virtual/apk/com.gordey.standarling/1090/lib/arm64-v8a
1788680686.815 10303 12680 12680 W UniqueNative: io_redirect: filter did not match: /data/data/com.unique/files/virtual/apk/com.gordey.standarling/1090/lib/arm64-v8a
1788680686.815 10303 12680 12680 W UniqueNative: io_redirect: filter did not match: /data/user/0/com.unique/files/virtual/apk/com.gordey.standarling/1090
1788680686.815 10303 12680 12680 W UniqueNative: io_redirect: filter did not match: /data/data/com.unique/files/virtual/apk/com.gordey.standarling/1090
1788680686.815 10303 12680 12680 W UniqueNative: io_redirect: app-private library seen: /data/misc/apexdata/com.android.art/dalvik-cache/arm64/boot.oat
1788680686.815 10303 12680 12680 W UniqueNative: io_redirect: app-private library seen: /data/misc/apexdata/com.android.art/dalvik-cache/arm64/boot-framework-adservices.oat
1788680686.815 10303 12680 12680 W UniqueNative: io_redirect: app-private library seen: /data/app/~~uSPrrBDnPbh7oiSxSbJTTw==/com.unique-Tvl4u3f1WcQMODM0rNq5rg==/oat/arm64/base.odex
1788680686.815 10303 12680 12680 W UniqueNative: io_redirect: app-private library seen: /data/app/~~uSPrrBDnPbh7oiSxSbJTTw==/com.unique-Tvl4u3f1WcQMODM0rNq5rg==/base.apk!/lib/arm64-v8a/libunique_native.so
1788680686.817 10303 12680 12680 I Unique  : 2026-09-06 14:44:46.816 I NATIVE u2 com.gordey.standarling IO_REDIRECT_INSTALLED status=NOTHING_TO_HOOK watch=OK rules=8 slots=0 scope=/data/user/0/com.unique/files/virtual/apk/com.gordey.standarling/1090/lib/arm64-v8a,/data/data/com.unique/files/virtual/apk/com.gordey.standarling/1090/lib/arm64-v8a,/data/user/0/com.unique/files/virt
1788680686.822 10303 12680 12680 I Unique  : 2026-09-06 14:44:46.818 I LAUNCH u2 com.gordey.standarling BOOTSTRAP_OK package=com.gordey.standarling vuid=2 slot=2 applicationClass=android.app.Application dataDir=/data/user/0/com.unique/files/virtual/users/2/data/com.gordey.standarling sourceDir=/data/user/0/com.unique/files/virtual/apk/com.gordey.standarling/1090/base.apk nativeLibraryDir=/data/user/0/com.unique/files/virtual/apk/com.gordey.standarling/1090/lib/arm64-v8a targetSdk=30 observedPackageName=com.gordey.standarling observedFilesDir=/data/user/0/com.unique/files/virtual/users/2/data/com.gordey.standarling/files millis=777
1788680686.822 10303  9702  9723 I Unique  : 2026-09-06 14:44:46.821 I GOOGLE GOOGLE_ENVIRONMENT gmsPresent=true gmsEnabled=true gmsVersionCode=263234035 gmsVersionName=26.32.34 (260400-968093310) vendingPresent=true gsfPresent=true customTabs=com.android.chrome hostGmsAvailable=true virtualGmsInstalled=false customTabsAvailable=true
1788680686.824 10303  9702  9723 I Unique  : 2026-09-06 14:44:46.823 I GOOGLE GOOGLE_ROUTE package=com.Chillow.CustomRise flow=SIGN_IN mode=UNSUPPORTED why=Legacy Google Sign-In requires in-space Google Play services. Enable them for this space, or use an app that supports Sign in with Google.
1788680686.826 10303  9702  9723 I Unique  : 2026-09-06 14:44:46.824 I GOOGLE GOOGLE_ROUTE package=com.Chillow.CustomRise flow=CREDENTIAL_MANAGER mode=HOST_BRIDGE why=Unverified: Sign in with Google issues a token for the app's server client, so the device's own Google Play services should be able to answer. Not yet confirmed against a real sample.
1788680686.828 10303  9702  9723 I Unique  : 2026-09-06 14:44:46.826 I GOOGLE GOOGLE_ROUTE package=com.Chillow.CustomRise flow=ACCOUNT_MANAGER mode=HOST_BRIDGE why=Account access is bridged to the device's accounts; consent is shown as UNIQUE.
1788680686.829 10303  9702  9723 I Unique  : 2026-09-06 14:44:46.828 I GOOGLE GOOGLE_ROUTE package=com.Chillow.CustomRise flow=FIREBASE_AUTH mode=HOST_BRIDGE why=Firebase Auth consumes a token from Sign in with Google, which the host bridge can provide.
1788680686.830 10303  9702  9723 I Unique  : 2026-09-06 14:44:46.829 I GOOGLE GOOGLE_ROUTE package=com.Chillow.CustomRise flow=OAUTH_WEB mode=PASSTHROUGH why=Browser-based OAuth needs no Google Play services, only a working redirect back into this instance.
1788680686.830 10303 12680 12680 I Unique  : 2026-09-06 14:44:46.829 I PROCESS u2 com.gordey.standarling JOB_STARTED service=com.google.android.gms.measurement.AppMeasurementJobService virtualJobId=-1081621338 hostJobId=2606246 stillRunning=true
1788680686.832 10303  9702  9723 I Unique  : 2026-09-06 14:44:46.830 I GOOGLE GOOGLE_ROUTE package=com.Chillow.CustomRise flow=FCM mode=HOST_BRIDGE why=Experimental: push registration is bridged through the host. Whether Google Play services accepts it varies by version; the result is recorded per device.
1788680686.833 10303  9702  9723 I Unique  : 2026-09-06 14:44:46.832 I GOOGLE GOOGLE_ROUTE package=com.Chillow.CustomRise flow=PLAY_GAMES mode=UNSUPPORTED why=Not supported yet: Play Games checks an attested app identity, and UNIQUE has not been tested against it.
1788680686.834 10303  9702  9711 I Unique  : 2026-09-06 14:44:46.833 I PROCESS PROVIDER_SLOT_READY slot=2 vuid=2 pid=12680
1788680687.244 10303 12680 12736 I FA      : App measurement initialized, version: 31049
1788680687.244 10303 12680 12736 I FA      : To enable debug logging run: adb shell setprop log.tag.FA VERBOSE
1788680687.245 10303 12680 12736 I FA      : To enable faster debug mode event logging run:
1788680687.245 10303 12680 12736 I FA      :   adb shell setprop debug.firebase.analytics.app com.gordey.standarling
1788680687.248 10303 12680 12736 D Unique  : 2026-09-06 14:44:47.247 D PROCESS u2 com.gordey.standarling PERMISSION_CHECK permission=android.permission.INTERNET result=GRANTED
1788680687.250 10303 12680 12736 D Unique  : 2026-09-06 14:44:47.249 D PROCESS u2 com.gordey.standarling PERMISSION_CHECK permission=android.permission.ACCESS_NETWORK_STATE result=GRANTED
1788680687.282 10303  9702  9723 I Unique  : 2026-09-06 14:44:47.282 I PROCESS PROCESS_ASSIGNED slot=:vapp3 vuid=3 process=com.Chillow.CustomRise
1788680687.337 10303 12680 12711 E FeatureFlagsImplExport: android.os.flagging.AconfigStorageReadException: ERROR_PACKAGE_NOT_FOUND: package com.android.libcore cannot be found on the device
1788680687.337 10303 12680 12709 E FeatureFlagsImplExport: android.os.flagging.AconfigStorageReadException: ERROR_PACKAGE_NOT_FOUND: package com.android.libcore cannot be found on the device
1788680687.337 10303 12680 12710 E FeatureFlagsImplExport: android.os.flagging.AconfigStorageReadException: ERROR_PACKAGE_NOT_FOUND: package com.android.libcore cannot be found on the device
1788680687.387 10303  9702  9723 I Unique  : 2026-09-06 14:44:47.386 I LAUNCH LAUNCH_REQUESTED package=com.Chillow.CustomRise vuid=3 activity=com.google.android.games.VkQualityTest.VkQualityTestActivity slot=:vapp3 launchMode=2
1788680687.505 10303 12740 12740 D nativeloader: Load libframework-connectivity-tiramisu-jni.so using APEX ns com_android_tethering for caller /apex/com.android.tethering/javalib/framework-connectivity-t.jar: ok
1788680687.569 10303 12740 12740 D ActivityThread: setEmbeddedParam packageName=com.unique processName=com.unique:vapp3 isEmbedded=false isIsolated=false
1788680687.570 10303 12740 12740 D ApplicationLoaders: Returning zygote-cached class loader: /system_ext/framework/androidx.window.extensions.jar
1788680687.570 10303 12740 12740 D ApplicationLoaders: Returning zygote-cached class loader: /system_ext/framework/androidx.window.sidecar.jar
1788680687.577 10303 12740 12740 D nativeloader: Configuring clns-7 for other apk /data/app/~~uSPrrBDnPbh7oiSxSbJTTw==/com.unique-Tvl4u3f1WcQMODM0rNq5rg==/base.apk. target_sdk_version=36, uses_libraries=, library_path=/data/app/~~uSPrrBDnPbh7oiSxSbJTTw==/com.unique-Tvl4u3f1WcQMODM0rNq5rg==/lib/arm64:/data/app/~~uSPrrBDnPbh7oiSxSbJTTw==/com.unique-Tvl4u3f1WcQMODM0rNq5rg==/base.apk!/lib/arm64-v8a, permitted_path=/data:/mnt/expand:/data/user/0/com.unique
1788680687.594 10303 12740 12740 V GraphicsEnvironment: Currently set values for:
1788680687.594 10303 12740 12740 V GraphicsEnvironment:   angle_gl_driver_selection_pkgs=[]
1788680687.594 10303 12740 12740 V GraphicsEnvironment:   angle_gl_driver_selection_values=[]
1788680687.594 10303 12740 12740 V GraphicsEnvironment: Global.Settings values are invalid: number of packages: 0, number of values: 0
1788680687.594 10303 12740 12740 V GraphicsEnvironment: App is not on the allowlist for updatable production driver.
1788680687.595 10303 12740 12740 I ActivityThread: TrafficStats init done
1788680687.602 10303 12740 12740 D ActivityThread: useGrowthLimitOutExpendMethod invoke error.
1788680687.610 10303 12740 12740 D nativeloader: Load libforcedarkimpl.so using system ns (caller=/system_ext/framework/miui-framework.jar): ok
1788680687.621 10303 12740 12740 I ActivityThread: Miui Feature Init done
1788680687.644 10303 12740 12740 I Unique  : 2026-09-06 14:44:47.633 I PROCESS PROCESS_START process=com.unique:vapp3 kind=VAPP sdk=35 abi=arm64-v8a,armeabi-v7a,armeabi
1788680687.713 10303 12740 12740 I Unique  : 2026-09-06 14:44:47.713 I HOOK HIDDEN_API_GRANTED via=HiddenApiBypass
1788680687.720 10303 12740 12740 D nativeloader: Load /data/app/~~uSPrrBDnPbh7oiSxSbJTTw==/com.unique-Tvl4u3f1WcQMODM0rNq5rg==/base.apk!/lib/arm64-v8a/libunique_native.so using class loader ns clns-7 (caller=/data/app/~~uSPrrBDnPbh7oiSxSbJTTw==/com.unique-Tvl4u3f1WcQMODM0rNq5rg==/base.apk): ok
1788680687.720 10303 12740 12740 I UniqueNative: libunique_native loaded (page size 4096)
1788680687.722 10303 12740 12740 I Unique  : 2026-09-06 14:44:47.722 I LAUNCH INTERCEPTOR_INSTALLED executeTransaction=159
1788680687.723 10303 12740 12740 I Unique  : 2026-09-06 14:44:47.722 I PROCESS VAPP_READY slot=3
1788680687.726 10303 12740 12740 I Unique  : 2026-09-06 14:44:47.725 I PROCESS STUB_PROVIDER_CREATED slot=3
1788680687.746 10303 12740 12740 D Unique  : 2026-09-06 14:44:47.746 D LAUNCH CALLBACK_ALIVE what=164 obj=java.lang.String
1788680687.749 10303 12740 12740 D Unique  : 2026-09-06 14:44:47.748 D LAUNCH CALLBACK_ALIVE what=159 obj=android.app.servertransaction.ClientTransaction
1788680687.757 10303 12680 12680 D Unique  : 2026-09-06 14:44:47.755 D LAUNCH u2 com.gordey.standarling CALLBACK_ALIVE what=131 obj=android.app.ActivityThread$ProviderRefCount
1788680687.768 10303 12740 12740 I Unique  : 2026-09-06 14:44:47.768 I PROCESS PROCESS_RENAMED argv0=com.Chillow.CustomRise
1788680687.881 10303 12740 12740 D nativeloader: Configuring clns-8 for other apk /data/user/0/com.unique/files/virtual/apk/com.Chillow.CustomRise/1/base.apk. target_sdk_version=36, uses_libraries=, library_path=/data/user/0/com.unique/files/virtual/apk/com.Chillow.CustomRise/1/lib/arm64-v8a:/data/user/0/com.unique/files/virtual/apk/com.Chillow.CustomRise/1/base.apk!/lib/arm64-v8a, permitted_path=/data:/mnt/expand:/data/user/0/com.unique/files/virtual/users/3/data/com.Chillow.CustomRise
1788680687.892 10303 12740 12740 I Unique  : 2026-09-06 14:44:47.892 I PROCESS PROFILE_BOUND profile=551db8ad-3d73-4964-9914-db21f1e1d4eb androidId=81769e56d369dd15 generation=1
1788680687.895 10303 12740 12740 I Unique  : 2026-09-06 14:44:47.894 I PROCESS BUILD_OVERRIDES_APPLIED applied=1 requested=1
1788680687.896 10303 12740 12740 I Unique  : 2026-09-06 14:44:47.895 I LAUNCH PROFILE_BOUND profileId=551db8ad-3d73-4964-9914-db21f1e1d4eb generation=1
1788680687.904 10303 12740 12740 I Unique  : 2026-09-06 14:44:47.903 I PROCESS PERMISSION_CACHE_DISABLED disabled=disablePackageNamePermissionCache,disablePermissionCache,disableApplicationInfoCache,disablePackageInfoCache,disableGetPackagesForUidCache failed=android.app.ActivityManager: no disable*Cache()
1788680687.911 10303 12740 12740 I Unique  : 2026-09-06 14:44:47.909 I PROCESS PERMISSIONS_BOUND package=com.Chillow.CustomRise vuid=3 declared=17 restored=0 runtime=5 installTime=12 selfDefined=1
1788680687.921 10303 12740 12740 I Unique  : 2026-09-06 14:44:47.920 I HOOK SERVICE_HOOKED service=package cache=true singletons=1 bound=permissionCheck,getActivityInfo,applicationEnabledSetting,getApplicationInfo,componentEnabledSetting,installedPackages,getInstallerPackageName,getNameForUid,getPackageUid,getPackageInfo,getPackagesForUid,getProviderInfo,getReceiverInfo,getServiceInfo,queryIntent,resolveContentProvider,resolveIntent matched=permissionCheck=checkPermission+checkUidPermission,getActivityInfo,applicationEnabledSetting=getApplicationEnabledSetting+setApplicationEnabledSetting,getApplicationInfo,componentEnabledSetting=getComponentEnabledSetting+setComponentEnabledSetting,installedPackages=getInstalledApplications+getInstalledPackages,getInstallerPackageName,getNameForUid,getPackageUid=getPackageGids+getPackageUid,getPack
1788680687.922 10303 12740 12740 I Unique  : 2026-09-06 14:44:47.921 I LAUNCH VPM_HOOK_INSTALLED package=com.Chillow.CustomRise bound=permissionCheck,getActivityInfo,applicationEnabledSetting,getApplicationInfo,componentEnabledSetting,installedPackages,getInstallerPackageName,getNameForUid,getPackageUid,getPackageInfo,getPackagesForUid,getProviderInfo,getReceiverInfo,getServiceInfo,queryIntent,resolveContentProvider,resolveIntent
1788680687.936 10303 12740 12740 I Unique  : 2026-09-06 14:44:47.935 I HOOK SERVICE_HOOKED service=activity cache=true singletons=1 bound=serviceDispatch,callerIdentity,permissionCheck,getContentProvider,intentSender,runningProcesses,registerReceiver,foregroundService matched=serviceDispatch=bindService+bindServiceInstance+peekService+publishService+startService+stopService+unbindFinished,callerIdentity=broadcastIntent+broadcastIntentWithFeature+getBindingUidProcessState+getContentProviderExternal+getHistoricalProcessExitReasons+getHistoricalProcessStartReasons+getPackageProcessState+getTagForIntentSender+getUidLastIdleElapsedTime+getUidProcessCapabilities+getUidProces
1788680687.938 10303 12740 12740 I Unique  : 2026-09-06 14:44:47.937 I LAUNCH VAM_HOOK_INSTALLED package=com.Chillow.CustomRise host=com.unique methods=8 matched=serviceDispatch=bindService+bindServiceInstance+peekService+publishService+startService+stopService+unbindFinished,callerIdentity=broadcastIntent+broadcastIntentWithFeature+getBindingUidProcessState+getContentProviderExternal+getHistoricalProcessExitReasons+getHistoricalProcessStartReasons+getPackageProcessState+getTagForIntentSender+getUidLastIdleElapsedTime+getUidProcessCapabilities+getUidProcessState+grantUriPermission+isBackgroundRestricted+isUidActive+moveTaskToFront+revokeUriPermission+sendIntentSender+startActivity+startActivityAsUser+startActivityAsUserWithFeature+startActivityWithFeature,permissionCheck=checkPermission+checkPermissionForDevice,getContentProvider,intentSender=getIntentSender+getIntentSenderWithFeature,runningProcesses=getRunningAppProcesses+getServices,registerReceiver=registerReceiver+registerReceiverWithFeature,foregroundService=setServiceForeground
1788680687.945 10303 12740 12740 I Unique  : 2026-09-06 14:44:47.944 I HOOK SERVICE_HOOKED service=activity_task cache=true singletons=1 bound=activityStart matched=activityStart=startActivities+startActivity+startActivityAndWait+startActivityAsCaller+startActivityAsUser+startActivityFromGameSession+startActivityIntentSender+startActivityWithConfig
1788680687.946 10303 12740 12740 I Unique  : 2026-09-06 14:44:47.945 I LAUNCH ATM_HOOK_INSTALLED package=com.Chillow.CustomRise host=com.unique matched=activityStart=startActivities+startActivity+startActivityAndWait+startActivityAsCaller+startActivityAsUser+startActivityFromGameSession+startActivityIntentSender+startActivityWithConfig
1788680687.948 10303 12740 12740 I Unique  : 2026-09-06 14:44:47.948 I HOOK SERVICE_HOOKED service=permissionmgr cache=true singletons=1 bound=shouldShowRequestPermissionRationale matched=shouldShowRequestPermissionRationale
1788680687.949 10303 12740 12740 I Unique  : 2026-09-06 14:44:47.949 I HOOK PERMISSION_MANAGER_HOOKED matched=shouldShowRequestPermissionRationale
1788680687.953 10303 12740 12740 I Unique  : 2026-09-06 14:44:47.952 I HOOK SERVICE_HOOKED service=appops cache=true singletons=0 bound=appOpIdentity matched=appOpIdentity=checkAudioOperation+checkOperation+checkOperationForDevice+checkOperationRaw+checkOperationRawForDevice+checkPackage+collectNoteOpCallsForValidation+extractAsyncOps+finishOperation+finishOperationForDevice+getHistoricalOps+getHistoricalOpsFromDiskRaw+getOpsForPackage+getPackagesForOpsForDevice+isOperationActive+isProxying+noteOperation+noteOperationForDevice+noteProxyOperation+notePr
1788680687.955 10303 12740 12740 I Unique  : 2026-09-06 14:44:47.954 I HOOK APPOPS_HOOKED package=com.Chillow.CustomRise host=com.unique matched=appOpIdentity=checkAudioOperation+checkOperation+checkOperationForDevice+checkOperationRaw+checkOperationRawForDevice+checkPackage+collectNoteOpCallsForValidation+extractAsyncOps+finishOperation+finishOperationForDevice+getHistoricalOps+getHistoricalOpsFromDiskRaw+getOpsForPackage+getPackagesForOpsForDevice+isOperationActive+isProxying+noteOperation+noteOperationForDevice+noteProxyOperation+notePr
1788680687.961 10303 12740 12740 I Unique  : 2026-09-06 14:44:47.960 I PROCESS SETTINGS_CACHES_PRIMED wrappedByHand=0 alreadyWrapped=3 empty=1
1788680687.963 10303 12740 12740 I Unique  : 2026-09-06 14:44:47.961 I PROCESS PROVIDER_CACHES_EVICTED activityThreadProviders=2 providerRefCounts=1 settingsCaches=4 settingsWrapped=3 hostSource=com.unique hostSourceUid=10303
1788680687.970 10303 12740 12740 I Unique  : 2026-09-06 14:44:47.969 I PROCESS NETWORK_SECURITY_INSTALLED package=com.Chillow.CustomRise configRes=0 targetSdk=36
1788680687.971 10303 12740 12740 I UniqueNative: redirect table set: 8 rule(s)
1788680687.972 10303 12740 12740 W UniqueNative: io_redirect: filter did not match: /data/user/0/com.unique/files/virtual/apk/com.Chillow.CustomRise/1/lib/arm64-v8a
1788680687.972 10303 12740 12740 W UniqueNative: io_redirect: filter did not match: /data/data/com.unique/files/virtual/apk/com.Chillow.CustomRise/1/lib/arm64-v8a
1788680687.972 10303 12740 12740 W UniqueNative: io_redirect: filter did not match: /data/user/0/com.unique/files/virtual/apk/com.Chillow.CustomRise/1
1788680687.972 10303 12740 12740 W UniqueNative: io_redirect: filter did not match: /data/data/com.unique/files/virtual/apk/com.Chillow.CustomRise/1
1788680687.972 10303 12740 12740 W UniqueNative: io_redirect: app-private library seen: /data/misc/apexdata/com.android.art/dalvik-cache/arm64/boot.oat
1788680687.972 10303 12740 12740 W UniqueNative: io_redirect: app-private library seen: /data/misc/apexdata/com.android.art/dalvik-cache/arm64/boot-framework-adservices.oat
1788680687.972 10303 12740 12740 W UniqueNative: io_redirect: app-private library seen: /data/app/~~uSPrrBDnPbh7oiSxSbJTTw==/com.unique-Tvl4u3f1WcQMODM0rNq5rg==/oat/arm64/base.odex
1788680687.972 10303 12740 12740 W UniqueNative: io_redirect: app-private library seen: /data/app/~~uSPrrBDnPbh7oiSxSbJTTw==/com.unique-Tvl4u3f1WcQMODM0rNq5rg==/base.apk!/lib/arm64-v8a/libunique_native.so
1788680687.973 10303 12740 12740 I UniqueNative: io_redirect: library-load watch installed (3 slot(s) in 2 libraries)
1788680687.973 10303 12740 12740 W UniqueNative: io_redirect: watch saw but did not match: /data/misc/apexdata/com.android.art/dalvik-cache/arm64/boot.oat
1788680687.973 10303 12740 12740 W UniqueNative: io_redirect: watch saw but did not match: /data/misc/apexdata/com.android.art/dalvik-cache/arm64/boot-framework-adservices.oat
1788680687.973 10303 12740 12740 W UniqueNative: io_redirect: watch saw but did not match: /data/app/~~uSPrrBDnPbh7oiSxSbJTTw==/com.unique-Tvl4u3f1WcQMODM0rNq5rg==/oat/arm64/base.odex
1788680687.973 10303 12740 12740 W UniqueNative: io_redirect: watch saw but did not match: /data/app/~~uSPrrBDnPbh7oiSxSbJTTw==/com.unique-Tvl4u3f1WcQMODM0rNq5rg==/base.apk!/lib/arm64-v8a/libunique_native.so
1788680687.975 10303 12740 12740 I Unique  : 2026-09-06 14:44:47.974 I NATIVE IO_REDIRECT_INSTALLED status=NOTHING_TO_HOOK watch=OK rules=8 slots=0 scope=/data/user/0/com.unique/files/virtual/apk/com.Chillow.CustomRise/1/lib/arm64-v8a,/data/data/com.unique/files/virtual/apk/com.Chillow.CustomRise/1/lib/arm64-v8a,/data/user/0/com.unique/files/virtual/ap
1788680687.976 10303 12740 12740 I Unique  : 2026-09-06 14:44:47.975 I WEBVIEW WEBVIEW_DATA_DIR_SUFFIX suffix=vapp3 slot=3
1788680687.978 10303 12740 12740 I UniqueNative: crash: recording 6 signal(s) to /data/user/0/com.unique/files/virtual/runtime/diagnostics/3/com.Chillow.CustomRise/native-crash-12740.properties
1788680687.979 10303 12740 12740 I Unique  : 2026-09-06 14:44:47.978 I NATIVE NATIVE_CRASH_HANDLER status=OK file=/data/user/0/com.unique/files/virtual/runtime/diagnostics/3/com.Chillow.CustomRise/native-crash-12740.properties
1788680687.983 10303 12740 12740 I Unique  : 2026-09-06 14:44:47.981 I STORAGE EXTERNAL_STORAGE_REDIRECTED package=com.Chillow.CustomRise vuid=3 root=/data/user/0/com.unique/files/virtual/users/3/sdcard
1788680687.987 10303 12740 12740 I Unique  : 2026-09-06 14:44:47.985 I HOOK SERVICE_HOOKED service=alarm cache=true singletons=0 bound=callerPackage matched=callerPackage=canScheduleExactAlarms+cancelPoweroffAlarm+hasScheduleExactAlarm+removeAll+set+setTimeZone
1788680687.989 10303 12740 12740 I Unique  : 2026-09-06 14:44:47.987 I HOOK IDENTITY_HOOK_INSTALLED service=alarm package=com.Chillow.CustomRise matched=callerPackage=canScheduleExactAlarms+cancelPoweroffAlarm+hasScheduleExactAlarm+removeAll+set+setTimeZone
1788680687.992 10303 12740 12740 I Unique  : 2026-09-06 14:44:47.991 I HOOK SERVICE_HOOKED service=clipboard cache=true singletons=0 bound=callerPackage matched=callerPackage=addPrimaryClipChangedListener+clearPrimaryClip+getPrimaryClip+getPrimaryClipDescription+getPrimaryClipSource+getUserPrimaryClip+hasClipboardText+hasPrimaryClip+removePrimaryClipChangedListener+setPrimaryClip+setPrimaryClipAsPackage
1788680687.993 10303 12740 12740 I Unique  : 2026-09-06 14:44:47.992 I HOOK IDENTITY_HOOK_INSTALLED service=clipboard package=com.Chillow.CustomRise matched=callerPackage=addPrimaryClipChangedListener+clearPrimaryClip+getPrimaryClip+getPrimaryClipDescription+getPrimaryClipSource+getUserPrimaryClip+hasClipboardText+hasPrimaryClip+removePrimaryClipChangedListener+setPrimaryClip+setPrimaryClipAsPackage
1788680687.997 10303 12740 12740 I Unique  : 2026-09-06 14:44:47.996 I HOOK SERVICE_HOOKED service=restrictions cache=true singletons=0 bound=callerPackage matched=callerPackage=getApplicationRestrictions+getApplicationRestrictionsPerAdminForUser+notifyPermissionResponse+requestPermission
1788680688.000 10303 12740 12740 I Unique  : 2026-09-06 14:44:47.998 I HOOK IDENTITY_HOOK_INSTALLED service=restrictions package=com.Chillow.CustomRise matched=callerPackage=getApplicationRestrictions+getApplicationRestrictionsPerAdminForUser+notifyPermissionResponse+requestPermission
1788680688.002 10303 12740 12740 I Unique  : 2026-09-06 14:44:48.001 I HOOK SERVICE_HOOKED service=locale cache=true singletons=0 bound=callerPackage,setApplicationLocales matched=callerPackage=getApplicationLocales+getOverrideLocaleConfig+setOverrideLocaleConfig,setApplicationLocales
1788680688.003 10303 12740 12740 I Unique  : 2026-09-06 14:44:48.002 I HOOK IDENTITY_HOOK_INSTALLED service=locale package=com.Chillow.CustomRise matched=callerPackage=getApplicationLocales+getOverrideLocaleConfig+setOverrideLocaleConfig,setApplicationLocales
1788680688.006 10303 12740 12740 I Unique  : 2026-09-06 14:44:48.004 I HOOK SERVICE_HOOKED service=connectivity cache=true singletons=0 bound=callerPackage matched=callerPackage=getDefaultNetworkCapabilitiesForUser+getLastTetherError+getNetworkCapabilities+getRedactedLinkPropertiesForPackage+getRedactedNetworkCapabilitiesForPackage+isConnectivityServiceFeatureEnabledForTesting+listenForNetwork+pendingListenForNetwork+pendingRequestForNetwork+registerConnectivityDiagnosticsCallback+registerNetworkProvider+requestNetwork+requestRouteToHostAddress+setProvisioni
1788680688.008 10303 12740 12740 I Unique  : 2026-09-06 14:44:48.006 I HOOK IDENTITY_HOOK_INSTALLED service=connectivity package=com.Chillow.CustomRise matched=callerPackage=getDefaultNetworkCapabilitiesForUser+getLastTetherError+getNetworkCapabilities+getRedactedLinkPropertiesForPackage+getRedactedNetworkCapabilitiesForPackage+isConnectivityServiceFeatureEnabledForTesting+listenForNetwork+pendingListenForNetwork+pendingRequestForNetwork+registerConnectivi
1788680688.023 10303 12740 12740 I Unique  : 2026-09-06 14:44:48.014 I HOOK SERVICE_HOOKED service=power cache=true singletons=0 bound=callerPackage matched=callerPackage=acquireWakeLock+acquireWakeLockAsync+acquireWakeLockWithUid+crash+isAmbientDisplaySuppressedForToken+isAmbientDisplaySuppressedForTokenByApp+isFeatureAllowedInLowPowerStandby+reboot+shutdown+suppressAmbientDisplay+updateWakeLockWorkSource+wakeUp
1788680688.024 10303 12740 12740 I Unique  : 2026-09-06 14:44:48.023 I HOOK IDENTITY_HOOK_INSTALLED service=power package=com.Chillow.CustomRise matched=callerPackage=acquireWakeLock+acquireWakeLockAsync+acquireWakeLockWithUid+crash+isAmbientDisplaySuppressedForToken+isAmbientDisplaySuppressedForTokenByApp+isFeatureAllowedInLowPowerStandby+reboot+shutdown+suppressAmbientDisplay+updateWakeLockWorkSource+wakeUp
1788680688.032 10303 12740 12740 I Unique  : 2026-09-06 14:44:48.031 I HOOK SERVICE_HOOKED service=wifi cache=true singletons=0 bound=callerPackage matched=callerPackage=acquireMulticastLock+acquireWifiLock+addLocalOnlyConnectionStatusListener+addNetworkSuggestions+addOrUpdateNetwork+addOrUpdateNetworkPrivileged+addOrUpdatePasspointConfiguration+addQosPolicies+addSuggestionUserApprovalStatusListener+allowAutojoinGlobal+allowAutojoinPasspoint+connect+disableEphemeralNetwork+disableNetwork+disconnect+enableNetwork+enableTdls+enableTdlsWithMacAddress+en
1788680688.033 10303 12740 12740 I Unique  : 2026-09-06 14:44:48.032 I HOOK IDENTITY_HOOK_INSTALLED service=wifi package=com.Chillow.CustomRise matched=callerPackage=acquireMulticastLock+acquireWifiLock+addLocalOnlyConnectionStatusListener+addNetworkSuggestions+addOrUpdateNetwork+addOrUpdateNetworkPrivileged+addOrUpdatePasspointConfiguration+addQosPolicies+addSuggestionUserApprovalStatusListener+allowAutojoinGlobal+allowAutojoinPasspoint+connect+di
1788680688.037 10303 12740 12740 I Unique  : 2026-09-06 14:44:48.036 I HOOK SERVICE_HOOKED service=location cache=true singletons=0 bound=callerPackage matched=callerPackage=addGnssAntennaInfoListener+addGnssMeasurementsListener+addGnssNavigationMessageListener+addTestProvider+getCurrentLocation+getLastLocation+getProviderPackages+getProviderProperties+hasProvider+isProviderEnabledForUser+isProviderPackage+registerGnssNmeaCallback+registerGnssStatusCallback+registerLocationListener+registerLocationPendingIntent+removeTestProvider+requestGeofence+requestL
1788680688.038 10303 12740 12740 I Unique  : 2026-09-06 14:44:48.037 I HOOK IDENTITY_HOOK_INSTALLED service=location package=com.Chillow.CustomRise matched=callerPackage=addGnssAntennaInfoListener+addGnssMeasurementsListener+addGnssNavigationMessageListener+addTestProvider+getCurrentLocation+getLastLocation+getProviderPackages+getProviderProperties+hasProvider+isProviderEnabledForUser+isProviderPackage+registerGnssNmeaCallback+registerGnssStatusCallbac
1788680688.045 10303 12740 12740 I Unique  : 2026-09-06 14:44:48.044 I HOOK SERVICE_HOOKED service=audio cache=true singletons=0 bound=callerPackage matched=callerPackage=abandonAudioFocus+abandonAudioFocusForTest+adjustStreamVolume+adjustStreamVolumeForUid+adjustStreamVolumeWithAttribution+adjustSuggestedStreamVolumeForUid+adjustVolumeGroupVolume+cacheParameters+disableSafeMediaVolume+getBluetoothAudioDeviceCategory+getBluetoothAudioDeviceCategory_legacy+getCacheParameters+getDeviceVolume+getNotificationUri+getPlayerVolume+handleVolumeKey+isBluetooth
1788680688.047 10303 12740 12740 I Unique  : 2026-09-06 14:44:48.045 I HOOK IDENTITY_HOOK_INSTALLED service=audio package=com.Chillow.CustomRise matched=callerPackage=abandonAudioFocus+abandonAudioFocusForTest+adjustStreamVolume+adjustStreamVolumeForUid+adjustStreamVolumeWithAttribution+adjustSuggestedStreamVolumeForUid+adjustVolumeGroupVolume+cacheParameters+disableSafeMediaVolume+getBluetoothAudioDeviceCategory+getBluetoothAudioDeviceCategory_lega
1788680688.049 10303 12740 12740 I Unique  : 2026-09-06 14:44:48.048 I HOOK SERVICE_HOOKED service=vibrator_manager cache=true singletons=0 bound=callerPackage matched=callerPackage=performHapticFeedback+setAlwaysOnEffect+vibrate
1788680688.050 10303 12740 12740 I Unique  : 2026-09-06 14:44:48.049 I HOOK IDENTITY_HOOK_INSTALLED service=vibrator_manager package=com.Chillow.CustomRise matched=callerPackage=performHapticFeedback+setAlwaysOnEffect+vibrate
1788680688.054 10303 12740 12740 I Unique  : 2026-09-06 14:44:48.053 I HOOK SERVICE_HOOKED service=usagestats cache=true singletons=0 bound=callerPackage matched=callerPackage=clearBroadcastEvents+clearBroadcastResponseStats+getAppMinStandbyBucket+getAppStandbyBucket+getAppStandbyBuckets+getAppStandbyConstant+getLastTimeAnyComponentUsed+isAppInactive+isPackageExemptedFromBroadcastResponseStats+queryBroadcastResponseStats+queryConfigurationStats+queryEventStats+queryEvents+queryEventsForPackage+queryEventsForPackageForUser+queryEventsForUser+queryEventsWith
1788680688.055 10303 12740 12740 I Unique  : 2026-09-06 14:44:48.054 I HOOK IDENTITY_HOOK_INSTALLED service=usagestats package=com.Chillow.CustomRise matched=callerPackage=clearBroadcastEvents+clearBroadcastResponseStats+getAppMinStandbyBucket+getAppStandbyBucket+getAppStandbyBuckets+getAppStandbyConstant+getLastTimeAnyComponentUsed+isAppInactive+isPackageExemptedFromBroadcastResponseStats+queryBroadcastResponseStats+queryConfigurationStats+queryEventSta
1788680688.057 10303 12740 12740 I Unique  : 2026-09-06 14:44:48.056 I HOOK SERVICE_HOOKED service=netstats cache=true singletons=0 bound=callerPackage matched=callerPackage=getIfaceStats+notifyNetworkStatus+openSessionForUsageStats+registerNetworkStatsProvider+registerUsageCallback+setStatsProviderWarningAndLimitAsync
1788680688.062 10303 12740 12740 I Unique  : 2026-09-06 14:44:48.058 I HOOK IDENTITY_HOOK_INSTALLED service=netstats package=com.Chillow.CustomRise matched=callerPackage=getIfaceStats+notifyNetworkStatus+openSessionForUsageStats+registerNetworkStatsProvider+registerUsageCallback+setStatsProviderWarningAndLimitAsync
1788680688.068 10303 12740 12740 I Unique  : 2026-09-06 14:44:48.065 I HOOK SERVICE_HOOKED service=content cache=true singletons=0 bound=callerPackage matched=callerPackage=addPeriodicSync+cancelSync+cancelSyncAsUser+getCache+getIsSyncable+getIsSyncableAsUser+getPeriodicSyncs+getSyncAdapterPackageAsUser+getSyncAdapterPackagesForAuthorityAsUser+getSyncAutomatically+getSyncAutomaticallyAsUser+getSyncStatus+getSyncStatusAsUser+isSyncActive+isSyncPending+isSyncPendingAsUser+notifyChange+onDbCorruption+putCache+removePeriodicSync+requestSync+setIsSyncable+se
1788680688.069 10303 12740 12740 I Unique  : 2026-09-06 14:44:48.068 I HOOK IDENTITY_HOOK_INSTALLED service=content package=com.Chillow.CustomRise matched=callerPackage=addPeriodicSync+cancelSync+cancelSyncAsUser+getCache+getIsSyncable+getIsSyncableAsUser+getPeriodicSyncs+getSyncAdapterPackageAsUser+getSyncAdapterPackagesForAuthorityAsUser+getSyncAutomatically+getSyncAutomaticallyAsUser+getSyncStatus+getSyncStatusAsUser+isSyncActive+isSyncPending+isSy
1788680688.074 10303 12740 12740 I Unique  : 2026-09-06 14:44:48.072 I HOOK SERVICE_HOOKED service=shortcut cache=true singletons=0 bound=shortcutPublish,callerPackage matched=shortcutPublish=addDynamicShortcuts+createShortcutResultIntent+pushDynamicShortcut+requestPinShortcut+setDynamicShortcuts+updateShortcuts,callerPackage=disableShortcuts+enableShortcuts+getIconMaxDimensions+getMaxShortcutCountPerActivity+getRateLimitResetTime+getRemainingCallCount+getShareTargets+getShortcuts+hasShareTargets+onApplicationActive+removeAllDynamicShortcuts+removeDynamicShortcuts+remov
1788680688.075 10303 12740 12740 I Unique  : 2026-09-06 14:44:48.075 I HOOK IDENTITY_HOOK_INSTALLED service=shortcut package=com.Chillow.CustomRise matched=shortcutPublish=addDynamicShortcuts+createShortcutResultIntent+pushDynamicShortcut+requestPinShortcut+setDynamicShortcuts+updateShortcuts,callerPackage=disableShortcuts+enableShortcuts+getIconMaxDimensions+getMaxShortcutCountPerActivity+getRateLimitResetTime+getRemainingCallCount+getShareTargets+get
1788680688.080 10303 12740 12740 I Unique  : 2026-09-06 14:44:48.078 I HOOK SERVICE_HOOKED service=mount cache=true singletons=0 bound=callerPackage,volumeList matched=callerPackage=abortChanges+allocateBytes+benchmark+destroyUserStorage+disableAppDataIsolation+fixupAppDir+fixupAppDirRecursive+fixupSysfsFile+forgetVolume+format+getAllocatableBytes+getCacheQuotaBytes+getCacheSizeBytes+getExternalStorageMountMode+getManageSpaceActivityIntent+getMountedObbPath+isAppIoBlocked+isObbMounted+mkdirs+mount+mountObb+moveStorageQuickly+notifyAppIoBlocked+notifyAppIoResumed
1788680688.081 10303 12740 12740 I Unique  : 2026-09-06 14:44:48.080 I HOOK IDENTITY_HOOK_INSTALLED service=mount package=com.Chillow.CustomRise matched=callerPackage=abortChanges+allocateBytes+benchmark+destroyUserStorage+disableAppDataIsolation+fixupAppDir+fixupAppDirRecursive+fixupSysfsFile+forgetVolume+format+getAllocatableBytes+getCacheQuotaBytes+getCacheSizeBytes+getExternalStorageMountMode+getManageSpaceActivityIntent+getMountedObbPath+isAppI
1788680688.088 10303 12740 12740 I Unique  : 2026-09-06 14:44:48.086 I HOOK SERVICE_HOOKED service=account cache=true singletons=0 bound=callerPackage matched=callerPackage=addAccount+addAccountAsUser+addAccountExplicitly+addAccountExplicitlyWithVisibility+addSharedAccountsFromParentUser+createRequestAccountAccessIntentSenderAsUser+editProperties+getAccountByTypeAndFeatures+getAccountVisibility+getAccountsAndVisibilityForPackage+getAccountsAsUser+getAccountsByFeatures+getAccountsByTypeForPackage+getAccountsForPackage+getAuthToken+getAuthTokenLabel+getUs
1788680688.089 10303 12740 12740 I Unique  : 2026-09-06 14:44:48.088 I HOOK IDENTITY_HOOK_INSTALLED service=account package=com.Chillow.CustomRise matched=callerPackage=addAccount+addAccountAsUser+addAccountExplicitly+addAccountExplicitlyWithVisibility+addSharedAccountsFromParentUser+createRequestAccountAccessIntentSenderAsUser+editProperties+getAccountByTypeAndFeatures+getAccountVisibility+getAccountsAndVisibilityForPackage+getAccountsAsUser+getAccou
1788680688.108 10303 12740 12740 I Unique  : 2026-09-06 14:44:48.104 I HOOK SERVICE_HOOKED service=phone cache=true singletons=0 bound=callerPackage matched=callerPackage=call+canChangeDtmfToneLength+changeIccLockPassword+checkCarrierPrivilegesForPackage+checkCarrierPrivilegesForPackageAnyPhone+clearSignalStrengthUpdateRequest+deprovisionSatelliteService+dial+disableDataConnectivity+disableVisualVoicemailSmsFilter+doesSwitchMultiSimConfigTriggerReboot+enableDataConnectivity+enableVisualVoicemailSmsFilter+enqueueSmsPickResult+factoryReset+getAllCellInf
1788680688.109 10303 12740 12740 I Unique  : 2026-09-06 14:44:48.108 I HOOK IDENTITY_HOOK_INSTALLED service=phone package=com.Chillow.CustomRise matched=callerPackage=call+canChangeDtmfToneLength+changeIccLockPassword+checkCarrierPrivilegesForPackage+checkCarrierPrivilegesForPackageAnyPhone+clearSignalStrengthUpdateRequest+deprovisionSatelliteService+dial+disableDataConnectivity+disableVisualVoicemailSmsFilter+doesSwitchMultiSimConfigTriggerReboot+e
1788680688.122 10303 12740 12740 I Unique  : 2026-09-06 14:44:48.121 I HOOK SERVICE_HOOKED service=device_policy cache=true singletons=0 bound=callerPackage matched=callerPackage=addCrossProfileIntentFilter+addCrossProfileWidgetProvider+addPersistentPreferredActivity+approveCaCert+checkDeviceIdentifierAccess+checkProvisioningPrecondition+choosePrivateKeyAlias+clearApplicationUserData+clearCrossProfileIntentFilters+clearDeviceOwner+clearPackagePersistentPreferredActivities+clearResetPasswordToken+createAdminSupportIntent+createAndManageUser+createAndProvisionM
1788680688.124 10303 12740 12740 I Unique  : 2026-09-06 14:44:48.122 I HOOK IDENTITY_HOOK_INSTALLED service=device_policy package=com.Chillow.CustomRise matched=callerPackage=addCrossProfileIntentFilter+addCrossProfileWidgetProvider+addPersistentPreferredActivity+approveCaCert+checkDeviceIdentifierAccess+checkProvisioningPrecondition+choosePrivateKeyAlias+clearApplicationUserData+clearCrossProfileIntentFilters+clearDeviceOwner+clearPackagePersistentPreferre
1788680688.128 10303 12740 12740 I Unique  : 2026-09-06 14:44:48.126 I HOOK SERVICE_HOOKED service=media.camera cache=true singletons=0 bound=callerPackage matched=callerPackage=connect+connectDevice+createDefaultRequest+getCameraCharacteristics+getSessionCharacteristics+getTorchStrengthLevel+injectCamera+injectSessionParams+isHiddenPhysicalCamera+isSessionConfigurationWithParametersSupported+setTorchMode+supportsCameraApi+turnOnTorchWithStrengthLevel
1788680688.131 10303 12740 12740 I Unique  : 2026-09-06 14:44:48.128 I HOOK IDENTITY_HOOK_INSTALLED service=media.camera package=com.Chillow.CustomRise matched=callerPackage=connect+connectDevice+createDefaultRequest+getCameraCharacteristics+getSessionCharacteristics+getTorchStrengthLevel+injectCamera+injectSessionParams+isHiddenPhysicalCamera+isSessionConfigurationWithParametersSupported+setTorchMode+supportsCameraApi+turnOnTorchWithStrengthLevel
1788680688.136 10303 12740 12740 I Unique  : 2026-09-06 14:44:48.135 I HOOK SERVICE_HOOKED service=telecom cache=true singletons=0 bound=callerPackage matched=callerPackage=acceptHandover+acceptRingingCall+acceptRingingCallWithVideoState+addCall+addNewIncomingCall+addNewIncomingConference+addOrRemoveTestCallCompanionApp+cancelMissedCallsNotification+clearAccounts+createLaunchEmergencyDialerIntent+createManageBlockedNumbersIntent+endCall+getAdnUriForPhoneAccount+getCallCapablePhoneAccounts+getCallStateUsingPackage+getCurrentTtyMode+getDefaultDialerPackag
1788680688.137 10303 12740 12740 I Unique  : 2026-09-06 14:44:48.136 I HOOK IDENTITY_HOOK_INSTALLED service=telecom package=com.Chillow.CustomRise matched=callerPackage=acceptHandover+acceptRingingCall+acceptRingingCallWithVideoState+addCall+addNewIncomingCall+addNewIncomingConference+addOrRemoveTestCallCompanionApp+cancelMissedCallsNotification+clearAccounts+createLaunchEmergencyDialerIntent+createManageBlockedNumbersIntent+endCall+getAdnUriForPhoneA
1788680688.144 10303 12740 12740 I Unique  : 2026-09-06 14:44:48.141 I HOOK SERVICE_HOOKED service=media_router cache=true singletons=0 bound=callerPackage matched=callerPackage=deselectRouteWithManager+deselectRouteWithRouter2+getSystemRoutes+getSystemSessionInfoForPackage+registerClientAsUser+registerClientGroupId+registerManager+registerProxyRouter+registerRouter2+releaseSessionWithManager+releaseSessionWithRouter2+requestCreateSessionWithManager+requestSetVolume+requestUpdateVolume+selectRouteWithManager+selectRouteWithRouter2+setSelectedRoute+setSession
1788680688.145 10303 12740 12740 I Unique  : 2026-09-06 14:44:48.144 I HOOK IDENTITY_HOOK_INSTALLED service=media_router package=com.Chillow.CustomRise matched=callerPackage=deselectRouteWithManager+deselectRouteWithRouter2+getSystemRoutes+getSystemSessionInfoForPackage+registerClientAsUser+registerClientGroupId+registerManager+registerProxyRouter+registerRouter2+releaseSessionWithManager+releaseSessionWithRouter2+requestCreateSessionWithManager+requestSet
1788680688.149 10303 12740 12740 I Unique  : 2026-09-06 14:44:48.148 I HOOK SERVICE_HOOKED service=media_session cache=true singletons=0 bound=callerPackage matched=callerPackage=addOnMediaKeyEventSessionChangedListener+createSession+dispatchAdjustVolume+dispatchMediaKeyEvent+dispatchMediaKeyEventToSessionAsSystemService+dispatchVolumeKeyEvent+dispatchVolumeKeyEventToSessionAsSystemService+getMediaKeyEventSession+getMediaKeyEventSessionPackageName+hasCustomMediaKeyDispatcher+hasCustomMediaSessionPolicyProvider+isTrusted+setCustomMediaKeyDispatcher+setCustomMe
1788680688.150 10303 12740 12740 I Unique  : 2026-09-06 14:44:48.149 I HOOK IDENTITY_HOOK_INSTALLED service=media_session package=com.Chillow.CustomRise matched=callerPackage=addOnMediaKeyEventSessionChangedListener+createSession+dispatchAdjustVolume+dispatchMediaKeyEvent+dispatchMediaKeyEventToSessionAsSystemService+dispatchVolumeKeyEvent+dispatchVolumeKeyEventToSessionAsSystemService+getMediaKeyEventSession+getMediaKeyEventSessionPackageName+hasCustomMedi
1788680688.154 10303 12740 12740 I Unique  : 2026-09-06 14:44:48.153 I HOOK SERVICE_HOOKED service=appwidget cache=true singletons=0 bound=callerPackage,appWidgetIdentity matched=callerPackage=allocateAppWidgetId+bindRemoteViewsService+createAppWidgetConfigIntentSender+deleteAppWidgetId+deleteHost+getAppWidgetIdsForHost+getAppWidgetInfo+getAppWidgetOfHost+getAppWidgetOptions+getAppWidgetViews+getInstalledProvidersForProfile+hasBindAppWidgetPermission+isBoundWidgetPackage+noteAppWidgetTapped+notifyAppWidgetViewDataChanged+partiallyUpdateAppWidgetIds+setAppWidgetHidden+setBi
1788680688.155 10303 12740 12740 I Unique  : 2026-09-06 14:44:48.154 I HOOK IDENTITY_HOOK_INSTALLED service=appwidget package=com.Chillow.CustomRise matched=callerPackage=allocateAppWidgetId+bindRemoteViewsService+createAppWidgetConfigIntentSender+deleteAppWidgetId+deleteHost+getAppWidgetIdsForHost+getAppWidgetInfo+getAppWidgetOfHost+getAppWidgetOptions+getAppWidgetViews+getInstalledProvidersForProfile+hasBindAppWidgetPermission+isBoundWidgetPackage+not
1788680688.157 10303 12740 12740 W Unique  : 2026-09-06 14:44:48.157 W HOOK SINGLETON_PATCH_SKIPPED service=input_method field=com.android.internal.inputmethod.IInputMethodManagerGlobalInvoker.sServiceCache
1788680688.159 10303 12740 12740 I Unique  : 2026-09-06 14:44:48.158 I HOOK SERVICE_HOOKED service=input_method cache=true singletons=1 bound=callerPackage,editorIdentity matched=callerPackage=acceptStylusHandwritingDelegation+acceptStylusHandwritingDelegationAsync+getEnabledInputMethodSubtypeList+prepareStylusHandwritingDelegation+setAdditionalInputMethodSubtypes+setExplicitlyEnabledInputMethodSubtypes+startConnectionlessStylusHandwriting+startProtoDump,editorIdentity=startInputOrWindowGainedFocus+startInputOrWindowGainedFocusAsync
1788680688.160 10303 12740 12740 I Unique  : 2026-09-06 14:44:48.159 I HOOK IDENTITY_HOOK_INSTALLED service=input_method package=com.Chillow.CustomRise matched=callerPackage=acceptStylusHandwritingDelegation+acceptStylusHandwritingDelegationAsync+getEnabledInputMethodSubtypeList+prepareStylusHandwritingDelegation+setAdditionalInputMethodSubtypes+setExplicitlyEnabledInputMethodSubtypes+startConnectionlessStylusHandwriting+startProtoDump,editorIdentity=start
1788680688.162 10303 12740 12740 I Unique  : 2026-09-06 14:44:48.160 I HOOK IDENTITY_HOOKS_INSTALLED package=com.Chillow.CustomRise installed=alarm,clipboard,restrictions,locale,connectivity,power,wifi,location,audio,vibrator_manager,usagestats,netstats,content,shortcut,mount,account,phone,device_policy,media.camera,telecom,media_router,media_session,appwidget,input_method skipped=
1788680688.164 10303 12740 12740 W Unique  : 2026-09-06 14:44:48.163 W PROCESS ALARM_EXACT_UNAVAILABLE detail=UNIQUE does not hold SCHEDULE_EXACT_ALARM; a guest asking for an exact alarm will get the platform's SecurityException
1788680688.195 10303 12740 12767 I Unique  : 2026-09-06 14:44:48.194 I LAUNCH GOOGLE_STACK_HIDDEN package=com.google.android.gms detail=Play services refuses a virtual app's identity and kills it from a Handler; reported absent so the SDK takes its own unavailable path
1788680688.209 10303 12740 12740 I Unique  : 2026-09-06 14:44:48.208 I PROCESS PROVIDERS_PUBLISHED package=com.Chillow.CustomRise process=com.Chillow.CustomRise declared=2 authorities=[redacted]
1788680688.213 10303 12740 12767 W GooglePlayServicesUtil: com.Chillow.CustomRise requires Google Play services, but they are missing.
1788680688.213 10303 12740 12740 I Unique  : 2026-09-06 14:44:48.211 I HOOK SERVICE_HOOKED service=jobscheduler cache=true singletons=0 bound=jobById,scheduleJob,pendingJobs matched=jobById=cancel+getPendingJob+getPendingJobReason,scheduleJob=enqueue+schedule+scheduleAsPackage,pendingJobs=getAllPendingJobs+getAllPendingJobsInNamespace
1788680688.214 10303 12740 12740 I Unique  : 2026-09-06 14:44:48.214 I HOOK JOB_HOOKED package=com.Chillow.CustomRise slot=3 matched=jobById=cancel+getPendingJob+getPendingJobReason,scheduleJob=enqueue+schedule+scheduleAsPackage,pendingJobs=getAllPendingJobs+getAllPendingJobsInNamespace
1788680688.216 10303 12740 12767 E DynamiteModule: Invalid GmsCore APK, remote loading disabled.
1788680688.216 10303 12740 12767 I DynamiteModule: Considering local module com.google.android.gms.measurement.dynamite:155 and remote module com.google.android.gms.measurement.dynamite:0
1788680688.217 10303 12740 12767 I DynamiteModule: Selected local version of com.google.android.gms.measurement.dynamite
1788680688.223 10303 12740 12740 I Unique  : 2026-09-06 14:44:48.222 I HOOK SERVICE_HOOKED service=notification cache=true singletons=1 bound=notificationIdentity,enqueue,channels matched=notificationIdentity=addAutomaticZenRule+areBubblesAllowed+areNotificationsEnabled+areNotificationsEnabledForPackage+buzzBeepBlinkForNotification+canNotifyAsPackage+canShowBadge+cancelAllNotifications+cancelNotificationFromListener+cancelToast+clearData+deleteNotificationHistoryItem+enqueueTextToast+enqueueToast+finishToken+getActiveNotifications+getActiveNotificationsWithAttribution+getAllowedAss
1788680688.225 10303 12740 12740 I Unique  : 2026-09-06 14:44:48.224 I HOOK NOTIFICATION_HOOKED package=com.Chillow.CustomRise vuid=3 matched=notificationIdentity=addAutomaticZenRule+areBubblesAllowed+areNotificationsEnabled+areNotificationsEnabledForPackage+buzzBeepBlinkForNotification+canNotifyAsPackage+canShowBadge+cancelAllNotifications+cancelNotificationFromListener+cancelToast+clearData+deleteNotificationHistoryItem+enqueueTextToast+enqueueToast+finishToken+getActiveNotifications+getActiveNotificationsWithAttribution+getAllowedAss
1788680688.226 10303 12740 12767 E DynamiteModule: Invalid GmsCore APK, remote loading disabled.
1788680688.231 10303 12740 12740 I Unique  : 2026-09-06 14:44:48.228 I PROCESS RECEIVERS_REGISTERED package=com.Chillow.CustomRise declared=1 registered=4 actions=androidx.profileinstaller.ProfileInstallReceiver#androidx.profileinstaller.action.INSTALL_PROFILE;androidx.profileinstaller.ProfileInstallReceiver#androidx.profileinstaller.action.SKIP_FILE;androidx.profileinstaller.ProfileInstallReceiver#androidx.profileinstaller.action.SAVE_PROFILE;androidx.profileinstaller.ProfileInstallReceiver#androidx.profileinstaller.action.BENCHMARK_OPERATION exported=1
1788680688.232 10303 12740 12740 I Unique  : 2026-09-06 14:44:48.231 I LAUNCH ACTIVITY_LIFECYCLE_INSTALLED package=com.Chillow.CustomRise
1788680688.236 10303 12740 12740 I Unique  : 2026-09-06 14:44:48.235 I STORAGE u3 com.Chillow.CustomRise EXTERNAL_VOLUME_REPOINTED path=/data/user/0/com.unique/files/virtual/users/3/sdcard fields=mPath,mInternalPath
1788680688.341 10303 12740 12773 I FA      : App measurement initialized, version: 133005
1788680688.341 10303 12740 12773 I FA      : To enable debug logging run: adb shell setprop log.tag.FA VERBOSE
1788680688.341 10303 12740 12773 I FA      : To enable faster debug mode event logging run:
1788680688.341 10303 12740 12773 I FA      :   adb shell setprop debug.firebase.analytics.app com.Chillow.CustomRise
1788680688.391 10303 12740 12773 D Unique  : 2026-09-06 14:44:48.390 D PROCESS u3 com.Chillow.CustomRise PERMISSION_CHECK permission=android.permission.INTERNET result=GRANTED
1788680688.394 10303 12740 12773 D Unique  : 2026-09-06 14:44:48.392 D PROCESS u3 com.Chillow.CustomRise PERMISSION_CHECK permission=android.permission.ACCESS_NETWORK_STATE result=GRANTED
1788680689.854 10303 12680 12709 E com.facebook.GraphResponse: {HttpStatus: 400, errorCode: 100, subErrorCode: 33, errorType: GraphMethodException, errorMessage: Unsupported get request. Object with ID '75257380179802112312300' does not exist, cannot be loaded due to missing permissions, or does not support this operation. Please read the Graph API documentation at https://developers.facebook.com/docs/graph-api}
1788680689.890 10303 12680 12710 E com.facebook.GraphResponse: {HttpStatus: 400, errorCode: 100, subErrorCode: 33, errorType: GraphMethodException, errorMessage: Unsupported get request. Object with ID '75257380179802112312300' does not exist, cannot be loaded due to missing permissions, or does not support this operation. Please read the Graph API documentation at https://developers.facebook.com/docs/graph-api}
1788680689.896 10303 12680 12711 E com.facebook.GraphResponse: {HttpStatus: 400, errorCode: 100, subErrorCode: 33, errorType: GraphMethodException, errorMessage: Unsupported get request. Object with ID '75257380179802112312300' does not exist, cannot be loaded due to missing permissions, or does not support this operation. Please read the Graph API documentation at https://developers.facebook.com/docs/graph-api}
1788680690.162 10303 12680 12711 E com.facebook.GraphResponse: {HttpStatus: 400, errorCode: 100, subErrorCode: 33, errorType: GraphMethodException, errorMessage: Unsupported get request. Object with ID '75257380179802112312300' does not exist, cannot be loaded due to missing permissions, or does not support this operation. Please read the Graph API documentation at https://developers.facebook.com/docs/graph-api}
1788680690.171 10303 12680 12709 W GooglePlayServicesUtil: com.gordey.standarling requires Google Play services, but they are missing.
1788680690.174 10303 12680 12709 D Unique  : 2026-09-06 14:44:50.173 D PROCESS u2 com.gordey.standarling SERVICE_INTENT_CROSS_APP action=com.google.android.gms.ads.identifier.service.START target=com.google.android.gms
1788680690.177 10303 12680 12709 D Unique  : 2026-09-06 14:44:50.176 D PROCESS u2 com.gordey.standarling SERVICE_CONNECTION_WRAPPED connection=com.facebook.internal.AttributionIdentifiers$GoogleAdServiceConnection
1788680690.248 10303 12740 12750 W MIUIScout App: Enter APP_SCOUT_WARNING State
1788680690.248 10303 12740 12750 W MIUIScout App:  (Current message: duration=2500ms seq=4 late=9ms h=android.app.ActivityThread$H w=159)
1788680690.255 10303 12740 12789 W MIUIScout App: Event:APP_SCOUT_WARNING Thread:main backtrace:
1788680690.255 10303 12740 12789 W MIUIScout App:     at jdk.internal.misc.Unsafe.park(Native Method)
1788680690.255 10303 12740 12789 W MIUIScout App:     at java.util.concurrent.locks.LockSupport.park(LockSupport.java:226)
1788680690.255 10303 12740 12789 W MIUIScout App:     at java.util.concurrent.FutureTask.awaitDone(FutureTask.java:511)
1788680690.255 10303 12740 12789 W MIUIScout App:     at java.util.concurrent.FutureTask.get(FutureTask.java:192)
1788680690.255 10303 12740 12789 W MIUIScout App:     at com.unique.core.vam.VirtualPackageManagerHook.getArchiveSignatures(VirtualPackageManagerHook.kt:618)
1788680690.255 10303 12740 12789 W MIUIScout App:     at com.unique.core.vam.VirtualPackageManagerHook.buildPackageInfo(VirtualPackageManagerHook.kt:562)
1788680690.255 10303 12740 12789 W MIUIScout App:     at com.unique.core.vam.VirtualPackageManagerHook.shims$lambda$0$0(VirtualPackageManagerHook.kt:95)
1788680690.255 10303 12740 12789 W MIUIScout App:     at com.unique.core.vam.VirtualPackageManagerHook.$r8$lambda$VaQx1qJoT9-8oUq2THVBfpb87pQ(VirtualPackageManagerHook.kt:0)
1788680690.255 10303 12740 12789 W MIUIScout App:     at com.unique.core.vam.VirtualPackageManagerHook$$ExternalSyntheticLambda4.invoke(D8$$SyntheticClass:0)
1788680690.255 10303 12740 12789 W MIUIScout App:     at com.unique.core.common.shim.BoundShim.apply(MethodShim.kt:72)
1788680690.255 10303 12740 12789 W MIUIScout App:     at com.unique.core.common.shim.ShimRegistry.wrap$lambda$3(MethodShim.kt:289)
1788680690.255 10303 12740 12789 W MIUIScout App:     at com.unique.core.common.shim.ShimRegistry.$r8$lambda$LaP7nvmGPvW6xAPpbcA_cv-q1f0(MethodShim.kt:0)
1788680690.255 10303 12740 12789 W MIUIScout App:     at com.unique.core.common.shim.ShimRegistry$$ExternalSyntheticLambda1.invoke(D8$$SyntheticClass:0)
1788680690.255 10303 12740 12789 W MIUIScout App:     at java.lang.reflect.Proxy.invoke(Proxy.java:1009)
1788680690.255 10303 12740 12789 W MIUIScout App:     at $Proxy4.getPackageInfo(Unknown Source)
1788680690.255 10303 12740 12789 W MIUIScout App:     at android.content.pm.PackageManager.getPackageInfoAsUserUncached(PackageManager.java:11603)
1788680690.255 10303 12740 12789 W MIUIScout App:     at android.content.pm.PackageManager.-$$Nest$smgetPackageInfoAsUserUncached(PackageManager.java:0)
1788680690.255 10303 12740 12789 W MIUIScout App:     at android.content.pm.PackageManager$3.recompute(PackageManager.java:11616)
1788680690.255 10303 12740 12789 W MIUIScout App:     at android.content.pm.PackageManager$3.recompute(PackageManager.java:11613)
1788680690.255 10303 12740 12789 W MIUIScout App:     at android.app.PropertyInvalidatedCache.query(PropertyInvalidatedCache.java:934)
1788680690.255 10303 12740 12789 W MIUIScout App:     at android.content.pm.PackageManager.getPackageInfoAsUserCached(PackageManager.java:11630)
1788680690.255 10303 12740 12789 W MIUIScout App:     at android.app.ApplicationPackageManager.getPackageInfoAsUser(ApplicationPackageManager.java:271)
1788680690.255 10303 12740 12789 W MIUIScout App:     at android.app.ApplicationPackageManager.getPackageInfo(ApplicationPackageManager.java:236)
1788680690.255 10303 12740 12789 W MIUIScout App:     at android.app.ApplicationPackageManager.getPackageInfo(ApplicationPackageManager.java:230)
1788680690.255 10303 12740 12789 W MIUIScout App:     at cc.p3miss.App.signerSha(App.java:36)
1788680690.255 10303 12740 12789 W MIUIScout App:     at cc.p3miss.App.onCreate(App.java:80)
1788680690.255 10303 12740 12789 W MIUIScout App:     at android.app.Instrumentation.callApplicationOnCreate(Instrumentation.java:1392)
1788680690.255 10303 12740 12789 W MIUIScout App:     at java.lang.reflect.Method.invoke(Native Method)
1788680690.255 10303 12740 12789 W MIUIScout App:     at com.unique.core.vam.AppBootstrap.runApplicationOnCreate(AppBootstrap.kt:1297)
1788680690.255 10303 12740 12789 W MIUIScout App:     at com.unique.core.vam.AppBootstrap.graft(AppBootstrap.kt:590)
1788680690.255 10303 12740 12789 W MIUIScout App:     at com.unique.core.vam.AppBootstrap.bootstrap(AppBootstrap.kt:107)
1788680690.255 10303 12740 12789 W MIUIScout App:     at com.unique.core.vam.LaunchInterceptor.rewrite(LaunchInterceptor.kt:510)
1788680690.255 10303 12740 12789 W MIUIScout App:     at com.unique.core.vam.LaunchInterceptor.install$lambda$4(LaunchInterceptor.kt:118)
1788680690.255 10303 12740 12789 W MIUIScout App:     at com.unique.core.vam.LaunchInterceptor.$r8$lambda$0dAelSXAu4LsoTU-x_lFGXS1fWU(LaunchInterceptor.kt:0)
1788680690.255 10303 12740 12789 W MIUIScout App:     at com.unique.core.vam.LaunchInterceptor$$ExternalSyntheticLambda0.handleMessage(D8$$SyntheticClass:0)
1788680690.255 10303 12740 12789 W MIUIScout App:     at android.os.Handler.dispatchMessage(Handler.java:103)
1788680690.255 10303 12740 12789 W MIUIScout App:     at android.os.Looper.loopOnce(Looper.java:249)
1788680690.255 10303 12740 12789 W MIUIScout App:     at android.os.Looper.loop(Looper.java:337)
1788680690.255 10303 12740 12789 W MIUIScout App:     at android.app.ActivityThread.main(ActivityThread.java:9469)
1788680690.255 10303 12740 12789 W MIUIScout App:     at java.lang.reflect.Method.invoke(Native Method)
1788680690.255 10303 12740 12789 W MIUIScout App:     at com.android.internal.os.RuntimeInit$MethodAndArgsCaller.run(RuntimeInit.java:636)
1788680690.255 10303 12740 12789 W MIUIScout App:     at com.android.internal.os.ZygoteInit.main(ZygoteInit.java:1005)
1788680690.500 10303 12680 12709 E com.facebook.GraphResponse: {HttpStatus: 400, errorCode: 100, subErrorCode: 33, errorType: GraphMethodException, errorMessage: Unsupported post request. Object with ID '75257380179802112312300' does not exist, cannot be loaded due to missing permissions, or does not support this operation. Please read the Graph API documentation at https://developers.facebook.com/docs/graph-api}
1788680691.655 10303 12680 12702 I Unique  : 2026-09-06 14:44:51.653 I LAUNCH u2 com.gordey.standarling SIGNATURES_LOADED package=com.gordey.standarling signers=1 hasSigningInfo=true
1788680691.682 10303 12680 12736 W GooglePlayServicesUtil: com.gordey.standarling requires Google Play services, but they are missing.
1788680691.688 10303 12680 12736 I Unique  : 2026-09-06 14:44:51.685 I PROCESS u2 com.gordey.standarling SERVICE_STUB_RESERVED slot=2 stub=0 service=com.google.android.gms.measurement.AppMeasurementService vuid=2
1788680691.690 10303 12680 12736 D Unique  : 2026-09-06 14:44:51.688 D PROCESS u2 com.gordey.standarling SERVICE_INTENT_ROUTED service=com.google.android.gms.measurement.AppMeasurementService stub=com.unique.stub.ServiceStub_p2_s0 action=com.google.android.gms.measurement.START
1788680691.692 10303 12680 12736 D Unique  : 2026-09-06 14:44:51.690 D PROCESS u2 com.gordey.standarling SERVICE_CONNECTION_WRAPPED connection=com.google.android.gms.measurement.internal.v8
1788680691.698 10303 12680 12680 I Unique  : 2026-09-06 14:44:51.697 I PROCESS u2 com.gordey.standarling CREATE_SERVICE_REWRITTEN stub=com.unique.stub.ServiceStub_p2_s0 service=com.google.android.gms.measurement.AppMeasurementService
1788680691.704 10303 12680 12680 D Unique  : 2026-09-06 14:44:51.702 D PROCESS u2 com.gordey.standarling SERVICE_INTENT_ROUTED service=com.google.android.gms.measurement.AppMeasurementService stub=com.unique.stub.ServiceStub_p2_s0 action=com.google.android.gms.measurement.START
1788680691.708 10303 12680 12680 D Unique  : 2026-09-06 14:44:51.706 D PROCESS u2 com.gordey.standarling SERVICE_CONNECTION_RENAMED stub=com.unique.stub.ServiceStub_p2_s0 service=com.google.android.gms.measurement.AppMeasurementService
1788680691.718 10303 12680 12736 W Unique  : 2026-09-06 14:44:51.716 W LAUNCH u2 com.gordey.standarling PENDING_INTENT_RECEIVER_UNSUPPORTED receiver=com.google.android.gms.measurement.AppMeasurementReceiver package=com.gordey.standarling
1788680691.766 10303 12680 12736 W Unique  : 2026-09-06 14:44:51.764 W LAUNCH u2 com.gordey.standarling PENDING_INTENT_RECEIVER_UNSUPPORTED receiver=com.google.android.gms.measurement.AppMeasurementReceiver package=com.gordey.standarling
1788680691.773 10303 12680 12736 W JobInfo : Job 'com.gordey.standarling/com.google.android.gms.measurement.AppMeasurementJobService#-1081621338' has a deadline with no functional constraints. The deadline won't improve job execution latency. Consider removing the deadline.
1788680691.779 10303 12680 12736 I Unique  : 2026-09-06 14:44:51.777 I PROCESS u2 com.gordey.standarling JOB_SCHEDULED service=com.google.android.gms.measurement.AppMeasurementJobService virtualJobId=-1081621338 hostJobId=2606246 stub=com.unique.stub.JobStub_p2
1788680691.835 10303 12680 12736 W GooglePlayServicesUtil: com.gordey.standarling requires Google Play services, but they are missing.
1788680692.275 10303 12680 12736 W Unique  : 2026-09-06 14:44:52.273 W LAUNCH u2 com.gordey.standarling PENDING_INTENT_RECEIVER_UNSUPPORTED receiver=com.google.android.gms.measurement.AppMeasurementReceiver package=com.gordey.standarling
1788680692.750 10303 12740 12750 W MIUIScout App: Enter APP_SCOUT_HANG state
1788680692.750 10303 12740 12750 W MIUIScout App:  (Current message: duration=5002ms seq=4 late=9ms h=android.app.ActivityThread$H w=159)
1788680692.752 10303 12740 12813 W MIUIScout App: Event:APP_SCOUT_HANG Thread:main backtrace:
1788680692.752 10303 12740 12813 W MIUIScout App:     at jdk.internal.misc.Unsafe.park(Native Method)
1788680692.752 10303 12740 12813 W MIUIScout App:     at java.util.concurrent.locks.LockSupport.park(LockSupport.java:226)
1788680692.752 10303 12740 12813 W MIUIScout App:     at java.util.concurrent.FutureTask.awaitDone(FutureTask.java:511)
1788680692.752 10303 12740 12813 W MIUIScout App:     at java.util.concurrent.FutureTask.get(FutureTask.java:192)
1788680692.752 10303 12740 12813 W MIUIScout App:     at com.unique.core.vam.VirtualPackageManagerHook.getArchiveSignatures(VirtualPackageManagerHook.kt:618)
1788680692.752 10303 12740 12813 W MIUIScout App:     at com.unique.core.vam.VirtualPackageManagerHook.buildPackageInfo(VirtualPackageManagerHook.kt:562)
1788680692.752 10303 12740 12813 W MIUIScout App:     at com.unique.core.vam.VirtualPackageManagerHook.shims$lambda$0$0(VirtualPackageManagerHook.kt:95)
1788680692.752 10303 12740 12813 W MIUIScout App:     at com.unique.core.vam.VirtualPackageManagerHook.$r8$lambda$VaQx1qJoT9-8oUq2THVBfpb87pQ(VirtualPackageManagerHook.kt:0)
1788680692.752 10303 12740 12813 W MIUIScout App:     at com.unique.core.vam.VirtualPackageManagerHook$$ExternalSyntheticLambda4.invoke(D8$$SyntheticClass:0)
1788680692.752 10303 12740 12813 W MIUIScout App:     at com.unique.core.common.shim.BoundShim.apply(MethodShim.kt:72)
1788680692.752 10303 12740 12813 W MIUIScout App:     at com.unique.core.common.shim.ShimRegistry.wrap$lambda$3(MethodShim.kt:289)
1788680692.752 10303 12740 12813 W MIUIScout App:     at com.unique.core.common.shim.ShimRegistry.$r8$lambda$LaP7nvmGPvW6xAPpbcA_cv-q1f0(MethodShim.kt:0)
1788680692.752 10303 12740 12813 W MIUIScout App:     at com.unique.core.common.shim.ShimRegistry$$ExternalSyntheticLambda1.invoke(D8$$SyntheticClass:0)
1788680692.752 10303 12740 12813 W MIUIScout App:     at java.lang.reflect.Proxy.invoke(Proxy.java:1009)
1788680692.752 10303 12740 12813 W MIUIScout App:     at $Proxy4.getPackageInfo(Unknown Source)
1788680692.752 10303 12740 12813 W MIUIScout App:     at android.content.pm.PackageManager.getPackageInfoAsUserUncached(PackageManager.java:11603)
1788680692.752 10303 12740 12813 W MIUIScout App:     at android.content.pm.PackageManager.-$$Nest$smgetPackageInfoAsUserUncached(PackageManager.java:0)
1788680692.752 10303 12740 12813 W MIUIScout App:     at android.content.pm.PackageManager$3.recompute(PackageManager.java:11616)
1788680692.752 10303 12740 12813 W MIUIScout App:     at android.content.pm.PackageManager$3.recompute(PackageManager.java:11613)
1788680692.752 10303 12740 12813 W MIUIScout App:     at android.app.PropertyInvalidatedCache.query(PropertyInvalidatedCache.java:934)
1788680692.752 10303 12740 12813 W MIUIScout App:     at android.content.pm.PackageManager.getPackageInfoAsUserCached(PackageManager.java:11630)
1788680692.752 10303 12740 12813 W MIUIScout App:     at android.app.ApplicationPackageManager.getPackageInfoAsUser(ApplicationPackageManager.java:271)
1788680692.752 10303 12740 12813 W MIUIScout App:     at android.app.ApplicationPackageManager.getPackageInfo(ApplicationPackageManager.java:236)
1788680692.752 10303 12740 12813 W MIUIScout App:     at android.app.ApplicationPackageManager.getPackageInfo(ApplicationPackageManager.java:230)
1788680692.752 10303 12740 12813 W MIUIScout App:     at cc.p3miss.App.signerSha(App.java:36)
1788680692.752 10303 12740 12813 W MIUIScout App:     at cc.p3miss.App.onCreate(App.java:80)
1788680692.752 10303 12740 12813 W MIUIScout App:     at android.app.Instrumentation.callApplicationOnCreate(Instrumentation.java:1392)
1788680692.752 10303 12740 12813 W MIUIScout App:     at java.lang.reflect.Method.invoke(Native Method)
1788680692.752 10303 12740 12813 W MIUIScout App:     at com.unique.core.vam.AppBootstrap.runApplicationOnCreate(AppBootstrap.kt:1297)
1788680692.752 10303 12740 12813 W MIUIScout App:     at com.unique.core.vam.AppBootstrap.graft(AppBootstrap.kt:590)
1788680692.752 10303 12740 12813 W MIUIScout App:     at com.unique.core.vam.AppBootstrap.bootstrap(AppBootstrap.kt:107)
1788680692.752 10303 12740 12813 W MIUIScout App:     at com.unique.core.vam.LaunchInterceptor.rewrite(LaunchInterceptor.kt:510)
1788680692.752 10303 12740 12813 W MIUIScout App:     at com.unique.core.vam.LaunchInterceptor.install$lambda$4(LaunchInterceptor.kt:118)
1788680692.752 10303 12740 12813 W MIUIScout App:     at com.unique.core.vam.LaunchInterceptor.$r8$lambda$0dAelSXAu4LsoTU-x_lFGXS1fWU(LaunchInterceptor.kt:0)
1788680692.752 10303 12740 12813 W MIUIScout App:     at com.unique.core.vam.LaunchInterceptor$$ExternalSyntheticLambda0.handleMessage(D8$$SyntheticClass:0)
1788680692.752 10303 12740 12813 W MIUIScout App:     at android.os.Handler.dispatchMessage(Handler.java:103)
1788680692.752 10303 12740 12813 W MIUIScout App:     at android.os.Looper.loopOnce(Looper.java:249)
1788680692.752 10303 12740 12813 W MIUIScout App:     at android.os.Looper.loop(Looper.java:337)
1788680692.752 10303 12740 12813 W MIUIScout App:     at android.app.ActivityThread.main(ActivityThread.java:9469)
1788680692.752 10303 12740 12813 W MIUIScout App:     at java.lang.reflect.Method.invoke(Native Method)
1788680692.752 10303 12740 12813 W MIUIScout App:     at com.android.internal.os.RuntimeInit$MethodAndArgsCaller.run(RuntimeInit.java:636)
1788680692.752 10303 12740 12813 W MIUIScout App:     at com.android.internal.os.ZygoteInit.main(ZygoteInit.java:1005)
1788680693.783 10303 12680 12722 W FirebaseInstanceId: Failed to find package android.content.pm.PackageManager$NameNotFoundException: com.google.android.gms
1788680693.990 10303 12740 12762 I Unique  : 2026-09-06 14:44:53.990 I LAUNCH u3 com.Chillow.CustomRise SIGNATURES_LOADED package=com.Chillow.CustomRise signers=1 hasSigningInfo=true
1788680693.995 10303 12740 12740 I UniqueNative: io_redirect: hooked 11 new slot(s) after loading /data/user/0/com.unique/files/virtual/apk/com.Chillow.CustomRise/1/lib/arm64-v8a/libp3miss.so (11 total)
1788680693.995 10303 12740 12740 D nativeloader: Load /data/user/0/com.unique/files/virtual/apk/com.Chillow.CustomRise/1/lib/arm64-v8a/libp3miss.so using class loader ns clns-8 (caller=/data/user/0/com.unique/files/virtual/apk/com.Chillow.CustomRise/1/base.apk!classes2.dex): ok
1788680693.998 10303 12740 12740 I Unique  : 2026-09-06 14:44:53.997 I STORAGE u3 com.Chillow.CustomRise EXTERNAL_VOLUME_REPOINTED path=/data/user/0/com.unique/files/virtual/users/3/sdcard fields=mPath,mInternalPath
1788680694.001 10303 12740 12740 I UniqueNative: redirect table set: 8 rule(s)
1788680694.003 10303 12740 12740 I Unique  : 2026-09-06 14:44:54.002 I NATIVE u3 com.Chillow.CustomRise IO_REDIRECT_INSTALLED status=NOTHING_TO_HOOK watch=OK rules=8 slots=11 scope=/data/user/0/com.unique/files/virtual/apk/com.Chillow.CustomRise/1/lib/arm64-v8a,/data/data/com.unique/files/virtual/apk/com.Chillow.CustomRise/1/lib/arm64-v8a,/data/user/0/com.unique/files/virtual/ap
1788680694.005 10303 12740 12740 I Unique  : 2026-09-06 14:44:54.003 I LAUNCH u3 com.Chillow.CustomRise BOOTSTRAP_OK package=com.Chillow.CustomRise vuid=3 slot=3 applicationClass=cc.p3miss.App dataDir=/data/user/0/com.unique/files/virtual/users/3/data/com.Chillow.CustomRise sourceDir=/data/user/0/com.unique/files/virtual/apk/com.Chillow.CustomRise/1/base.apk nativeLibraryDir=/data/user/0/com.unique/files/virtual/apk/com.Chillow.CustomRise/1/lib/arm64-v8a targetSdk=36 observedPackageName=com.Chillow.CustomRise observedFilesDir=/data/user/0/com.unique/files/virtual/users/3/data/com.Chillow.CustomRise/files millis=6249
1788680694.007 10303 12740 12740 I Unique  : 2026-09-06 14:44:54.006 I LAUNCH u3 com.Chillow.CustomRise TRANSACTION_REWRITTEN package=com.Chillow.CustomRise activity=com.google.android.games.VkQualityTest.VkQualityTestActivity vuid=3 item=LaunchActivityItem theme=2131755285
1788680694.009 10303  9702  9711 I Unique  : 2026-09-06 14:44:54.009 I PROCESS PROVIDER_SLOT_READY slot=3 vuid=3 pid=12740
1788680694.023 10303 12740 12773 W GooglePlayServicesUtil: com.Chillow.CustomRise requires Google Play services, but they are missing.
1788680694.025 10303 12740 12773 I Unique  : 2026-09-06 14:44:54.024 I PROCESS u3 com.Chillow.CustomRise SERVICE_STUB_RESERVED slot=3 stub=0 service=com.google.android.gms.measurement.AppMeasurementService vuid=3
1788680694.026 10303 12740 12773 D Unique  : 2026-09-06 14:44:54.026 D PROCESS u3 com.Chillow.CustomRise SERVICE_INTENT_ROUTED service=com.google.android.gms.measurement.AppMeasurementService stub=com.unique.stub.ServiceStub_p3_s0 action=com.google.android.gms.measurement.START
1788680694.027 10303 12740 12773 D Unique  : 2026-09-06 14:44:54.027 D PROCESS u3 com.Chillow.CustomRise SERVICE_CONNECTION_WRAPPED connection=com.google.android.gms.measurement.internal.pb
1788680694.036 10303 12740 12771 E FeatureFlagsImplExport: android.os.flagging.AconfigStorageReadException: ERROR_PACKAGE_NOT_FOUND: package com.android.libcore cannot be found on the device
1788680694.144 10303 12740 12740 I Unique  : 2026-09-06 14:44:54.143 I LAUNCH u3 com.Chillow.CustomRise ACTIVITY_ORIENTATION_APPLIED activity=com.google.android.games.VkQualityTest.VkQualityTestActivity orientation=11 applied=true
1788680694.147 10303 12740 12740 I UniqueNative: io_redirect: hooked 1 new slot(s) after loading /data/user/0/com.unique/files/virtual/apk/com.Chillow.CustomRise/1/lib/arm64-v8a/libvkquality.so (12 total)
1788680694.147 10303 12740 12740 D nativeloader: Load /data/user/0/com.unique/files/virtual/apk/com.Chillow.CustomRise/1/lib/arm64-v8a/libvkquality.so using class loader ns clns-8 (caller=/data/user/0/com.unique/files/virtual/apk/com.Chillow.CustomRise/1/base.apk): ok
1788680694.180 10303 12740 12740 W libc    : Access denied finding property "persist.vendor.camera.IsVariableApertureSupported"
1788680694.182 10303 12740 12740 W libc    : Access denied finding property "persist.vendor.camera.IsStreetModeSupported"
1788680694.184 10303 12740 12773 I FA      : Tag Manager is not found and thus will not be used
1788680694.185 10303 12740 12773 W GooglePlayServicesUtil: Google Play services is missing.
1788680694.216 10303 12740 12740 D nativeloader: Load /data/user/0/com.unique/files/virtual/apk/com.Chillow.CustomRise/1/lib/arm64-v8a/libmain.so using class loader ns clns-8 (caller=/data/user/0/com.unique/files/virtual/apk/com.Chillow.CustomRise/1/base.apk): ok
1788680694.380 10303 12740 12740 W WindowOnBackDispatcher: OnBackInvokedCallback is not enabled for the application.
1788680694.380 10303 12740 12740 W WindowOnBackDispatcher: Set 'android:enableOnBackInvokedCallback="true"' in the application manifest.
1788680694.400 10303 12740 12740 W libc    : Access denied finding property "ro.vendor.df.effect.conflict"
1788680694.425 10303 12740 12740 D nativeloader: Load libpowerhalwrap_jni.so using system ns (caller=/system_ext/framework/mediatek-framework.jar): ok
1788680694.477 10303 12740 12740 W libc    : Access denied finding property "ro.vendor.perf.scroll_opt"
1788680694.548 10303 12740 12740 D Unique  : 2026-09-06 14:44:54.546 D LAUNCH u3 com.Chillow.CustomRise CALLBACK_ALIVE what=159 obj=android.app.servertransaction.ClientTransaction
1788680694.550 10303 12740 12740 D Unique  : 2026-09-06 14:44:54.548 D LAUNCH u3 com.Chillow.CustomRise NO_LAUNCH_ITEM transaction=android.app.servertransaction.ClientTransaction shape=CREATOR: mActivityCallbacks:[TopResumedActivityChangeItem] mActivityToken:BinderProxy mClient:null mLifecycleStateRequest:null mTransactionItems:[TopResumedActivityChangeItem] seen=2
1788680694.635 10303 12740 12862 E om.unique:vapp3: setpriority success to 100 : mali-cmar-backend
1788680694.674 10303 12740 12740 I Unique  : 2026-09-06 14:44:54.673 I STORAGE u3 com.Chillow.CustomRise EXTERNAL_VOLUME_REPOINTED path=/data/user/0/com.unique/files/virtual/users/3/sdcard fields=mPath,mInternalPath
1788680694.961 10303 12740 12849 E LB      : fail to open file: No such file or directory
1788680694.961 10303 12740 12849 E LB      : fail to open node: No such file or directory
1788680694.961 10303 12740 12849 E LB      : fail to open node: No such file or directory
1788680694.968 10303 12740 12740 D Unique  : 2026-09-06 14:44:54.968 D LAUNCH u3 com.Chillow.CustomRise CALLBACK_ALIVE what=149 obj=android.os.BinderProxy
1788680694.969 10303 12740 12740 D Unique  : 2026-09-06 14:44:54.968 D LAUNCH u3 com.Chillow.CustomRise NO_LAUNCH_ITEM transaction=android.app.servertransaction.ClientTransaction shape=CREATOR: mActivityCallbacks:[ConfigurationChangeItem] mActivityToken:null mClient:null mLifecycleStateRequest:null mTransactionItems:[ConfigurationChangeItem] seen=3
1788680694.971 10303 12740 12740 D Unique  : 2026-09-06 14:44:54.970 D LAUNCH u3 com.Chillow.CustomRise NO_LAUNCH_ITEM transaction=android.app.servertransaction.ClientTransaction shape=CREATOR: mActivityCallbacks:[ActivityConfigurationChangeItem] mActivityToken:BinderProxy mClient:null mLifecycleStateRequest:null mTransactionItems:[ActivityConfigurationChangeItem] seen=4
1788680694.973 10303 12740 12740 I Unique  : 2026-09-06 14:44:54.972 I PROCESS u3 com.Chillow.CustomRise CREATE_SERVICE_REWRITTEN stub=com.unique.stub.ServiceStub_p3_s0 service=com.google.android.gms.measurement.AppMeasurementService
1788680694.974 10303 12740 12740 V FA      : AppMeasurementService is starting up.
1788680694.975 10303 12740 12740 D Unique  : 2026-09-06 14:44:54.974 D PROCESS u3 com.Chillow.CustomRise SERVICE_INTENT_ROUTED service=com.google.android.gms.measurement.AppMeasurementService stub=com.unique.stub.ServiceStub_p3_s0 action=com.google.android.gms.measurement.START
1788680694.981 10303 12740 12773 W Unique  : 2026-09-06 14:44:54.978 W LAUNCH u3 com.Chillow.CustomRise PENDING_INTENT_RECEIVER_UNSUPPORTED receiver=com.google.android.gms.measurement.AppMeasurementReceiver package=com.Chillow.CustomRise
1788680694.986 10303 12740 12740 D Unique  : 2026-09-06 14:44:54.984 D LAUNCH u3 com.Chillow.CustomRise NO_LAUNCH_ITEM transaction=android.app.servertransaction.ClientTransaction shape=CREATOR: mActivityCallbacks:[WindowStateInsetsControlChangeItem] mActivityToken:null mClient:null mLifecycleStateRequest:null mTransactionItems:[WindowStateInsetsControlChangeItem] seen=5
1788680694.991 10303 12740 12740 D Unique  : 2026-09-06 14:44:54.990 D LAUNCH u3 com.Chillow.CustomRise NO_LAUNCH_ITEM transaction=android.app.servertransaction.ClientTransaction shape=CREATOR: mActivityCallbacks:[WindowStateResizeItem] mActivityToken:null mClient:null mLifecycleStateRequest:null mTransactionItems:[WindowStateResizeItem] seen=6
1788680694.996 10303 12740 12740 D Unique  : 2026-09-06 14:44:54.995 D PROCESS u3 com.Chillow.CustomRise SERVICE_CONNECTION_RENAMED stub=com.unique.stub.ServiceStub_p3_s0 service=com.google.android.gms.measurement.AppMeasurementService
1788680695.059 10303 12740 12849 W RenderInspector: DequeueBuffer time out on com.Chillow.CustomRise/com.google.android.games.VkQualityTest.VkQualityTestActivity, count=1, avg=63 ms, max=63 ms.
1788680695.079 10303 12740 12847 I Unity   : MemoryManager: Using 'Dynamic Heap' Allocator.
1788680695.097 10303 12740 12740 D Unique  : 2026-09-06 14:44:55.095 D LAUNCH u3 com.Chillow.CustomRise NO_LAUNCH_ITEM transaction=android.app.servertransaction.ClientTransaction shape=CREATOR: mActivityCallbacks:[WindowStateInsetsControlChangeItem] mActivityToken:null mClient:null mLifecycleStateRequest:null mTransactionItems:[WindowStateInsetsControlChangeItem] seen=7
1788680695.098 10303 12740 12847 I Unique  : 2026-09-06 14:44:55.097 I STORAGE u3 com.Chillow.CustomRise EXTERNAL_VOLUME_REPOINTED path=/data/user/0/com.unique/files/virtual/users/3/sdcard fields=mPath,mInternalPath
1788680695.100 10303 12740 12847 I Unique  : 2026-09-06 14:44:55.100 I STORAGE u3 com.Chillow.CustomRise EXTERNAL_VOLUME_REPOINTED path=/data/user/0/com.unique/files/virtual/users/3/sdcard fields=mPath,mInternalPath
1788680695.102 10303 12740 12847 I Unique  : 2026-09-06 14:44:55.101 I STORAGE u3 com.Chillow.CustomRise EXTERNAL_VOLUME_REPOINTED path=/data/user/0/com.unique/files/virtual/users/3/sdcard fields=mPath,mInternalPath
1788680695.119 10303 12740 12847 I Unique  : 2026-09-06 14:44:55.118 I STORAGE u3 com.Chillow.CustomRise EXTERNAL_VOLUME_REPOINTED path=/data/user/0/com.unique/files/virtual/users/3/sdcard fields=mPath,mInternalPath
1788680695.121 10303 12740 12847 I Unity   : SystemInfo CPU = ARM64 FP ASIMD AES, Cores = 8, Memory = 7707mb
1788680695.121 10303 12740 12847 I Unity   : SystemInfo ARM big.LITTLE configuration: 2 big (mask: 0xc0), 6 little (mask: 0x3f)
1788680695.121 10303 12740 12847 I Unity   : ApplicationInfo com.Chillow.CustomRise version 2.06
1788680695.121 10303 12740 12847 I Unity   : Built from '2022.3/respin/2022.3.62f2-4af31df585-v2' branch, Version '2022.3.62f2 (7670c08855a9)', Build type 'Release', Scripting Backend 'il2cpp', CPU 'arm64-v8a', Stripping 'Enabled'
1788680695.222 10303 12740 12773 W Unique  : 2026-09-06 14:44:55.221 W LAUNCH u3 com.Chillow.CustomRise PENDING_INTENT_RECEIVER_UNSUPPORTED receiver=com.google.android.gms.measurement.AppMeasurementReceiver package=com.Chillow.CustomRise
1788680695.231 10303 12740 12773 W GooglePlayServicesUtil: com.Chillow.CustomRise requires Google Play services, but they are missing.
1788680695.242 10303 12740 12773 D Unique  : 2026-09-06 14:44:55.241 D PROCESS u3 com.Chillow.CustomRise SERVICE_CONNECTION_WRAPPED connection=com.google.android.gms.measurement.internal.f6
1788680695.265 10303  9702  9711 W Unique  : 2026-09-06 14:44:55.264 W PROCESS PROVIDER_ROUTE_UNKNOWN vuid=3 authority=[redacted]
1788680695.322 10303 12740 12773 W Unique  : 2026-09-06 14:44:55.320 W LAUNCH u3 com.Chillow.CustomRise PENDING_INTENT_RECEIVER_UNSUPPORTED receiver=com.google.android.gms.measurement.AppMeasurementReceiver package=com.Chillow.CustomRise
1788680695.325 10303 12740 12773 W JobInfo : Job 'com.Chillow.CustomRise/com.google.android.gms.measurement.AppMeasurementJobService#-206253179' has a deadline with no functional constraints. The deadline won't improve job execution latency. Consider removing the deadline.
1788680695.334 10303 12740 12773 I Unique  : 2026-09-06 14:44:55.332 I PROCESS u3 com.Chillow.CustomRise JOB_SCHEDULED service=com.google.android.gms.measurement.AppMeasurementJobService virtualJobId=-206253179 hostJobId=3462021 stub=com.unique.stub.JobStub_p3
1788680695.352 10303 12740 12874 W InteractionJankMonitor: Initializing without READ_DEVICE_CONFIG permission. enabled=false, interval=1, missedFrameThreshold=3, frameTimeThreshold=64, package=com.Chillow.CustomRise
1788680695.397 10303 12740 12773 W Unique  : 2026-09-06 14:44:55.396 W LAUNCH u3 com.Chillow.CustomRise PENDING_INTENT_RECEIVER_UNSUPPORTED receiver=com.google.android.gms.measurement.AppMeasurementReceiver package=com.Chillow.CustomRise
1788680695.407 10303 12740 12773 W JobInfo : Job 'com.Chillow.CustomRise/com.google.android.gms.measurement.AppMeasurementJobService#-206253179' has a deadline with no functional constraints. The deadline won't improve job execution latency. Consider removing the deadline.
1788680695.411 10303 12740 12773 I Unique  : 2026-09-06 14:44:55.409 I PROCESS u3 com.Chillow.CustomRise JOB_SCHEDULED service=com.google.android.gms.measurement.AppMeasurementJobService virtualJobId=-206253179 hostJobId=3462021 stub=com.unique.stub.JobStub_p3
1788680695.423 10303 12740 12773 W Unique  : 2026-09-06 14:44:55.423 W LAUNCH u3 com.Chillow.CustomRise PENDING_INTENT_RECEIVER_UNSUPPORTED receiver=com.google.android.gms.measurement.AppMeasurementReceiver package=com.Chillow.CustomRise
1788680695.432 10303 12740 12773 W JobInfo : Job 'com.Chillow.CustomRise/com.google.android.gms.measurement.AppMeasurementJobService#-206253179' has a deadline with no functional constraints. The deadline won't improve job execution latency. Consider removing the deadline.
1788680695.434 10303 12740 12773 I Unique  : 2026-09-06 14:44:55.433 I PROCESS u3 com.Chillow.CustomRise JOB_SCHEDULED service=com.google.android.gms.measurement.AppMeasurementJobService virtualJobId=-206253179 hostJobId=3462021 stub=com.unique.stub.JobStub_p3
1788680695.444 10303 12740 12773 W FA      : Callable skipped the worker queue.
1788680695.470 10303 12740 12773 E FA      : Task exception on worker thread: java.lang.IllegalStateException: Unexpected call on client side: com.google.android.gms.measurement.internal.w6.q(SourceFile:4)
1788680695.727 10303 12680 12736 W Unique  : 2026-09-06 14:44:55.723 W LAUNCH u2 com.gordey.standarling PENDING_INTENT_RECEIVER_UNSUPPORTED receiver=com.google.android.gms.measurement.AppMeasurementReceiver package=com.gordey.standarling
1788680695.730 10303 12680 12736 W JobInfo : Job 'com.gordey.standarling/com.google.android.gms.measurement.AppMeasurementJobService#-1081621338' has a deadline with no functional constraints. The deadline won't improve job execution latency. Consider removing the deadline.
1788680695.734 10303 12680 12736 I Unique  : 2026-09-06 14:44:55.732 I PROCESS u2 com.gordey.standarling JOB_SCHEDULED service=com.google.android.gms.measurement.AppMeasurementJobService virtualJobId=-1081621338 hostJobId=2606246 stub=com.unique.stub.JobStub_p2
1788680695.743 10303 12680 12736 W Unique  : 2026-09-06 14:44:55.742 W LAUNCH u2 com.gordey.standarling PENDING_INTENT_RECEIVER_UNSUPPORTED receiver=com.google.android.gms.measurement.AppMeasurementReceiver package=com.gordey.standarling
1788680696.869 10303 12680 12680 D Unique  : 2026-09-06 14:44:56.867 D PROCESS u2 com.gordey.standarling SERVICE_INTENT_ROUTED service=com.google.android.gms.measurement.AppMeasurementService stub=com.unique.stub.ServiceStub_p2_s0 action=com.google.android.gms.measurement.START
1788680696.873 10303 12680 12680 D Unique  : 2026-09-06 14:44:56.871 D LAUNCH u2 com.gordey.standarling NO_LAUNCH_ITEM transaction=android.app.servertransaction.ClientTransaction shape=CREATOR: mActivityCallbacks:[ConfigurationChangeItem] mActivityToken:null mClient:null mLifecycleStateRequest:null mTransactionItems:[ConfigurationChangeItem] seen=1
1788680697.000 10303 12740 12847 D nativeloader: Load liblibaudioplugin_phonon.so using class loader ns clns-8 (caller=/data/user/0/com.unique/files/virtual/apk/com.Chillow.CustomRise/1/base.apk): dlopen failed: library "liblibaudioplugin_phonon.so" not found
1788680697.010 10303 12740 12847 I UniqueNative: io_redirect: hooked 24 new slot(s) after loading /data/user/0/com.unique/files/virtual/apk/com.Chillow.CustomRise/1/lib/arm64-v8a/libaudioplugin_phonon.so (36 total)
1788680697.010 10303 12740 12847 D nativeloader: Load /data/user/0/com.unique/files/virtual/apk/com.Chillow.CustomRise/1/lib/arm64-v8a/libaudioplugin_phonon.so using class loader ns clns-8 (caller=/data/user/0/com.unique/files/virtual/apk/com.Chillow.CustomRise/1/base.apk): ok
1788680697.011 10303 12740 12847 I Unity   : Company Name: Chillow
1788680697.011 10303 12740 12847 I Unity   : Product Name: StandChillow
1788680697.027 10303 12740 12925 E om.unique:vapp3: setpriority success to 100 : mali-cmar-backend
1788680697.040 10303 12740 12847 I Unique  : 2026-09-06 14:44:57.040 I STORAGE u3 com.Chillow.CustomRise EXTERNAL_VOLUME_REPOINTED path=/data/user/0/com.unique/files/virtual/users/3/sdcard fields=mPath,mInternalPath
1788680697.042 10303 12740 12847 I Unique  : 2026-09-06 14:44:57.041 I STORAGE u3 com.Chillow.CustomRise EXTERNAL_VOLUME_REPOINTED path=/data/user/0/com.unique/files/virtual/users/3/sdcard fields=mPath,mInternalPath
1788680697.043 10303 12740 12847 I Unique  : 2026-09-06 14:44:57.042 I STORAGE u3 com.Chillow.CustomRise EXTERNAL_VOLUME_REPOINTED path=/data/user/0/com.unique/files/virtual/users/3/sdcard fields=mPath,mInternalPath
1788680697.050 10303 12740 12847 E om.unique:vapp3: checkIfsupportxIntfps do not binder to joyose
1788680697.079 10303 12740 12740 W MirrorManager: this model don't Support
1788680697.083 10303 12740 12740 I Unique  : 2026-09-06 14:44:57.082 I LAUNCH u3 com.Chillow.CustomRise ACTIVITY_IMPLICIT_LEFT_GUEST action=android.intent.action.VIEW data=https package=com.Chillow.CustomRise handledByHost=com.exteragram.messenger,nu.gpu.nagram,org.telegram.messenger,com.android.chrome detail=no activity of the guest matches; the host's own apps answer this intent, with the host's data
1788680697.171 10303 12740 12740 D Unique  : 2026-09-06 14:44:57.169 D LAUNCH u3 com.Chillow.CustomRise NO_LAUNCH_ITEM transaction=android.app.servertransaction.ClientTransaction shape=CREATOR: mActivityCallbacks:[TopResumedActivityChangeItem] mActivityToken:BinderProxy mClient:null mLifecycleStateRequest:PauseActivityItem mTransactionItems:[TopResumedActivityChangeItem|PauseActivityItem] seen=8
1788680697.191 10303 12740 12773 W Unique  : 2026-09-06 14:44:57.190 W LAUNCH u3 com.Chillow.CustomRise PENDING_INTENT_RECEIVER_UNSUPPORTED receiver=com.google.android.gms.measurement.AppMeasurementReceiver package=com.Chillow.CustomRise
1788680697.198 10303 12740 12773 W JobInfo : Job 'com.Chillow.CustomRise/com.google.android.gms.measurement.AppMeasurementJobService#-206253179' has a deadline with no functional constraints. The deadline won't improve job execution latency. Consider removing the deadline.
1788680697.199 10303 12740 12773 I Unique  : 2026-09-06 14:44:57.199 I PROCESS u3 com.Chillow.CustomRise JOB_SCHEDULED service=com.google.android.gms.measurement.AppMeasurementJobService virtualJobId=-206253179 hostJobId=3462021 stub=com.unique.stub.JobStub_p3
1788680699.029 10303 12740 12847 D nativeloader: Load /data/user/0/com.unique/files/virtual/apk/com.Chillow.CustomRise/1/lib/arm64-v8a/lib_burst_generated.so using class loader ns clns-8 (caller=/data/user/0/com.unique/files/virtual/apk/com.Chillow.CustomRise/1/base.apk): ok
1788680699.033 10303 12740 12847 D nativeloader: Load liblib_burst_0_0.so using class loader ns clns-8 (caller=/data/user/0/com.unique/files/virtual/apk/com.Chillow.CustomRise/1/base.apk): dlopen failed: library "liblib_burst_0_0.so" not found
1788680699.034 10303 12740 12847 D nativeloader: Load lib_burst_0_0.so using class loader ns clns-8 (caller=/data/user/0/com.unique/files/virtual/apk/com.Chillow.CustomRise/1/base.apk): dlopen failed: library "lib_burst_0_0.so" not found
1788680699.135 10303 12740 12740 W Activity: PerfMonitor: Slow Operation: Activity com.Chillow.CustomRise/com.google.android.games.VkQualityTest.VkQualityTestActivity onPause took 1963ms
1788680699.141 10303 12740 12740 D Unique  : 2026-09-06 14:44:59.140 D LAUNCH u3 com.Chillow.CustomRise NO_LAUNCH_ITEM transaction=android.app.servertransaction.ClientTransaction shape=CREATOR: mActivityCallbacks:[WindowStateInsetsControlChangeItem] mActivityToken:null mClient:null mLifecycleStateRequest:null mTransactionItems:[WindowStateInsetsControlChangeItem] seen=9
1788680699.141 10303 12740 12849 E om.unique:vapp3: DynamicFPS DF open fail: No such file or directory
1788680699.143 10303 12740 12740 D Unique  : 2026-09-06 14:44:59.142 D LAUNCH u3 com.Chillow.CustomRise NO_LAUNCH_ITEM transaction=android.app.servertransaction.ClientTransaction shape=CREATOR: mActivityCallbacks:[WindowStateInsetsControlChangeItem] mActivityToken:null mClient:null mLifecycleStateRequest:null mTransactionItems:[WindowStateInsetsControlChangeItem] seen=10
1788680699.145 10303 12740 12740 D Unique  : 2026-09-06 14:44:59.144 D LAUNCH u3 com.Chillow.CustomRise NO_LAUNCH_ITEM transaction=android.app.servertransaction.ClientTransaction shape=CREATOR: mActivityCallbacks:[WindowStateResizeItem] mActivityToken:null mClient:null mLifecycleStateRequest:null mTransactionItems:[WindowStateResizeItem] seen=11
1788680699.204 10303 12740 12773 I FA      : Application backgrounded at: timestamp_millis: 1788680697203
1788680699.399 10303 12740 12740 D Unique  : 2026-09-06 14:44:59.397 D LAUNCH u3 com.Chillow.CustomRise NO_LAUNCH_ITEM transaction=android.app.servertransaction.ClientTransaction shape=CREATOR: mActivityCallbacks:[WindowStateInsetsControlChangeItem] mActivityToken:null mClient:null mLifecycleStateRequest:null mTransactionItems:[WindowStateInsetsControlChangeItem] seen=12
1788680699.406 10303 12740 12740 D Unique  : 2026-09-06 14:44:59.405 D LAUNCH u3 com.Chillow.CustomRise NO_LAUNCH_ITEM transaction=android.app.servertransaction.ClientTransaction shape=CREATOR: mActivityCallbacks:[WindowStateResizeItem] mActivityToken:null mClient:null mLifecycleStateRequest:null mTransactionItems:[WindowStateResizeItem] seen=13
1788680699.426 10303 12740 12740 W WindowOnBackDispatcher: OnBackInvokedCallback is not enabled for the application.
1788680699.426 10303 12740 12740 W WindowOnBackDispatcher: Set 'android:enableOnBackInvokedCallback="true"' in the application manifest.
1788680699.464 10303 12740 12847 E om.unique:vapp3: checkIfsupportxIntfps do not binder to joyose
1788680699.842 10303 12740 12740 I Unique  : 2026-09-06 14:44:59.841 I LAUNCH u3 com.Chillow.CustomRise ACTIVITY_IMPLICIT_LEFT_GUEST action=android.intent.action.VIEW data=https package=com.Chillow.CustomRise handledByHost=com.exteragram.messenger,nu.gpu.nagram,org.telegram.messenger,com.android.chrome detail=no activity of the guest matches; the host's own apps answer this intent, with the host's data
1788680699.970 10303 12740 12849 E om.unique:vapp3: FrameInsert open fail: No such file or directory
1788680700.167 10303 12680 12723 E FirebaseInstanceId: Topic sync or token retrieval failed on hard failure exceptions: FIS_AUTH_ERROR. Won't retry the operation.
1788680701.016 10303 12740 12740 W WindowOnBackDispatcher: OnBackInvokedCallback is not enabled for the application.
1788680701.016 10303 12740 12740 W WindowOnBackDispatcher: Set 'android:enableOnBackInvokedCallback="true"' in the application manifest.
1788680701.320 10303 12740 12740 I Unique  : 2026-09-06 14:45:01.319 I LAUNCH u3 com.Chillow.CustomRise ACTIVITY_IMPLICIT_LEFT_GUEST action=android.intent.action.VIEW data=https package=com.Chillow.CustomRise handledByHost=com.exteragram.messenger,nu.gpu.nagram,org.telegram.messenger,com.android.chrome detail=no activity of the guest matches; the host's own apps answer this intent, with the host's data
1788680702.433 10303 12740 12740 W WindowOnBackDispatcher: OnBackInvokedCallback is not enabled for the application.
1788680702.433 10303 12740 12740 W WindowOnBackDispatcher: Set 'android:enableOnBackInvokedCallback="true"' in the application manifest.
1788680702.683 10303 12740 12847 I UniqueNative: io_redirect: hooked 1 new slot(s) after loading /data/user/0/com.unique/files/virtual/apk/com.Chillow.CustomRise/1/lib/arm64-v8a/libphonon.so (37 total)
1788680702.683 10303 12740 12847 D nativeloader: Load /data/user/0/com.unique/files/virtual/apk/com.Chillow.CustomRise/1/lib/arm64-v8a/libphonon.so using class loader ns clns-8 (caller=/data/user/0/com.unique/files/virtual/apk/com.Chillow.CustomRise/1/base.apk): ok
1788680702.716 10303 12740 12847 E Unity   : Audio system is disabled, so AudioSettings.outputSampleRate cannot be queried. Please check the audio project settings.
1788680702.716 10303 12740 12847 E Unity   : euv:bkfu()
1788680702.716 10303 12740 12847 E Unity   : SteamAudio.SteamAudioManager:bkla(euh)
1788680702.716 10303 12740 12847 E Unity   : [ line 1649669960]
1788680702.716 10303 12740 12847 E Unity   : Audio system is disabled, so AudioSettings.GetDSPBufferSize cannot be called. Please check the audio project settings.
1788680702.716 10303 12740 12847 E Unity   : euv:bkfu()
1788680702.716 10303 12740 12847 E Unity   : SteamAudio.SteamAudioManager:bkla(euh)
1788680702.716 10303 12740 12847 E Unity   : [ line 1649669944]
1788680702.719 10303 12740 12847 E Unity   : Unable to load HRTF: default. [Failure]
1788680702.719 10303 12740 12847 E Unity   : erd:.ctor(erb, AudioSettings, String, Byte[], Single, erv)
1788680702.719 10303 12740 12847 E Unity   : SteamAudio.SteamAudioManager:bkla(euh)
1788680702.734 10303 12740 12847 E Unity   : ERROR: Unable to create PFFFT setup (size == 0).
1788680702.734 10303 12740 12847 E Unity   : euf:iplSimulatorCreate(IntPtr, etw&, IntPtr&)
1788680702.734 10303 12740 12847 E Unity   : erk:.ctor(erb, etw)
1788680702.734 10303 12740 12847 E Unity   : SteamAudio.SteamAudioManager:bkla(euh)
1788680702.737 10303 12740 12847 E Unity   : Exception: Unable to create simulator. [Initialization]
1788680702.737 10303 12740 12847 E Unity   :   at erk..ctor (erb a, etw b) [0x00000] in <00000000000000000000000000000000>:0
1788680702.737 10303 12740 12847 E Unity   :   at SteamAudio.SteamAudioManager.bkla (euh a) [0x00000] in <00000000000000000000000000000000>:0
1788680702.752 10303 12740 12847 D Unique  : 2026-09-06 14:45:02.752 D PROCESS u3 com.Chillow.CustomRise SETTING_ANSWERED setting=ANDROID_ID value=81769e56d369dd15
1788680702.908 10303 12740 12944 W Unity   : The referenced script (Unknown) on this Behaviour is missing!
1788680702.919 10303 12740 12944 W Unity   : The referenced script on this Behaviour (Game Object 'BoltManager') is missing!
1788680703.434 10303 12740 12847 I UniqueNative: io_redirect: hooked 1 new slot(s) after loading /data/user/0/com.unique/files/virtual/apk/com.Chillow.CustomRise/1/lib/arm64-v8a/libfmod.so (38 total)
1788680703.434 10303 12740 12847 D nativeloader: Load /data/user/0/com.unique/files/virtual/apk/com.Chillow.CustomRise/1/lib/arm64-v8a/libfmod.so using class loader ns clns-8 (caller=/data/user/0/com.unique/files/virtual/apk/com.Chillow.CustomRise/1/base.apk): ok
1788680703.449 10303 12740 12847 I UniqueNative: io_redirect: hooked 1 new slot(s) after loading /data/user/0/com.unique/files/virtual/apk/com.Chillow.CustomRise/1/lib/arm64-v8a/libfmodstudio.so (39 total)
1788680703.449 10303 12740 12847 D nativeloader: Load /data/user/0/com.unique/files/virtual/apk/com.Chillow.CustomRise/1/lib/arm64-v8a/libfmodstudio.so using class loader ns clns-8 (caller=/data/user/0/com.unique/files/virtual/apk/com.Chillow.CustomRise/1/base.apk): ok
1788680703.566 10303 12740 12847 D AudioStreamTrack: open(), request notificationFrames = 0, frameCount = 0
1788680703.567 10303 12740 12847 D AudioTrack: INSP: type=audio,case=1,set=0xb400007c0b282090,stream_type=-1,sample_rate=0,format=0x5,channel_mask=0x3,frame_count=0,flags=0x104,notification_frames=0,session_id=0,transfer_type=3,uid=-1,pid=-1
1788680703.567 10303 12740 12847 D AudioTrack: INSP: type=audio,case=1,attributes=1,content_type=2,usage=14,source=0,flags=0x100
1788680703.581 10303 12740 12847 D AudioTrack: set: mPowerTrackStatus=0
1788680703.581 10303 12740 12847 W AudioTrack: createTrack_l(0): AUDIO_OUTPUT_FLAG_FAST denied by client, not shared buffer and transfer = TRANSFER_SYNC
1788680703.597 10303 12740 12847 D AudioTrack: createTrack_l(434): 0xb400007c0b282090, mCblk = 0x7dd1cef000, mLatency = 84, mAfLatency = 42, frameCount = 2052, mSampleRate = 48000, mFlags = 0, mReqFrameCount = 2052, mNotificationFramesAct = 1026
1788680703.597 10303 12740 12847 D AudioTrack: setVolume(434): 0xb400007c0b282090, left = 1.000000, right = 1.000000
1788680703.598 10303 12740 12847 D AudioStreamTrack: open() flags changed from 0x00000104 to 0x00000000
1788680703.598 10303 12740 12847 D AudioStreamTrack: open() perfMode changed from 12 to 10
1788680703.612 10303 12740 12847 D AudioTrack: stop(434): 0xb400007c0b282090, prior state:STATE_STOPPED packageName:
1788680703.612 10303 12740 12847 D AudioTrack: ~AudioTrack(434): 0xb400007c0b282090
1788680703.612 10303 12740 12847 D AudioTrack: stop(434): 0xb400007c0b282090, prior state:STATE_STOPPED packageName:
1788680703.865 10303 12740 12847 D AudioStreamTrack: open(), request notificationFrames = 0, frameCount = 0
1788680703.865 10303 12740 12847 D AudioTrack: INSP: type=audio,case=1,set=0xb400007c0b282090,stream_type=-1,sample_rate=0,format=0x5,channel_mask=0x3,frame_count=0,flags=0x104,notification_frames=0,session_id=0,transfer_type=3,uid=-1,pid=-1
1788680703.865 10303 12740 12847 D AudioTrack: INSP: type=audio,case=1,attributes=1,content_type=2,usage=14,source=0,flags=0x100
1788680703.868 10303 12740 12847 D AudioTrack: set: mPowerTrackStatus=0
1788680703.869 10303 12740 12847 W AudioTrack: createTrack_l(0): AUDIO_OUTPUT_FLAG_FAST denied by client, not shared buffer and transfer = TRANSFER_SYNC
1788680703.877 10303 12740 12847 D AudioTrack: createTrack_l(438): 0xb400007c0b282090, mCblk = 0x7dd1cef000, mLatency = 84, mAfLatency = 42, frameCount = 2052, mSampleRate = 48000, mFlags = 0, mReqFrameCount = 2052, mNotificationFramesAct = 1026
1788680703.877 10303 12740 12847 D AudioTrack: setVolume(438): 0xb400007c0b282090, left = 1.000000, right = 1.000000
1788680703.881 10303 12740 12847 D AudioStreamTrack: open() flags changed from 0x00000104 to 0x00000000
1788680703.881 10303 12740 12847 D AudioStreamTrack: open() perfMode changed from 12 to 10
1788680703.892 10303 12740 12847 D AudioTrack: stop(438): 0xb400007c0b282090, prior state:STATE_STOPPED packageName:
1788680703.892 10303 12740 12847 D AudioTrack: ~AudioTrack(438): 0xb400007c0b282090
1788680703.892 10303 12740 12847 D AudioTrack: stop(438): 0xb400007c0b282090, prior state:STATE_STOPPED packageName:
1788680703.914 10303 12740 12847 D AudioStreamTrack: open(), request notificationFrames = 0, frameCount = 0
1788680703.914 10303 12740 12847 D AudioTrack: INSP: type=audio,case=1,set=0xb400007c0b282090,stream_type=-1,sample_rate=0,format=0x5,channel_mask=0x3,frame_count=0,flags=0x104,notification_frames=0,session_id=0,transfer_type=3,uid=-1,pid=-1
1788680703.914 10303 12740 12847 D AudioTrack: INSP: type=audio,case=1,attributes=1,content_type=2,usage=14,source=0,flags=0x100
1788680703.916 10303 12740 12847 D AudioTrack: set: mPowerTrackStatus=0
1788680703.916 10303 12740 12847 W AudioTrack: createTrack_l(0): AUDIO_OUTPUT_FLAG_FAST denied by client, not shared buffer and transfer = TRANSFER_SYNC
1788680703.919 10303 12740 12847 E AudioTrack: createTrack_l(0): AudioFlinger could not create track, status: -1 output 0
1788680703.919 10303 12740 12847 E AudioTrack: set(): createTrack_l fail! status = -1
1788680703.919 10303 12740 12847 W AudioTrack: removeAudioDeviceCallback removing different callback!
1788680703.919 10303 12740 12847 E AudioStreamTrack: release_l() removeAudioDeviceCallback returned -38
1788680703.919 10303 12740 12847 D AudioTrack: ~AudioTrack(0): 0xb400007c0b282090
1788680703.919 10303 12740 12847 D AudioTrack: gather(): no metrics gathered, track status=-1
1788680703.919 10303 12740 12847 E AudioStreamTrack: open(), initCheck() returned -1
1788680703.932 10303 12740 12847 D AudioStreamTrack: open(), request notificationFrames = 0, frameCount = 0
1788680703.932 10303 12740 12847 D AudioTrack: INSP: type=audio,case=1,set=0xb400007c0b282090,stream_type=-1,sample_rate=0,format=0x5,channel_mask=0x3,frame_count=0,flags=0x104,notification_frames=0,session_id=0,transfer_type=3,uid=-1,pid=-1
1788680703.932 10303 12740 12847 D AudioTrack: INSP: type=audio,case=1,attributes=1,content_type=2,usage=14,source=0,flags=0x100
1788680703.934 10303 12740 12847 D AudioTrack: set: mPowerTrackStatus=0
1788680703.934 10303 12740 12847 W AudioTrack: createTrack_l(0): AUDIO_OUTPUT_FLAG_FAST denied by client, not shared buffer and transfer = TRANSFER_SYNC
1788680703.940 10303 12740 12847 D AudioTrack: createTrack_l(440): 0xb400007c0b282090, mCblk = 0x7dd1cef000, mLatency = 84, mAfLatency = 42, frameCount = 2052, mSampleRate = 48000, mFlags = 0, mReqFrameCount = 2052, mNotificationFramesAct = 1026
1788680703.941 10303 12740 12847 D AudioTrack: setVolume(440): 0xb400007c0b282090, left = 1.000000, right = 1.000000
1788680703.941 10303 12740 12847 D AudioStreamTrack: open() flags changed from 0x00000104 to 0x00000000
1788680703.941 10303 12740 12847 D AudioStreamTrack: open() perfMode changed from 12 to 10
1788680703.952 10303 12740 12847 D AudioTrack: stop(440): 0xb400007c0b282090, prior state:STATE_STOPPED packageName:
1788680703.952 10303 12740 12847 D AudioTrack: ~AudioTrack(440): 0xb400007c0b282090
1788680703.952 10303 12740 12847 D AudioTrack: stop(440): 0xb400007c0b282090, prior state:STATE_STOPPED packageName:
1788680703.983 10303 12740 12847 D AudioStreamTrack: open(), request notificationFrames = -8, frameCount = 0
1788680703.984 10303 12740 12847 D AudioTrack: INSP: type=audio,case=1,set=0xb400007c0b282090,stream_type=-1,sample_rate=0,format=0x5,channel_mask=0x3,frame_count=0,flags=0x104,notification_frames=-8,session_id=0,transfer_type=1,uid=-1,pid=-1
1788680703.984 10303 12740 12847 D AudioTrack: INSP: type=audio,case=1,attributes=1,content_type=2,usage=14,source=0,flags=0x100
1788680703.985 10303 12740 12847 D AudioTrack: set: mPowerTrackStatus=0
1788680703.993 10303 12740 12847 I AudioTrack: createTrack_l(0): AUDIO_OUTPUT_FLAG_FAST successful; frameCount 0 -> 2048
1788680703.994 10303 12740 12847 D AudioTrack: createTrack_l(441): 0xb400007c0b282090, mCblk = 0x7dd3200000, mLatency = 84, mAfLatency = 42, frameCount = 2048, mSampleRate = 48000, mFlags = 0x4, mReqFrameCount = 2048, mNotificationFramesAct = 256
1788680703.994 10303 12740 12847 D AudioTrack: setVolume(441): 0xb400007c0b282090, left = 1.000000, right = 1.000000
1788680703.995 10303 12740 12847 D AudioStreamTrack: open() flags changed from 0x00000104 to 0x00000004
1788680704.006 10303 12740 12847 D AudioTrack: stop(441): 0xb400007c0b282090, prior state:STATE_STOPPED packageName:
1788680704.006 10303 12740 12847 D AudioTrack: ~AudioTrack(441): 0xb400007c0b282090
1788680704.006 10303 12740 12847 D AudioTrack: stop(441): 0xb400007c0b282090, prior state:STATE_STOPPED packageName:
1788680704.039 10303 12740 12847 D AudioStreamTrack: open(), request notificationFrames = 0, frameCount = 4096
1788680704.039 10303 12740 12847 D AudioTrack: INSP: type=audio,case=1,set=0xb400007c0b282090,stream_type=-1,sample_rate=0,format=0x5,channel_mask=0x3,frame_count=4096,flags=0x104,notification_frames=0,session_id=0,transfer_type=1,uid=-1,pid=-1
1788680704.039 10303 12740 12847 D AudioTrack: INSP: type=audio,case=1,attributes=1,content_type=2,usage=14,source=0,flags=0x100
1788680704.041 10303 12740 12847 D AudioTrack: set: mPowerTrackStatus=0
1788680704.051 10303 12740 12847 I AudioTrack: createTrack_l(0): AUDIO_OUTPUT_FLAG_FAST successful; frameCount 4096 -> 4096
1788680704.051 10303 12740 12847 D AudioTrack: createTrack_l(442): 0xb400007c0b282090, mCblk = 0x7dd1cef000, mLatency = 127, mAfLatency = 42, frameCount = 4096, mSampleRate = 48000, mFlags = 0x4, mReqFrameCount = 4096, mNotificationFramesAct = 256
1788680704.052 10303 12740 12847 D AudioTrack: setVolume(442): 0xb400007c0b282090, left = 1.000000, right = 1.000000
1788680704.052 10303 12740 12847 D AudioStreamTrack: open() flags changed from 0x00000104 to 0x00000004
1788680704.057 10303 12740 12847 D AudioTrack: start(442): 0xb400007c0b282090, prior state:STATE_STOPPED packageName:
1788680704.065 10303 12740 12978 D AudioStreamTrack: onAudioDeviceUpdate() audioIo 29 devId 3 => 3
1788680705.002 10303 12740 12773 W Unique  : 2026-09-06 14:45:04.999 W LAUNCH u3 com.Chillow.CustomRise PENDING_INTENT_RECEIVER_UNSUPPORTED receiver=com.google.android.gms.measurement.AppMeasurementReceiver package=com.Chillow.CustomRise
1788680705.065 10303 12740 12979 D AudioTrack: [audioTrackData][zero] 1s(f:0 m:0 s:0 k:0 z:1001) : pid 12740 uid 10303 sessionId 3665 sr 48000 ch 2 fmt 5  mMaxAmplitude 0
1788680705.353 10303 12740 12847 I UniqueNative: io_redirect: hooked 5 new slot(s) after loading /data/user/0/com.unique/files/virtual/apk/com.Chillow.CustomRise/1/lib/arm64-v8a/libFirebaseCppApp-13_1_0.so (44 total)
1788680705.353 10303 12740 12847 D nativeloader: Load /data/user/0/com.unique/files/virtual/apk/com.Chillow.CustomRise/1/lib/arm64-v8a/libFirebaseCppApp-13_1_0.so using class loader ns clns-8 (caller=/data/user/0/com.unique/files/virtual/apk/com.Chillow.CustomRise/1/base.apk): ok
1788680705.376 10303 12740 12847 E DexLoadReporter: Could not create the profile directory: /data/user/0/com.unique/files/virtual/users/3/data/com.Chillow.CustomRise/cache/oat/app_resources_lib.jar.cur.prof
1788680705.665 10303 12740 12847 E om.unique:vapp3: checkIfsupportxIntfps do not binder to joyose
1788680705.715 10303 12740 12771 W System  : Ignoring header If-None-Match because its value was null.
1788680706.068 10303 12740 12979 D AudioTrack: [audioTrackData][zero] 2s(f:0 m:0 s:0 k:0 z:2003) : pid 12740 uid 10303 sessionId 3665 sr 48000 ch 2 fmt 5  mMaxAmplitude 0
1788680707.065 10303 12740 12979 D AudioTrack: [audioTrackData][zero] 3s(f:0 m:0 s:0 k:0 z:3000) : pid 12740 uid 10303 sessionId 3665 sr 48000 ch 2 fmt 5  mMaxAmplitude 0
1788680707.592 10303 12740 12849 W RenderInspector: QueueBuffer time out on com.Chillow.CustomRise/com.google.android.games.VkQualityTest.VkQualityTestActivity, count=1, avg=25 ms, max=25 ms.
1788680707.868 10303 12740 12849 W RenderInspector: QueueBuffer time out on com.Chillow.CustomRise/com.google.android.games.VkQualityTest.VkQualityTestActivity, count=6, avg=13 ms, max=17 ms.
1788680707.990 10303 12740 12849 W RenderInspector: QueueBuffer time out on com.Chillow.CustomRise/com.google.android.games.VkQualityTest.VkQualityTestActivity, count=4, avg=14 ms, max=32 ms.
1788680707.998 10303 12740 12773 W Unique  : 2026-09-06 14:45:07.997 W LAUNCH u3 com.Chillow.CustomRise PENDING_INTENT_RECEIVER_UNSUPPORTED receiver=com.google.android.gms.measurement.AppMeasurementReceiver package=com.Chillow.CustomRise
1788680708.000 10303 12740 12773 W JobInfo : Job 'com.Chillow.CustomRise/com.google.android.gms.measurement.AppMeasurementJobService#-206253179' has a deadline with no functional constraints. The deadline won't improve job execution latency. Consider removing the deadline.
1788680708.003 10303 12740 12773 I Unique  : 2026-09-06 14:45:08.001 I PROCESS u3 com.Chillow.CustomRise JOB_SCHEDULED service=com.google.android.gms.measurement.AppMeasurementJobService virtualJobId=-206253179 hostJobId=3462021 stub=com.unique.stub.JobStub_p3
1788680708.014 10303 12740 12773 W Unique  : 2026-09-06 14:45:08.013 W LAUNCH u3 com.Chillow.CustomRise PENDING_INTENT_RECEIVER_UNSUPPORTED receiver=com.google.android.gms.measurement.AppMeasurementReceiver package=com.Chillow.CustomRise
1788680708.068 10303 12740 12979 D AudioTrack: [audioTrackData][zero] 4s(f:0 m:0 s:0 k:0 z:4003) : pid 12740 uid 10303 sessionId 3665 sr 48000 ch 2 fmt 5  mMaxAmplitude 0
1788680708.124 10303 12740 12849 W RenderInspector: QueueBuffer time out on com.Chillow.CustomRise/com.google.android.games.VkQualityTest.VkQualityTestActivity, count=3, avg=16 ms, max=22 ms.
1788680708.420 10303 12740 12849 W RenderInspector: QueueBuffer time out on com.Chillow.CustomRise/com.google.android.games.VkQualityTest.VkQualityTestActivity, count=7, avg=15 ms, max=28 ms.
1788680708.689 10303 12740 12849 W RenderInspector: QueueBuffer time out on com.Chillow.CustomRise/com.google.android.games.VkQualityTest.VkQualityTestActivity, count=4, avg=16 ms, max=26 ms.
1788680708.944 10303 12740 12849 W RenderInspector: QueueBuffer time out on com.Chillow.CustomRise/com.google.android.games.VkQualityTest.VkQualityTestActivity, count=1, avg=19 ms, max=19 ms.
1788680709.065 10303 12740 12979 D AudioTrack: [audioTrackData][zero] 5s(f:0 m:0 s:0 k:0 z:5000) : pid 12740 uid 10303 sessionId 3665 sr 48000 ch 2 fmt 5  mMaxAmplitude 0
1788680709.415 10303  9702  9818 W com.unique: Monitor::Inflate: Install failed 0x2055180
1788680709.730 10303 12740 12773 W GooglePlayServicesUtil: com.Chillow.CustomRise requires Google Play services, but they are missing.
1788680710.067 10303 12740 12979 D AudioTrack: [audioTrackData][zero] 6s(f:0 m:0 s:0 k:0 z:6003) : pid 12740 uid 10303 sessionId 3665 sr 48000 ch 2 fmt 5  mMaxAmplitude 0
1788680712.308 10303 12740 12849 W RenderInspector: QueueBuffer time out on com.Chillow.CustomRise/com.google.android.games.VkQualityTest.VkQualityTestActivity, count=1, avg=18 ms, max=18 ms.
1788680712.499 10303 12740 12849 W RenderInspector: QueueBuffer time out on com.Chillow.CustomRise/com.google.android.games.VkQualityTest.VkQualityTestActivity, count=6, avg=21 ms, max=31 ms.
1788680712.810 10303 12740 12849 W RenderInspector: QueueBuffer time out on com.Chillow.CustomRise/com.google.android.games.VkQualityTest.VkQualityTestActivity, count=7, avg=19 ms, max=30 ms.
1788680713.222 10303 12740 12849 W RenderInspector: QueueBuffer time out on com.Chillow.CustomRise/com.google.android.games.VkQualityTest.VkQualityTestActivity, count=9, avg=24 ms, max=70 ms.
1788680713.357 10303 12740 12847 W Unity   : The referenced script on this Behaviour (Game Object '<null>') is missing!
1788680713.410 10303 12740 12847 W Unity   : The referenced script on this Behaviour (Game Object '<null>') is missing!
1788680713.488 10303 12740 12847 W Unity   : The referenced script on this Behaviour (Game Object '<null>') is missing!
1788680713.573 10303 12740 12847 W Unity   : The referenced script on this Behaviour (Game Object '<null>') is missing!
1788680713.624 10303 12740 12847 W Unity   : The referenced script on this Behaviour (Game Object '<null>') is missing!
1788680713.720 10303 12740 12847 W Unity   : The referenced script on this Behaviour (Game Object '<null>') is missing!
1788680713.769 10303 12740 12847 W Unity   : The referenced script on this Behaviour (Game Object 'SpriteFlare') is missing!
1788680713.815 10303 12740 12847 W Unity   : The referenced script on this Behaviour (Game Object '<null>') is missing!
1788680713.868 10303 12740 12847 W Unity   : The referenced script on this Behaviour (Game Object '<null>') is missing!
1788680713.942 10303 12740 12847 W Unity   : The referenced script on this Behaviour (Game Object '<null>') is missing!
1788680714.004 10303 12740 12847 W Unity   : The referenced script on this Behaviour (Game Object '<null>') is missing!
1788680714.052 10303 12740 12847 W Unity   : The referenced script on this Behaviour (Game Object '<null>') is missing!
1788680714.123 10303 12740 12847 W Unity   : The referenced script on this Behaviour (Game Object '<null>') is missing!
1788680714.367 10303 12740 12847 W Unity   : The referenced script on this Behaviour (Game Object 'LiquidTestser') is missing!
1788680714.373 10303 12740 12847 W Unity   : The referenced script on this Behaviour (Game Object 'LanguageCandle') is missing!
1788680714.373 10303 12740 12847 W Unity   : The referenced script on this Behaviour (Game Object 'Sparck2') is missing!
1788680714.373 10303 12740 12847 W Unity   : The referenced script on this Behaviour (Game Object 'Sparck') is missing!
1788680714.373 10303 12740 12847 W Unity   : The referenced script on this Behaviour (Game Object 'Glow') is missing!
1788680714.456 10303 12740 12847 W Unity   : The referenced script on this Behaviour (Game Object 'SmokeGrenadeParticlesNew') is missing!
1788680714.737 10303 12740 12740 V FA      : onUnbind called for intent. action: com.google.android.gms.measurement.START
1788680714.738 10303 12740 12740 D Unique  : 2026-09-06 14:45:14.737 D PROCESS u3 com.Chillow.CustomRise SERVICE_INTENT_ROUTED service=com.google.android.gms.measurement.AppMeasurementService stub=com.unique.stub.ServiceStub_p3_s0 action=com.google.android.gms.measurement.START
1788680714.739 10303 12740 12740 V FA      : AppMeasurementService is shutting down.
1788680715.305 10303 12740 12979 D AudioTrack: [audioTrackData][fine] 5s(f:5003 m:0 s:0 k:0 z:0) : pid 12740 uid 10303 sessionId 3665 sr 48000 ch 2 fmt 5  mMaxAmplitude 32681
1788680716.336 10303 12740 12849 W RenderInspector: QueueBuffer time out on com.Chillow.CustomRise/com.google.android.games.VkQualityTest.VkQualityTestActivity, count=1, avg=49 ms, max=49 ms.
1788680717.244 10303 12740 12849 W RenderInspector: DequeueBuffer time out on com.Chillow.CustomRise/com.google.android.games.VkQualityTest.VkQualityTestActivity, count=2, avg=34 ms, max=35 ms.
1788680718.550 10303 12740 12849 W RenderInspector: DequeueBuffer time out on com.Chillow.CustomRise/com.google.android.games.VkQualityTest.VkQualityTestActivity, count=2, avg=34 ms, max=37 ms.
1788680720.302 10303 12740 12979 D AudioTrack: [audioTrackData][fine] 10s(f:10001 m:0 s:0 k:0 z:0) : pid 12740 uid 10303 sessionId 3665 sr 48000 ch 2 fmt 5  mMaxAmplitude 32741
1788680725.305 10303 12740 12979 D AudioTrack: [audioTrackData][fine] 15s(f:15004 m:0 s:0 k:0 z:0) : pid 12740 uid 10303 sessionId 3665 sr 48000 ch 2 fmt 5  mMaxAmplitude 32542
1788680730.303 10303 12740 12979 D AudioTrack: [audioTrackData][fine] 20s(f:20001 m:0 s:0 k:0 z:0) : pid 12740 uid 10303 sessionId 3665 sr 48000 ch 2 fmt 5  mMaxAmplitude 32632
1788680732.521 10303 12740 12752 W om.unique:vapp3: Failed to create temp profile file for /data/misc/profiles/cur/0/com.Chillow.CustomRise/primary.prof: No such file or directory
1788680732.521 10303 12740 12752 W om.unique:vapp3: Could not save profiling info to /data/misc/profiles/cur/0/com.Chillow.CustomRise/primary.prof
1788680735.305 10303 12740 12979 D AudioTrack: [audioTrackData][fine] 25s(f:25004 m:0 s:0 k:0 z:0) : pid 12740 uid 10303 sessionId 3665 sr 48000 ch 2 fmt 5  mMaxAmplitude 32628
1788680736.158 10303 12740 12944 W Unity   : The referenced script on this Behaviour (Game Object 'GameManager') is missing!
1788680736.158 10303 12740 12773 D Unique  : 2026-09-06 14:45:36.154 D PROCESS u3 com.Chillow.CustomRise SERVICE_INTENT_ROUTED service=com.google.android.gms.measurement.AppMeasurementService stub=com.unique.stub.ServiceStub_p3_s0 action=com.google.android.gms.measurement.START
1788680736.160 10303 12740 12773 D Unique  : 2026-09-06 14:45:36.159 D PROCESS u3 com.Chillow.CustomRise SERVICE_CONNECTION_WRAPPED connection=com.google.android.gms.measurement.internal.pb
1788680736.174 10303 12740 12740 I Unique  : 2026-09-06 14:45:36.173 I PROCESS u3 com.Chillow.CustomRise CREATE_SERVICE_REWRITTEN stub=com.unique.stub.ServiceStub_p3_s0 service=com.google.android.gms.measurement.AppMeasurementService
1788680736.176 10303 12740 12740 V FA      : AppMeasurementService is starting up.
1788680736.179 10303 12740 12740 D Unique  : 2026-09-06 14:45:36.177 D PROCESS u3 com.Chillow.CustomRise SERVICE_INTENT_ROUTED service=com.google.android.gms.measurement.AppMeasurementService stub=com.unique.stub.ServiceStub_p3_s0 action=com.google.android.gms.measurement.START
1788680736.185 10303 12740 12740 D Unique  : 2026-09-06 14:45:36.183 D PROCESS u3 com.Chillow.CustomRise SERVICE_CONNECTION_RENAMED stub=com.unique.stub.ServiceStub_p3_s0 service=com.google.android.gms.measurement.AppMeasurementService
1788680736.208 10303 12740 12773 W GooglePlayServicesUtil: com.Chillow.CustomRise requires Google Play services, but they are missing.
1788680736.240 10303 12740 12773 W Unique  : 2026-09-06 14:45:36.239 W LAUNCH u3 com.Chillow.CustomRise PENDING_INTENT_RECEIVER_UNSUPPORTED receiver=com.google.android.gms.measurement.AppMeasurementReceiver package=com.Chillow.CustomRise
1788680736.242 10303 12740 12773 W JobInfo : Job 'com.Chillow.CustomRise/com.google.android.gms.measurement.AppMeasurementJobService#-206253179' has a deadline with no functional constraints. The deadline won't improve job execution latency. Consider removing the deadline.
1788680736.247 10303 12740 12773 I Unique  : 2026-09-06 14:45:36.244 I PROCESS u3 com.Chillow.CustomRise JOB_SCHEDULED service=com.google.android.gms.measurement.AppMeasurementJobService virtualJobId=-206253179 hostJobId=3462021 stub=com.unique.stub.JobStub_p3
1788680736.465 10303 12740 12847 W Unity   : The referenced script on this Behaviour (Game Object 'TrainingWithBots_Controller') is missing!
1788680739.215 10303 12740 12847 E om.unique:vapp3: checkIfsupportxIntfps do not binder to joyose
1788680739.451 10303 12740 12944 W Unity   : The referenced script on this Behaviour (Game Object 'FlagSpawnZoneCT') is missing!
1788680739.451 10303 12740 12944 W Unity   : The referenced script on this Behaviour (Game Object 'FlagSpawnZoneT') is missing!
1788680739.452 10303 12740 12944 W Unity   : The referenced script on this Behaviour (Game Object 'FlagCaptureZoneCT') is missing!
1788680739.453 10303 12740 12944 W Unity   : The referenced script on this Behaviour (Game Object 'FlagCaptureZoneT') is missing!
1788680740.303 10303 12740 12979 D AudioTrack: [audioTrackData][fine] 30s(f:30001 m:0 s:0 k:0 z:0) : pid 12740 uid 10303 sessionId 3665 sr 48000 ch 2 fmt 5  mMaxAmplitude 32709
1788680741.253 10303 12740 12740 V FA      : onUnbind called for intent. action: com.google.android.gms.measurement.START
1788680741.256 10303 12740 12740 D Unique  : 2026-09-06 14:45:41.254 D PROCESS u3 com.Chillow.CustomRise SERVICE_INTENT_ROUTED service=com.google.android.gms.measurement.AppMeasurementService stub=com.unique.stub.ServiceStub_p3_s0 action=com.google.android.gms.measurement.START
1788680741.257 10303 12740 12740 V FA      : AppMeasurementService is shutting down.
1788680741.964 10303 12740 12847 W Unity   : Setting angular velocity of a kinematic body is not supported.
1788680741.964 10303 12740 12847 W Unity   : Setting linear velocity of a kinematic body is not supported.
1788680744.313 10303 12740 12847 W Unity   : The referenced script on this Behaviour (Game Object 'SpriteFlare') is missing!
1788680744.570 10303 12740 12847 W Unity   : The referenced script on this Behaviour (Game Object 'LiquidTestser') is missing!
1788680744.608 10303 12740 12847 W Unity   : The referenced script on this Behaviour (Game Object 'SmokeGrenadeParticlesNew') is missing!
1788680745.305 10303 12740 12979 D AudioTrack: [audioTrackData][fine] 35s(f:35003 m:0 s:0 k:0 z:0) : pid 12740 uid 10303 sessionId 3665 sr 48000 ch 2 fmt 5  mMaxAmplitude 32760
1788680750.302 10303 12740 12979 D AudioTrack: [audioTrackData][fine] 40s(f:40001 m:0 s:0 k:0 z:0) : pid 12740 uid 10303 sessionId 3665 sr 48000 ch 2 fmt 5  mMaxAmplitude 32592
1788680755.305 10303 12740 12979 D AudioTrack: [audioTrackData][fine] 45s(f:45003 m:0 s:0 k:0 z:0) : pid 12740 uid 10303 sessionId 3665 sr 48000 ch 2 fmt 5  mMaxAmplitude 32667
1788680759.930 10303 12740 12979 D AudioTrack: [audioTrackData][zero] 1s(f:48118 m:0 s:0 k:0 z:1003) : pid 12740 uid 10303 sessionId 3665 sr 48000 ch 2 fmt 5  mMaxAmplitude 0
1788680760.927 10303 12740 12979 D AudioTrack: [audioTrackData][zero] 2s(f:48118 m:0 s:0 k:0 z:2000) : pid 12740 uid 10303 sessionId 3665 sr 48000 ch 2 fmt 5  mMaxAmplitude 0
1788680762.666 10303 12740 12743 W om.unique:vapp3: Missing inline cache for void android.view.InputEventManagerImpl.logOnInputEvent(android.view.InputEvent, java.lang.String)
1788680763.444 10303 12740 12979 D AudioTrack: [audioTrackData][fine] 50s(f:50000 m:0 s:0 k:0 z:0) : pid 12740 uid 10303 sessionId 3665 sr 48000 ch 2 fmt 5  mMaxAmplitude 32756
1788680768.447 10303 12740 12979 D AudioTrack: [audioTrackData][fine] 55s(f:55003 m:0 s:0 k:0 z:0) : pid 12740 uid 10303 sessionId 3665 sr 48000 ch 2 fmt 5  mMaxAmplitude 32751
1788680772.562 10303 12740 12752 W om.unique:vapp3: Failed to create temp profile file for /data/misc/profiles/cur/0/com.Chillow.CustomRise/primary.prof: No such file or directory
1788680772.562 10303 12740 12752 W om.unique:vapp3: Could not save profiling info to /data/misc/profiles/cur/0/com.Chillow.CustomRise/primary.prof
1788680773.444 10303 12740 12979 D AudioTrack: [audioTrackData][fine] 60s(f:60000 m:0 s:0 k:0 z:0) : pid 12740 uid 10303 sessionId 3665 sr 48000 ch 2 fmt 5  mMaxAmplitude 32698
1788680812.585 10303 12740 12752 W om.unique:vapp3: Failed to create temp profile file for /data/misc/profiles/cur/0/com.Chillow.CustomRise/primary.prof: No such file or directory
1788680812.586 10303 12740 12752 W om.unique:vapp3: Could not save profiling info to /data/misc/profiles/cur/0/com.Chillow.CustomRise/primary.prof
1788680852.612 10303 12740 12752 W om.unique:vapp3: Failed to create temp profile file for /data/misc/profiles/cur/0/com.Chillow.CustomRise/primary.prof: No such file or directory
1788680852.612 10303 12740 12752 W om.unique:vapp3: Could not save profiling info to /data/misc/profiles/cur/0/com.Chillow.CustomRise/primary.prof
1788680892.641 10303 12740 12752 W om.unique:vapp3: Failed to create temp profile file for /data/misc/profiles/cur/0/com.Chillow.CustomRise/primary.prof: No such file or directory
1788680892.642 10303 12740 12752 W om.unique:vapp3: Could not save profiling info to /data/misc/profiles/cur/0/com.Chillow.CustomRise/primary.prof
1788680932.662 10303 12740 12752 W om.unique:vapp3: Failed to create temp profile file for /data/misc/profiles/cur/0/com.Chillow.CustomRise/primary.prof: No such file or directory
1788680932.662 10303 12740 12752 W om.unique:vapp3: Could not save profiling info to /data/misc/profiles/cur/0/com.Chillow.CustomRise/primary.prof
1788680937.738 10303 12740 12979 D AudioTrack: [audioTrackData][zero] 1s(f:43291 m:0 s:0 k:0 z:1002) : pid 12740 uid 10303 sessionId 3665 sr 48000 ch 2 fmt 5  mMaxAmplitude 0
1788680937.793 10303 12740 13809 D Unique  : 2026-09-06 14:48:57.791 D PROCESS u3 com.Chillow.CustomRise SERVICE_INTENT_ROUTED service=com.google.android.gms.measurement.AppMeasurementService stub=com.unique.stub.ServiceStub_p3_s0 action=com.google.android.gms.measurement.START
1788680937.794 10303 12740 13809 D Unique  : 2026-09-06 14:48:57.793 D PROCESS u3 com.Chillow.CustomRise SERVICE_CONNECTION_WRAPPED connection=com.google.android.gms.measurement.internal.pb
1788680938.154 10303 12740 12847 D AudioTrack: stop(442): 0xb400007c0b282090, prior state:STATE_ACTIVE packageName:
1788680938.155 10303 12740 12847 D AudioTrack: stop(442): 0xb400007c0b282090 stop done
1788680938.165 10303 12740 12847 D AudioTrack: stop(442): 0xb400007c0b282090, prior state:STATE_STOPPED packageName:
1788680938.165 10303 12740 12847 D AudioTrack: ~AudioTrack(442): 0xb400007c0b282090
1788680938.165 10303 12740 12847 D AudioTrack: stop(442): 0xb400007c0b282090, prior state:STATE_STOPPED packageName:
1788680938.345 10303  9702  9746 E com.unique: checkIfsupportxIntfps do not binder to joyose
1788680938.488 10303 12740 12847 D AudioStreamTrack: open(), request notificationFrames = 0, frameCount = 0
1788680938.488 10303 12740 12847 D AudioTrack: INSP: type=audio,case=1,set=0xb400007c0b3682d0,stream_type=-1,sample_rate=0,format=0x5,channel_mask=0x3,frame_count=0,flags=0x104,notification_frames=0,session_id=0,transfer_type=3,uid=-1,pid=-1
1788680938.488 10303 12740 12847 D AudioTrack: INSP: type=audio,case=1,attributes=1,content_type=2,usage=14,source=0,flags=0x100
1788680938.491 10303 12740 12847 D AudioTrack: set: mPowerTrackStatus=0
1788680938.491 10303 12740 12847 W AudioTrack: createTrack_l(0): AUDIO_OUTPUT_FLAG_FAST denied by client, not shared buffer and transfer = TRANSFER_SYNC
1788680938.503 10303 12740 12847 D AudioTrack: createTrack_l(443): 0xb400007c0b3682d0, mCblk = 0x7dd6581000, mLatency = 84, mAfLatency = 42, frameCount = 2052, mSampleRate = 48000, mFlags = 0, mReqFrameCount = 2052, mNotificationFramesAct = 1026
1788680938.504 10303 12740 12847 D AudioTrack: setVolume(443): 0xb400007c0b3682d0, left = 1.000000, right = 1.000000
1788680938.504 10303 12740 12847 D AudioStreamTrack: open() flags changed from 0x00000104 to 0x00000000
1788680938.505 10303 12740 12847 D AudioStreamTrack: open() perfMode changed from 12 to 10
1788680938.518 10303 12740 12847 D AudioTrack: stop(443): 0xb400007c0b3682d0, prior state:STATE_STOPPED packageName:
1788680938.518 10303 12740 12847 D AudioTrack: ~AudioTrack(443): 0xb400007c0b3682d0
1788680938.518 10303 12740 12847 D AudioTrack: stop(443): 0xb400007c0b3682d0, prior state:STATE_STOPPED packageName:
1788680938.769 10303 12740 12847 D AudioStreamTrack: open(), request notificationFrames = 0, frameCount = 0
1788680938.769 10303 12740 12847 D AudioTrack: INSP: type=audio,case=1,set=0xb400007c0b3682d0,stream_type=-1,sample_rate=0,format=0x5,channel_mask=0x3,frame_count=0,flags=0x104,notification_frames=0,session_id=0,transfer_type=3,uid=-1,pid=-1
1788680938.769 10303 12740 12847 D AudioTrack: INSP: type=audio,case=1,attributes=1,content_type=2,usage=14,source=0,flags=0x100
1788680938.771 10303 12740 12847 D AudioTrack: set: mPowerTrackStatus=0
1788680938.771 10303 12740 12847 W AudioTrack: createTrack_l(0): AUDIO_OUTPUT_FLAG_FAST denied by client, not shared buffer and transfer = TRANSFER_SYNC
1788680938.777 10303 12740 12847 D AudioTrack: createTrack_l(447): 0xb400007c0b3682d0, mCblk = 0x7dd6581000, mLatency = 84, mAfLatency = 42, frameCount = 2052, mSampleRate = 48000, mFlags = 0, mReqFrameCount = 2052, mNotificationFramesAct = 1026
1788680938.777 10303 12740 12847 D AudioTrack: setVolume(447): 0xb400007c0b3682d0, left = 1.000000, right = 1.000000
1788680938.778 10303 12740 12847 D AudioStreamTrack: open() flags changed from 0x00000104 to 0x00000000
1788680938.778 10303 12740 12847 D AudioStreamTrack: open() perfMode changed from 12 to 10
1788680938.790 10303 12740 12847 D AudioTrack: stop(447): 0xb400007c0b3682d0, prior state:STATE_STOPPED packageName:
1788680938.790 10303 12740 12847 D AudioTrack: ~AudioTrack(447): 0xb400007c0b3682d0
1788680938.790 10303 12740 12847 D AudioTrack: stop(447): 0xb400007c0b3682d0, prior state:STATE_STOPPED packageName:
1788680938.818 10303 12740 12847 D AudioStreamTrack: open(), request notificationFrames = 0, frameCount = 0
1788680938.818 10303 12740 12847 D AudioTrack: INSP: type=audio,case=1,set=0xb400007c0b3682d0,stream_type=-1,sample_rate=0,format=0x5,channel_mask=0x3,frame_count=0,flags=0x104,notification_frames=0,session_id=0,transfer_type=3,uid=-1,pid=-1
1788680938.818 10303 12740 12847 D AudioTrack: INSP: type=audio,case=1,attributes=1,content_type=2,usage=14,source=0,flags=0x100
1788680938.821 10303 12740 12847 D AudioTrack: set: mPowerTrackStatus=0
1788680938.821 10303 12740 12847 W AudioTrack: createTrack_l(0): AUDIO_OUTPUT_FLAG_FAST denied by client, not shared buffer and transfer = TRANSFER_SYNC
1788680938.825 10303 12740 12847 E AudioTrack: createTrack_l(0): AudioFlinger could not create track, status: -1 output 0
1788680938.825 10303 12740 12847 E AudioTrack: set(): createTrack_l fail! status = -1
1788680938.825 10303 12740 12847 W AudioTrack: removeAudioDeviceCallback removing different callback!
1788680938.825 10303 12740 12847 E AudioStreamTrack: release_l() removeAudioDeviceCallback returned -38
1788680938.825 10303 12740 12847 D AudioTrack: ~AudioTrack(0): 0xb400007c0b3682d0
1788680938.825 10303 12740 12847 D AudioTrack: gather(): no metrics gathered, track status=-1
1788680938.825 10303 12740 12847 E AudioStreamTrack: open(), initCheck() returned -1
1788680938.844 10303 12740 12847 D AudioStreamTrack: open(), request notificationFrames = 0, frameCount = 0
1788680938.844 10303 12740 12847 D AudioTrack: INSP: type=audio,case=1,set=0xb400007c0b3682d0,stream_type=-1,sample_rate=0,format=0x5,channel_mask=0x3,frame_count=0,flags=0x104,notification_frames=0,session_id=0,transfer_type=3,uid=-1,pid=-1
1788680938.844 10303 12740 12847 D AudioTrack: INSP: type=audio,case=1,attributes=1,content_type=2,usage=14,source=0,flags=0x100
1788680938.846 10303 12740 12847 D AudioTrack: set: mPowerTrackStatus=0
1788680938.846 10303 12740 12847 W AudioTrack: createTrack_l(0): AUDIO_OUTPUT_FLAG_FAST denied by client, not shared buffer and transfer = TRANSFER_SYNC
1788680938.851 10303 12740 12847 D AudioTrack: createTrack_l(449): 0xb400007c0b3682d0, mCblk = 0x7dd6581000, mLatency = 84, mAfLatency = 42, frameCount = 2052, mSampleRate = 48000, mFlags = 0, mReqFrameCount = 2052, mNotificationFramesAct = 1026
1788680938.852 10303 12740 12847 D AudioTrack: setVolume(449): 0xb400007c0b3682d0, left = 1.000000, right = 1.000000
1788680938.854 10303 12740 12847 D AudioStreamTrack: open() flags changed from 0x00000104 to 0x00000000
1788680938.854 10303 12740 12847 D AudioStreamTrack: open() perfMode changed from 12 to 10
1788680938.865 10303 12740 12847 D AudioTrack: stop(449): 0xb400007c0b3682d0, prior state:STATE_STOPPED packageName:
1788680938.865 10303 12740 12847 D AudioTrack: ~AudioTrack(449): 0xb400007c0b3682d0
1788680938.865 10303 12740 12847 D AudioTrack: stop(449): 0xb400007c0b3682d0, prior state:STATE_STOPPED packageName:
1788680938.894 10303 12740 12847 D AudioStreamTrack: open(), request notificationFrames = -8, frameCount = 0
1788680938.894 10303 12740 12847 D AudioTrack: INSP: type=audio,case=1,set=0xb400007c0b3682d0,stream_type=-1,sample_rate=0,format=0x5,channel_mask=0x3,frame_count=0,flags=0x104,notification_frames=-8,session_id=0,transfer_type=1,uid=-1,pid=-1
1788680938.894 10303 12740 12847 D AudioTrack: INSP: type=audio,case=1,attributes=1,content_type=2,usage=14,source=0,flags=0x100
1788680938.896 10303 12740 12847 D AudioTrack: set: mPowerTrackStatus=0
1788680938.901 10303 12740 12847 I AudioTrack: createTrack_l(0): AUDIO_OUTPUT_FLAG_FAST successful; frameCount 0 -> 2048
1788680938.901 10303 12740 12847 D AudioTrack: createTrack_l(450): 0xb400007c0b3682d0, mCblk = 0x7dd6585000, mLatency = 159, mAfLatency = 117, frameCount = 2048, mSampleRate = 48000, mFlags = 0x4, mReqFrameCount = 2048, mNotificationFramesAct = 256
1788680938.902 10303 12740 12847 D AudioTrack: setVolume(450): 0xb400007c0b3682d0, left = 1.000000, right = 1.000000
1788680938.902 10303 12740 12847 D AudioStreamTrack: open() flags changed from 0x00000104 to 0x00000004
1788680938.913 10303 12740 12847 D AudioTrack: stop(450): 0xb400007c0b3682d0, prior state:STATE_STOPPED packageName:
1788680938.914 10303 12740 12847 D AudioTrack: ~AudioTrack(450): 0xb400007c0b3682d0
1788680938.914 10303 12740 12847 D AudioTrack: stop(450): 0xb400007c0b3682d0, prior state:STATE_STOPPED packageName:
1788680938.937 10303 12740 12847 D AudioStreamTrack: open(), request notificationFrames = 0, frameCount = 4096
1788680938.937 10303 12740 12847 D AudioTrack: INSP: type=audio,case=1,set=0xb400007c0b3682d0,stream_type=-1,sample_rate=0,format=0x5,channel_mask=0x3,frame_count=4096,flags=0x104,notification_frames=0,session_id=0,transfer_type=1,uid=-1,pid=-1
1788680938.948 10303 12740 12847 I AudioTrack: createTrack_l(0): AUDIO_OUTPUT_FLAG_FAST successful; frameCount 4096 -> 4096
1788680938.948 10303 12740 12847 D AudioTrack: createTrack_l(451): 0xb400007c0b3682d0, mCblk = 0x7dd6581000, mLatency = 202, mAfLatency = 117, frameCount = 4096, mSampleRate = 48000, mFlags = 0x4, mReqFrameCount = 4096, mNotificationFramesAct = 256
1788680938.949 10303 12740 12847 D AudioTrack: setVolume(451): 0xb400007c0b3682d0, left = 1.000000, right = 1.000000
1788680938.951 10303 12740 12847 D AudioStreamTrack: open() flags changed from 0x00000104 to 0x00000004
1788680938.955 10303 12740 12847 D AudioTrack: start(451): 0xb400007c0b3682d0, prior state:STATE_STOPPED packageName:
1788680938.979 10303 12740 12748 D AudioStreamTrack: onAudioDeviceUpdate() audioIo 29 devId 3 => 3
1788680939.376 10303 12740 12847 D AudioTrack: stop(451): 0xb400007c0b3682d0, prior state:STATE_ACTIVE packageName:
1788680939.377 10303 12740 12847 D AudioTrack: stop(451): 0xb400007c0b3682d0 stop done
1788680939.388 10303 12740 12847 D AudioTrack: stop(451): 0xb400007c0b3682d0, prior state:STATE_STOPPED packageName:
1788680939.388 10303 12740 12847 D AudioTrack: ~AudioTrack(451): 0xb400007c0b3682d0
1788680939.388 10303 12740 12847 D AudioTrack: stop(451): 0xb400007c0b3682d0, prior state:STATE_STOPPED packageName:
1788680939.788 10303 12740 12740 W Unity   : Timeout (2000 ms) while trying to pause the Unity Engine.
1788680939.788 10303 12740 12740 W Activity: PerfMonitor: Slow Operation: Activity com.Chillow.CustomRise/com.google.android.games.VkQualityTest.VkQualityTestActivity onPause took 2018ms
1788680939.796 10303 12740 12740 I Unique  : 2026-09-06 14:48:59.795 I PROCESS u3 com.Chillow.CustomRise CREATE_SERVICE_REWRITTEN stub=com.unique.stub.ServiceStub_p3_s0 service=com.google.android.gms.measurement.AppMeasurementService
1788680939.798 10303 12740 12740 V FA      : AppMeasurementService is starting up.
1788680939.800 10303 12740 12740 D Unique  : 2026-09-06 14:48:59.799 D PROCESS u3 com.Chillow.CustomRise SERVICE_INTENT_ROUTED service=com.google.android.gms.measurement.AppMeasurementService stub=com.unique.stub.ServiceStub_p3_s0 action=com.google.android.gms.measurement.START
1788680940.730 10303  9702  9702 W WindowOnBackDispatcher: sendCancelIfRunning: isInProgress=false callback=io.flutter.embedding.android.FlutterActivity$1@cab8d4d
1788680942.456 10303  9702  9708 W com.unique: ApkAssets: Deleting an ApkAssets object '<empty> and /data/app/~~fbMIfb5bQRSeDV4qN5JbrQ==/com.openai.chatgpt-yAR_zbiyMnEL0nkU87BC5A==/base.apk' with 1 weak references
1788680942.457 10303  9702  9708 W com.unique: ApkAssets: Deleting an ApkAssets object '<empty> and /data/app/~~fbMIfb5bQRSeDV4qN5JbrQ==/com.openai.chatgpt-yAR_zbiyMnEL0nkU87BC5A==/split_config.arm64_v8a.apk' with 1 weak references
1788680942.457 10303  9702  9708 W com.unique: ApkAssets: Deleting an ApkAssets object '<empty> and /data/app/~~fbMIfb5bQRSeDV4qN5JbrQ==/com.openai.chatgpt-yAR_zbiyMnEL0nkU87BC5A==/split_config.ru.apk' with 1 weak references
1788680942.457 10303  9702  9708 W com.unique: ApkAssets: Deleting an ApkAssets object '<empty> and /data/app/~~fbMIfb5bQRSeDV4qN5JbrQ==/com.openai.chatgpt-yAR_zbiyMnEL0nkU87BC5A==/split_config.xxhdpi.apk' with 1 weak references
1788680942.457 10303  9702  9708 W com.unique: ApkAssets: Deleting an ApkAssets object '<empty> and /data/app/~~dIzM8R2VKNcseUPYkR7YfA==/com.google.android.marvin.talkback-RoQSRwhE9YHg1ajuoB0gqg==/base.apk' with 1 weak references
1788680942.458 10303  9702  9708 W com.unique: ApkAssets: Deleting an ApkAssets object '<empty> and /data/app/~~XQmPOPV_XxINA_jPcGmsIQ==/com.miui.screenrecorder-G-XBxKJvovi92jNh9l3JIQ==/base.apk' with 1 weak references
1788680942.458 10303  9702  9708 W com.unique: ApkAssets: Deleting an ApkAssets object '<empty> and /system_ext/priv-app/RtMiCloudSDK/RtMiCloudSDK.apk' with 3 weak references
1788680942.459 10303  9702  9708 W com.unique: ApkAssets: Deleting an ApkAssets object '<empty> and /system_ext/app/miuisystem/miuisystem.apk' with 5 weak references
1788680942.459 10303  9702  9708 W com.unique: ApkAssets: Deleting an ApkAssets object '<empty> and /data/app/~~-USux0I649yeK8kjLtUs6w==/io.hitray.android-yz9_YgFveD2eh2-uVfEvTQ==/base.apk' with 1 weak references
1788680942.460 10303  9702  9708 W com.unique: ApkAssets: Deleting an ApkAssets object '<empty> and /data/app/~~dIzM8R2VKNcseUPYkR7YfA==/com.google.android.marvin.talkback-RoQSRwhE9YHg1ajuoB0gqg==/split_config.arm64_v8a.apk' with 1 weak references
1788680942.460 10303  9702  9708 W com.unique: ApkAssets: Deleting an ApkAssets object '<empty> and /data/app/~~-USux0I649yeK8kjLtUs6w==/io.hitray.android-yz9_YgFveD2eh2-uVfEvTQ==/split_config.arm64_v8a.apk' with 1 weak references
1788680942.461 10303  9702  9708 W com.unique: ApkAssets: Deleting an ApkAssets object '<empty> and /data/app/~~ItA4ATnc7x5tZxxil8RoQQ==/com.google.android.googlequicksearchbox-B34OqsIBVDUACIIcm8JfnA==/base.apk' with 1 weak references
1788680942.462 10303  9702  9708 W com.unique: ApkAssets: Deleting an ApkAssets object '<empty> and /data/app/~~-USux0I649yeK8kjLtUs6w==/io.hitray.android-yz9_YgFveD2eh2-uVfEvTQ==/split_config.ru.apk' with 1 weak references
1788680942.462 10303  9702  9708 W com.unique: ApkAssets: Deleting an ApkAssets object '<empty> and /data/app/~~-USux0I649yeK8kjLtUs6w==/io.hitray.android-yz9_YgFveD2eh2-uVfEvTQ==/split_config.xxhdpi.apk' with 1 weak references
1788680942.463 10303  9702  9708 W com.unique: ApkAssets: Deleting an ApkAssets object '<empty> and /data/app/GlobalWPSLITE/base.apk' with 1 weak references
1788680942.464 10303  9702  9708 W com.unique: ApkAssets: Deleting an ApkAssets object '<empty> and /data/app/~~rg2DbhTU1ND5cF8h23oQew==/org.telegram.messenger-ssp6zHI1umWAqjB0ibq88A==/base.apk' with 1 weak references
1788680942.464 10303  9702  9708 W com.unique: ApkAssets: Deleting an ApkAssets object '<empty> and /data/app/~~rg2DbhTU1ND5cF8h23oQew==/org.telegram.messenger-ssp6zHI1umWAqjB0ibq88A==/split_config.arm64_v8a.apk' with 1 weak references
1788680942.465 10303  9702  9708 W com.unique: ApkAssets: Deleting an ApkAssets object '<empty> and /data/app/~~rg2DbhTU1ND5cF8h23oQew==/org.telegram.messenger-ssp6zHI1umWAqjB0ibq88A==/split_config.ru.apk' with 1 weak references
1788680942.465 10303  9702  9708 W com.unique: ApkAssets: Deleting an ApkAssets object '<empty> and /data/app/~~rg2DbhTU1ND5cF8h23oQew==/org.telegram.messenger-ssp6zHI1umWAqjB0ibq88A==/split_config.xxhdpi.apk' with 1 weak references
1788680942.465 10303  9702  9708 W com.unique: ApkAssets: Deleting an ApkAssets object '<empty> and /data/app/~~KJXAelHloRLMhXRuCgXfsA==/com.termux.x11-osj7xncZ_M4TKFTgtNfUvQ==/base.apk' with 1 weak references
1788680942.466 10303  9702  9708 W com.unique: ApkAssets: Deleting an ApkAssets object '<empty> and /data/app/~~QQHHYxwNPykiSC3FoxXBWw==/com.gordey.standarling-qi6-h5086vrmRTcPTW755g==/base.apk' with 1 weak references
1788680942.466 10303  9702  9708 W com.unique: ApkAssets: Deleting an ApkAssets object '<empty> and /data/app/~~hmK1R5MXm77mIxebqB1UWg==/de.szalkowski.activitylauncher-U8OB-FYSopjrnRHsZdEEww==/base.apk' with 1 weak references
1788680942.467 10303  9702  9708 W com.unique: ApkAssets: Deleting an ApkAssets object '<empty> and /data/app/~~hmK1R5MXm77mIxebqB1UWg==/de.szalkowski.activitylauncher-U8OB-FYSopjrnRHsZdEEww==/split_config.arm64_v8a.apk' with 1 weak references
1788680942.467 10303  9702  9708 W com.unique: ApkAssets: Deleting an ApkAssets object '<empty> and /data/app/~~hmK1R5MXm77mIxebqB1UWg==/de.szalkowski.activitylauncher-U8OB-FYSopjrnRHsZdEEww==/split_config.xxhdpi.apk' with 1 weak references
1788680942.468 10303  9702  9708 W com.unique: ApkAssets: Deleting an ApkAssets object '<empty> and /data/app/~~ItA4ATnc7x5tZxxil8RoQQ==/com.google.android.googlequicksearchbox-B34OqsIBVDUACIIcm8JfnA==/split_config.xxhdpi.apk' with 1 weak references
1788680942.468 10303  9702  9708 W com.unique: ApkAssets: Deleting an ApkAssets object '<empty> and /data/app/~~ItA4ATnc7x5tZxxil8RoQQ==/com.google.android.googlequicksearchbox-B34OqsIBVDUACIIcm8JfnA==/split_lens_ondevice_engine_feature_module.apk' with 1 weak references
1788680942.468 10303  9702  9708 W com.unique: ApkAssets: Deleting an ApkAssets object '<empty> and /data/app/~~LvuV9aG6AJttZ9KZG9DfUQ==/nu.gpu.nagram-piHbsnG6qKY0S-0pb2n_mg==/base.apk' with 1 weak references
1788680942.469 10303  9702  9708 W com.unique: ApkAssets: Deleting an ApkAssets object '<empty> and /data/app/~~ItA4ATnc7x5tZxxil8RoQQ==/com.google.android.googlequicksearchbox-B34OqsIBVDUACIIcm8JfnA==/split_lens_ondevice_engine_play_ml_module.apk' with 1 weak references
1788680942.470 10303  9702  9708 W com.unique: ApkAssets: Deleting an ApkAssets object '<empty> and /data/app/~~FbOmbJprFej1zimcVmUamg==/com.google.android.apps.authenticator2-spHVZ5FEndpJKCz3wWEkSA==/base.apk' with 1 weak references
1788680942.470 10303  9702  9708 W com.unique: ApkAssets: Deleting an ApkAssets object '<empty> and /data/app/~~FbOmbJprFej1zimcVmUamg==/com.google.android.apps.authenticator2-spHVZ5FEndpJKCz3wWEkSA==/split_config.ru.apk' with 1 weak references
1788680942.471 10303  9702  9708 W com.unique: ApkAssets: Deleting an ApkAssets object '<empty> and /data/app/~~FbOmbJprFej1zimcVmUamg==/com.google.android.apps.authenticator2-spHVZ5FEndpJKCz3wWEkSA==/split_config.xxhdpi.apk' with 1 weak references
1788680942.471 10303  9702  9708 W com.unique: ApkAssets: Deleting an ApkAssets object '<empty> and /data/app/~~ZqdvqHIQdj2aYGnH1VRJ2g==/clear.una-9D8IYmbsSYbrHCFNhktz7g==/base.apk' with 1 weak references
1788680942.472 10303  9702  9708 W com.unique: ApkAssets: Deleting an ApkAssets object '<empty> and /data/app/MIUISoundRecorderTargetSdk30Global/base.apk' with 1 weak references
1788680942.473 10303  9702  9708 W com.unique: ApkAssets: Deleting an ApkAssets object '<empty> and /data/app/~~jD-_UzuxAsOgbh6KR6hmBQ==/moe.shizuku.privileged.api-cQKJ66hF6rbFA6IGkaIRVQ==/base.apk' with 1 weak references
1788680942.473 10303  9702  9708 W com.unique: ApkAssets: Deleting an ApkAssets object '<empty> and /data/app/~~e73com6-x5yH2jsqLP0xmw==/com.preff.kb.xm-KpegMO3lV97rVDDSSmsbFg==/base.apk' with 1 weak references
1788680942.475 10303  9702  9708 W com.unique: ApkAssets: Deleting an ApkAssets object '<empty> and /data/app/~~ybthXu1lfLhXH0A_ezjXOQ==/com.Chillow.CustomRise-jbRzsHDPDsDqtF4ya8mKFQ==/base.apk' with 1 weak references
1788680942.476 10303  9702  9708 W com.unique: ApkAssets: Deleting an ApkAssets object '<empty> and /data/app/~~5UvyUty5uHV3AXEdZmqD2w==/com.pinterest-lPffnbjAGLKDxKewLDe9fA==/base.apk' with 1 weak references
1788680942.477 10303  9702  9708 W com.unique: ApkAssets: Deleting an ApkAssets object '<empty> and /data/app/~~5UvyUty5uHV3AXEdZmqD2w==/com.pinterest-lPffnbjAGLKDxKewLDe9fA==/split_config.arm64_v8a.apk' with 1 weak references
1788680942.477 10303  9702  9708 W com.unique: ApkAssets: Deleting an ApkAssets object '<empty> and /data/app/~~5UvyUty5uHV3AXEdZmqD2w==/com.pinterest-lPffnbjAGLKDxKewLDe9fA==/split_config.ru.apk' with 1 weak references
1788680942.477 10303  9702  9708 W com.unique: ApkAssets: Deleting an ApkAssets object '<empty> and /data/app/~~5UvyUty5uHV3AXEdZmqD2w==/com.pinterest-lPffnbjAGLKDxKewLDe9fA==/split_config.xxhdpi.apk' with 1 weak references
1788680942.478 10303  9702  9708 W com.unique: ApkAssets: Deleting an ApkAssets object '<empty> and /data/app/~~dLYsOqWzTnFcjo2aHD3xSQ==/bin.mt.plus-R6p8RfoCeLQWL_mDoMlBsw==/base.apk' with 1 weak references
1788680942.478 10303  9702  9708 W com.unique: ApkAssets: Deleting an ApkAssets object '<empty> and /data/app/MIUICompassGlobal/base.apk' with 1 weak references
1788680942.479 10303  9702  9708 W com.unique: ApkAssets: Deleting an ApkAssets object '<empty> and /data/app/~~FbRqAr85vnOKgdJeIwPSHg==/com.f0x1d.logfox-3E_m6EooCJ8N7AUdxRJEng==/base.apk' with 1 weak references
1788680942.480 10303  9702  9708 W com.unique: ApkAssets: Deleting an ApkAssets object '<empty> and /data/app/~~R3xOm83wV6nXDxL1np_JpQ==/com.axlebolt.standoff2-1qyH-RbRcbkMQBQ-x5XKyg==/base.apk' with 1 weak references
1788680942.481 10303  9702  9708 W com.unique: ApkAssets: Deleting an ApkAssets object '<empty> and /data/app/~~J39jRrIsqrfa_ve43AGRfA==/com.google.android.apps.bard-tjj9Z_NgMfNFo9NyS1eyrw==/base.apk' with 1 weak references
1788680942.481 10303  9702  9708 W com.unique: ApkAssets: Deleting an ApkAssets object '<empty> and /data/app/~~J39jRrIsqrfa_ve43AGRfA==/com.google.android.apps.bard-tjj9Z_NgMfNFo9NyS1eyrw==/split_config.arm64_v8a.apk' with 1 weak references
1788680942.483 10303  9702  9708 W com.unique: ApkAssets: Deleting an ApkAssets object '<empty> and /data/app/~~fDqH7SpA32dU_mxStcmXBQ==/com.emanuelef.remote_capture-5WExiOcv_yR73wMh7w64Zg==/base.apk' with 1 weak references
1788680942.484 10303  9702  9708 W com.unique: ApkAssets: Deleting an ApkAssets object '<empty> and /data/app/~~fDqH7SpA32dU_mxStcmXBQ==/com.emanuelef.remote_capture-5WExiOcv_yR73wMh7w64Zg==/split_config.arm64_v8a.apk' with 1 weak references
1788680942.484 10303  9702  9708 W com.unique: ApkAssets: Deleting an ApkAssets object '<empty> and /data/app/~~fDqH7SpA32dU_mxStcmXBQ==/com.emanuelef.remote_capture-5WExiOcv_yR73wMh7w64Zg==/split_config.ru.apk' with 1 weak references
1788680942.485 10303  9702  9708 W com.unique: ApkAssets: Deleting an ApkAssets object '<empty> and /data/app/~~fDqH7SpA32dU_mxStcmXBQ==/com.emanuelef.remote_capture-5WExiOcv_yR73wMh7w64Zg==/split_config.xxhdpi.apk' with 1 weak references
1788680942.485 10303  9702  9708 W com.unique: ApkAssets: Deleting an ApkAssets object '<empty> and /data/app/MIUINotes/base.apk' with 1 weak references
1788680942.486 10303  9702  9708 W com.unique: ApkAssets: Deleting an ApkAssets object '<empty> and /data/app/~~ToEzooAkrU67onkDMsOz-A==/com.xiaomi.midrop-QRwPNiaj1B-KMGM4I2vZlg==/base.apk' with 1 weak references
1788680942.487 10303  9702  9708 W com.unique: ApkAssets: Deleting an ApkAssets object '<empty> and /data/app/~~znQWjrS88Ohx8dtGgw8_cg==/com.avo.vpn-Qnj7RP4c8L4ASKYHsR0wRg==/base.apk' with 1 weak references
1788680942.488 10303  9702  9708 W com.unique: ApkAssets: Deleting an ApkAssets object '<empty> and /data/app/~~znQWjrS88Ohx8dtGgw8_cg==/com.avo.vpn-Qnj7RP4c8L4ASKYHsR0wRg==/split_config.arm64_v8a.apk' with 1 weak references
1788680942.488 10303  9702  9708 W com.unique: ApkAssets: Deleting an ApkAssets object '<empty> and /data/app/~~znQWjrS88Ohx8dtGgw8_cg==/com.avo.vpn-Qnj7RP4c8L4ASKYHsR0wRg==/split_config.ru.apk' with 1 weak references
1788680942.488 10303  9702  9708 W com.unique: ApkAssets: Deleting an ApkAssets object '<empty> and /data/app/~~znQWjrS88Ohx8dtGgw8_cg==/com.avo.vpn-Qnj7RP4c8L4ASKYHsR0wRg==/split_config.xxhdpi.apk' with 1 weak references
1788680942.489 10303  9702  9708 W com.unique: ApkAssets: Deleting an ApkAssets object '<empty> and /data/app/~~HlE7G1zZsYmJdyiSJ5bWPg==/com.xiaomi.wearable-mw4unPETK0LMg7u69qppjA==/base.apk' with 1 weak references
1788680942.489 10303  9702  9708 W com.unique: ApkAssets: Deleting an ApkAssets object '<empty> and /data/app/~~HlE7G1zZsYmJdyiSJ5bWPg==/com.xiaomi.wearable-mw4unPETK0LMg7u69qppjA==/split_config.arm64_v8a.apk' with 1 weak references
1788680942.490 10303  9702  9708 W com.unique: ApkAssets: Deleting an ApkAssets object '<empty> and /data/app/~~HlE7G1zZsYmJdyiSJ5bWPg==/com.xiaomi.wearable-mw4unPETK0LMg7u69qppjA==/split_config.ru.apk' with 1 weak references
1788680942.490 10303  9702  9708 W com.unique: ApkAssets: Deleting an ApkAssets object '<empty> and /data/app/~~HlE7G1zZsYmJdyiSJ5bWPg==/com.xiaomi.wearable-mw4unPETK0LMg7u69qppjA==/split_config.xxhdpi.apk' with 1 weak references
1788680942.491 10303  9702  9708 W com.unique: ApkAssets: Deleting an ApkAssets object '<empty> and /data/app/MIUICalculatorGlobal/base.apk' with 1 weak references
1788680942.492 10303  9702  9708 W com.unique: ApkAssets: Deleting an ApkAssets object '<empty> and /data/app/~~0P94X6q7hQFnvISy4kIBtA==/org.mozilla.firefox-V-RMBJjuN885jasHsv697A==/base.apk' with 1 weak references
1788680942.493 10303  9702  9708 W com.unique: ApkAssets: Deleting an ApkAssets object '<empty> and /data/app/~~0P94X6q7hQFnvISy4kIBtA==/org.mozilla.firefox-V-RMBJjuN885jasHsv697A==/split_config.arm64_v8a.apk' with 1 weak references
1788680942.493 10303  9702  9708 W com.unique: ApkAssets: Deleting an ApkAssets object '<empty> and /data/app/~~0P94X6q7hQFnvISy4kIBtA==/org.mozilla.firefox-V-RMBJjuN885jasHsv697A==/split_config.xxhdpi.apk' with 1 weak references
1788680942.494 10303  9702  9708 W com.unique: ApkAssets: Deleting an ApkAssets object '<empty> and /data/app/~~0uKMRni55eIeGuBA-UdIqg==/llc.itdev.incy-mpenI8rpAkCFByZR5jO9gg==/base.apk' with 1 weak references
1788680942.494 10303  9702  9708 W com.unique: ApkAssets: Deleting an ApkAssets object '<empty> and /data/app/MIUIWeatherGlobal/base.apk' with 1 weak references
1788680942.496 10303  9702  9708 W com.unique: ApkAssets: Deleting an ApkAssets object '<empty> and /data/app/~~aWOPbtkIcfivimg0lCNOxw==/com.termux-PK0SDb6b5-Yp-w60yEc5cg==/base.apk' with 1 weak references
1788680945.479 10303  9702  9702 W WindowOnBackDispatcher: sendCancelIfRunning: isInProgress=false callback=ImeCallback=ImeOnBackInvokedCallback@173820566 Callback=android.window.IOnBackInvokedCallback$Stub$Proxy@538e734
1788680945.981 10303  9702  9723 I Unique  : 2026-09-06 14:49:05.980 I STORAGE IMPORT_STARTED package=com.axlebolt.standoff2 files=1
1788680949.373 10303  9702  9723 I Unique  : 2026-09-06 14:49:09.372 I STORAGE PACKAGE_IMPORTED package=com.axlebolt.standoff2 versionCode=203908 splits=1 libs=21 abi=arm64-v8a bytes=110086616 readOnlyApks=1
1788680949.441 10303  9702  9822 I Unique  : 2026-09-06 14:49:09.439 I STORAGE INSTANCE_PREPARED vuid=4 package=com.axlebolt.standoff2 created=13
1788680949.452 10303  9702  9822 I Unique  : 2026-09-06 14:49:09.450 I STORAGE INSTANCE_CREATED package=com.axlebolt.standoff2 vuid=4 name=Profile 1 androidId=d1058e197f5e8b95
1788680949.519 10303  9702  9822 I Unique  : 2026-09-06 14:49:09.516 I PROCESS BROADCAST_ROUTES_REGISTERED package=com.a0soft.gphone.acc.free vuid=0 routes=26 actions=android.intent.action.APPLICATION_RESTRICTIONS_CHANGED,android.intent.action.MEDIA_MOUNTED,androidx.work.diagnostics.REQUEST_DIAGNOSTICS,com.attribution.SYSTEM_INSTALLER_REFERRER,androidx.profileinstaller.action.SKIP_FILE,android.intent.action.LOCALE_CHANGED,com.facebook.sdk.ACTION_CURRENT_ACCESS_TO
1788680949.521 10303  9702  9822 I Unique  : 2026-09-06 14:49:09.519 I PROCESS PROVIDER_ROUTES_REGISTERED package=com.a0soft.gphone.acc.free vuid=0 authorities=[redacted]
1788680949.566 10303  9702  9822 I Unique  : 2026-09-06 14:49:09.565 I PROCESS BROADCAST_ROUTES_REGISTERED package=com.openai.chatgpt vuid=1 routes=9 actions=android.intent.action.APPLICATION_RESTRICTIONS_CHANGED,android.intent.action.MEDIA_MOUNTED,androidx.work.diagnostics.REQUEST_DIAGNOSTICS,com.attribution.SYSTEM_INSTALLER_REFERRER,androidx.profileinstaller.action.SKIP_FILE,android.intent.action.LOCALE_CHANGED,com.facebook.sdk.ACTION_CURRENT_ACCESS_TO
1788680949.567 10303  9702  9822 I Unique  : 2026-09-06 14:49:09.567 I PROCESS PROVIDER_ROUTES_REGISTERED package=com.openai.chatgpt vuid=1 authorities=[redacted]
1788680949.584 10303  9702  9822 I Unique  : 2026-09-06 14:49:09.583 I PROCESS BROADCAST_ROUTES_REGISTERED package=com.gordey.standarling vuid=2 routes=3 actions=android.intent.action.APPLICATION_RESTRICTIONS_CHANGED,android.intent.action.MEDIA_MOUNTED,androidx.work.diagnostics.REQUEST_DIAGNOSTICS,com.attribution.SYSTEM_INSTALLER_REFERRER,androidx.profileinstaller.action.SKIP_FILE,android.intent.action.LOCALE_CHANGED,com.facebook.sdk.ACTION_CURRENT_ACCESS_TO
1788680949.585 10303  9702  9822 I Unique  : 2026-09-06 14:49:09.584 I PROCESS PROVIDER_ROUTES_REGISTERED package=com.gordey.standarling vuid=2 authorities=[redacted]
1788680949.591 10303  9702  9822 I Unique  : 2026-09-06 14:49:09.590 I PROCESS BROADCAST_ROUTES_REGISTERED package=com.Chillow.CustomRise vuid=3 routes=4 actions=android.intent.action.APPLICATION_RESTRICTIONS_CHANGED,android.intent.action.MEDIA_MOUNTED,androidx.work.diagnostics.REQUEST_DIAGNOSTICS,com.attribution.SYSTEM_INSTALLER_REFERRER,androidx.profileinstaller.action.SKIP_FILE,android.intent.action.LOCALE_CHANGED,com.facebook.sdk.ACTION_CURRENT_ACCESS_TO
1788680949.592 10303  9702  9822 I Unique  : 2026-09-06 14:49:09.592 I PROCESS PROVIDER_ROUTES_REGISTERED package=com.Chillow.CustomRise vuid=3 authorities=[redacted]
1788680949.611 10303  9702  9822 I Unique  : 2026-09-06 14:49:09.610 I PROCESS BROADCAST_ROUTES_REGISTERED package=com.axlebolt.standoff2 vuid=4 routes=12 actions=androidx.work.impl.background.systemalarm.UpdateProxies,android.intent.action.MEDIA_MOUNTED,androidx.profileinstaller.action.SKIP_FILE,com.facebook.sdk.ACTION_CURRENT_ACCESS_TOKEN_CHANGED,com.a0soft.gphone.acc.ActionClearAppCachesFinished,android.intent.action.MY_PACKAGE_SUSPENDED,androidx.profilein
1788680949.612 10303  9702  9822 I Unique  : 2026-09-06 14:49:09.612 I PROCESS PROVIDER_ROUTES_REGISTERED package=com.axlebolt.standoff2 vuid=4 authorities=[redacted]
1788680949.617 10303  9702  9702 I Unique  : 2026-09-06 14:49:09.616 I PROCESS PROCESS_RELEASED slot=:vapp3 reason=process gone
1788680949.621 10303  9702  9702 I Unique  : 2026-09-06 14:49:09.619 I PROCESS PROCESS_ASSIGNED slot=:vapp3 vuid=4 process=com.axlebolt.standoff2
1788680949.634 10303  9702  9702 I Unique  : 2026-09-06 14:49:09.631 I PROCESS BROADCAST_ROUTED_COLD action=android.net.conn.CONNECTIVITY_CHANGE package=com.axlebolt.standoff2 vuid=4 receiver=com.mbridge.msdk.foundation.same.broadcast.NetWorkChangeReceiver started=true
1788680949.636 10303  9702  9822 I Unique  : 2026-09-06 14:49:09.635 I PROCESS BROADCAST_ROUTER_READY instances=5 actions=27 authorities=[redacted]
1788680949.688 10303 13879 13879 D nativeloader: Load libframework-connectivity-tiramisu-jni.so using APEX ns com_android_tethering for caller /apex/com.android.tethering/javalib/framework-connectivity-t.jar: ok
1788680949.718 10303 13879 13879 D ActivityThread: setEmbeddedParam packageName=com.unique processName=com.unique:vapp3 isEmbedded=false isIsolated=false
1788680949.720 10303 13879 13879 D ApplicationLoaders: Returning zygote-cached class loader: /system_ext/framework/androidx.window.extensions.jar
1788680949.720 10303 13879 13879 D ApplicationLoaders: Returning zygote-cached class loader: /system_ext/framework/androidx.window.sidecar.jar
1788680949.724 10303 13879 13879 D nativeloader: Configuring clns-7 for other apk /data/app/~~uSPrrBDnPbh7oiSxSbJTTw==/com.unique-Tvl4u3f1WcQMODM0rNq5rg==/base.apk. target_sdk_version=36, uses_libraries=, library_path=/data/app/~~uSPrrBDnPbh7oiSxSbJTTw==/com.unique-Tvl4u3f1WcQMODM0rNq5rg==/lib/arm64:/data/app/~~uSPrrBDnPbh7oiSxSbJTTw==/com.unique-Tvl4u3f1WcQMODM0rNq5rg==/base.apk!/lib/arm64-v8a, permitted_path=/data:/mnt/expand:/data/user/0/com.unique
1788680949.735 10303 13879 13879 V GraphicsEnvironment: Currently set values for:
1788680949.735 10303 13879 13879 V GraphicsEnvironment:   angle_gl_driver_selection_pkgs=[]
1788680949.735 10303 13879 13879 V GraphicsEnvironment:   angle_gl_driver_selection_values=[]
1788680949.735 10303 13879 13879 V GraphicsEnvironment: Global.Settings values are invalid: number of packages: 0, number of values: 0
1788680949.735 10303 13879 13879 V GraphicsEnvironment: App is not on the allowlist for updatable production driver.
1788680949.736 10303 13879 13879 I ActivityThread: TrafficStats init done
1788680949.745 10303 13879 13879 D ActivityThread: useGrowthLimitOutExpendMethod invoke error.
1788680949.752 10303 13879 13879 D nativeloader: Load libforcedarkimpl.so using system ns (caller=/system_ext/framework/miui-framework.jar): ok
1788680949.759 10303 13879 13879 I ActivityThread: Miui Feature Init done
1788680949.774 10303 13879 13879 I Unique  : 2026-09-06 14:49:09.766 I PROCESS PROCESS_START process=com.unique:vapp3 kind=VAPP sdk=35 abi=arm64-v8a,armeabi-v7a,armeabi
1788680949.814 10303  9702  9723 W PackageParsing: Ignoring duplicate uses-permissions/uses-permissions-sdk-m: android.permission.INTERNET in package: com.axlebolt.standoff2 at: Binary XML file line #21
1788680949.842 10303 13879 13879 I Unique  : 2026-09-06 14:49:09.841 I HOOK HIDDEN_API_GRANTED via=HiddenApiBypass
1788680949.848 10303 13879 13879 D nativeloader: Load /data/app/~~uSPrrBDnPbh7oiSxSbJTTw==/com.unique-Tvl4u3f1WcQMODM0rNq5rg==/base.apk!/lib/arm64-v8a/libunique_native.so using class loader ns clns-7 (caller=/data/app/~~uSPrrBDnPbh7oiSxSbJTTw==/com.unique-Tvl4u3f1WcQMODM0rNq5rg==/base.apk): ok
1788680949.848 10303 13879 13879 I UniqueNative: libunique_native loaded (page size 4096)
1788680949.850 10303 13879 13879 I Unique  : 2026-09-06 14:49:09.849 I LAUNCH INTERCEPTOR_INSTALLED executeTransaction=159
1788680949.850 10303 13879 13879 I Unique  : 2026-09-06 14:49:09.850 I PROCESS VAPP_READY slot=3
1788680949.853 10303 13879 13879 I Unique  : 2026-09-06 14:49:09.852 I PROCESS STUB_PROVIDER_CREATED slot=3
1788680949.854 10303  9702  9723 I Unique  : 2026-09-06 14:49:09.853 I STORAGE GUEST_INFO_RESOLVED package=com.axlebolt.standoff2 label=Standoff 2 icon=true
1788680949.859 10303 13879 13879 D Unique  : 2026-09-06 14:49:09.858 D LAUNCH CALLBACK_ALIVE what=164 obj=java.lang.String
1788680949.860 10303 13879 13879 D Unique  : 2026-09-06 14:49:09.859 D LAUNCH CALLBACK_ALIVE what=114 obj=android.app.ActivityThread$CreateServiceData
1788680949.862 10303 13879 13879 I Unique  : 2026-09-06 14:49:09.861 I PROCESS CREATE_SERVICE_COLD_BROADCAST stub=com.unique.stub.ServiceStub_p3_s6
1788680949.863 10303 13879 13879 D Unique  : 2026-09-06 14:49:09.862 D LAUNCH CALLBACK_ALIVE what=115 obj=android.app.ActivityThread$ServiceArgsData
1788680949.889 10303  9702  9702 W WindowOnBackDispatcher: sendCancelIfRunning: isInProgress=false callback=io.flutter.embedding.android.FlutterActivity$1@cab8d4d
1788680949.947 10303 13879 13879 I Unique  : 2026-09-06 14:49:09.946 I PROCESS PROCESS_RENAMED argv0=com.axlebolt.standoff2
1788680951.856 10303 13879 13879 D nativeloader: Configuring clns-8 for other apk /data/user/0/com.unique/files/virtual/apk/com.axlebolt.standoff2/203908/base.apk. target_sdk_version=36, uses_libraries=, library_path=/data/user/0/com.unique/files/virtual/apk/com.axlebolt.standoff2/203908/lib/arm64-v8a:/data/user/0/com.unique/files/virtual/apk/com.axlebolt.standoff2/203908/base.apk!/lib/arm64-v8a, permitted_path=/data:/mnt/expand:/data/user/0/com.unique/files/virtual/users/4/data/com.axlebolt.standoff2
1788680951.871 10303 13879 13879 I Unique  : 2026-09-06 14:49:11.870 I PROCESS PROFILE_BOUND profile=2bdefb80-3187-4b4d-8aea-ffdccbd2aa38 androidId=d1058e197f5e8b95 generation=1
1788680951.874 10303 13879 13879 I Unique  : 2026-09-06 14:49:11.873 I PROCESS BUILD_OVERRIDES_APPLIED applied=1 requested=1
1788680951.875 10303 13879 13879 I Unique  : 2026-09-06 14:49:11.874 I LAUNCH PROFILE_BOUND profileId=2bdefb80-3187-4b4d-8aea-ffdccbd2aa38 generation=1
1788680951.887 10303 13879 13879 I Unique  : 2026-09-06 14:49:11.886 I PROCESS PERMISSION_CACHE_DISABLED disabled=disablePackageNamePermissionCache,disablePermissionCache,disableApplicationInfoCache,disablePackageInfoCache,disableGetPackagesForUidCache failed=android.app.ActivityManager: no disable*Cache()
1788680951.900 10303 13879 13879 I Unique  : 2026-09-06 14:49:11.898 I PROCESS PERMISSIONS_BOUND package=com.axlebolt.standoff2 vuid=4 declared=28 restored=0 runtime=6 installTime=22 selfDefined=2
1788680951.923 10303 13879 13879 I Unique  : 2026-09-06 14:49:11.921 I HOOK SERVICE_HOOKED service=package cache=true singletons=1 bound=permissionCheck,getActivityInfo,applicationEnabledSetting,getApplicationInfo,componentEnabledSetting,installedPackages,getInstallerPackageName,getNameForUid,getPackageUid,getPackageInfo,getPackagesForUid,getProviderInfo,getReceiverInfo,getServiceInfo,queryIntent,resolveContentProvider,resolveIntent matched=permissionCheck=checkPermission+checkUidPermission,getActivityInfo,applicationEnabledSetting=getApplicationEnabledSetting+setApplicationEnabledSetting,getApplicationInfo,componentEnabledSetting=getComponentEnabledSetting+setComponentEnabledSetting,installedPackages=getInstalledApplications+getInstalledPackages,getInstallerPackageName,getNameForUid,getPackageUid=getPackageGids+getPackageUid,getPack
1788680951.925 10303 13879 13879 I Unique  : 2026-09-06 14:49:11.923 I LAUNCH VPM_HOOK_INSTALLED package=com.axlebolt.standoff2 bound=permissionCheck,getActivityInfo,applicationEnabledSetting,getApplicationInfo,componentEnabledSetting,installedPackages,getInstallerPackageName,getNameForUid,getPackageUid,getPackageInfo,getPackagesForUid,getProviderInfo,getReceiverInfo,getServiceInfo,queryIntent,resolveContentProvider,resolveIntent
1788680951.965 10303 13879 13879 I Unique  : 2026-09-06 14:49:11.962 I HOOK SERVICE_HOOKED service=activity cache=true singletons=1 bound=serviceDispatch,callerIdentity,permissionCheck,getContentProvider,intentSender,runningProcesses,registerReceiver,foregroundService matched=serviceDispatch=bindService+bindServiceInstance+peekService+publishService+startService+stopService+unbindFinished,callerIdentity=broadcastIntent+broadcastIntentWithFeature+getBindingUidProcessState+getContentProviderExternal+getHistoricalProcessExitReasons+getHistoricalProcessStartReasons+getPackageProcessState+getTagForIntentSender+getUidLastIdleElapsedTime+getUidProcessCapabilities+getUidProces
1788680951.969 10303 13879 13879 I Unique  : 2026-09-06 14:49:11.965 I LAUNCH VAM_HOOK_INSTALLED package=com.axlebolt.standoff2 host=com.unique methods=8 matched=serviceDispatch=bindService+bindServiceInstance+peekService+publishService+startService+stopService+unbindFinished,callerIdentity=broadcastIntent+broadcastIntentWithFeature+getBindingUidProcessState+getContentProviderExternal+getHistoricalProcessExitReasons+getHistoricalProcessStartReasons+getPackageProcessState+getTagForIntentSender+getUidLastIdleElapsedTime+getUidProcessCapabilities+getUidProcessState+grantUriPermission+isBackgroundRestricted+isUidActive+moveTaskToFront+revokeUriPermission+sendIntentSender+startActivity+startActivityAsUser+startActivityAsUserWithFeature+startActivityWithFeature,permissionCheck=checkPermission+checkPermissionForDevice,getContentProvider,intentSender=getIntentSender+getIntentSenderWithFeature,runningProcesses=getRunningAppProcesses+getServices,registerReceiver=registerReceiver+registerReceiverWithFeature,foregroundService=setServiceForeground
1788680951.978 10303 13879 13879 I Unique  : 2026-09-06 14:49:11.976 I HOOK SERVICE_HOOKED service=activity_task cache=true singletons=1 bound=activityStart matched=activityStart=startActivities+startActivity+startActivityAndWait+startActivityAsCaller+startActivityAsUser+startActivityFromGameSession+startActivityIntentSender+startActivityWithConfig
1788680951.981 10303 13879 13879 I Unique  : 2026-09-06 14:49:11.979 I LAUNCH ATM_HOOK_INSTALLED package=com.axlebolt.standoff2 host=com.unique matched=activityStart=startActivities+startActivity+startActivityAndWait+startActivityAsCaller+startActivityAsUser+startActivityFromGameSession+startActivityIntentSender+startActivityWithConfig
1788680951.989 10303 13879 13879 I Unique  : 2026-09-06 14:49:11.987 I HOOK SERVICE_HOOKED service=permissionmgr cache=true singletons=1 bound=shouldShowRequestPermissionRationale matched=shouldShowRequestPermissionRationale
1788680951.991 10303 13879 13879 I Unique  : 2026-09-06 14:49:11.989 I HOOK PERMISSION_MANAGER_HOOKED matched=shouldShowRequestPermissionRationale
1788680951.999 10303 13879 13879 I Unique  : 2026-09-06 14:49:11.996 I HOOK SERVICE_HOOKED service=appops cache=true singletons=0 bound=appOpIdentity matched=appOpIdentity=checkAudioOperation+checkOperation+checkOperationForDevice+checkOperationRaw+checkOperationRawForDevice+checkPackage+collectNoteOpCallsForValidation+extractAsyncOps+finishOperation+finishOperationForDevice+getHistoricalOps+getHistoricalOpsFromDiskRaw+getOpsForPackage+getPackagesForOpsForDevice+isOperationActive+isProxying+noteOperation+noteOperationForDevice+noteProxyOperation+notePr
1788680952.001 10303 13879 13879 I Unique  : 2026-09-06 14:49:11.999 I HOOK APPOPS_HOOKED package=com.axlebolt.standoff2 host=com.unique matched=appOpIdentity=checkAudioOperation+checkOperation+checkOperationForDevice+checkOperationRaw+checkOperationRawForDevice+checkPackage+collectNoteOpCallsForValidation+extractAsyncOps+finishOperation+finishOperationForDevice+getHistoricalOps+getHistoricalOpsFromDiskRaw+getOpsForPackage+getPackagesForOpsForDevice+isOperationActive+isProxying+noteOperation+noteOperationForDevice+noteProxyOperation+notePr
1788680952.018 10303 13879 13879 I Unique  : 2026-09-06 14:49:12.016 I PROCESS SETTINGS_CACHES_PRIMED wrappedByHand=0 alreadyWrapped=3 empty=1
1788680952.020 10303 13879 13879 I Unique  : 2026-09-06 14:49:12.018 I PROCESS PROVIDER_CACHES_EVICTED activityThreadProviders=2 providerRefCounts=1 settingsCaches=4 settingsWrapped=3 hostSource=com.unique hostSourceUid=10303
1788680952.028 10303 13879 13879 I Unique  : 2026-09-06 14:49:12.026 I PROCESS NETWORK_SECURITY_INSTALLED package=com.axlebolt.standoff2 configRes=0 targetSdk=36
1788680952.029 10303 13879 13879 I UniqueNative: redirect table set: 8 rule(s)
1788680952.031 10303 13879 13879 W UniqueNative: io_redirect: filter did not match: /data/user/0/com.unique/files/virtual/apk/com.axlebolt.standoff2/203908/lib/arm64-v8a
1788680952.031 10303 13879 13879 W UniqueNative: io_redirect: filter did not match: /data/data/com.unique/files/virtual/apk/com.axlebolt.standoff2/203908/lib/arm64-v8a
1788680952.031 10303 13879 13879 W UniqueNative: io_redirect: filter did not match: /data/user/0/com.unique/files/virtual/apk/com.axlebolt.standoff2/203908
1788680952.031 10303 13879 13879 W UniqueNative: io_redirect: filter did not match: /data/data/com.unique/files/virtual/apk/com.axlebolt.standoff2/203908
1788680952.031 10303 13879 13879 W UniqueNative: io_redirect: app-private library seen: /data/misc/apexdata/com.android.art/dalvik-cache/arm64/boot.oat
1788680952.031 10303 13879 13879 W UniqueNative: io_redirect: app-private library seen: /data/misc/apexdata/com.android.art/dalvik-cache/arm64/boot-framework-adservices.oat
1788680952.031 10303 13879 13879 W UniqueNative: io_redirect: app-private library seen: /data/app/~~uSPrrBDnPbh7oiSxSbJTTw==/com.unique-Tvl4u3f1WcQMODM0rNq5rg==/oat/arm64/base.odex
1788680952.031 10303 13879 13879 W UniqueNative: io_redirect: app-private library seen: /data/app/~~uSPrrBDnPbh7oiSxSbJTTw==/com.unique-Tvl4u3f1WcQMODM0rNq5rg==/base.apk!/lib/arm64-v8a/libunique_native.so
1788680952.036 10303 13879 13879 I UniqueNative: io_redirect: library-load watch installed (3 slot(s) in 2 libraries)
1788680952.036 10303 13879 13879 W UniqueNative: io_redirect: watch saw but did not match: /data/misc/apexdata/com.android.art/dalvik-cache/arm64/boot.oat
1788680952.036 10303 13879 13879 W UniqueNative: io_redirect: watch saw but did not match: /data/misc/apexdata/com.android.art/dalvik-cache/arm64/boot-framework-adservices.oat
1788680952.036 10303 13879 13879 W UniqueNative: io_redirect: watch saw but did not match: /data/app/~~uSPrrBDnPbh7oiSxSbJTTw==/com.unique-Tvl4u3f1WcQMODM0rNq5rg==/oat/arm64/base.odex
1788680952.036 10303 13879 13879 W UniqueNative: io_redirect: watch saw but did not match: /data/app/~~uSPrrBDnPbh7oiSxSbJTTw==/com.unique-Tvl4u3f1WcQMODM0rNq5rg==/base.apk!/lib/arm64-v8a/libunique_native.so
1788680952.038 10303 13879 13879 I Unique  : 2026-09-06 14:49:12.037 I NATIVE IO_REDIRECT_INSTALLED status=NOTHING_TO_HOOK watch=OK rules=8 slots=0 scope=/data/user/0/com.unique/files/virtual/apk/com.axlebolt.standoff2/203908/lib/arm64-v8a,/data/data/com.unique/files/virtual/apk/com.axlebolt.standoff2/203908/lib/arm64-v8a,/data/user/0/com.unique/files/
1788680952.040 10303 13879 13879 I Unique  : 2026-09-06 14:49:12.039 I WEBVIEW WEBVIEW_DATA_DIR_SUFFIX suffix=vapp3 slot=3
1788680952.042 10303 13879 13879 I UniqueNative: crash: recording 6 signal(s) to /data/user/0/com.unique/files/virtual/runtime/diagnostics/4/com.axlebolt.standoff2/native-crash-13879.properties
1788680952.044 10303 13879 13879 I Unique  : 2026-09-06 14:49:12.042 I NATIVE NATIVE_CRASH_HANDLER status=OK file=/data/user/0/com.unique/files/virtual/runtime/diagnostics/4/com.axlebolt.standoff2/native-crash-13879.properties
1788680952.048 10303 13879 13879 I Unique  : 2026-09-06 14:49:12.046 I STORAGE EXTERNAL_STORAGE_REDIRECTED package=com.axlebolt.standoff2 vuid=4 root=/data/user/0/com.unique/files/virtual/users/4/sdcard
1788680952.053 10303 13879 13879 I Unique  : 2026-09-06 14:49:12.051 I HOOK SERVICE_HOOKED service=alarm cache=true singletons=0 bound=callerPackage matched=callerPackage=canScheduleExactAlarms+cancelPoweroffAlarm+hasScheduleExactAlarm+removeAll+set+setTimeZone
1788680952.055 10303 13879 13879 I Unique  : 2026-09-06 14:49:12.054 I HOOK IDENTITY_HOOK_INSTALLED service=alarm package=com.axlebolt.standoff2 matched=callerPackage=canScheduleExactAlarms+cancelPoweroffAlarm+hasScheduleExactAlarm+removeAll+set+setTimeZone
1788680952.061 10303 13879 13879 I Unique  : 2026-09-06 14:49:12.058 I HOOK SERVICE_HOOKED service=clipboard cache=true singletons=0 bound=callerPackage matched=callerPackage=addPrimaryClipChangedListener+clearPrimaryClip+getPrimaryClip+getPrimaryClipDescription+getPrimaryClipSource+getUserPrimaryClip+hasClipboardText+hasPrimaryClip+removePrimaryClipChangedListener+setPrimaryClip+setPrimaryClipAsPackage
1788680952.063 10303 13879 13879 I Unique  : 2026-09-06 14:49:12.061 I HOOK IDENTITY_HOOK_INSTALLED service=clipboard package=com.axlebolt.standoff2 matched=callerPackage=addPrimaryClipChangedListener+clearPrimaryClip+getPrimaryClip+getPrimaryClipDescription+getPrimaryClipSource+getUserPrimaryClip+hasClipboardText+hasPrimaryClip+removePrimaryClipChangedListener+setPrimaryClip+setPrimaryClipAsPackage
1788680952.067 10303 13879 13879 I Unique  : 2026-09-06 14:49:12.065 I HOOK SERVICE_HOOKED service=restrictions cache=true singletons=0 bound=callerPackage matched=callerPackage=getApplicationRestrictions+getApplicationRestrictionsPerAdminForUser+notifyPermissionResponse+requestPermission
1788680952.068 10303 13879 13879 I Unique  : 2026-09-06 14:49:12.067 I HOOK IDENTITY_HOOK_INSTALLED service=restrictions package=com.axlebolt.standoff2 matched=callerPackage=getApplicationRestrictions+getApplicationRestrictionsPerAdminForUser+notifyPermissionResponse+requestPermission
1788680952.073 10303 13879 13879 I Unique  : 2026-09-06 14:49:12.072 I HOOK SERVICE_HOOKED service=locale cache=true singletons=0 bound=callerPackage,setApplicationLocales matched=callerPackage=getApplicationLocales+getOverrideLocaleConfig+setOverrideLocaleConfig,setApplicationLocales
1788680952.075 10303 13879 13879 I Unique  : 2026-09-06 14:49:12.074 I HOOK IDENTITY_HOOK_INSTALLED service=locale package=com.axlebolt.standoff2 matched=callerPackage=getApplicationLocales+getOverrideLocaleConfig+setOverrideLocaleConfig,setApplicationLocales
1788680952.083 10303 13879 13879 I Unique  : 2026-09-06 14:49:12.081 I HOOK SERVICE_HOOKED service=connectivity cache=true singletons=0 bound=callerPackage matched=callerPackage=getDefaultNetworkCapabilitiesForUser+getLastTetherError+getNetworkCapabilities+getRedactedLinkPropertiesForPackage+getRedactedNetworkCapabilitiesForPackage+isConnectivityServiceFeatureEnabledForTesting+listenForNetwork+pendingListenForNetwork+pendingRequestForNetwork+registerConnectivityDiagnosticsCallback+registerNetworkProvider+requestNetwork+requestRouteToHostAddress+setProvisioni
1788680952.085 10303 13879 13879 I Unique  : 2026-09-06 14:49:12.083 I HOOK IDENTITY_HOOK_INSTALLED service=connectivity package=com.axlebolt.standoff2 matched=callerPackage=getDefaultNetworkCapabilitiesForUser+getLastTetherError+getNetworkCapabilities+getRedactedLinkPropertiesForPackage+getRedactedNetworkCapabilitiesForPackage+isConnectivityServiceFeatureEnabledForTesting+listenForNetwork+pendingListenForNetwork+pendingRequestForNetwork+registerConnectivi
1788680952.090 10303 13879 13879 I Unique  : 2026-09-06 14:49:12.088 I HOOK SERVICE_HOOKED service=power cache=true singletons=0 bound=callerPackage matched=callerPackage=acquireWakeLock+acquireWakeLockAsync+acquireWakeLockWithUid+crash+isAmbientDisplaySuppressedForToken+isAmbientDisplaySuppressedForTokenByApp+isFeatureAllowedInLowPowerStandby+reboot+shutdown+suppressAmbientDisplay+updateWakeLockWorkSource+wakeUp
1788680952.093 10303 13879 13879 I Unique  : 2026-09-06 14:49:12.091 I HOOK IDENTITY_HOOK_INSTALLED service=power package=com.axlebolt.standoff2 matched=callerPackage=acquireWakeLock+acquireWakeLockAsync+acquireWakeLockWithUid+crash+isAmbientDisplaySuppressedForToken+isAmbientDisplaySuppressedForTokenByApp+isFeatureAllowedInLowPowerStandby+reboot+shutdown+suppressAmbientDisplay+updateWakeLockWorkSource+wakeUp
1788680952.120 10303 13879 13879 I Unique  : 2026-09-06 14:49:12.117 I HOOK SERVICE_HOOKED service=wifi cache=true singletons=0 bound=callerPackage matched=callerPackage=acquireMulticastLock+acquireWifiLock+addLocalOnlyConnectionStatusListener+addNetworkSuggestions+addOrUpdateNetwork+addOrUpdateNetworkPrivileged+addOrUpdatePasspointConfiguration+addQosPolicies+addSuggestionUserApprovalStatusListener+allowAutojoinGlobal+allowAutojoinPasspoint+connect+disableEphemeralNetwork+disableNetwork+disconnect+enableNetwork+enableTdls+enableTdlsWithMacAddress+en
1788680952.122 10303 13879 13879 I Unique  : 2026-09-06 14:49:12.120 I HOOK IDENTITY_HOOK_INSTALLED service=wifi package=com.axlebolt.standoff2 matched=callerPackage=acquireMulticastLock+acquireWifiLock+addLocalOnlyConnectionStatusListener+addNetworkSuggestions+addOrUpdateNetwork+addOrUpdateNetworkPrivileged+addOrUpdatePasspointConfiguration+addQosPolicies+addSuggestionUserApprovalStatusListener+allowAutojoinGlobal+allowAutojoinPasspoint+connect+di
1788680952.131 10303 13879 13879 I Unique  : 2026-09-06 14:49:12.129 I HOOK SERVICE_HOOKED service=location cache=true singletons=0 bound=callerPackage matched=callerPackage=addGnssAntennaInfoListener+addGnssMeasurementsListener+addGnssNavigationMessageListener+addTestProvider+getCurrentLocation+getLastLocation+getProviderPackages+getProviderProperties+hasProvider+isProviderEnabledForUser+isProviderPackage+registerGnssNmeaCallback+registerGnssStatusCallback+registerLocationListener+registerLocationPendingIntent+removeTestProvider+requestGeofence+requestL
1788680952.133 10303 13879 13879 I Unique  : 2026-09-06 14:49:12.132 I HOOK IDENTITY_HOOK_INSTALLED service=location package=com.axlebolt.standoff2 matched=callerPackage=addGnssAntennaInfoListener+addGnssMeasurementsListener+addGnssNavigationMessageListener+addTestProvider+getCurrentLocation+getLastLocation+getProviderPackages+getProviderProperties+hasProvider+isProviderEnabledForUser+isProviderPackage+registerGnssNmeaCallback+registerGnssStatusCallbac
1788680952.158 10303 13879 13879 I Unique  : 2026-09-06 14:49:12.156 I HOOK SERVICE_HOOKED service=audio cache=true singletons=0 bound=callerPackage matched=callerPackage=abandonAudioFocus+abandonAudioFocusForTest+adjustStreamVolume+adjustStreamVolumeForUid+adjustStreamVolumeWithAttribution+adjustSuggestedStreamVolumeForUid+adjustVolumeGroupVolume+cacheParameters+disableSafeMediaVolume+getBluetoothAudioDeviceCategory+getBluetoothAudioDeviceCategory_legacy+getCacheParameters+getDeviceVolume+getNotificationUri+getPlayerVolume+handleVolumeKey+isBluetooth
1788680952.161 10303 13879 13879 I Unique  : 2026-09-06 14:49:12.159 I HOOK IDENTITY_HOOK_INSTALLED service=audio package=com.axlebolt.standoff2 matched=callerPackage=abandonAudioFocus+abandonAudioFocusForTest+adjustStreamVolume+adjustStreamVolumeForUid+adjustStreamVolumeWithAttribution+adjustSuggestedStreamVolumeForUid+adjustVolumeGroupVolume+cacheParameters+disableSafeMediaVolume+getBluetoothAudioDeviceCategory+getBluetoothAudioDeviceCategory_lega
1788680952.165 10303 13879 13899 W PackageParsing: Ignoring duplicate uses-permissions/uses-permissions-sdk-m: android.permission.INTERNET in package: com.axlebolt.standoff2 at: Binary XML file line #21
1788680952.165 10303 13879 13879 I Unique  : 2026-09-06 14:49:12.163 I HOOK SERVICE_HOOKED service=vibrator_manager cache=true singletons=0 bound=callerPackage matched=callerPackage=performHapticFeedback+setAlwaysOnEffect+vibrate
1788680952.167 10303 13879 13879 I Unique  : 2026-09-06 14:49:12.166 I HOOK IDENTITY_HOOK_INSTALLED service=vibrator_manager package=com.axlebolt.standoff2 matched=callerPackage=performHapticFeedback+setAlwaysOnEffect+vibrate
1788680952.175 10303 13879 13879 I Unique  : 2026-09-06 14:49:12.172 I HOOK SERVICE_HOOKED service=usagestats cache=true singletons=0 bound=callerPackage matched=callerPackage=clearBroadcastEvents+clearBroadcastResponseStats+getAppMinStandbyBucket+getAppStandbyBucket+getAppStandbyBuckets+getAppStandbyConstant+getLastTimeAnyComponentUsed+isAppInactive+isPackageExemptedFromBroadcastResponseStats+queryBroadcastResponseStats+queryConfigurationStats+queryEventStats+queryEvents+queryEventsForPackage+queryEventsForPackageForUser+queryEventsForUser+queryEventsWith
1788680952.177 10303 13879 13879 I Unique  : 2026-09-06 14:49:12.175 I HOOK IDENTITY_HOOK_INSTALLED service=usagestats package=com.axlebolt.standoff2 matched=callerPackage=clearBroadcastEvents+clearBroadcastResponseStats+getAppMinStandbyBucket+getAppStandbyBucket+getAppStandbyBuckets+getAppStandbyConstant+getLastTimeAnyComponentUsed+isAppInactive+isPackageExemptedFromBroadcastResponseStats+queryBroadcastResponseStats+queryConfigurationStats+queryEventSta
1788680952.192 10303 13879 13879 I Unique  : 2026-09-06 14:49:12.189 I HOOK SERVICE_HOOKED service=netstats cache=true singletons=0 bound=callerPackage matched=callerPackage=getIfaceStats+notifyNetworkStatus+openSessionForUsageStats+registerNetworkStatsProvider+registerUsageCallback+setStatsProviderWarningAndLimitAsync
1788680952.194 10303 13879 13879 I Unique  : 2026-09-06 14:49:12.192 I HOOK IDENTITY_HOOK_INSTALLED service=netstats package=com.axlebolt.standoff2 matched=callerPackage=getIfaceStats+notifyNetworkStatus+openSessionForUsageStats+registerNetworkStatsProvider+registerUsageCallback+setStatsProviderWarningAndLimitAsync
1788680952.199 10303 13879 13879 I Unique  : 2026-09-06 14:49:12.197 I HOOK SERVICE_HOOKED service=content cache=true singletons=0 bound=callerPackage matched=callerPackage=addPeriodicSync+cancelSync+cancelSyncAsUser+getCache+getIsSyncable+getIsSyncableAsUser+getPeriodicSyncs+getSyncAdapterPackageAsUser+getSyncAdapterPackagesForAuthorityAsUser+getSyncAutomatically+getSyncAutomaticallyAsUser+getSyncStatus+getSyncStatusAsUser+isSyncActive+isSyncPending+isSyncPendingAsUser+notifyChange+onDbCorruption+putCache+removePeriodicSync+requestSync+setIsSyncable+se
1788680952.201 10303 13879 13879 I Unique  : 2026-09-06 14:49:12.199 I HOOK IDENTITY_HOOK_INSTALLED service=content package=com.axlebolt.standoff2 matched=callerPackage=addPeriodicSync+cancelSync+cancelSyncAsUser+getCache+getIsSyncable+getIsSyncableAsUser+getPeriodicSyncs+getSyncAdapterPackageAsUser+getSyncAdapterPackagesForAuthorityAsUser+getSyncAutomatically+getSyncAutomaticallyAsUser+getSyncStatus+getSyncStatusAsUser+isSyncActive+isSyncPending+isSy
1788680952.206 10303 13879 13879 I Unique  : 2026-09-06 14:49:12.204 I HOOK SERVICE_HOOKED service=shortcut cache=true singletons=0 bound=shortcutPublish,callerPackage matched=shortcutPublish=addDynamicShortcuts+createShortcutResultIntent+pushDynamicShortcut+requestPinShortcut+setDynamicShortcuts+updateShortcuts,callerPackage=disableShortcuts+enableShortcuts+getIconMaxDimensions+getMaxShortcutCountPerActivity+getRateLimitResetTime+getRemainingCallCount+getShareTargets+getShortcuts+hasShareTargets+onApplicationActive+removeAllDynamicShortcuts+removeDynamicShortcuts+remov
1788680952.208 10303 13879 13879 I Unique  : 2026-09-06 14:49:12.206 I HOOK IDENTITY_HOOK_INSTALLED service=shortcut package=com.axlebolt.standoff2 matched=shortcutPublish=addDynamicShortcuts+createShortcutResultIntent+pushDynamicShortcut+requestPinShortcut+setDynamicShortcuts+updateShortcuts,callerPackage=disableShortcuts+enableShortcuts+getIconMaxDimensions+getMaxShortcutCountPerActivity+getRateLimitResetTime+getRemainingCallCount+getShareTargets+get
1788680952.215 10303 13879 13879 I Unique  : 2026-09-06 14:49:12.212 I HOOK SERVICE_HOOKED service=mount cache=true singletons=0 bound=callerPackage,volumeList matched=callerPackage=abortChanges+allocateBytes+benchmark+destroyUserStorage+disableAppDataIsolation+fixupAppDir+fixupAppDirRecursive+fixupSysfsFile+forgetVolume+format+getAllocatableBytes+getCacheQuotaBytes+getCacheSizeBytes+getExternalStorageMountMode+getManageSpaceActivityIntent+getMountedObbPath+isAppIoBlocked+isObbMounted+mkdirs+mount+mountObb+moveStorageQuickly+notifyAppIoBlocked+notifyAppIoResumed
1788680952.217 10303 13879 13879 I Unique  : 2026-09-06 14:49:12.215 I HOOK IDENTITY_HOOK_INSTALLED service=mount package=com.axlebolt.standoff2 matched=callerPackage=abortChanges+allocateBytes+benchmark+destroyUserStorage+disableAppDataIsolation+fixupAppDir+fixupAppDirRecursive+fixupSysfsFile+forgetVolume+format+getAllocatableBytes+getCacheQuotaBytes+getCacheSizeBytes+getExternalStorageMountMode+getManageSpaceActivityIntent+getMountedObbPath+isAppI
1788680952.223 10303 13879 13879 I Unique  : 2026-09-06 14:49:12.221 I HOOK SERVICE_HOOKED service=account cache=true singletons=0 bound=callerPackage matched=callerPackage=addAccount+addAccountAsUser+addAccountExplicitly+addAccountExplicitlyWithVisibility+addSharedAccountsFromParentUser+createRequestAccountAccessIntentSenderAsUser+editProperties+getAccountByTypeAndFeatures+getAccountVisibility+getAccountsAndVisibilityForPackage+getAccountsAsUser+getAccountsByFeatures+getAccountsByTypeForPackage+getAccountsForPackage+getAuthToken+getAuthTokenLabel+getUs
1788680952.226 10303 13879 13879 I Unique  : 2026-09-06 14:49:12.224 I HOOK IDENTITY_HOOK_INSTALLED service=account package=com.axlebolt.standoff2 matched=callerPackage=addAccount+addAccountAsUser+addAccountExplicitly+addAccountExplicitlyWithVisibility+addSharedAccountsFromParentUser+createRequestAccountAccessIntentSenderAsUser+editProperties+getAccountByTypeAndFeatures+getAccountVisibility+getAccountsAndVisibilityForPackage+getAccountsAsUser+getAccou
1788680952.247 10303 13879 13879 I Unique  : 2026-09-06 14:49:12.245 I HOOK SERVICE_HOOKED service=phone cache=true singletons=0 bound=callerPackage matched=callerPackage=call+canChangeDtmfToneLength+changeIccLockPassword+checkCarrierPrivilegesForPackage+checkCarrierPrivilegesForPackageAnyPhone+clearSignalStrengthUpdateRequest+deprovisionSatelliteService+dial+disableDataConnectivity+disableVisualVoicemailSmsFilter+doesSwitchMultiSimConfigTriggerReboot+enableDataConnectivity+enableVisualVoicemailSmsFilter+enqueueSmsPickResult+factoryReset+getAllCellInf
1788680952.251 10303 13879 13879 I Unique  : 2026-09-06 14:49:12.249 I HOOK IDENTITY_HOOK_INSTALLED service=phone package=com.axlebolt.standoff2 matched=callerPackage=call+canChangeDtmfToneLength+changeIccLockPassword+checkCarrierPrivilegesForPackage+checkCarrierPrivilegesForPackageAnyPhone+clearSignalStrengthUpdateRequest+deprovisionSatelliteService+dial+disableDataConnectivity+disableVisualVoicemailSmsFilter+doesSwitchMultiSimConfigTriggerReboot+e
1788680952.270 10303 13879 13879 I Unique  : 2026-09-06 14:49:12.268 I HOOK SERVICE_HOOKED service=device_policy cache=true singletons=0 bound=callerPackage matched=callerPackage=addCrossProfileIntentFilter+addCrossProfileWidgetProvider+addPersistentPreferredActivity+approveCaCert+checkDeviceIdentifierAccess+checkProvisioningPrecondition+choosePrivateKeyAlias+clearApplicationUserData+clearCrossProfileIntentFilters+clearDeviceOwner+clearPackagePersistentPreferredActivities+clearResetPasswordToken+createAdminSupportIntent+createAndManageUser+createAndProvisionM
1788680952.272 10303 13879 13879 I Unique  : 2026-09-06 14:49:12.270 I HOOK IDENTITY_HOOK_INSTALLED service=device_policy package=com.axlebolt.standoff2 matched=callerPackage=addCrossProfileIntentFilter+addCrossProfileWidgetProvider+addPersistentPreferredActivity+approveCaCert+checkDeviceIdentifierAccess+checkProvisioningPrecondition+choosePrivateKeyAlias+clearApplicationUserData+clearCrossProfileIntentFilters+clearDeviceOwner+clearPackagePersistentPreferre
1788680952.277 10303 13879 13879 I Unique  : 2026-09-06 14:49:12.275 I HOOK SERVICE_HOOKED service=media.camera cache=true singletons=0 bound=callerPackage matched=callerPackage=connect+connectDevice+createDefaultRequest+getCameraCharacteristics+getSessionCharacteristics+getTorchStrengthLevel+injectCamera+injectSessionParams+isHiddenPhysicalCamera+isSessionConfigurationWithParametersSupported+setTorchMode+supportsCameraApi+turnOnTorchWithStrengthLevel
1788680952.279 10303 13879 13879 I Unique  : 2026-09-06 14:49:12.277 I HOOK IDENTITY_HOOK_INSTALLED service=media.camera package=com.axlebolt.standoff2 matched=callerPackage=connect+connectDevice+createDefaultRequest+getCameraCharacteristics+getSessionCharacteristics+getTorchStrengthLevel+injectCamera+injectSessionParams+isHiddenPhysicalCamera+isSessionConfigurationWithParametersSupported+setTorchMode+supportsCameraApi+turnOnTorchWithStrengthLevel
1788680952.286 10303 13879 13879 I Unique  : 2026-09-06 14:49:12.283 I HOOK SERVICE_HOOKED service=telecom cache=true singletons=0 bound=callerPackage matched=callerPackage=acceptHandover+acceptRingingCall+acceptRingingCallWithVideoState+addCall+addNewIncomingCall+addNewIncomingConference+addOrRemoveTestCallCompanionApp+cancelMissedCallsNotification+clearAccounts+createLaunchEmergencyDialerIntent+createManageBlockedNumbersIntent+endCall+getAdnUriForPhoneAccount+getCallCapablePhoneAccounts+getCallStateUsingPackage+getCurrentTtyMode+getDefaultDialerPackag
1788680952.288 10303 13879 13879 I Unique  : 2026-09-06 14:49:12.286 I HOOK IDENTITY_HOOK_INSTALLED service=telecom package=com.axlebolt.standoff2 matched=callerPackage=acceptHandover+acceptRingingCall+acceptRingingCallWithVideoState+addCall+addNewIncomingCall+addNewIncomingConference+addOrRemoveTestCallCompanionApp+cancelMissedCallsNotification+clearAccounts+createLaunchEmergencyDialerIntent+createManageBlockedNumbersIntent+endCall+getAdnUriForPhoneA
1788680952.293 10303 13879 13879 I Unique  : 2026-09-06 14:49:12.290 I HOOK SERVICE_HOOKED service=media_router cache=true singletons=0 bound=callerPackage matched=callerPackage=deselectRouteWithManager+deselectRouteWithRouter2+getSystemRoutes+getSystemSessionInfoForPackage+registerClientAsUser+registerClientGroupId+registerManager+registerProxyRouter+registerRouter2+releaseSessionWithManager+releaseSessionWithRouter2+requestCreateSessionWithManager+requestSetVolume+requestUpdateVolume+selectRouteWithManager+selectRouteWithRouter2+setSelectedRoute+setSession
1788680952.296 10303 13879 13879 I Unique  : 2026-09-06 14:49:12.295 I HOOK IDENTITY_HOOK_INSTALLED service=media_router package=com.axlebolt.standoff2 matched=callerPackage=deselectRouteWithManager+deselectRouteWithRouter2+getSystemRoutes+getSystemSessionInfoForPackage+registerClientAsUser+registerClientGroupId+registerManager+registerProxyRouter+registerRouter2+releaseSessionWithManager+releaseSessionWithRouter2+requestCreateSessionWithManager+requestSet
1788680952.301 10303 13879 13879 I Unique  : 2026-09-06 14:49:12.299 I HOOK SERVICE_HOOKED service=media_session cache=true singletons=0 bound=callerPackage matched=callerPackage=addOnMediaKeyEventSessionChangedListener+createSession+dispatchAdjustVolume+dispatchMediaKeyEvent+dispatchMediaKeyEventToSessionAsSystemService+dispatchVolumeKeyEvent+dispatchVolumeKeyEventToSessionAsSystemService+getMediaKeyEventSession+getMediaKeyEventSessionPackageName+hasCustomMediaKeyDispatcher+hasCustomMediaSessionPolicyProvider+isTrusted+setCustomMediaKeyDispatcher+setCustomMe
1788680952.303 10303 13879 13879 I Unique  : 2026-09-06 14:49:12.301 I HOOK IDENTITY_HOOK_INSTALLED service=media_session package=com.axlebolt.standoff2 matched=callerPackage=addOnMediaKeyEventSessionChangedListener+createSession+dispatchAdjustVolume+dispatchMediaKeyEvent+dispatchMediaKeyEventToSessionAsSystemService+dispatchVolumeKeyEvent+dispatchVolumeKeyEventToSessionAsSystemService+getMediaKeyEventSession+getMediaKeyEventSessionPackageName+hasCustomMedi
1788680952.309 10303 13879 13879 I Unique  : 2026-09-06 14:49:12.307 I HOOK SERVICE_HOOKED service=appwidget cache=true singletons=0 bound=callerPackage,appWidgetIdentity matched=callerPackage=allocateAppWidgetId+bindRemoteViewsService+createAppWidgetConfigIntentSender+deleteAppWidgetId+deleteHost+getAppWidgetIdsForHost+getAppWidgetInfo+getAppWidgetOfHost+getAppWidgetOptions+getAppWidgetViews+getInstalledProvidersForProfile+hasBindAppWidgetPermission+isBoundWidgetPackage+noteAppWidgetTapped+notifyAppWidgetViewDataChanged+partiallyUpdateAppWidgetIds+setAppWidgetHidden+setBi
1788680952.310 10303 13879 13879 I Unique  : 2026-09-06 14:49:12.309 I HOOK IDENTITY_HOOK_INSTALLED service=appwidget package=com.axlebolt.standoff2 matched=callerPackage=allocateAppWidgetId+bindRemoteViewsService+createAppWidgetConfigIntentSender+deleteAppWidgetId+deleteHost+getAppWidgetIdsForHost+getAppWidgetInfo+getAppWidgetOfHost+getAppWidgetOptions+getAppWidgetViews+getInstalledProvidersForProfile+hasBindAppWidgetPermission+isBoundWidgetPackage+not
1788680952.316 10303 13879 13879 W Unique  : 2026-09-06 14:49:12.315 W HOOK SINGLETON_PATCH_SKIPPED service=input_method field=com.android.internal.inputmethod.IInputMethodManagerGlobalInvoker.sServiceCache
1788680952.318 10303 13879 13879 I Unique  : 2026-09-06 14:49:12.316 I HOOK SERVICE_HOOKED service=input_method cache=true singletons=1 bound=callerPackage,editorIdentity matched=callerPackage=acceptStylusHandwritingDelegation+acceptStylusHandwritingDelegationAsync+getEnabledInputMethodSubtypeList+prepareStylusHandwritingDelegation+setAdditionalInputMethodSubtypes+setExplicitlyEnabledInputMethodSubtypes+startConnectionlessStylusHandwriting+startProtoDump,editorIdentity=startInputOrWindowGainedFocus+startInputOrWindowGainedFocusAsync
1788680952.320 10303 13879 13879 I Unique  : 2026-09-06 14:49:12.318 I HOOK IDENTITY_HOOK_INSTALLED service=input_method package=com.axlebolt.standoff2 matched=callerPackage=acceptStylusHandwritingDelegation+acceptStylusHandwritingDelegationAsync+getEnabledInputMethodSubtypeList+prepareStylusHandwritingDelegation+setAdditionalInputMethodSubtypes+setExplicitlyEnabledInputMethodSubtypes+startConnectionlessStylusHandwriting+startProtoDump,editorIdentity=start
1788680952.321 10303 13879 13879 I Unique  : 2026-09-06 14:49:12.320 I HOOK IDENTITY_HOOKS_INSTALLED package=com.axlebolt.standoff2 installed=alarm,clipboard,restrictions,locale,connectivity,power,wifi,location,audio,vibrator_manager,usagestats,netstats,content,shortcut,mount,account,phone,device_policy,media.camera,telecom,media_router,media_session,appwidget,input_method skipped=
1788680952.324 10303 13879 13879 W Unique  : 2026-09-06 14:49:12.323 W PROCESS ALARM_EXACT_UNAVAILABLE detail=UNIQUE does not hold SCHEDULE_EXACT_ALARM; a guest asking for an exact alarm will get the platform's SecurityException
1788680952.351 10303 13879 13879 D Unique  : 2026-09-06 14:49:12.350 D PROCESS PERMISSION_CHECK permission=android.permission.INTERNET result=GRANTED
1788680952.365 10303 13879 13879 W com.facebook.UserSettingsManager: You haven't set a value for AdvertiserIDCollectionEnabled. Set the flag to TRUE if you want to collect Advertiser ID for better advertising and analytics results. To request user consent before collecting data, set the flag value to FALSE, then change to TRUE once user consent is received. Learn more: https://developers.facebook.com/docs/app-events/getting-started-app-events-android#disable-auto-events.
1788680952.428 10303 13879 13908 W com.facebook.internal.NativeProtocol: Apps that target Android API 30+ (Android 11+) cannot call Facebook native apps unless the package visibility needs are declared. Please follow https://developers.facebook.com/docs/android/troubleshooting/#faq_267321845055988 to make the declaration.
1788680952.440 10303 13879 13906 I Unique  : 2026-09-06 14:49:12.426 I LAUNCH GOOGLE_STACK_HIDDEN package=com.google.android.gms detail=Play services refuses a virtual app's identity and kills it from a Handler; reported absent so the SDK takes its own unavailable path
1788680952.440 10303 13879 13906 W GooglePlayServicesUtil: com.axlebolt.standoff2 requires Google Play services, but they are missing.
1788680952.442 10303 13879 13906 W GooglePlayServicesUtil: com.axlebolt.standoff2 requires Google Play services, but they are missing.
1788680952.499 10303 13879 13899 I Unique  : 2026-09-06 14:49:12.497 I LAUNCH SIGNATURES_LOADED package=com.axlebolt.standoff2 signers=1 hasSigningInfo=true
1788680952.513 10303  9702  9702 W WindowOnBackDispatcher: sendCancelIfRunning: isInProgress=false callback=io.flutter.embedding.android.FlutterActivity$1@cab8d4d
1788680952.518 10303 13879 13920 D Unique  : 2026-09-06 14:49:12.517 D PROCESS PERMISSION_CHECK permission=android.permission.WAKE_LOCK result=GRANTED
1788680952.521 10303 13879 13920 W FirebaseInstanceId: Failed to resolve IID implementation package, falling back
1788680952.523 10303 13879 13920 D Unique  : 2026-09-06 14:49:12.522 D PROCESS PERMISSION_CHECK permission=android.permission.ACCESS_NETWORK_STATE result=GRANTED
1788680952.540 10303 13879 13922 W FirebaseInstanceId: Failed to find package android.content.pm.PackageManager$NameNotFoundException: com.google.android.gms
1788680952.561 10303 13879 13879 D nativeloader: Load /data/user/0/com.unique/files/virtual/apk/com.axlebolt.standoff2/203908/lib/arm64-v8a/libdatastore_shared_counter.so using class loader ns clns-8 (caller=/data/user/0/com.unique/files/virtual/apk/com.axlebolt.standoff2/203908/base.apk!classes6.dex): ok
1788680952.631 10303 13879 13934 W GooglePlayServicesUtil: com.axlebolt.standoff2 requires Google Play services, but they are missing.
1788680952.633 10303 13879 13934 E DynamiteModule: Invalid GmsCore APK, remote loading disabled.
1788680952.633 10303 13879 13934 I DynamiteModule: Considering local module com.google.android.gms.measurement.dynamite:155 and remote module com.google.android.gms.measurement.dynamite:0
1788680952.633 10303 13879 13934 I DynamiteModule: Selected local version of com.google.android.gms.measurement.dynamite
1788680952.640 10303 13879 13934 E DynamiteModule: Invalid GmsCore APK, remote loading disabled.
1788680952.655 10303 13879 13879 D nativeloader: Load /data/user/0/com.unique/files/virtual/apk/com.axlebolt.standoff2/203908/lib/arm64-v8a/libcrashlytics.so using class loader ns clns-8 (caller=/data/user/0/com.unique/files/virtual/apk/com.axlebolt.standoff2/203908/base.apk!classes6.dex): ok
1788680952.668 10303 13879 13879 W FA      : Failed to register event listener on calling thread. Trying again on the dynamite thread.
1788680952.758 10303 13879 13937 I FA      : App measurement initialized, version: 133005
1788680952.759 10303 13879 13937 I FA      : To enable debug logging run: adb shell setprop log.tag.FA VERBOSE
1788680952.759 10303 13879 13937 I FA      : To enable faster debug mode event logging run:
1788680952.759 10303 13879 13937 I FA      :   adb shell setprop debug.firebase.analytics.app com.axlebolt.standoff2
1788680952.772 10303 13879 13937 D Unique  : 2026-09-06 14:49:12.770 D PROCESS PERMISSION_CHECK permission=android.permission.INTERNET result=GRANTED
1788680952.775 10303 13879 13937 D Unique  : 2026-09-06 14:49:12.774 D PROCESS PERMISSION_CHECK permission=android.permission.ACCESS_NETWORK_STATE result=GRANTED
1788680952.820 10303 13879 13937 W GooglePlayServicesUtil: com.axlebolt.standoff2 requires Google Play services, but they are missing.
1788680952.825 10303 13879 13937 D Unique  : 2026-09-06 14:49:12.824 D PROCESS SERVICE_CONNECTION_WRAPPED connection=com.google.android.gms.measurement.internal.lb
1788680952.828 10303 13879 13937 E FA      : Task exception on worker thread: java.lang.SecurityException: Not allowed to bind to service Intent { act=com.google.android.gms.measurement.START cmp=com.axlebolt.standoff2/com.google.android.gms.measurement.AppMeasurementService }: com.google.android.gms.measurement.internal.lb.d(SourceFile:68)
1788680952.886 10303 13879 13879 I Unique  : 2026-09-06 14:49:12.885 I PROCESS COMPONENT_STATE_SET package=com.axlebolt.standoff2 vuid=4 component=androidx.work.impl.background.systemjob.SystemJobService state=1
1788680952.896 10303 13879 13948 W GooglePlayServicesUtil: com.axlebolt.standoff2 requires Google Play services, but they are missing.
1788680952.897 10303 13879 13948 E GooglePlayServicesUtil: GooglePlayServices not available due to error 1
1788680952.928 10303 13879 13950 W GooglePlayServicesUtil: com.axlebolt.standoff2 requires Google Play services, but they are missing.
1788680952.931 10303 13879 13950 E AppLovinSdk: [DataCollector] Could not collect Google Advertising ID - this will negatively impact your eCPMs! Please integrate the Google Play Services SDK into your application. More info can be found online at http://developer.android.com/google/play-services/setup.html. If you're sure you've integrated the SDK and are still seeing this message, you may need to add a ProGuard exception: -keep public class com.google.android.gms.** { public protected *; }
1788680952.931 10303 13879 13950 E AppLovinSdk: java.io.IOException: Google Play services not available
1788680952.931 10303 13879 13950 E AppLovinSdk: 	at com.google.android.gms.ads.identifier.AdvertisingIdClient.zzb(SourceFile:51)
1788680952.931 10303 13879 13950 E AppLovinSdk: 	at com.google.android.gms.ads.identifier.AdvertisingIdClient.getAdvertisingIdInfo(SourceFile:16)
1788680952.931 10303 13879 13950 E AppLovinSdk: 	at com.applovin.impl.v.collectGoogleAdvertisingInfo(SourceFile:19)
1788680952.931 10303 13879 13950 E AppLovinSdk: 	at com.applovin.impl.v.c(SourceFile:1)
1788680952.931 10303 13879 13950 E AppLovinSdk: 	at com.applovin.impl.v.a(SourceFile:9)
1788680952.931 10303 13879 13950 E AppLovinSdk: 	at com.applovin.impl.v.b(SourceFile:1)
1788680952.931 10303 13879 13950 E AppLovinSdk: 	at com.applovin.impl.i1.b(SourceFile:1)
1788680952.931 10303 13879 13950 E AppLovinSdk: 	at com.applovin.impl.i1.c(SourceFile:1)
1788680952.931 10303 13879 13950 E AppLovinSdk: 	at com.applovin.impl.ya.run(SourceFile:1)
1788680952.931 10303 13879 13950 E AppLovinSdk: 	at java.lang.Thread.run(Thread.java:1572)
1788680952.934 10303 13879 13950 E AppLovinSdk: [DataCollector] Unable to determine if Fire OS limited ad tracking is turned on
1788680952.934 10303 13879 13950 E AppLovinSdk: android.provider.Settings$SettingNotFoundException: limit_ad_tracking
1788680952.934 10303 13879 13950 E AppLovinSdk: 	at android.provider.Settings.parseIntSetting(Settings.java:3975)
1788680952.934 10303 13879 13950 E AppLovinSdk: 	at android.provider.Settings.-$$Nest$smparseIntSetting(Settings.java:0)
1788680952.934 10303 13879 13950 E AppLovinSdk: 	at android.provider.Settings$Secure.getIntForUser(Settings.java:7212)
1788680952.934 10303 13879 13950 E AppLovinSdk: 	at android.provider.Settings$Secure.getInt(Settings.java:7205)
1788680952.934 10303 13879 13950 E AppLovinSdk: 	at com.applovin.impl.v.collectFireOSAdvertisingInfo(SourceFile:32)
1788680952.934 10303 13879 13950 E AppLovinSdk: 	at com.applovin.impl.v.c(SourceFile:7)
1788680952.934 10303 13879 13950 E AppLovinSdk: 	at com.applovin.impl.v.a(SourceFile:9)
1788680952.934 10303 13879 13950 E AppLovinSdk: 	at com.applovin.impl.v.b(SourceFile:1)
1788680952.934 10303 13879 13950 E AppLovinSdk: 	at com.applovin.impl.i1.b(SourceFile:1)
1788680952.934 10303 13879 13950 E AppLovinSdk: 	at com.applovin.impl.i1.c(SourceFile:1)
1788680952.934 10303 13879 13950 E AppLovinSdk: 	at com.applovin.impl.ya.run(SourceFile:1)
1788680952.934 10303 13879 13950 E AppLovinSdk: 	at java.lang.Thread.run(Thread.java:1572)
1788680952.944 10303 13879 13879 I Unique  : 2026-09-06 14:49:12.943 I PROCESS PROVIDERS_PUBLISHED package=com.axlebolt.standoff2 process=com.axlebolt.standoff2 declared=21 authorities=[redacted]
1788680952.948 10303 13879 13950 W GooglePlayServicesUtil: com.axlebolt.standoff2 requires Google Play services, but they are missing.
1788680952.949 10303 13879 13879 I Unique  : 2026-09-06 14:49:12.947 I HOOK SERVICE_HOOKED service=jobscheduler cache=true singletons=0 bound=jobById,scheduleJob,pendingJobs matched=jobById=cancel+getPendingJob+getPendingJobReason,scheduleJob=enqueue+schedule+scheduleAsPackage,pendingJobs=getAllPendingJobs+getAllPendingJobsInNamespace
1788680952.951 10303 13879 13879 I Unique  : 2026-09-06 14:49:12.950 I HOOK JOB_HOOKED package=com.axlebolt.standoff2 slot=3 matched=jobById=cancel+getPendingJob+getPendingJobReason,scheduleJob=enqueue+schedule+scheduleAsPackage,pendingJobs=getAllPendingJobs+getAllPendingJobsInNamespace
1788680952.955 10303 13879 13952 D Unique  : 2026-09-06 14:49:12.954 D PROCESS SERVICE_CONNECTION_WRAPPED connection=com.google.android.gms.common.internal.j1
1788680952.964 10303 13879 13879 I Unique  : 2026-09-06 14:49:12.961 I HOOK SERVICE_HOOKED service=notification cache=true singletons=1 bound=notificationIdentity,enqueue,channels matched=notificationIdentity=addAutomaticZenRule+areBubblesAllowed+areNotificationsEnabled+areNotificationsEnabledForPackage+buzzBeepBlinkForNotification+canNotifyAsPackage+canShowBadge+cancelAllNotifications+cancelNotificationFromListener+cancelToast+clearData+deleteNotificationHistoryItem+enqueueTextToast+enqueueToast+finishToken+getActiveNotifications+getActiveNotificationsWithAttribution+getAllowedAss
1788680952.966 10303 13879 13952 W GooglePlayServicesUtil: com.axlebolt.standoff2 requires Google Play services, but they are missing.
1788680952.966 10303 13879 13879 I Unique  : 2026-09-06 14:49:12.964 I HOOK NOTIFICATION_HOOKED package=com.axlebolt.standoff2 vuid=4 matched=notificationIdentity=addAutomaticZenRule+areBubblesAllowed+areNotificationsEnabled+areNotificationsEnabledForPackage+buzzBeepBlinkForNotification+canNotifyAsPackage+canShowBadge+cancelAllNotifications+cancelNotificationFromListener+cancelToast+clearData+deleteNotificationHistoryItem+enqueueTextToast+enqueueToast+finishToken+getActiveNotifications+getActiveNotificationsWithAttribution+getAllowedAss
1788680952.967 10303 13879 13952 W GoogleApiManager: The service for com.google.android.gms.internal.appset.zzd is not available: ConnectionResult{statusCode=SERVICE_MISSING, resolution=null, message=null, clientMethodKey=null}
1788680952.980 10303 13879 13879 I Unique  : 2026-09-06 14:49:12.978 I PROCESS RECEIVERS_REGISTERED package=com.axlebolt.standoff2 declared=9 registered=12 actions=com.adjust.sdk.AdjustPreinstallReferrerReceiver#com.attribution.SYSTEM_INSTALLER_REFERRER;com.adjust.sdk.AdjustReferrerReceiver#com.android.vending.INSTALL_REFERRER;com.facebook.CurrentAccessTokenExpirationBroadcastReceiver#com.facebook.sdk.ACTION_CURRENT_ACCESS_TOKEN_CHANGED;com.facebook.AuthenticationTokenManager$CurrentAuthenticationTokenChangedBroadcastReceiver#com.facebook.sdk.ACTION_CURRENT_ exported=6
1788680952.982 10303 13879 13879 I Unique  : 2026-09-06 14:49:12.981 I LAUNCH ACTIVITY_LIFECYCLE_INSTALLED package=com.axlebolt.standoff2
1788680952.985 10303 13879 13879 I UniqueNative: redirect table set: 8 rule(s)
1788680952.988 10303 13879 13879 I Unique  : 2026-09-06 14:49:12.987 I NATIVE u4 com.axlebolt.standoff2 IO_REDIRECT_INSTALLED status=NOTHING_TO_HOOK watch=OK rules=8 slots=0 scope=/data/user/0/com.unique/files/virtual/apk/com.axlebolt.standoff2/203908/lib/arm64-v8a,/data/data/com.unique/files/virtual/apk/com.axlebolt.standoff2/203908/lib/arm64-v8a,/data/user/0/com.unique/files/
1788680952.992 10303 13879 13879 I Unique  : 2026-09-06 14:49:12.989 I LAUNCH u4 com.axlebolt.standoff2 BOOTSTRAP_OK package=com.axlebolt.standoff2 vuid=4 slot=3 applicationClass=android.app.Application dataDir=/data/user/0/com.unique/files/virtual/users/4/data/com.axlebolt.standoff2 sourceDir=/data/user/0/com.unique/files/virtual/apk/com.axlebolt.standoff2/203908/base.apk nativeLibraryDir=/data/user/0/com.unique/files/virtual/apk/com.axlebolt.standoff2/203908/lib/arm64-v8a targetSdk=36 observedPackageName=com.axlebolt.standoff2 observedFilesDir=/data/user/0/com.unique/files/virtual/users/4/data/com.axlebolt.standoff2/files millis=3124
1788680952.998 10303  9702 12589 I Unique  : 2026-09-06 14:49:12.997 I PROCESS PROVIDER_SLOT_READY slot=3 vuid=4 pid=13879
1788680953.002 10303 13879 13879 I Unique  : 2026-09-06 14:49:13.001 I PROCESS u4 com.axlebolt.standoff2 BROADCAST_DELIVERED receiver=com.mbridge.msdk.foundation.same.broadcast.NetWorkChangeReceiver action=android.net.conn.CONNECTIVITY_CHANGE
1788680953.004 10303 13879 13879 I Unique  : 2026-09-06 14:49:13.003 I PROCESS u4 com.axlebolt.standoff2 COLD_BROADCAST_DELIVERED package=com.axlebolt.standoff2 vuid=4 receiver=com.mbridge.msdk.foundation.same.broadcast.NetWorkChangeReceiver action=android.net.conn.CONNECTIVITY_CHANGE delivered=true
1788680953.006 10303  9702 12589 I Unique  : 2026-09-06 14:49:13.005 I PROCESS COLD_BROADCAST_ACKNOWLEDGED vuid=4 receiver=com.mbridge.msdk.foundation.same.broadcast.NetWorkChangeReceiver action=android.net.conn.CONNECTIVITY_CHANGE wasPending=true
1788680953.010 10303 13879 13879 W libc    : Access denied finding property "ro.vendor.perf.scroll_opt"
1788680953.031 10303 13879 13879 D nativeloader: Load libpowerhalwrap_jni.so using system ns (caller=/system_ext/framework/mediatek-framework.jar): ok
1788680953.046 10303 13879 13879 I Unique  : 2026-09-06 14:49:13.045 I PROCESS u4 com.axlebolt.standoff2 BROADCAST_DELIVERED receiver=com.mbridge.msdk.foundation.same.broadcast.NetWorkChangeReceiver action=android.net.conn.CONNECTIVITY_CHANGE
1788680953.048 10303 13879 13879 D Unique  : 2026-09-06 14:49:13.046 D LAUNCH u4 com.axlebolt.standoff2 CALLBACK_ALIVE what=116 obj=android.os.BinderProxy
1788680953.057 10303 13879 13952 E GoogleApiManager: Failed to get service from broker.
1788680953.057 10303 13879 13952 E GoogleApiManager: java.lang.SecurityException: Unknown calling package name 'com.axlebolt.standoff2'.
1788680953.057 10303 13879 13952 E GoogleApiManager: 	at android.os.Parcel.createExceptionOrNull(Parcel.java:3255)
1788680953.057 10303 13879 13952 E GoogleApiManager: 	at android.os.Parcel.createException(Parcel.java:3239)
1788680953.057 10303 13879 13952 E GoogleApiManager: 	at android.os.Parcel.readException(Parcel.java:3222)
1788680953.057 10303 13879 13952 E GoogleApiManager: 	at android.os.Parcel.readException(Parcel.java:3164)
1788680953.057 10303 13879 13952 E GoogleApiManager: 	at com.google.android.gms.common.internal.q0.r(SourceFile:48)
1788680953.057 10303 13879 13952 E GoogleApiManager: 	at com.google.android.gms.common.internal.e.getRemoteService(SourceFile:183)
1788680953.057 10303 13879 13952 E GoogleApiManager: 	at com.google.android.gms.common.api.internal.zabm.run(SourceFile:57)
1788680953.057 10303 13879 13952 E GoogleApiManager: 	at android.os.Handler.handleCallback(Handler.java:959)
1788680953.057 10303 13879 13952 E GoogleApiManager: 	at android.os.Handler.dispatchMessage(Handler.java:100)
1788680953.057 10303 13879 13952 E GoogleApiManager: 	at android.os.Looper.loopOnce(Looper.java:249)
1788680953.057 10303 13879 13952 E GoogleApiManager: 	at android.os.Looper.loop(Looper.java:337)
1788680953.057 10303 13879 13952 E GoogleApiManager: 	at android.os.HandlerThread.run(HandlerThread.java:85)
1788680953.236 10303 13879 13931 W GooglePlayServicesUtil: com.axlebolt.standoff2 requires Google Play services, but they are missing.
1788680953.238 10303 13879 13966 I Unique  : 2026-09-06 14:49:13.237 I PROCESS u4 com.axlebolt.standoff2 SERVICE_STUB_RESERVED slot=3 stub=0 service=io.appmetrica.analytics.internal.AppMetricaService vuid=4
1788680953.240 10303 13879 13966 D Unique  : 2026-09-06 14:49:13.238 D PROCESS u4 com.axlebolt.standoff2 SERVICE_INTENT_ROUTED service=io.appmetrica.analytics.internal.AppMetricaService stub=com.unique.stub.ServiceStub_p3_s0 action=io.appmetrica.analytics.IAppMetricaService
1788680953.241 10303 13879 13966 D Unique  : 2026-09-06 14:49:13.240 D PROCESS u4 com.axlebolt.standoff2 SERVICE_CONNECTION_WRAPPED connection=io.appmetrica.analytics.impl.n0
1788680953.247 10303 13879 13879 I Unique  : 2026-09-06 14:49:13.245 I PROCESS u4 com.axlebolt.standoff2 CREATE_SERVICE_REWRITTEN stub=com.unique.stub.ServiceStub_p3_s0 service=io.appmetrica.analytics.internal.AppMetricaService
1788680953.281 10303 13879 13879 D Unique  : 2026-09-06 14:49:13.279 D PROCESS u4 com.axlebolt.standoff2 SERVICE_INTENT_ROUTED service=io.appmetrica.analytics.internal.AppMetricaService stub=com.unique.stub.ServiceStub_p3_s0 action=io.appmetrica.analytics.IAppMetricaService
1788680953.452 10303 13879 13905 E FeatureFlagsImplExport: android.os.flagging.AconfigStorageReadException: ERROR_PACKAGE_NOT_FOUND: package com.android.libcore cannot be found on the device
1788680953.452 10303 13879 13906 E FeatureFlagsImplExport: android.os.flagging.AconfigStorageReadException: ERROR_PACKAGE_NOT_FOUND: package com.android.libcore cannot be found on the device
1788680953.453 10303 13879 13903 E FeatureFlagsImplExport: android.os.flagging.AconfigStorageReadException: ERROR_PACKAGE_NOT_FOUND: package com.android.libcore cannot be found on the device
1788680953.453 10303 13879 13907 E FeatureFlagsImplExport: android.os.flagging.AconfigStorageReadException: ERROR_PACKAGE_NOT_FOUND: package com.android.libcore cannot be found on the device
1788680953.846 10303 13879 13898 W om.unique:vapp3: Method void androidx.compose.runtime.snapshots.SnapshotStateListKt.clearImpl(androidx.compose.runtime.snapshots.SnapshotStateList) failed lock verification and will run slower.
1788680953.846 10303 13879 13898 W om.unique:vapp3: Common causes for lock verification issues are non-optimized dex code
1788680953.846 10303 13879 13898 W om.unique:vapp3: and incorrect proguard optimizations.
1788680953.851 10303 13879 13898 W om.unique:vapp3: Method void androidx.compose.runtime.snapshots.SnapshotStateSetKt.clearImpl(androidx.compose.runtime.snapshots.SnapshotStateSet) failed lock verification and will run slower.
1788680954.161 10303  9702  9723 I Unique  : 2026-09-06 14:49:14.161 I PROCESS SLOT_PROCESS_STOPPED slot=:vapp1 pids=11002 reason=removed
1788680954.162 10303  9702  9723 I Unique  : 2026-09-06 14:49:14.162 I PROCESS PROCESS_RELEASED slot=:vapp1 reason=removed
1788680954.169 10303  9702  9702 W WindowOnBackDispatcher: sendCancelIfRunning: isInProgress=false callback=io.flutter.embedding.android.FlutterActivity$1@cab8d4d
1788680954.213 10303  9702  9723 I Unique  : 2026-09-06 14:49:14.211 I PROCESS BROADCAST_ROUTES_REGISTERED package=com.a0soft.gphone.acc.free vuid=0 routes=26 actions=androidx.work.impl.background.systemalarm.UpdateProxies,android.intent.action.MEDIA_MOUNTED,androidx.profileinstaller.action.SKIP_FILE,com.facebook.sdk.ACTION_CURRENT_ACCESS_TOKEN_CHANGED,com.a0soft.gphone.acc.ActionClearAppCachesFinished,android.intent.action.MY_PACKAGE_SUSPENDED,androidx.profilein
1788680954.213 10303  9702  9723 I Unique  : 2026-09-06 14:49:14.213 I PROCESS PROVIDER_ROUTES_REGISTERED package=com.a0soft.gphone.acc.free vuid=0 authorities=[redacted]
1788680954.218 10303  9702  9723 I Unique  : 2026-09-06 14:49:14.217 I PROCESS BROADCAST_ROUTES_REGISTERED package=com.gordey.standarling vuid=2 routes=3 actions=androidx.work.impl.background.systemalarm.UpdateProxies,android.intent.action.MEDIA_MOUNTED,androidx.profileinstaller.action.SKIP_FILE,com.facebook.sdk.ACTION_CURRENT_ACCESS_TOKEN_CHANGED,com.a0soft.gphone.acc.ActionClearAppCachesFinished,android.intent.action.MY_PACKAGE_SUSPENDED,androidx.profilein
1788680954.219 10303  9702  9723 I Unique  : 2026-09-06 14:49:14.218 I PROCESS PROVIDER_ROUTES_REGISTERED package=com.gordey.standarling vuid=2 authorities=[redacted]
1788680954.221 10303  9702  9723 I Unique  : 2026-09-06 14:49:14.221 I PROCESS BROADCAST_ROUTES_REGISTERED package=com.Chillow.CustomRise vuid=3 routes=4 actions=androidx.work.impl.background.systemalarm.UpdateProxies,android.intent.action.MEDIA_MOUNTED,androidx.profileinstaller.action.SKIP_FILE,com.facebook.sdk.ACTION_CURRENT_ACCESS_TOKEN_CHANGED,com.a0soft.gphone.acc.ActionClearAppCachesFinished,android.intent.action.MY_PACKAGE_SUSPENDED,androidx.profilein
1788680954.222 10303  9702  9723 I Unique  : 2026-09-06 14:49:14.222 I PROCESS PROVIDER_ROUTES_REGISTERED package=com.Chillow.CustomRise vuid=3 authorities=[redacted]
1788680954.229 10303  9702  9723 I Unique  : 2026-09-06 14:49:14.229 I PROCESS BROADCAST_ROUTES_REGISTERED package=com.axlebolt.standoff2 vuid=4 routes=12 actions=androidx.work.impl.background.systemalarm.UpdateProxies,android.intent.action.MEDIA_MOUNTED,androidx.profileinstaller.action.SKIP_FILE,com.facebook.sdk.ACTION_CURRENT_ACCESS_TOKEN_CHANGED,com.a0soft.gphone.acc.ActionClearAppCachesFinished,android.intent.action.MY_PACKAGE_SUSPENDED,androidx.profilein
1788680954.230 10303  9702  9723 I Unique  : 2026-09-06 14:49:14.229 I PROCESS PROVIDER_ROUTES_REGISTERED package=com.axlebolt.standoff2 vuid=4 authorities=[redacted]
1788680954.230 10303  9702  9723 I Unique  : 2026-09-06 14:49:14.230 I PROCESS BROADCAST_ROUTER_READY instances=4 actions=27 authorities=[redacted]
1788680955.424 10303  9702 12243 I Unique  : 2026-09-06 14:49:15.424 I PROCESS SLOT_PROCESS_STOPPED slot=:vapp0 pids=10861 reason=removed
1788680955.425 10303  9702  9702 W WindowOnBackDispatcher: sendCancelIfRunning: isInProgress=false callback=io.flutter.embedding.android.FlutterActivity$1@cab8d4d
1788680955.425 10303  9702 12243 I Unique  : 2026-09-06 14:49:15.424 I PROCESS PROCESS_RELEASED slot=:vapp0 reason=removed
1788680955.459 10303  9702  9822 I Unique  : 2026-09-06 14:49:15.457 I PROCESS BROADCAST_ROUTES_REGISTERED package=com.gordey.standarling vuid=2 routes=3 actions=androidx.work.impl.background.systemalarm.UpdateProxies,android.intent.action.MEDIA_MOUNTED,androidx.profileinstaller.action.SKIP_FILE,com.facebook.sdk.ACTION_CURRENT_ACCESS_TOKEN_CHANGED,com.a0soft.gphone.acc.ActionClearAppCachesFinished,android.intent.action.MY_PACKAGE_SUSPENDED,androidx.profilein
1788680955.460 10303  9702  9822 I Unique  : 2026-09-06 14:49:15.459 I PROCESS PROVIDER_ROUTES_REGISTERED package=com.gordey.standarling vuid=2 authorities=[redacted]
1788680955.462 10303  9702  9822 I Unique  : 2026-09-06 14:49:15.462 I PROCESS BROADCAST_ROUTES_REGISTERED package=com.Chillow.CustomRise vuid=3 routes=4 actions=androidx.work.impl.background.systemalarm.UpdateProxies,android.intent.action.MEDIA_MOUNTED,androidx.profileinstaller.action.SKIP_FILE,com.facebook.sdk.ACTION_CURRENT_ACCESS_TOKEN_CHANGED,com.a0soft.gphone.acc.ActionClearAppCachesFinished,android.intent.action.MY_PACKAGE_SUSPENDED,androidx.profilein
1788680955.463 10303  9702  9822 I Unique  : 2026-09-06 14:49:15.463 I PROCESS PROVIDER_ROUTES_REGISTERED package=com.Chillow.CustomRise vuid=3 authorities=[redacted]
1788680955.472 10303  9702  9822 I Unique  : 2026-09-06 14:49:15.471 I PROCESS BROADCAST_ROUTES_REGISTERED package=com.axlebolt.standoff2 vuid=4 routes=12 actions=androidx.work.impl.background.systemalarm.UpdateProxies,android.intent.action.MEDIA_MOUNTED,androidx.profileinstaller.action.SKIP_FILE,com.facebook.sdk.ACTION_CURRENT_ACCESS_TOKEN_CHANGED,com.a0soft.gphone.acc.ActionClearAppCachesFinished,android.intent.action.MY_PACKAGE_SUSPENDED,androidx.profilein
1788680955.472 10303  9702  9822 I Unique  : 2026-09-06 14:49:15.472 I PROCESS PROVIDER_ROUTES_REGISTERED package=com.axlebolt.standoff2 vuid=4 authorities=[redacted]
1788680955.473 10303  9702  9822 I Unique  : 2026-09-06 14:49:15.473 I PROCESS BROADCAST_ROUTER_READY instances=3 actions=27 authorities=[redacted]
1788680955.937 10303 13879 13907 W GooglePlayServicesUtil: com.axlebolt.standoff2 requires Google Play services, but they are missing.
1788680955.938 10303 13879 13907 W GooglePlayServicesUtil: com.axlebolt.standoff2 requires Google Play services, but they are missing.
1788680956.260 10303 13879 13906 D Unique  : 2026-09-06 14:49:16.259 D PROCESS u4 com.axlebolt.standoff2 SERVICE_CONNECTION_WRAPPED connection=com.android.installreferrer.api.InstallReferrerClientImpl$InstallReferrerServiceConnection
1788680956.266 10303 13879 13906 W AnalyticsUserIDStore: initStore should have been called before calling setUserID
1788680956.275 10303 13879 13906 I Unique  : 2026-09-06 14:49:16.274 I STORAGE u4 com.axlebolt.standoff2 EXTERNAL_VOLUME_REPOINTED path=/data/user/0/com.unique/files/virtual/users/4/sdcard fields=mPath,mInternalPath
1788680956.278 10303 13879 13906 I Unique  : 2026-09-06 14:49:16.276 I STORAGE u4 com.axlebolt.standoff2 EXTERNAL_VOLUME_REPOINTED path=/data/user/0/com.unique/files/virtual/users/4/sdcard fields=mPath,mInternalPath
1788680956.280 10303 13879 13906 I Unique  : 2026-09-06 14:49:16.279 I STORAGE u4 com.axlebolt.standoff2 EXTERNAL_VOLUME_REPOINTED path=/data/user/0/com.unique/files/virtual/users/4/sdcard fields=mPath,mInternalPath
1788680956.282 10303 13879 13906 I Unique  : 2026-09-06 14:49:16.281 I STORAGE u4 com.axlebolt.standoff2 EXTERNAL_VOLUME_REPOINTED path=/data/user/0/com.unique/files/virtual/users/4/sdcard fields=mPath,mInternalPath
1788680956.284 10303 13879 13906 I Unique  : 2026-09-06 14:49:16.283 I STORAGE u4 com.axlebolt.standoff2 EXTERNAL_VOLUME_REPOINTED path=/data/user/0/com.unique/files/virtual/users/4/sdcard fields=mPath,mInternalPath
1788680956.287 10303 13879 13906 I Unique  : 2026-09-06 14:49:16.286 I STORAGE u4 com.axlebolt.standoff2 EXTERNAL_VOLUME_REPOINTED path=/data/user/0/com.unique/files/virtual/users/4/sdcard fields=mPath,mInternalPath
1788680957.247 10303  9702  9702 W WindowOnBackDispatcher: sendCancelIfRunning: isInProgress=false callback=io.flutter.embedding.android.FlutterActivity$1@cab8d4d
1788680957.249 10303  9702  9822 I Unique  : 2026-09-06 14:49:17.249 I PROCESS SLOT_PROCESS_STOPPED slot=:vapp2 pids=12680 reason=removed
1788680957.250 10303  9702  9822 I Unique  : 2026-09-06 14:49:17.249 I PROCESS PROCESS_RELEASED slot=:vapp2 reason=removed
1788680957.314 10303  9702  9822 I Unique  : 2026-09-06 14:49:17.313 I PROCESS BROADCAST_ROUTES_REGISTERED package=com.Chillow.CustomRise vuid=3 routes=4 actions=androidx.work.impl.background.systemalarm.UpdateProxies,android.intent.action.MEDIA_MOUNTED,androidx.profileinstaller.action.SKIP_FILE,com.facebook.sdk.ACTION_CURRENT_ACCESS_TOKEN_CHANGED,com.a0soft.gphone.acc.ActionClearAppCachesFinished,android.intent.action.MY_PACKAGE_SUSPENDED,androidx.profilein
1788680957.315 10303  9702  9822 I Unique  : 2026-09-06 14:49:17.314 I PROCESS PROVIDER_ROUTES_REGISTERED package=com.Chillow.CustomRise vuid=3 authorities=[redacted]
1788680957.322 10303  9702  9822 I Unique  : 2026-09-06 14:49:17.321 I PROCESS BROADCAST_ROUTES_REGISTERED package=com.axlebolt.standoff2 vuid=4 routes=12 actions=androidx.work.impl.background.systemalarm.UpdateProxies,android.intent.action.MEDIA_MOUNTED,androidx.profileinstaller.action.SKIP_FILE,com.facebook.sdk.ACTION_CURRENT_ACCESS_TOKEN_CHANGED,com.a0soft.gphone.acc.ActionClearAppCachesFinished,android.intent.action.MY_PACKAGE_SUSPENDED,androidx.profilein
1788680957.323 10303  9702  9822 I Unique  : 2026-09-06 14:49:17.322 I PROCESS PROVIDER_ROUTES_REGISTERED package=com.axlebolt.standoff2 vuid=4 authorities=[redacted]
1788680957.323 10303  9702  9822 I Unique  : 2026-09-06 14:49:17.323 I PROCESS BROADCAST_ROUTER_READY instances=2 actions=27 authorities=[redacted]
1788680958.089 10303 13879 13952 W GooglePlayServicesUtil: com.axlebolt.standoff2 requires Google Play services, but they are missing.
1788680958.090 10303 13879 13952 W GoogleApiManager: The service for j2.q is not available: ConnectionResult{statusCode=SERVICE_MISSING, resolution=null, message=null, clientMethodKey=null}
1788680958.093 10303 13879 13952 W GoogleApiManager: The service for j2.q is not available: ConnectionResult{statusCode=SERVICE_MISSING, resolution=null, message=null, clientMethodKey=null}
1788680958.248 10303 13879 13966 D Unique  : 2026-09-06 14:49:18.246 D PROCESS u4 com.axlebolt.standoff2 SERVICE_INTENT_ROUTED service=io.appmetrica.analytics.internal.AppMetricaService stub=com.unique.stub.ServiceStub_p3_s0 action=io.appmetrica.analytics.IAppMetricaService
1788680958.596 10303  9702 12244 I Unique  : 2026-09-06 14:49:18.595 I PROCESS BROADCAST_ROUTES_REGISTERED package=com.axlebolt.standoff2 vuid=4 routes=12 actions=androidx.work.impl.background.systemalarm.UpdateProxies,android.intent.action.MEDIA_MOUNTED,androidx.profileinstaller.action.SKIP_FILE,com.facebook.sdk.ACTION_CURRENT_ACCESS_TOKEN_CHANGED,com.a0soft.gphone.acc.ActionClearAppCachesFinished,android.intent.action.MY_PACKAGE_SUSPENDED,androidx.profilein
1788680958.596 10303  9702 12244 I Unique  : 2026-09-06 14:49:18.596 I PROCESS PROVIDER_ROUTES_REGISTERED package=com.axlebolt.standoff2 vuid=4 authorities=[redacted]
1788680958.597 10303  9702 12244 I Unique  : 2026-09-06 14:49:18.596 I PROCESS BROADCAST_ROUTER_READY instances=1 actions=27 authorities=[redacted]
1788680959.270 10303  9702 12243 I Unique  : 2026-09-06 14:49:19.269 I GOOGLE GOOGLE_ENVIRONMENT gmsPresent=true gmsEnabled=true gmsVersionCode=263234035 gmsVersionName=26.32.34 (260400-968093310) vendingPresent=true gsfPresent=true customTabs=com.android.chrome hostGmsAvailable=true virtualGmsInstalled=false customTabsAvailable=true
1788680959.297 10303  9702 12243 I Unique  : 2026-09-06 14:49:19.296 I GOOGLE GOOGLE_ENVIRONMENT gmsPresent=true gmsEnabled=true gmsVersionCode=263234035 gmsVersionName=26.32.34 (260400-968093310) vendingPresent=true gsfPresent=true customTabs=com.android.chrome hostGmsAvailable=true virtualGmsInstalled=false customTabsAvailable=true
1788680959.298 10303  9702 12243 I Unique  : 2026-09-06 14:49:19.297 I GOOGLE GOOGLE_ROUTE package=com.axlebolt.standoff2 flow=SIGN_IN mode=PASSTHROUGH why=The app declares an OAuth redirect scheme, so the browser flow can be used and is the most reliable path.
1788680959.298 10303  9702 12243 I Unique  : 2026-09-06 14:49:19.298 I GOOGLE GOOGLE_ROUTE package=com.axlebolt.standoff2 flow=CREDENTIAL_MANAGER mode=HOST_BRIDGE why=Unverified: Sign in with Google issues a token for the app's server client, so the device's own Google Play services should be able to answer. Not yet confirmed against a real sample.
1788680959.300 10303  9702 12243 I Unique  : 2026-09-06 14:49:19.299 I GOOGLE GOOGLE_ROUTE package=com.axlebolt.standoff2 flow=ACCOUNT_MANAGER mode=HOST_BRIDGE why=Account access is bridged to the device's accounts; consent is shown as UNIQUE.
1788680959.301 10303  9702 12243 I Unique  : 2026-09-06 14:49:19.300 I GOOGLE GOOGLE_ROUTE package=com.axlebolt.standoff2 flow=FIREBASE_AUTH mode=PASSTHROUGH why=Firebase Auth consumes a token from another flow; the app's browser redirect can supply it.
1788680959.302 10303  9702 12243 I Unique  : 2026-09-06 14:49:19.301 I GOOGLE GOOGLE_ROUTE package=com.axlebolt.standoff2 flow=OAUTH_WEB mode=PASSTHROUGH why=Browser-based OAuth needs no Google Play services, only a working redirect back into this instance.
1788680959.303 10303  9702 12243 I Unique  : 2026-09-06 14:49:19.302 I GOOGLE GOOGLE_ROUTE package=com.axlebolt.standoff2 flow=FCM mode=HOST_BRIDGE why=Experimental: push registration is bridged through the host. Whether Google Play services accepts it varies by version; the result is recorded per device.
1788680959.303 10303  9702 12243 I Unique  : 2026-09-06 14:49:19.303 I GOOGLE GOOGLE_ROUTE package=com.axlebolt.standoff2 flow=PLAY_GAMES mode=UNSUPPORTED why=Not supported yet: Play Games checks an attested app identity, and UNIQUE has not been tested against it.
1788680960.376 10303  9702 12243 I Unique  : 2026-09-06 14:49:20.375 I LAUNCH LAUNCH_REQUESTED package=com.axlebolt.standoff2 vuid=4 activity=com.google.firebase.MessagingUnityPlayerActivity slot=:vapp3 launchMode=2
1788680960.397 10303 13879 13879 I Unique  : 2026-09-06 14:49:20.394 I LAUNCH u4 com.axlebolt.standoff2 TRANSACTION_REWRITTEN package=com.axlebolt.standoff2 activity=com.google.firebase.MessagingUnityPlayerActivity vuid=4 item=LaunchActivityItem theme=2131952031
1788680960.589 10303 13879 13879 I Unique  : 2026-09-06 14:49:20.589 I LAUNCH u4 com.axlebolt.standoff2 ACTIVITY_ORIENTATION_APPLIED activity=com.google.firebase.MessagingUnityPlayerActivity orientation=11 applied=true
1788680960.602 10303 13879 13952 W GoogleApiManager: The service for com.google.android.gms.internal.games_v2.zzp is not available: ConnectionResult{statusCode=SERVICE_MISSING, resolution=null, message=null, clientMethodKey=null}
1788680960.604 10303 13879 13952 W GoogleApiManager: The service for com.google.android.gms.internal.games_v2.zzp is not available: ConnectionResult{statusCode=SERVICE_MISSING, resolution=null, message=null, clientMethodKey=null}
1788680960.613 10303 13879 13879 W libc    : Access denied finding property "persist.vendor.camera.IsVariableApertureSupported"
1788680960.614 10303 13879 13879 W libc    : Access denied finding property "persist.vendor.camera.IsStreetModeSupported"
1788680960.644 10303 13879 13879 D nativeloader: Load /data/user/0/com.unique/files/virtual/apk/com.axlebolt.standoff2/203908/lib/arm64-v8a/libmain.so using class loader ns clns-8 (caller=/data/user/0/com.unique/files/virtual/apk/com.axlebolt.standoff2/203908/base.apk!classes7.dex): ok
1788680961.656 10303 13879 13879 W libc    : Access denied finding property "ro.debuggable"
1788680961.656 10303 13879 13879 V Unity   : Context Type: ActivityOrService
1788680961.658 10303 13879 13879 W WindowOnBackDispatcher: OnBackInvokedCallback is not enabled for the application.
1788680961.658 10303 13879 13879 W WindowOnBackDispatcher: Set 'android:enableOnBackInvokedCallback="true"' in the application manifest.
1788680961.664 10303 13879 13879 W Activity: PerfMonitor: Slow Operation: Activity com.axlebolt.standoff2/com.google.firebase.MessagingUnityPlayerActivity onCreate took 1074ms
1788680961.684 10303 13879 13879 W libc    : Access denied finding property "ro.vendor.df.effect.conflict"
1788680961.695 10303 13879 13937 I FA      : Tag Manager is not found and thus will not be used
1788680961.697 10303 13879 13937 W GooglePlayServicesUtil: Google Play services is missing.
1788680961.699 10303 13879 14018 I Unique  : 2026-09-06 14:49:21.696 I LAUNCH u4 com.axlebolt.standoff2 GOOGLE_STACK_HIDDEN package=com.google.android.gsf detail=Play services refuses a virtual app's identity and kills it from a Handler; reported absent so the SDK takes its own unavailable path
1788680961.731 10303 13879 13879 D Unique  : 2026-09-06 14:49:21.730 D LAUNCH u4 com.axlebolt.standoff2 NO_LAUNCH_ITEM transaction=android.app.servertransaction.ClientTransaction shape=CREATOR: mActivityCallbacks:[TopResumedActivityChangeItem] mActivityToken:BinderProxy mClient:null mLifecycleStateRequest:null mTransactionItems:[TopResumedActivityChangeItem] seen=2
1788680961.732 10303 13879 13879 D Unique  : 2026-09-06 14:49:21.732 D LAUNCH u4 com.axlebolt.standoff2 NO_LAUNCH_ITEM transaction=android.app.servertransaction.ClientTransaction shape=CREATOR: mActivityCallbacks:[ConfigurationChangeItem] mActivityToken:null mClient:null mLifecycleStateRequest:null mTransactionItems:[ConfigurationChangeItem] seen=3
1788680961.735 10303 13879 13879 D Unique  : 2026-09-06 14:49:21.734 D LAUNCH u4 com.axlebolt.standoff2 NO_LAUNCH_ITEM transaction=android.app.servertransaction.ClientTransaction shape=CREATOR: mActivityCallbacks:[ActivityConfigurationChangeItem] mActivityToken:BinderProxy mClient:null mLifecycleStateRequest:null mTransactionItems:[ActivityConfigurationChangeItem] seen=4
1788680961.788 10303 13879 14038 E om.unique:vapp3: setpriority success to 100 : mali-cmar-backend
1788680961.855 10303 13879 14024 E LB      : fail to open file: No such file or directory
1788680961.855 10303 13879 14024 E LB      : fail to open node: No such file or directory
1788680961.855 10303 13879 14024 E LB      : fail to open node: No such file or directory
1788680961.865 10303 13879 13879 D Unique  : 2026-09-06 14:49:21.864 D LAUNCH u4 com.axlebolt.standoff2 NO_LAUNCH_ITEM transaction=android.app.servertransaction.ClientTransaction shape=CREATOR: mActivityCallbacks:[WindowStateInsetsControlChangeItem] mActivityToken:null mClient:null mLifecycleStateRequest:null mTransactionItems:[WindowStateInsetsControlChangeItem] seen=5
1788680961.870 10303 13879 13879 D Unique  : 2026-09-06 14:49:21.868 D LAUNCH u4 com.axlebolt.standoff2 NO_LAUNCH_ITEM transaction=android.app.servertransaction.ClientTransaction shape=CREATOR: mActivityCallbacks:[WindowStateResizeItem] mActivityToken:null mClient:null mLifecycleStateRequest:null mTransactionItems:[WindowStateResizeItem] seen=6
1788680961.920 10303 13879 14006 I Unity   : MemoryManager: Using 'Dynamic Heap' Allocator.
1788680961.929 10303 13879 13879 D Unique  : 2026-09-06 14:49:21.928 D LAUNCH u4 com.axlebolt.standoff2 NO_LAUNCH_ITEM transaction=android.app.servertransaction.ClientTransaction shape=CREATOR: mActivityCallbacks:[WindowStateInsetsControlChangeItem] mActivityToken:null mClient:null mLifecycleStateRequest:null mTransactionItems:[WindowStateInsetsControlChangeItem] seen=7
1788680961.936 10303 13879 14006 I Unique  : 2026-09-06 14:49:21.935 I STORAGE u4 com.axlebolt.standoff2 EXTERNAL_VOLUME_REPOINTED path=/data/user/0/com.unique/files/virtual/users/4/sdcard fields=mPath,mInternalPath
1788680961.952 10303 13879 14006 I Unique  : 2026-09-06 14:49:21.951 I STORAGE u4 com.axlebolt.standoff2 EXTERNAL_VOLUME_REPOINTED path=/data/user/0/com.unique/files/virtual/users/4/sdcard fields=mPath,mInternalPath
1788680961.953 10303 13879 14006 I Unique  : 2026-09-06 14:49:21.952 I STORAGE u4 com.axlebolt.standoff2 EXTERNAL_VOLUME_REPOINTED path=/data/user/0/com.unique/files/virtual/users/4/sdcard fields=mPath,mInternalPath
1788680961.968 10303 13879 14006 I Unique  : 2026-09-06 14:49:21.965 I STORAGE u4 com.axlebolt.standoff2 EXTERNAL_VOLUME_REPOINTED path=/data/user/0/com.unique/files/virtual/users/4/sdcard fields=mPath,mInternalPath
1788680961.970 10303 13879 14006 D Unique  : 2026-09-06 14:49:21.969 D PROCESS u4 com.axlebolt.standoff2 PERMISSION_CHECK permission=android.permission.READ_EXTERNAL_STORAGE result=DENIED
1788680961.984 10303 13879 14006 I Unique  : 2026-09-06 14:49:21.983 I LAUNCH u4 com.axlebolt.standoff2 ACTIVITY_IMPLICIT_LEFT_GUEST action=android.content.pm.action.REQUEST_PERMISSIONS data=- package=com.axlebolt.standoff2 handledByHost=com.google.android.permissioncontroller detail=no activity of the guest matches; the host's own apps answer this intent, with the host's data
1788680962.113 10303 13879 13879 D Unique  : 2026-09-06 14:49:22.112 D LAUNCH u4 com.axlebolt.standoff2 NO_LAUNCH_ITEM transaction=android.app.servertransaction.ClientTransaction shape=CREATOR: mActivityCallbacks:[TopResumedActivityChangeItem] mActivityToken:BinderProxy mClient:null mLifecycleStateRequest:PauseActivityItem mTransactionItems:[TopResumedActivityChangeItem|PauseActivityItem] seen=8
1788680962.114 10303 13879 14006 I Unity   : No permission to read external storage. Skipping OBB loading.
1788680962.122 10303 13879 14006 I Unity   : SystemInfo CPU = ARM64 FP ASIMD AES, Cores = 8, Memory = 7707mb
1788680962.122 10303 13879 14006 I Unity   : SystemInfo ARM big.LITTLE configuration: 2 big (mask: 0xc0), 6 little (mask: 0x3f)
1788680962.122 10303 13879 14006 I Unity   : ApplicationInfo 'com.axlebolt.standoff2', Version '0.39.3', Min API Level '25', Target API Level '36'
1788680962.122 10303 13879 14006 I Unity   : Built from '6000.3.13f1_patched' branch, Version '6000.3.13f1 (3b0d9f02b51c)', Build type 'Release', Scripting Backend 'il2cpp', CPU 'arm64-v8a', Stripping 'Enabled'
1788680962.122 10303 13879 14006 I Unity   : Device Model 'Xiaomi 23030RAC7Y', OS 'Android OS 15 (API 35)'
1788680962.226 10303 13879 14044 W InteractionJankMonitor: Initializing without READ_DEVICE_CONFIG permission. enabled=false, interval=1, missedFrameThreshold=3, frameTimeThreshold=64, package=com.axlebolt.standoff2
1788680962.662 10303 13879 14006 I Unity   : Company Name: Axlebolt
1788680962.662 10303 13879 14006 I Unity   : Product Name: Standoff 2
1788680962.937 10303 13879 14006 W libc    : Access denied finding property "vendor.migl.debug"
1788680962.956 10303 13879 13922 W Metadata: Failed to find package android.content.pm.PackageManager$NameNotFoundException: com.google.android.gms
1788680962.958 10303 13879 14006 E QT      : [QT]file does not exist
1788680962.958 10303 13879 13922 W Metadata: Failed to resolve IID implementation package, falling back
1788680962.967 10303 13879 14101 E om.unique:vapp3: setpriority success to 100 : mali-cmar-backend
1788680962.994 10303 13879 14006 E om.unique:vapp3: checkIfsupportxIntfps do not binder to joyose
1788680963.013 10303 13879 14006 I Unique  : 2026-09-06 14:49:23.013 I STORAGE u4 com.axlebolt.standoff2 EXTERNAL_VOLUME_REPOINTED path=/data/user/0/com.unique/files/virtual/users/4/sdcard fields=mPath,mInternalPath
1788680963.015 10303 13879 14006 I Unique  : 2026-09-06 14:49:23.014 I STORAGE u4 com.axlebolt.standoff2 EXTERNAL_VOLUME_REPOINTED path=/data/user/0/com.unique/files/virtual/users/4/sdcard fields=mPath,mInternalPath
1788680963.157 10303 13879 13943 W u1.v    : Error scheduling event uid 10303 cannot schedule job in com.axlebolt.standoff2
1788680963.257 10303 13879 13966 D Unique  : 2026-09-06 14:49:23.255 D PROCESS u4 com.axlebolt.standoff2 SERVICE_INTENT_ROUTED service=io.appmetrica.analytics.internal.AppMetricaService stub=com.unique.stub.ServiceStub_p3_s0 action=io.appmetrica.analytics.IAppMetricaService
1788680963.468 10303 13879 14006 I Unity   : Script error: OnTriggerEnter2D
1788680963.468 10303 13879 14006 I Unity   : This message parameter has to be of type: [UNREGISTERED]
1788680963.468 10303 13879 14006 I Unity   : The message will be ignored.
1788680963.468 10303 13879 14006 I Unity   : Script error: OnTriggerExit2D
1788680963.468 10303 13879 14006 I Unity   : This message parameter has to be of type: [UNREGISTERED]
1788680963.468 10303 13879 14006 I Unity   : The message will be ignored.
1788680963.507 10303 13879 14006 I Unity   : Script error: OnTriggerEnter2D
1788680963.507 10303 13879 14006 I Unity   : This message parameter has to be of type: [UNREGISTERED]
1788680963.507 10303 13879 14006 I Unity   : The message will be ignored.
1788680963.507 10303 13879 14006 I Unity   : Script error: OnTriggerExit2D
1788680963.507 10303 13879 14006 I Unity   : This message parameter has to be of type: [UNREGISTERED]
1788680963.507 10303 13879 14006 I Unity   : The message will be ignored.
1788680963.508 10303 13879 14006 I Unity   : Script error: OnTriggerEnter2D
1788680963.508 10303 13879 14006 I Unity   : This message parameter has to be of type: [UNREGISTERED]
1788680963.508 10303 13879 14006 I Unity   : The message will be ignored.
1788680963.508 10303 13879 14006 I Unity   : Script error: OnTriggerExit2D
1788680963.508 10303 13879 14006 I Unity   : This message parameter has to be of type: [UNREGISTERED]
1788680963.508 10303 13879 14006 I Unity   : The message will be ignored.
1788680963.540 10303 13879 14006 I Unity   : Script error: OnTriggerEnter2D
1788680963.540 10303 13879 14006 I Unity   : This message parameter has to be of type: [UNREGISTERED]
1788680963.540 10303 13879 14006 I Unity   : The message will be ignored.
1788680963.540 10303 13879 14006 I Unity   : Script error: OnTriggerExit2D
1788680963.540 10303 13879 14006 I Unity   : This message parameter has to be of type: [UNREGISTERED]
1788680963.540 10303 13879 14006 I Unity   : The message will be ignored.
1788680963.892 10303 13879 13879 W Activity: PerfMonitor: Slow Operation: Activity com.axlebolt.standoff2/com.google.firebase.MessagingUnityPlayerActivity onPause took 1774ms
1788680963.897 10303 13879 13879 D Unique  : 2026-09-06 14:49:23.897 D LAUNCH u4 com.axlebolt.standoff2 NO_LAUNCH_ITEM transaction=android.app.servertransaction.ClientTransaction shape=CREATOR: mActivityCallbacks:[TopResumedActivityChangeItem|ActivityResultItem] mActivityToken:BinderProxy mClient:null mLifecycleStateRequest:ResumeActivityItem mTransactionItems:[TopResumedActivityChangeItem|ActivityResultItem|ResumeActivityItem] seen=9
1788680963.898 10303 13879 14107 E emoji2.text.DefaultEmojiConfig: com.google.android.gms
1788680963.898 10303 13879 14107 E emoji2.text.DefaultEmojiConfig: android.content.pm.PackageManager$NameNotFoundException: com.google.android.gms
1788680963.898 10303 13879 14107 E emoji2.text.DefaultEmojiConfig: 	at android.app.ApplicationPackageManager.getPackageInfoAsUser(ApplicationPackageManager.java:276)
1788680963.898 10303 13879 14107 E emoji2.text.DefaultEmojiConfig: 	at android.app.ApplicationPackageManager.getPackageInfo(ApplicationPackageManager.java:236)
1788680963.898 10303 13879 14107 E emoji2.text.DefaultEmojiConfig: 	at android.app.ApplicationPackageManager.getPackageInfo(ApplicationPackageManager.java:230)
1788680963.898 10303 13879 14107 E emoji2.text.DefaultEmojiConfig: 	at androidx.emoji2.text.DefaultEmojiCompatConfig$DefaultEmojiCompatConfigHelper_API28.getSigningSignatures(SourceFile:3)
1788680963.898 10303 13879 14107 E emoji2.text.DefaultEmojiConfig: 	at androidx.emoji2.text.DefaultEmojiCompatConfig$DefaultEmojiCompatConfigFactory.generateFontRequestFrom(SourceFile:7)
1788680963.898 10303 13879 14107 E emoji2.text.DefaultEmojiConfig: 	at androidx.emoji2.text.DefaultEmojiCompatConfig$DefaultEmojiCompatConfigFactory.queryForDefaultFontRequest(SourceFile:18)
1788680963.898 10303 13879 14107 E emoji2.text.DefaultEmojiConfig: 	at androidx.emoji2.text.DefaultEmojiCompatConfig$DefaultEmojiCompatConfigFactory.create(SourceFile:1)
1788680963.898 10303 13879 14107 E emoji2.text.DefaultEmojiConfig: 	at androidx.emoji2.text.DefaultEmojiCompatConfig.create(SourceFile:7)
1788680963.898 10303 13879 14107 E emoji2.text.DefaultEmojiConfig: 	at androidx.emoji2.text.EmojiCompatInitializer$BackgroundDefaultLoader.doLoad(SourceFile:3)
1788680963.898 10303 13879 14107 E emoji2.text.DefaultEmojiConfig: 	at androidx.emoji2.text.EmojiCompatInitializer$BackgroundDefaultLoader.a(SourceFile:1)
1788680963.898 10303 13879 14107 E emoji2.text.DefaultEmojiConfig: 	at androidx.emoji2.text.d.run(SourceFile:1)
1788680963.898 10303 13879 14107 E emoji2.text.DefaultEmojiConfig: 	at java.util.concurrent.ThreadPoolExecutor.runWorker(ThreadPoolExecutor.java:1100)
1788680963.898 10303 13879 14107 E emoji2.text.DefaultEmojiConfig: 	at java.util.concurrent.ThreadPoolExecutor$Worker.run(ThreadPoolExecutor.java:624)
1788680963.898 10303 13879 14107 E emoji2.text.DefaultEmojiConfig: 	at java.lang.Thread.run(Thread.java:1572)
1788680963.904 10303 13879 13879 I Unique  : 2026-09-06 14:49:23.903 I PROCESS u4 com.axlebolt.standoff2 PERMISSION_RESULT_RECORDED package=com.axlebolt.standoff2 vuid=4 permission=android.permission.READ_EXTERNAL_STORAGE granted=false blockedByHost=true
1788680963.905 10303 13879 13879 I Unique  : 2026-09-06 14:49:23.905 I PROCESS u4 com.axlebolt.standoff2 PERMISSION_RESULT_RECORDED package=com.axlebolt.standoff2 vuid=4 permission=android.permission.READ_EXTERNAL_STORAGE granted=false blockedByHost=true
1788680963.911 10303 13879 13879 W WindowOnBackDispatcher: OnBackInvokedCallback is not enabled for the application.
1788680963.911 10303 13879 13879 W WindowOnBackDispatcher: Set 'android:enableOnBackInvokedCallback="true"' in the application manifest.
1788680963.912 10303 13879 14006 E om.unique:vapp3: checkIfsupportxIntfps do not binder to joyose
1788680964.865 10303 13879 14104 E om.unique:vapp3: DynamicFPS DF open fail: No such file or directory
1788680966.001 10303 13879 14006 D Unique  : 2026-09-06 14:49:26.001 D PROCESS u4 com.axlebolt.standoff2 PERMISSION_CHECK permission=android.permission.INTERNET result=GRANTED
1788680966.002 10303 13879 14006 D Unique  : 2026-09-06 14:49:26.002 D PROCESS u4 com.axlebolt.standoff2 SETTING_ANSWERED setting=ANDROID_ID value=d1058e197f5e8b95
1788680966.212 10303 13879 14006 W Unity   : AndroidJNIHelper.GetSignature: using Byte parameters is obsolete, use SByte parameters instead
1788680966.212 10303 13879 14006 W Unity   : UnityEngine.DebugLogHandler:Internal_Log(LogType, LogOption, String, Object)
1788680966.212 10303 13879 14006 W Unity   : UnityEngine._AndroidJNIHelper:GetSignature(Object)
1788680966.212 10303 13879 14006 W Unity   : UnityEngine._AndroidJNIHelper:GetSignature(Object)
1788680966.212 10303 13879 14006 W Unity   : UnityEngine._AndroidJNIHelper:GetSignature(Object[])
1788680966.212 10303 13879 14006 W Unity   : UnityEngine._AndroidJNIHelper:GetMethodID(IntPtr, String, Object[], Boolean)
1788680966.212 10303 13879 14006 W Unity   : UnityEngine.AndroidJavaObject:_CallStatic(String, Object[])
1788680966.212 10303 13879 14006 W Unity   : FBBGFDEEFAHAAFC:GHEBGDAGCFCAGEF(String)
1788680966.212 10303 13879 14006 W Unity   : <Download>d__29:MoveNext()
1788680966.212 10303 13879 14006 W Unity   : System.Runtime.CompilerServices.AsyncTaskMethodBuilder`1:Start(TStateMachine&)
1788680966.212 10303 13879 14006 W Unity   : FBBGFDEEFAHAAFC:EBHFGBHGBHGDBDB(CancellationToken)
1788680966.212 10303 13879 14006 W Unity   : <ExecuteStep>d__9:MoveNext()
1788680966.212 10303 13879 14006 W Unity   : System.Runtime.CompilerServices.AsyncTaskMethodBuilder:Start(TStateMachine&)
1788680966.212 10303 13879 14006 W Unity   : FHHBBDGBEEDFAEC:HEEHFHFHDFFFAEF(Lifetime, IProgress`1)
1788680966.212 10303 13879 14006 W Unity   : <Run>d__6:MoveNext()
1788680966.212 10303 13879 14006 W Unity   : System.Runtime.CompilerServices.AsyncTaskMethodBuilder:Start(TStateMachine&)
1788680966.212 10303 13879 14006 W Unity   : BGAFCFHACAGBFFD:BEBABAGGEHGEGFE(Lifetime, IProgress`1)
1788680966.212 10303 13879 14006 W Unity   : <RunPipeline>d__7:MoveNext()
1788680966.212 10303 13879 14006 W Unity   : System.Runtime.Comp
1788680966.213 10303 13879 14006 W Unity   : AndroidJNIHelper: converting Byte array is obsolete, use SByte array instead
1788680966.213 10303 13879 14006 W Unity   : UnityEngine.DebugLogHandler:Internal_Log(LogType, LogOption, String, Object)
1788680966.213 10303 13879 14006 W Unity   : UnityEngine._AndroidJNIHelper:ConvertToJNIArray(Array)
1788680966.213 10303 13879 14006 W Unity   : UnityEngine._AndroidJNIHelper:CreateJNIArgArray(Object[], Span`1)
1788680966.213 10303 13879 14006 W Unity   : UnityEngine.AndroidJavaObject:_CallStatic(IntPtr, Object[])
1788680966.213 10303 13879 14006 W Unity   : FBBGFDEEFAHAAFC:GHEBGDAGCFCAGEF(String)
1788680966.213 10303 13879 14006 W Unity   : <Download>d__29:MoveNext()
1788680966.213 10303 13879 14006 W Unity   : System.Runtime.CompilerServices.AsyncTaskMethodBuilder`1:Start(TStateMachine&)
1788680966.213 10303 13879 14006 W Unity   : FBBGFDEEFAHAAFC:EBHFGBHGBHGDBDB(CancellationToken)
1788680966.213 10303 13879 14006 W Unity   : <ExecuteStep>d__9:MoveNext()
1788680966.213 10303 13879 14006 W Unity   : System.Runtime.CompilerServices.AsyncTaskMethodBuilder:Start(TStateMachine&)
1788680966.213 10303 13879 14006 W Unity   : FHHBBDGBEEDFAEC:HEEHFHFHDFFFAEF(Lifetime, IProgress`1)
1788680966.213 10303 13879 14006 W Unity   : <Run>d__6:MoveNext()
1788680966.213 10303 13879 14006 W Unity   : System.Runtime.CompilerServices.AsyncTaskMethodBuilder:Start(TStateMachine&)
1788680966.213 10303 13879 14006 W Unity   : BGAFCFHACAGBFFD:BEBABAGGEHGEGFE(Lifetime, IProgress`1)
1788680966.213 10303 13879 14006 W Unity   : <RunPipeline>d__7:MoveNext()
1788680966.213 10303 13879 14006 W Unity   : System.Runtime.CompilerServices.AsyncTaskMethodBuilder:Start(TStateMachine&)
1788680966.213 10303 13879 14006 W Unity   : DABADCDFAAACFHF:CHGAECAACFBAEBB()
1788680966.213 10303 13879 14006 W Unity   : DABADCDFAAACFHF:Initialize()
1788680966.213 10303 13879 14006 W Unity   : VContain
1788680966.214 10303 13879 14006 D Unique  : 2026-09-06 14:49:26.214 D PROCESS u4 com.axlebolt.standoff2 SETTING_ANSWERED setting=ANDROID_ID value=d1058e197f5e8b95
1788680966.224 10303 13879 14006 D Unique  : 2026-09-06 14:49:26.224 D PROCESS u4 com.axlebolt.standoff2 SERVICE_INTENT_CROSS_APP action=com.android.vending.licensing.ILicensingService target=com.android.vending
1788680966.225 10303 13879 14006 D Unique  : 2026-09-06 14:49:26.225 D PROCESS u4 com.axlebolt.standoff2 SERVICE_CONNECTION_WRAPPED connection=x2.d
1788680966.867 10303 13879 14104 E om.unique:vapp3: FrameInsert open fail: No such file or directory
1788680968.265 10303 13879 13966 D Unique  : 2026-09-06 14:49:28.263 D PROCESS u4 com.axlebolt.standoff2 SERVICE_INTENT_ROUTED service=io.appmetrica.analytics.internal.AppMetricaService stub=com.unique.stub.ServiceStub_p3_s0 action=io.appmetrica.analytics.IAppMetricaService
1788680969.364 10303 13879 14006 W Unity   : AndroidJNIHelper.GetSignature: using Byte parameters is obsolete, use SByte parameters instead
1788680969.364 10303 13879 14006 W Unity   : UnityEngine.DebugLogHandler:Internal_Log(LogType, LogOption, String, Object)
1788680969.364 10303 13879 14006 W Unity   : UnityEngine._AndroidJNIHelper:GetSignature(Object)
1788680969.364 10303 13879 14006 W Unity   : UnityEngine._AndroidJNIHelper:GetSignature(Object)
1788680969.364 10303 13879 14006 W Unity   : UnityEngine._AndroidJNIHelper:GetSignature(Object[])
1788680969.364 10303 13879 14006 W Unity   : UnityEngine._AndroidJNIHelper:GetMethodID(IntPtr, String, Object[], Boolean)
1788680969.364 10303 13879 14006 W Unity   : UnityEngine.AndroidJavaObject:_CallStatic(String, Object[])
1788680969.364 10303 13879 14006 W Unity   : FBBGFDEEFAHAAFC:GHEBGDAGCFCAGEF(String)
1788680969.364 10303 13879 14006 W Unity   : <Download>d__29:MoveNext()
1788680969.364 10303 13879 14006 W Unity   : System.Runtime.CompilerServices.AsyncTaskMethodBuilder`1:Start(TStateMachine&)
1788680969.364 10303 13879 14006 W Unity   : FBBGFDEEFAHAAFC:EBHFGBHGBHGDBDB(CancellationToken)
1788680969.364 10303 13879 14006 W Unity   : <ExecuteStep>d__9:MoveNext()
1788680969.364 10303 13879 14006 W Unity   : System.Threading.ExecutionContext:RunInternal(ExecutionContext, ContextCallback, Object, Boolean)
1788680969.364 10303 13879 14006 W Unity   : System.Runtime.CompilerServices.MoveNextRunner:Run()
1788680969.364 10303 13879 14006 W Unity   : UnityEngine.WorkRequest:Invoke()
1788680969.364 10303 13879 14006 W Unity   : UnityEngine.UnitySynchronizationContext:Exec()
1788680969.365 10303 13879 14006 W Unity   : AndroidJNIHelper: converting Byte array is obsolete, use SByte array instead
1788680969.365 10303 13879 14006 W Unity   : UnityEngine.DebugLogHandler:Internal_Log(LogType, LogOption, String, Object)
1788680969.365 10303 13879 14006 W Unity   : UnityEngine._AndroidJNIHelper:ConvertToJNIArray(Array)
1788680969.365 10303 13879 14006 W Unity   : UnityEngine._AndroidJNIHelper:CreateJNIArgArray(Object[], Span`1)
1788680969.365 10303 13879 14006 W Unity   : UnityEngine.AndroidJavaObject:_CallStatic(IntPtr, Object[])
1788680969.365 10303 13879 14006 W Unity   : FBBGFDEEFAHAAFC:GHEBGDAGCFCAGEF(String)
1788680969.365 10303 13879 14006 W Unity   : <Download>d__29:MoveNext()
1788680969.365 10303 13879 14006 W Unity   : System.Runtime.CompilerServices.AsyncTaskMethodBuilder`1:Start(TStateMachine&)
1788680969.365 10303 13879 14006 W Unity   : FBBGFDEEFAHAAFC:EBHFGBHGBHGDBDB(CancellationToken)
1788680969.365 10303 13879 14006 W Unity   : <ExecuteStep>d__9:MoveNext()
1788680969.365 10303 13879 14006 W Unity   : System.Threading.ExecutionContext:RunInternal(ExecutionContext, ContextCallback, Object, Boolean)
1788680969.365 10303 13879 14006 W Unity   : System.Runtime.CompilerServices.MoveNextRunner:Run()
1788680969.365 10303 13879 14006 W Unity   : UnityEngine.WorkRequest:Invoke()
1788680969.365 10303 13879 14006 W Unity   : UnityEngine.UnitySynchronizationContext:Exec()
1788680969.366 10303 13879 14006 D Unique  : 2026-09-06 14:49:29.365 D PROCESS u4 com.axlebolt.standoff2 SETTING_ANSWERED setting=ANDROID_ID value=d1058e197f5e8b95
1788680969.370 10303 13879 14006 D Unique  : 2026-09-06 14:49:29.370 D PROCESS u4 com.axlebolt.standoff2 SERVICE_INTENT_CROSS_APP action=com.android.vending.licensing.ILicensingService target=com.android.vending
1788680969.371 10303 13879 14006 D Unique  : 2026-09-06 14:49:29.370 D PROCESS u4 com.axlebolt.standoff2 SERVICE_CONNECTION_WRAPPED connection=x2.d
1788680970.626 10303 13879 13879 W MirrorManager: this model don't Support
1788680970.655 10303 13879 13879 D Unique  : 2026-09-06 14:49:30.653 D LAUNCH u4 com.axlebolt.standoff2 NO_LAUNCH_ITEM transaction=android.app.servertransaction.ClientTransaction shape=CREATOR: mActivityCallbacks:[WindowStateInsetsControlChangeItem] mActivityToken:null mClient:null mLifecycleStateRequest:null mTransactionItems:[WindowStateInsetsControlChangeItem] seen=10
1788680970.659 10303 13879 13879 D Unique  : 2026-09-06 14:49:30.658 D LAUNCH u4 com.axlebolt.standoff2 NO_LAUNCH_ITEM transaction=android.app.servertransaction.ClientTransaction shape=CREATOR: mActivityCallbacks:[WindowStateResizeItem] mActivityToken:null mClient:null mLifecycleStateRequest:null mTransactionItems:[WindowStateResizeItem] seen=11
1788680971.416 10303 13879 13922 W Unique  : 2026-09-06 14:49:31.415 W PROCESS u4 com.axlebolt.standoff2 SERVICE_INTENT_IMPLICIT action=com.google.firebase.MESSAGING_EVENT package=com.axlebolt.standoff2 matches=2
1788680971.418 10303 13879 13922 D Unique  : 2026-09-06 14:49:31.417 D PROCESS u4 com.axlebolt.standoff2 SERVICE_CONNECTION_WRAPPED connection=com.google.firebase.messaging.WithinAppServiceConnection
1788680971.421 10303 13879 13922 E FirebaseMessaging: Exception while binding the service
1788680971.421 10303 13879 13922 E FirebaseMessaging: java.lang.SecurityException: Not allowed to bind to service Intent { act=com.google.firebase.MESSAGING_EVENT pkg=com.axlebolt.standoff2 }
1788680971.421 10303 13879 13922 E FirebaseMessaging: 	at android.app.ContextImpl.bindServiceCommon(ContextImpl.java:2195)
1788680971.421 10303 13879 13922 E FirebaseMessaging: 	at android.app.ContextImpl.bindService(ContextImpl.java:2052)
1788680971.421 10303 13879 13922 E FirebaseMessaging: 	at android.content.ContextWrapper.bindService(ContextWrapper.java:900)
1788680971.421 10303 13879 13922 E FirebaseMessaging: 	at l2.a.h(SourceFile:17)
1788680971.421 10303 13879 13922 E FirebaseMessaging: 	at l2.a.e(SourceFile:76)
1788680971.421 10303 13879 13922 E FirebaseMessaging: 	at l2.a.a(SourceFile:16)
1788680971.421 10303 13879 13922 E FirebaseMessaging: 	at com.google.firebase.messaging.WithinAppServiceConnection.startConnectionIfNeeded(SourceFile:51)
1788680971.421 10303 13879 13922 E FirebaseMessaging: 	at com.google.firebase.messaging.WithinAppServiceConnection.flushQueue(SourceFile:83)
1788680971.421 10303 13879 13922 E FirebaseMessaging: 	at com.google.firebase.messaging.WithinAppServiceConnection.sendIntent(SourceFile:36)
1788680971.421 10303 13879 13922 E FirebaseMessaging: 	at com.google.firebase.messaging.FcmBroadcastProcessor.bindToMessagingService(SourceFile:50)
1788680971.421 10303 13879 13922 E FirebaseMessaging: 	at com.google.firebase.messaging.FcmBroadcastProcessor.startMessagingService(SourceFile:36)
1788680971.421 10303 13879 13922 E FirebaseMessaging: 	at com.google.firebase.messaging.FcmBroadcastProcessor.process(SourceFile:24)
1788680971.421 10303 13879 13922 E FirebaseMessaging: 	at com.google.firebase.messaging.FirebaseMessaging.invokeOnTokenRefresh(SourceFile:69)
1788680971.421 10303 13879 13922 E FirebaseMessaging: 	at com.google.firebase.messaging.FirebaseMessaging.d(SourceFile:1)
1788680971.421 10303 13879 13922 E FirebaseMessaging: 	at com.google.firebase.messaging.k.a(SourceFile:1)
1788680971.421 10303 13879 13922 E FirebaseMessaging: 	at com.google.firebase.iid.FirebaseInstanceId.x(SourceFile:33)
1788680971.421 10303 13879 13922 E FirebaseMessaging: 	at com.google.firebase.iid.i.onSuccess(SourceFile:6)
1788680971.421 10303 13879 13922 E FirebaseMessaging: 	at com.google.android.gms.tasks.zzm.run(SourceFile:24)
1788680971.421 10303 13879 13922 E FirebaseMessaging: 	at com.google.firebase.iid.h.execute(SourceFile:0)
1788680971.421 10303 13879 13922 E FirebaseMessaging: 	at com.google.android.gms.tasks.zzn.zza(SourceFile:26)
1788680971.421 10303 13879 13922 E FirebaseMessaging: 	at com.google.android.gms.tasks.zzr.zzb(SourceFile:38)
1788680971.421 10303 13879 13922 E FirebaseMessaging: 	at com.google.android.gms.tasks.zzw.zza(SourceFile:15)
1788680971.421 10303 13879 13922 E FirebaseMessaging: 	at com.google.android.gms.tasks.zzp.onSuccess(SourceFile:3)
1788680971.421 10303 13879 13922 E FirebaseMessaging: 	at com.google.android.gms.tasks.zzm.run(SourceFile:24)
1788680971.421 10303 13879 13922 E FirebaseMessaging: 	at com.google.android.gms.tasks.zzt.execute(SourceFile:1)
1788680971.421 10303 13879 13922 E FirebaseMessaging: 	at com.google.android.gms.tasks.zzn.zza(SourceFile:26)
1788680971.421 10303 13879 13922 E FirebaseMessaging: 	at com.google.android.gms.tasks.zzr.zzb(SourceFile:38)
1788680971.421 10303 13879 13922 E FirebaseMessaging: 	at com.google.android.gms.tasks.zzw.zzi(SourceFile:15)
1788680971.421 10303 13879 13922 E FirebaseMessaging: 	at com.google.android.gms.tasks.zzw.addOnSuccessListener(SourceFile:7)
1788680971.421 10303 13879 13922 E FirebaseMessaging: 	at com.google.android.gms.tasks.zzo.run(SourceFile:36)
1788680971.421 10303 13879 13922 E FirebaseMessaging: 	at java.util.concurrent.ThreadPoolExecutor.runWorker(ThreadPoolExecutor.java:1100)
1788680971.421 10303 13879 13922 E FirebaseMessaging: 	at java.util.concurrent.ThreadPoolExecutor$Worker.run(ThreadPoolExecutor.java:624)
1788680971.421 10303 13879 13922 E FirebaseMessaging: 	at m2.d.run(SourceFile:7)
1788680971.421 10303 13879 13922 E FirebaseMessaging: 	at java.lang.Thread.run(Thread.java:1572)
1788680972.037 10303 13879 13879 D Unique  : 2026-09-06 14:49:32.036 D LAUNCH u4 com.axlebolt.standoff2 NO_LAUNCH_ITEM transaction=android.app.servertransaction.ClientTransaction shape=CREATOR: mActivityCallbacks:[TopResumedActivityChangeItem] mActivityToken:BinderProxy mClient:null mLifecycleStateRequest:null mTransactionItems:[TopResumedActivityChangeItem] seen=12
1788680972.172 10303 13879 13879 D Unique  : 2026-09-06 14:49:32.171 D LAUNCH u4 com.axlebolt.standoff2 NO_LAUNCH_ITEM transaction=android.app.servertransaction.ClientTransaction shape=CREATOR: mActivityCallbacks:[WindowStateInsetsControlChangeItem] mActivityToken:null mClient:null mLifecycleStateRequest:null mTransactionItems:[WindowStateInsetsControlChangeItem] seen=13
1788680972.432 10303 13879 14006 W Unity   : AndroidJNIHelper.GetSignature: using Byte parameters is obsolete, use SByte parameters instead
1788680972.432 10303 13879 14006 W Unity   : UnityEngine.DebugLogHandler:Internal_Log(LogType, LogOption, String, Object)
1788680972.432 10303 13879 14006 W Unity   : UnityEngine._AndroidJNIHelper:GetSignature(Object)
1788680972.432 10303 13879 14006 W Unity   : UnityEngine._AndroidJNIHelper:GetSignature(Object)
1788680972.432 10303 13879 14006 W Unity   : UnityEngine._AndroidJNIHelper:GetSignature(Object[])
1788680972.432 10303 13879 14006 W Unity   : UnityEngine._AndroidJNIHelper:GetMethodID(IntPtr, String, Object[], Boolean)
1788680972.432 10303 13879 14006 W Unity   : UnityEngine.AndroidJavaObject:_CallStatic(String, Object[])
1788680972.432 10303 13879 14006 W Unity   : FBBGFDEEFAHAAFC:GHEBGDAGCFCAGEF(String)
1788680972.432 10303 13879 14006 W Unity   : <Download>d__29:MoveNext()
1788680972.432 10303 13879 14006 W Unity   : System.Runtime.CompilerServices.AsyncTaskMethodBuilder`1:Start(TStateMachine&)
1788680972.432 10303 13879 14006 W Unity   : FBBGFDEEFAHAAFC:EBHFGBHGBHGDBDB(CancellationToken)
1788680972.432 10303 13879 14006 W Unity   : <ExecuteStep>d__9:MoveNext()
1788680972.432 10303 13879 14006 W Unity   : System.Threading.ExecutionContext:RunInternal(ExecutionContext, ContextCallback, Object, Boolean)
1788680972.432 10303 13879 14006 W Unity   : System.Runtime.CompilerServices.MoveNextRunner:Run()
1788680972.432 10303 13879 14006 W Unity   : UnityEngine.WorkRequest:Invoke()
1788680972.432 10303 13879 14006 W Unity   : UnityEngine.UnitySynchronizationContext:Exec()
1788680972.433 10303 13879 14006 W Unity   : AndroidJNIHelper: converting Byte array is obsolete, use SByte array instead
1788680972.433 10303 13879 14006 W Unity   : UnityEngine.DebugLogHandler:Internal_Log(LogType, LogOption, String, Object)
1788680972.433 10303 13879 14006 W Unity   : UnityEngine._AndroidJNIHelper:ConvertToJNIArray(Array)
1788680972.433 10303 13879 14006 W Unity   : UnityEngine._AndroidJNIHelper:CreateJNIArgArray(Object[], Span`1)
1788680972.433 10303 13879 14006 W Unity   : UnityEngine.AndroidJavaObject:_CallStatic(IntPtr, Object[])
1788680972.433 10303 13879 14006 W Unity   : FBBGFDEEFAHAAFC:GHEBGDAGCFCAGEF(String)
1788680972.433 10303 13879 14006 W Unity   : <Download>d__29:MoveNext()
1788680972.433 10303 13879 14006 W Unity   : System.Runtime.CompilerServices.AsyncTaskMethodBuilder`1:Start(TStateMachine&)
1788680972.433 10303 13879 14006 W Unity   : FBBGFDEEFAHAAFC:EBHFGBHGBHGDBDB(CancellationToken)
1788680972.433 10303 13879 14006 W Unity   : <ExecuteStep>d__9:MoveNext()
1788680972.433 10303 13879 14006 W Unity   : System.Threading.ExecutionContext:RunInternal(ExecutionContext, ContextCallback, Object, Boolean)
1788680972.433 10303 13879 14006 W Unity   : System.Runtime.CompilerServices.MoveNextRunner:Run()
1788680972.433 10303 13879 14006 W Unity   : UnityEngine.WorkRequest:Invoke()
1788680972.433 10303 13879 14006 W Unity   : UnityEngine.UnitySynchronizationContext:Exec()
1788680972.434 10303 13879 14006 D Unique  : 2026-09-06 14:49:32.433 D PROCESS u4 com.axlebolt.standoff2 SETTING_ANSWERED setting=ANDROID_ID value=d1058e197f5e8b95
1788680972.438 10303 13879 14006 D Unique  : 2026-09-06 14:49:32.437 D PROCESS u4 com.axlebolt.standoff2 SERVICE_INTENT_CROSS_APP action=com.android.vending.licensing.ILicensingService target=com.android.vending
1788680972.438 10303 13879 14006 D Unique  : 2026-09-06 14:49:32.438 D PROCESS u4 com.axlebolt.standoff2 SERVICE_CONNECTION_WRAPPED connection=x2.d
1788680973.269 10303 13879 13966 D Unique  : 2026-09-06 14:49:33.268 D PROCESS u4 com.axlebolt.standoff2 SERVICE_INTENT_ROUTED service=io.appmetrica.analytics.internal.AppMetricaService stub=com.unique.stub.ServiceStub_p3_s0 action=io.appmetrica.analytics.IAppMetricaService
1788680973.700 10303 13879 13879 W Activity: PerfMonitor: Slow Operation: Activity com.axlebolt.standoff2/com.google.firebase.MessagingUnityPlayerActivity onPause took 96ms
1788680973.821 10303  9702  9746 E com.unique: checkIfsupportxIntfps do not binder to joyose
1788680974.895 10303  9702 12243 I Unique  : 2026-09-06 14:49:34.893 I PROCESS HOST_PERMISSION_REFUSED group=FILES permissions=android.permission.READ_EXTERNAL_STORAGE,android.permission.WRITE_EXTERNAL_STORAGE permanent=true
1788680975.635 10303 13879 13937 I FA      : Application backgrounded at: timestamp_millis: 1788680973609
1788680977.459 10303  9702 12243 I Unique  : 2026-09-06 14:49:37.458 I PROCESS HOST_PERMISSION_REFUSED group=FILES permissions=android.permission.READ_EXTERNAL_STORAGE,android.permission.WRITE_EXTERNAL_STORAGE permanent=true
1788680978.273 10303 13879 13966 D Unique  : 2026-09-06 14:49:38.272 D PROCESS u4 com.axlebolt.standoff2 SERVICE_INTENT_ROUTED service=io.appmetrica.analytics.internal.AppMetricaService stub=com.unique.stub.ServiceStub_p3_s0 action=io.appmetrica.analytics.IAppMetricaService
1788680978.827 10303  9702 12243 I Unique  : 2026-09-06 14:49:38.826 I GOOGLE GOOGLE_ENVIRONMENT gmsPresent=true gmsEnabled=true gmsVersionCode=263234035 gmsVersionName=26.32.34 (260400-968093310) vendingPresent=true gsfPresent=true customTabs=com.android.chrome hostGmsAvailable=true virtualGmsInstalled=false customTabsAvailable=true
1788680978.843 10303  9702  9815 I Unique  : 2026-09-06 14:49:38.843 I GOOGLE GOOGLE_ENVIRONMENT gmsPresent=true gmsEnabled=true gmsVersionCode=263234035 gmsVersionName=26.32.34 (260400-968093310) vendingPresent=true gsfPresent=true customTabs=com.android.chrome hostGmsAvailable=true virtualGmsInstalled=false customTabsAvailable=true
1788680978.844 10303  9702  9815 I Unique  : 2026-09-06 14:49:38.844 I GOOGLE GOOGLE_ROUTE package=com.axlebolt.standoff2 flow=SIGN_IN mode=PASSTHROUGH why=The app declares an OAuth redirect scheme, so the browser flow can be used and is the most reliable path.
1788680978.845 10303  9702  9815 I Unique  : 2026-09-06 14:49:38.845 I GOOGLE GOOGLE_ROUTE package=com.axlebolt.standoff2 flow=CREDENTIAL_MANAGER mode=HOST_BRIDGE why=Unverified: Sign in with Google issues a token for the app's server client, so the device's own Google Play services should be able to answer. Not yet confirmed against a real sample.
1788680978.846 10303  9702  9815 I Unique  : 2026-09-06 14:49:38.845 I GOOGLE GOOGLE_ROUTE package=com.axlebolt.standoff2 flow=ACCOUNT_MANAGER mode=HOST_BRIDGE why=Account access is bridged to the device's accounts; consent is shown as UNIQUE.
1788680978.846 10303  9702  9815 I Unique  : 2026-09-06 14:49:38.846 I GOOGLE GOOGLE_ROUTE package=com.axlebolt.standoff2 flow=FIREBASE_AUTH mode=PASSTHROUGH why=Firebase Auth consumes a token from another flow; the app's browser redirect can supply it.
1788680978.847 10303  9702  9815 I Unique  : 2026-09-06 14:49:38.846 I GOOGLE GOOGLE_ROUTE package=com.axlebolt.standoff2 flow=OAUTH_WEB mode=PASSTHROUGH why=Browser-based OAuth needs no Google Play services, only a working redirect back into this instance.
1788680978.847 10303  9702  9815 I Unique  : 2026-09-06 14:49:38.847 I GOOGLE GOOGLE_ROUTE package=com.axlebolt.standoff2 flow=FCM mode=HOST_BRIDGE why=Experimental: push registration is bridged through the host. Whether Google Play services accepts it varies by version; the result is recorded per device.
1788680978.848 10303  9702  9815 I Unique  : 2026-09-06 14:49:38.847 I GOOGLE GOOGLE_ROUTE package=com.axlebolt.standoff2 flow=PLAY_GAMES mode=UNSUPPORTED why=Not supported yet: Play Games checks an attested app identity, and UNIQUE has not been tested against it.
1788680979.546 10303  9702 12243 I Unique  : 2026-09-06 14:49:39.538 I PROCESS HOST_PERMISSION_REFUSED group=FILES permissions=android.permission.READ_EXTERNAL_STORAGE,android.permission.WRITE_EXTERNAL_STORAGE permanent=true
1788680980.513 10303 13879 13879 W WindowOnBackDispatcher: OnBackInvokedCallback is not enabled for the application.
1788680980.513 10303 13879 13879 W WindowOnBackDispatcher: Set 'android:enableOnBackInvokedCallback="true"' in the application manifest.
1788680980.555 10303 13879 14006 E om.unique:vapp3: checkIfsupportxIntfps do not binder to joyose
1788680980.656 10303 13879 14006 D Unique  : 2026-09-06 14:49:40.655 D PROCESS u4 com.axlebolt.standoff2 PERMISSION_CHECK permission=android.permission.READ_EXTERNAL_STORAGE result=DENIED
1788680980.666 10303 13879 14006 I Unique  : 2026-09-06 14:49:40.664 I LAUNCH u4 com.axlebolt.standoff2 ACTIVITY_IMPLICIT_LEFT_GUEST action=android.content.pm.action.REQUEST_PERMISSIONS data=- package=com.axlebolt.standoff2 handledByHost=com.google.android.permissioncontroller detail=no activity of the guest matches; the host's own apps answer this intent, with the host's data
1788680980.689 10303 13879 14006 I Unity   : No permission to read external storage. Skipping OBB loading.
1788680980.709 10303 13879 14006 W Unity   : AndroidJNIHelper.GetSignature: using Byte parameters is obsolete, use SByte parameters instead
1788680980.709 10303 13879 14006 W Unity   : UnityEngine.DebugLogHandler:Internal_Log(LogType, LogOption, String, Object)
1788680980.709 10303 13879 14006 W Unity   : UnityEngine._AndroidJNIHelper:GetSignature(Object)
1788680980.709 10303 13879 14006 W Unity   : UnityEngine._AndroidJNIHelper:GetSignature(Object)
1788680980.709 10303 13879 14006 W Unity   : UnityEngine._AndroidJNIHelper:GetSignature(Object[])
1788680980.709 10303 13879 14006 W Unity   : UnityEngine._AndroidJNIHelper:GetMethodID(IntPtr, String, Object[], Boolean)
1788680980.709 10303 13879 14006 W Unity   : UnityEngine.AndroidJavaObject:_CallStatic(String, Object[])
1788680980.709 10303 13879 14006 W Unity   : FBBGFDEEFAHAAFC:GHEBGDAGCFCAGEF(String)
1788680980.709 10303 13879 14006 W Unity   : <Download>d__29:MoveNext()
1788680980.709 10303 13879 14006 W Unity   : System.Runtime.CompilerServices.AsyncTaskMethodBuilder`1:Start(TStateMachine&)
1788680980.709 10303 13879 14006 W Unity   : FBBGFDEEFAHAAFC:EBHFGBHGBHGDBDB(CancellationToken)
1788680980.709 10303 13879 14006 W Unity   : <ExecuteStep>d__9:MoveNext()
1788680980.709 10303 13879 14006 W Unity   : System.Threading.ExecutionContext:RunInternal(ExecutionContext, ContextCallback, Object, Boolean)
1788680980.709 10303 13879 14006 W Unity   : System.Runtime.CompilerServices.MoveNextRunner:Run()
1788680980.709 10303 13879 14006 W Unity   : UnityEngine.WorkRequest:Invoke()
1788680980.709 10303 13879 14006 W Unity   : UnityEngine.UnitySynchronizationContext:Exec()
1788680980.710 10303 13879 14006 W Unity   : AndroidJNIHelper: converting Byte array is obsolete, use SByte array instead
1788680980.710 10303 13879 14006 W Unity   : UnityEngine.DebugLogHandler:Internal_Log(LogType, LogOption, String, Object)
1788680980.710 10303 13879 14006 W Unity   : UnityEngine._AndroidJNIHelper:ConvertToJNIArray(Array)
1788680980.710 10303 13879 14006 W Unity   : UnityEngine._AndroidJNIHelper:CreateJNIArgArray(Object[], Span`1)
1788680980.710 10303 13879 14006 W Unity   : UnityEngine.AndroidJavaObject:_CallStatic(IntPtr, Object[])
1788680980.710 10303 13879 14006 W Unity   : FBBGFDEEFAHAAFC:GHEBGDAGCFCAGEF(String)
1788680980.710 10303 13879 14006 W Unity   : <Download>d__29:MoveNext()
1788680980.710 10303 13879 14006 W Unity   : System.Runtime.CompilerServices.AsyncTaskMethodBuilder`1:Start(TStateMachine&)
1788680980.710 10303 13879 14006 W Unity   : FBBGFDEEFAHAAFC:EBHFGBHGBHGDBDB(CancellationToken)
1788680980.710 10303 13879 14006 W Unity   : <ExecuteStep>d__9:MoveNext()
1788680980.710 10303 13879 14006 W Unity   : System.Threading.ExecutionContext:RunInternal(ExecutionContext, ContextCallback, Object, Boolean)
1788680980.710 10303 13879 14006 W Unity   : System.Runtime.CompilerServices.MoveNextRunner:Run()
1788680980.710 10303 13879 14006 W Unity   : UnityEngine.WorkRequest:Invoke()
1788680980.710 10303 13879 14006 W Unity   : UnityEngine.UnitySynchronizationContext:Exec()
1788680980.710 10303 13879 14006 D Unique  : 2026-09-06 14:49:40.710 D PROCESS u4 com.axlebolt.standoff2 SETTING_ANSWERED setting=ANDROID_ID value=d1058e197f5e8b95
1788680980.716 10303 13879 14006 D Unique  : 2026-09-06 14:49:40.714 D PROCESS u4 com.axlebolt.standoff2 SERVICE_INTENT_CROSS_APP action=com.android.vending.licensing.ILicensingService target=com.android.vending
1788680980.717 10303 13879 14006 D Unique  : 2026-09-06 14:49:40.716 D PROCESS u4 com.axlebolt.standoff2 SERVICE_CONNECTION_WRAPPED connection=x2.d
1788680980.897 10303 13879 13879 I Unique  : 2026-09-06 14:49:40.896 I PROCESS u4 com.axlebolt.standoff2 PERMISSION_RESULT_RECORDED package=com.axlebolt.standoff2 vuid=4 permission=android.permission.READ_EXTERNAL_STORAGE granted=false blockedByHost=true
1788680980.899 10303 13879 13879 I Unique  : 2026-09-06 14:49:40.898 I PROCESS u4 com.axlebolt.standoff2 PERMISSION_RESULT_RECORDED package=com.axlebolt.standoff2 vuid=4 permission=android.permission.READ_EXTERNAL_STORAGE granted=false blockedByHost=true
1788680980.902 10303 13879 13879 W WindowOnBackDispatcher: OnBackInvokedCallback is not enabled for the application.
1788680980.902 10303 13879 13879 W WindowOnBackDispatcher: Set 'android:enableOnBackInvokedCallback="true"' in the application manifest.
1788680980.929 10303 13879 14006 D Unique  : 2026-09-06 14:49:40.928 D PROCESS u4 com.axlebolt.standoff2 PERMISSION_CHECK permission=android.permission.READ_EXTERNAL_STORAGE result=DENIED
1788680980.931 10303 13879 14006 I Unique  : 2026-09-06 14:49:40.931 I LAUNCH u4 com.axlebolt.standoff2 ACTIVITY_IMPLICIT_LEFT_GUEST action=android.content.pm.action.REQUEST_PERMISSIONS data=- package=com.axlebolt.standoff2 handledByHost=com.google.android.permissioncontroller detail=no activity of the guest matches; the host's own apps answer this intent, with the host's data
1788680980.979 10303 13879 14006 I Unity   : No permission to read external storage. Skipping OBB loading.
1788680981.111 10303 13879 13879 I Unique  : 2026-09-06 14:49:41.111 I PROCESS u4 com.axlebolt.standoff2 PERMISSION_RESULT_RECORDED package=com.axlebolt.standoff2 vuid=4 permission=android.permission.READ_EXTERNAL_STORAGE granted=false blockedByHost=true
1788680981.113 10303 13879 13879 I Unique  : 2026-09-06 14:49:41.112 I PROCESS u4 com.axlebolt.standoff2 PERMISSION_RESULT_RECORDED package=com.axlebolt.standoff2 vuid=4 permission=android.permission.READ_EXTERNAL_STORAGE granted=false blockedByHost=true
1788680981.133 10303 13879 14006 D Unique  : 2026-09-06 14:49:41.132 D PROCESS u4 com.axlebolt.standoff2 PERMISSION_CHECK permission=android.permission.READ_EXTERNAL_STORAGE result=DENIED
1788680981.135 10303 13879 14006 I Unique  : 2026-09-06 14:49:41.134 I LAUNCH u4 com.axlebolt.standoff2 ACTIVITY_IMPLICIT_LEFT_GUEST action=android.content.pm.action.REQUEST_PERMISSIONS data=- package=com.axlebolt.standoff2 handledByHost=com.google.android.permissioncontroller detail=no activity of the guest matches; the host's own apps answer this intent, with the host's data
1788680981.162 10303 13879 14006 I Unity   : No permission to read external storage. Skipping OBB loading.
1788680981.264 10303 13879 13879 I Unique  : 2026-09-06 14:49:41.263 I PROCESS u4 com.axlebolt.standoff2 PERMISSION_RESULT_RECORDED package=com.axlebolt.standoff2 vuid=4 permission=android.permission.READ_EXTERNAL_STORAGE granted=false blockedByHost=true
1788680981.269 10303 13879 13879 I Unique  : 2026-09-06 14:49:41.268 I PROCESS u4 com.axlebolt.standoff2 PERMISSION_RESULT_RECORDED package=com.axlebolt.standoff2 vuid=4 permission=android.permission.READ_EXTERNAL_STORAGE granted=false blockedByHost=true
1788680981.288 10303 13879 14006 D Unique  : 2026-09-06 14:49:41.287 D PROCESS u4 com.axlebolt.standoff2 PERMISSION_CHECK permission=android.permission.READ_EXTERNAL_STORAGE result=DENIED
1788680981.290 10303 13879 14006 I Unique  : 2026-09-06 14:49:41.289 I LAUNCH u4 com.axlebolt.standoff2 ACTIVITY_IMPLICIT_LEFT_GUEST action=android.content.pm.action.REQUEST_PERMISSIONS data=- package=com.axlebolt.standoff2 handledByHost=com.google.android.permissioncontroller detail=no activity of the guest matches; the host's own apps answer this intent, with the host's data
1788680981.312 10303 13879 14006 I Unity   : No permission to read external storage. Skipping OBB loading.
1788680981.446 10303 13879 13879 I Unique  : 2026-09-06 14:49:41.446 I PROCESS u4 com.axlebolt.standoff2 PERMISSION_RESULT_RECORDED package=com.axlebolt.standoff2 vuid=4 permission=android.permission.READ_EXTERNAL_STORAGE granted=false blockedByHost=true
1788680981.449 10303 13879 13879 I Unique  : 2026-09-06 14:49:41.448 I PROCESS u4 com.axlebolt.standoff2 PERMISSION_RESULT_RECORDED package=com.axlebolt.standoff2 vuid=4 permission=android.permission.READ_EXTERNAL_STORAGE granted=false blockedByHost=true
1788680981.472 10303 13879 14006 D Unique  : 2026-09-06 14:49:41.472 D PROCESS u4 com.axlebolt.standoff2 PERMISSION_CHECK permission=android.permission.READ_EXTERNAL_STORAGE result=DENIED
1788680981.484 10303 13879 14006 I Unique  : 2026-09-06 14:49:41.480 I LAUNCH u4 com.axlebolt.standoff2 ACTIVITY_IMPLICIT_LEFT_GUEST action=android.content.pm.action.REQUEST_PERMISSIONS data=- package=com.axlebolt.standoff2 handledByHost=com.google.android.permissioncontroller detail=no activity of the guest matches; the host's own apps answer this intent, with the host's data
1788680981.600 10303 13879 14006 I Unity   : No permission to read external storage. Skipping OBB loading.
1788680981.729 10303 13879 13879 I Unique  : 2026-09-06 14:49:41.728 I PROCESS u4 com.axlebolt.standoff2 PERMISSION_RESULT_RECORDED package=com.axlebolt.standoff2 vuid=4 permission=android.permission.READ_EXTERNAL_STORAGE granted=false blockedByHost=true
1788680981.731 10303 13879 13879 I Unique  : 2026-09-06 14:49:41.730 I PROCESS u4 com.axlebolt.standoff2 PERMISSION_RESULT_RECORDED package=com.axlebolt.standoff2 vuid=4 permission=android.permission.READ_EXTERNAL_STORAGE granted=false blockedByHost=true
1788680981.759 10303 13879 14006 D Unique  : 2026-09-06 14:49:41.758 D PROCESS u4 com.axlebolt.standoff2 PERMISSION_CHECK permission=android.permission.READ_EXTERNAL_STORAGE result=DENIED
1788680981.762 10303 13879 14006 I Unique  : 2026-09-06 14:49:41.761 I LAUNCH u4 com.axlebolt.standoff2 ACTIVITY_IMPLICIT_LEFT_GUEST action=android.content.pm.action.REQUEST_PERMISSIONS data=- package=com.axlebolt.standoff2 handledByHost=com.google.android.permissioncontroller detail=no activity of the guest matches; the host's own apps answer this intent, with the host's data
1788680981.794 10303 13879 14006 I Unity   : No permission to read external storage. Skipping OBB loading.
1788680981.910 10303 13879 14006 D Unique  : 2026-09-06 14:49:41.909 D PROCESS u4 com.axlebolt.standoff2 PERMISSION_CHECK permission=android.permission.READ_EXTERNAL_STORAGE result=DENIED
1788680981.914 10303 13879 14006 I Unique  : 2026-09-06 14:49:41.913 I LAUNCH u4 com.axlebolt.standoff2 ACTIVITY_IMPLICIT_LEFT_GUEST action=android.content.pm.action.REQUEST_PERMISSIONS data=- package=com.axlebolt.standoff2 handledByHost=com.google.android.permissioncontroller detail=no activity of the guest matches; the host's own apps answer this intent, with the host's data
1788680981.935 10303 13879 14006 I Unity   : No permission to read external storage. Skipping OBB loading.
1788680982.138 10303 13879 14006 D Unique  : 2026-09-06 14:49:42.138 D PROCESS u4 com.axlebolt.standoff2 PERMISSION_CHECK permission=android.permission.READ_EXTERNAL_STORAGE result=DENIED
1788680982.141 10303 13879 14006 I Unique  : 2026-09-06 14:49:42.140 I LAUNCH u4 com.axlebolt.standoff2 ACTIVITY_IMPLICIT_LEFT_GUEST action=android.content.pm.action.REQUEST_PERMISSIONS data=- package=com.axlebolt.standoff2 handledByHost=com.google.android.permissioncontroller detail=no activity of the guest matches; the host's own apps answer this intent, with the host's data
1788680982.206 10303 13879 14006 I Unity   : No permission to read external storage. Skipping OBB loading.
1788680982.354 10303 13879 14006 D Unique  : 2026-09-06 14:49:42.353 D PROCESS u4 com.axlebolt.standoff2 PERMISSION_CHECK permission=android.permission.READ_EXTERNAL_STORAGE result=DENIED
1788680982.356 10303 13879 14006 I Unique  : 2026-09-06 14:49:42.355 I LAUNCH u4 com.axlebolt.standoff2 ACTIVITY_IMPLICIT_LEFT_GUEST action=android.content.pm.action.REQUEST_PERMISSIONS data=- package=com.axlebolt.standoff2 handledByHost=com.google.android.permissioncontroller detail=no activity of the guest matches; the host's own apps answer this intent, with the host's data
1788680982.374 10303 13879 14006 I Unity   : No permission to read external storage. Skipping OBB loading.
1788680982.512 10303 13879 14006 D Unique  : 2026-09-06 14:49:42.511 D PROCESS u4 com.axlebolt.standoff2 PERMISSION_CHECK permission=android.permission.READ_EXTERNAL_STORAGE result=DENIED
1788680982.516 10303 13879 14006 I Unique  : 2026-09-06 14:49:42.515 I LAUNCH u4 com.axlebolt.standoff2 ACTIVITY_IMPLICIT_LEFT_GUEST action=android.content.pm.action.REQUEST_PERMISSIONS data=- package=com.axlebolt.standoff2 handledByHost=com.google.android.permissioncontroller detail=no activity of the guest matches; the host's own apps answer this intent, with the host's data
1788680982.538 10303 13879 14006 I Unity   : No permission to read external storage. Skipping OBB loading.
1788680982.725 10303 13879 14006 D Unique  : 2026-09-06 14:49:42.725 D PROCESS u4 com.axlebolt.standoff2 PERMISSION_CHECK permission=android.permission.READ_EXTERNAL_STORAGE result=DENIED
1788680982.731 10303 13879 14006 I Unique  : 2026-09-06 14:49:42.730 I LAUNCH u4 com.axlebolt.standoff2 ACTIVITY_IMPLICIT_LEFT_GUEST action=android.content.pm.action.REQUEST_PERMISSIONS data=- package=com.axlebolt.standoff2 handledByHost=com.google.android.permissioncontroller detail=no activity of the guest matches; the host's own apps answer this intent, with the host's data
1788680982.760 10303 13879 14006 I Unity   : No permission to read external storage. Skipping OBB loading.
1788680983.283 10303 13879 13966 D Unique  : 2026-09-06 14:49:43.275 D PROCESS u4 com.axlebolt.standoff2 SERVICE_INTENT_ROUTED service=io.appmetrica.analytics.internal.AppMetricaService stub=com.unique.stub.ServiceStub_p3_s0 action=io.appmetrica.analytics.IAppMetricaService
1788680984.260 10303 13879 14006 W Unity   : AndroidJNIHelper.GetSignature: using Byte parameters is obsolete, use SByte parameters instead
1788680984.260 10303 13879 14006 W Unity   : UnityEngine.DebugLogHandler:Internal_Log(LogType, LogOption, String, Object)
1788680984.260 10303 13879 14006 W Unity   : UnityEngine._AndroidJNIHelper:GetSignature(Object)
1788680984.260 10303 13879 14006 W Unity   : UnityEngine._AndroidJNIHelper:GetSignature(Object)
1788680984.260 10303 13879 14006 W Unity   : UnityEngine._AndroidJNIHelper:GetSignature(Object[])
1788680984.260 10303 13879 14006 W Unity   : UnityEngine._AndroidJNIHelper:GetMethodID(IntPtr, String, Object[], Boolean)
1788680984.260 10303 13879 14006 W Unity   : UnityEngine.AndroidJavaObject:_CallStatic(String, Object[])
1788680984.260 10303 13879 14006 W Unity   : FBBGFDEEFAHAAFC:GHEBGDAGCFCAGEF(String)
1788680984.260 10303 13879 14006 W Unity   : <Download>d__29:MoveNext()
1788680984.260 10303 13879 14006 W Unity   : System.Runtime.CompilerServices.AsyncTaskMethodBuilder`1:Start(TStateMachine&)
1788680984.260 10303 13879 14006 W Unity   : FBBGFDEEFAHAAFC:EBHFGBHGBHGDBDB(CancellationToken)
1788680984.260 10303 13879 14006 W Unity   : <ExecuteStep>d__9:MoveNext()
1788680984.260 10303 13879 14006 W Unity   : System.Threading.ExecutionContext:RunInternal(ExecutionContext, ContextCallback, Object, Boolean)
1788680984.260 10303 13879 14006 W Unity   : System.Runtime.CompilerServices.MoveNextRunner:Run()
1788680984.260 10303 13879 14006 W Unity   : UnityEngine.WorkRequest:Invoke()
1788680984.260 10303 13879 14006 W Unity   : UnityEngine.UnitySynchronizationContext:Exec()
1788680984.260 10303 13879 14006 W Unity   : AndroidJNIHelper: converting Byte array is obsolete, use SByte array instead
1788680984.260 10303 13879 14006 W Unity   : UnityEngine.DebugLogHandler:Internal_Log(LogType, LogOption, String, Object)
1788680984.260 10303 13879 14006 W Unity   : UnityEngine._AndroidJNIHelper:ConvertToJNIArray(Array)
1788680984.260 10303 13879 14006 W Unity   : UnityEngine._AndroidJNIHelper:CreateJNIArgArray(Object[], Span`1)
1788680984.260 10303 13879 14006 W Unity   : UnityEngine.AndroidJavaObject:_CallStatic(IntPtr, Object[])
1788680984.260 10303 13879 14006 W Unity   : FBBGFDEEFAHAAFC:GHEBGDAGCFCAGEF(String)
1788680984.260 10303 13879 14006 W Unity   : <Download>d__29:MoveNext()
1788680984.260 10303 13879 14006 W Unity   : System.Runtime.CompilerServices.AsyncTaskMethodBuilder`1:Start(TStateMachine&)
1788680984.260 10303 13879 14006 W Unity   : FBBGFDEEFAHAAFC:EBHFGBHGBHGDBDB(CancellationToken)
1788680984.260 10303 13879 14006 W Unity   : <ExecuteStep>d__9:MoveNext()
1788680984.260 10303 13879 14006 W Unity   : System.Threading.ExecutionContext:RunInternal(ExecutionContext, ContextCallback, Object, Boolean)
1788680984.260 10303 13879 14006 W Unity   : System.Runtime.CompilerServices.MoveNextRunner:Run()
1788680984.260 10303 13879 14006 W Unity   : UnityEngine.WorkRequest:Invoke()
1788680984.260 10303 13879 14006 W Unity   : UnityEngine.UnitySynchronizationContext:Exec()
1788680984.261 10303 13879 14006 D Unique  : 2026-09-06 14:49:44.261 D PROCESS u4 com.axlebolt.standoff2 SETTING_ANSWERED setting=ANDROID_ID value=d1058e197f5e8b95
1788680984.265 10303 13879 14006 D Unique  : 2026-09-06 14:49:44.265 D PROCESS u4 com.axlebolt.standoff2 SERVICE_INTENT_CROSS_APP action=com.android.vending.licensing.ILicensingService target=com.android.vending
1788680984.266 10303 13879 14006 D Unique  : 2026-09-06 14:49:44.265 D PROCESS u4 com.axlebolt.standoff2 SERVICE_CONNECTION_WRAPPED connection=x2.d
1788680987.120 10303 13879 13888 W MIUIInput: focus waiting. will wait for 5000 ms
1788680987.307 10303 13879 13879 W MIUIInput: Back key is intercepted by the app
1788680987.713 10303 13879 14006 W Unity   : AndroidJNIHelper.GetSignature: using Byte parameters is obsolete, use SByte parameters instead
1788680987.713 10303 13879 14006 W Unity   : UnityEngine.DebugLogHandler:Internal_Log(LogType, LogOption, String, Object)
1788680987.713 10303 13879 14006 W Unity   : UnityEngine._AndroidJNIHelper:GetSignature(Object)
1788680987.713 10303 13879 14006 W Unity   : UnityEngine._AndroidJNIHelper:GetSignature(Object)
1788680987.713 10303 13879 14006 W Unity   : UnityEngine._AndroidJNIHelper:GetSignature(Object[])
1788680987.713 10303 13879 14006 W Unity   : UnityEngine._AndroidJNIHelper:GetMethodID(IntPtr, String, Object[], Boolean)
1788680987.713 10303 13879 14006 W Unity   : UnityEngine.AndroidJavaObject:_CallStatic(String, Object[])
1788680987.713 10303 13879 14006 W Unity   : FBBGFDEEFAHAAFC:GHEBGDAGCFCAGEF(String)
1788680987.713 10303 13879 14006 W Unity   : <Download>d__29:MoveNext()
1788680987.713 10303 13879 14006 W Unity   : System.Runtime.CompilerServices.AsyncTaskMethodBuilder`1:Start(TStateMachine&)
1788680987.713 10303 13879 14006 W Unity   : FBBGFDEEFAHAAFC:EBHFGBHGBHGDBDB(CancellationToken)
1788680987.713 10303 13879 14006 W Unity   : <ExecuteStep>d__9:MoveNext()
1788680987.713 10303 13879 14006 W Unity   : System.Threading.ExecutionContext:RunInternal(ExecutionContext, ContextCallback, Object, Boolean)
1788680987.713 10303 13879 14006 W Unity   : System.Runtime.CompilerServices.MoveNextRunner:Run()
1788680987.713 10303 13879 14006 W Unity   : UnityEngine.WorkRequest:Invoke()
1788680987.713 10303 13879 14006 W Unity   : UnityEngine.UnitySynchronizationContext:Exec()
1788680987.714 10303 13879 14006 W Unity   : AndroidJNIHelper: converting Byte array is obsolete, use SByte array instead
1788680987.714 10303 13879 14006 W Unity   : UnityEngine.DebugLogHandler:Internal_Log(LogType, LogOption, String, Object)
1788680987.714 10303 13879 14006 W Unity   : UnityEngine._AndroidJNIHelper:ConvertToJNIArray(Array)
1788680987.714 10303 13879 14006 W Unity   : UnityEngine._AndroidJNIHelper:CreateJNIArgArray(Object[], Span`1)
1788680987.714 10303 13879 14006 W Unity   : UnityEngine.AndroidJavaObject:_CallStatic(IntPtr, Object[])
1788680987.714 10303 13879 14006 W Unity   : FBBGFDEEFAHAAFC:GHEBGDAGCFCAGEF(String)
1788680987.714 10303 13879 14006 W Unity   : <Download>d__29:MoveNext()
1788680987.714 10303 13879 14006 W Unity   : System.Runtime.CompilerServices.AsyncTaskMethodBuilder`1:Start(TStateMachine&)
1788680987.714 10303 13879 14006 W Unity   : FBBGFDEEFAHAAFC:EBHFGBHGBHGDBDB(CancellationToken)
1788680987.714 10303 13879 14006 W Unity   : <ExecuteStep>d__9:MoveNext()
1788680987.714 10303 13879 14006 W Unity   : System.Threading.ExecutionContext:RunInternal(ExecutionContext, ContextCallback, Object, Boolean)
1788680987.714 10303 13879 14006 W Unity   : System.Runtime.CompilerServices.MoveNextRunner:Run()
1788680987.714 10303 13879 14006 W Unity   : UnityEngine.WorkRequest:Invoke()
1788680987.714 10303 13879 14006 W Unity   : UnityEngine.UnitySynchronizationContext:Exec()
1788680987.715 10303 13879 14006 D Unique  : 2026-09-06 14:49:47.714 D PROCESS u4 com.axlebolt.standoff2 SETTING_ANSWERED setting=ANDROID_ID value=d1058e197f5e8b95
1788680987.719 10303 13879 14006 D Unique  : 2026-09-06 14:49:47.718 D PROCESS u4 com.axlebolt.standoff2 SERVICE_INTENT_CROSS_APP action=com.android.vending.licensing.ILicensingService target=com.android.vending
1788680987.719 10303 13879 14006 D Unique  : 2026-09-06 14:49:47.719 D PROCESS u4 com.axlebolt.standoff2 SERVICE_CONNECTION_WRAPPED connection=x2.d
1788680987.893 10303 13879 14006 W Unity   : AndroidJNIHelper.GetSignature: using Byte parameters is obsolete, use SByte parameters instead
1788680987.893 10303 13879 14006 W Unity   : UnityEngine._AndroidJNIHelper:GetSignature(Object[])
1788680987.893 10303 13879 14006 W Unity   : UnityEngine._AndroidJNIHelper:GetMethodID(IntPtr, String, Object[], Boolean)
1788680987.893 10303 13879 14006 W Unity   : UnityEngine.AndroidJavaObject:_CallStatic(String, Object[])
1788680987.893 10303 13879 14006 W Unity   : System.Runtime.CompilerServices.AsyncTaskMethodBuilder:Start(TStateMachine&)
1788680987.893 10303 13879 14006 W Unity   : FHHBBDGBEEDFAEC:HEEHFHFHDFFFAEF(Lifetime, IProgress`1)
1788680987.893 10303 13879 14006 W Unity   : <Run>d__6:MoveNext()
1788680987.893 10303 13879 14006 W Unity   : System.Runtime.CompilerServices.AsyncTaskMethodBuilder:Start(TStateMachine&)
1788680987.893 10303 13879 14006 W Unity   : BGAFCFHACAGBFFD:BEBABAGGEHGEGFE(Lifetime, IProgress`1)
1788680987.893 10303 13879 14006 W Unity   : <RunPipeline>d__7:MoveNext()
1788680987.893 10303 13879 14006 W Unity   : System.Threading.Ex
1788680987.894 10303 13879 14006 W Unity   : AndroidJNIHelper: converting Byte array is obsolete, use SByte array instead
1788680987.894 10303 13879 14006 W Unity   : UnityEngine._AndroidJNIHelper:ConvertToJNIArray(Array)
1788680987.894 10303 13879 14006 W Unity   : UnityEngine._AndroidJNIHelper:CreateJNIArgArray(Object[], Span`1)
1788680987.894 10303 13879 14006 W Unity   : UnityEngine.AndroidJavaObject:_CallStatic(IntPtr, Object[])
1788680987.894 10303 13879 14006 W Unity   : System.Runtime.CompilerServices.AsyncTaskMethodBuilder:Start(TStateMachine&)
1788680987.894 10303 13879 14006 W Unity   : FHHBBDGBEEDFAEC:HEEHFHFHDFFFAEF(Lifetime, IProgress`1)
1788680987.894 10303 13879 14006 W Unity   : <Run>d__6:MoveNext()
1788680987.894 10303 13879 14006 W Unity   : System.Runtime.CompilerServices.AsyncTaskMethodBuilder:Start(TStateMachine&)
1788680987.894 10303 13879 14006 W Unity   : BGAFCFHACAGBFFD:BEBABAGGEHGEGFE(Lifetime, IProgress`1)
1788680987.894 10303 13879 14006 W Unity   : <RunPipeline>d__7:MoveNext()
1788680987.894 10303 13879 14006 W Unity   : System.Threading.ExecutionContext:RunInternal(ExecutionContext, ContextCallback, Object, Boolean)
1788680987.894 10303 13879 14006 W Unity   : System.Runtime.CompilerServices.MoveNextRunner:Run
1788680987.894 10303 13879 14006 D Unique  : 2026-09-06 14:49:47.894 D PROCESS u4 com.axlebolt.standoff2 SETTING_ANSWERED setting=ANDROID_ID value=d1058e197f5e8b95
1788680987.899 10303 13879 14006 D Unique  : 2026-09-06 14:49:47.898 D PROCESS u4 com.axlebolt.standoff2 SERVICE_INTENT_CROSS_APP action=com.android.vending.licensing.ILicensingService target=com.android.vending
1788680987.900 10303 13879 14006 D Unique  : 2026-09-06 14:49:47.899 D PROCESS u4 com.axlebolt.standoff2 SERVICE_CONNECTION_WRAPPED connection=x2.d
1788680988.014 10303 13879 14016 W MIUIInput: focus waiting. will wait for 5000 ms
1788680988.054 10303 13879 13879 W MIUIInput: Back key is intercepted by the app
1788680988.287 10303 13879 13966 D Unique  : 2026-09-06 14:49:48.287 D PROCESS u4 com.axlebolt.standoff2 SERVICE_INTENT_ROUTED service=io.appmetrica.analytics.internal.AppMetricaService stub=com.unique.stub.ServiceStub_p3_s0 action=io.appmetrica.analytics.IAppMetricaService
1788680989.986 10303 13879 13879 W MIUIInput: Back key is intercepted by the app
1788680990.064 10303 13879 13879 W MIUIInput: Back key is intercepted by the app
1788680990.404 10303 13879 13879 W MIUIInput: Back key is intercepted by the app
1788680991.157 10303 13879 14006 W Unity   : AndroidJNIHelper.GetSignature: using Byte parameters is obsolete, use SByte parameters instead
1788680991.157 10303 13879 14006 W Unity   : UnityEngine._AndroidJNIHelper:GetSignature(Object[])
1788680991.157 10303 13879 14006 W Unity   : UnityEngine._AndroidJNIHelper:GetMethodID(IntPtr, String, Object[], Boolean)
1788680991.157 10303 13879 14006 W Unity   : UnityEngine.AndroidJavaObject:_CallStatic(String, Object[])
1788680991.157 10303 13879 14006 W Unity   : System.Threading.ExecutionContext:RunInternal(ExecutionContext, ContextCallback, Object, Boolean)
1788680991.157 10303 13879 14006 W Unity   : System.Runtime.CompilerServices.MoveNextRunner:Run()
1788680991.157 10303 13879 14006 W Unity   : UnityEngine.WorkRequest:Invoke()
1788680991.157 10303 13879 14006 W Unity   : UnityEngine.UnitySynchronizationContext:Exec()
1788680991.157 10303 13879 14006 W Unity   : AndroidJNIHelper: converting Byte array is obsolete, use SByte array instead
1788680991.157 10303 13879 14006 W Unity   : UnityEngine._AndroidJNIHelper:ConvertToJNIArray(Array)
1788680991.157 10303 13879 14006 W Unity   : UnityEngine._AndroidJNIHelper:CreateJNIArgArray(Object[], Span`1)
1788680991.157 10303 13879 14006 W Unity   : UnityEngine.AndroidJavaObject:_CallStatic(IntPtr, Object[])
1788680991.157 10303 13879 14006 W Unity   : System.Runtime.CompilerServices.MoveNextRunner:Run()
1788680991.157 10303 13879 14006 W Unity   : UnityEngine.WorkRequest:Invoke()
1788680991.157 10303 13879 14006 W Unity   : UnityEngine.UnitySynchronizationContext:Exec()
1788680991.158 10303 13879 14006 D Unique  : 2026-09-06 14:49:51.157 D PROCESS u4 com.axlebolt.standoff2 SETTING_ANSWERED setting=ANDROID_ID value=d1058e197f5e8b95
1788680991.164 10303 13879 14006 D Unique  : 2026-09-06 14:49:51.161 D PROCESS u4 com.axlebolt.standoff2 SERVICE_INTENT_CROSS_APP action=com.android.vending.licensing.ILicensingService target=com.android.vending
1788680991.164 10303 13879 14006 D Unique  : 2026-09-06 14:49:51.164 D PROCESS u4 com.axlebolt.standoff2 SERVICE_CONNECTION_WRAPPED connection=x2.d
1788680992.600 10303 13879 13891 W om.unique:vapp3: Failed to create temp profile file for /data/misc/profiles/cur/0/com.axlebolt.standoff2/primary.prof: No such file or directory
1788680992.600 10303 13879 13891 W om.unique:vapp3: Could not save profiling info to /data/misc/profiles/cur/0/com.axlebolt.standoff2/primary.prof
1788680993.290 10303 13879 13966 D Unique  : 2026-09-06 14:49:53.289 D PROCESS u4 com.axlebolt.standoff2 SERVICE_INTENT_ROUTED service=io.appmetrica.analytics.internal.AppMetricaService stub=com.unique.stub.ServiceStub_p3_s0 action=io.appmetrica.analytics.IAppMetricaService
1788680994.779 10303 13879 14006 W Unity   : AndroidJNIHelper.GetSignature: using Byte parameters is obsolete, use SByte parameters instead
1788680994.779 10303 13879 14006 W Unity   : UnityEngine._AndroidJNIHelper:GetSignature(Object[])
1788680994.779 10303 13879 14006 W Unity   : UnityEngine._AndroidJNIHelper:GetMethodID(IntPtr, String, Object[], Boolean)
1788680994.779 10303 13879 14006 W Unity   : UnityEngine.AndroidJavaObject:_CallStatic(String, Object[])
1788680994.779 10303 13879 14006 W Unity   : AndroidJNIHelper: converting Byte array is obsolete, use SByte array instead
1788680994.779 10303 13879 14006 W Unity   : UnityEngine._AndroidJNIHelper:ConvertToJNIArray(Array)
1788680994.779 10303 13879 14006 W Unity   : UnityEngine._AndroidJNIHelper:CreateJNIArgArray(Object[], Span`1)
1788680994.779 10303 13879 14006 W Unity   : UnityEngine.AndroidJavaObject:_CallStatic(IntPtr, Object[])
1788680994.780 10303 13879 14006 D Unique  : 2026-09-06 14:49:54.780 D PROCESS u4 com.axlebolt.standoff2 SETTING_ANSWERED setting=ANDROID_ID value=d1058e197f5e8b95
1788680994.784 10303 13879 14006 D Unique  : 2026-09-06 14:49:54.784 D PROCESS u4 com.axlebolt.standoff2 SERVICE_INTENT_CROSS_APP action=com.android.vending.licensing.ILicensingService target=com.android.vending
1788680994.785 10303 13879 14006 D Unique  : 2026-09-06 14:49:54.784 D PROCESS u4 com.axlebolt.standoff2 SERVICE_CONNECTION_WRAPPED connection=x2.d
1788680997.678 10303  9702  9746 E com.unique: checkIfsupportxIntfps do not binder to joyose
1788680999.152 10303  9702  9815 I Unique  : 2026-09-06 14:49:59.151 I PROCESS HOST_PERMISSION_REFUSED group=FILES permissions=android.permission.READ_EXTERNAL_STORAGE,android.permission.WRITE_EXTERNAL_STORAGE permanent=true
1788681001.338 10303  9702  9702 W WindowOnBackDispatcher: sendCancelIfRunning: isInProgress=false callback=android.app.Activity$$ExternalSyntheticLambda0@b8be4f0
1788681003.063 10303 14839 14839 D nativeloader: Load libframework-connectivity-tiramisu-jni.so using APEX ns com_android_tethering for caller /apex/com.android.tethering/javalib/framework-connectivity-t.jar: ok
1788681003.101 10303 14839 14839 D ActivityThread: setEmbeddedParam packageName=com.unique processName=com.unique isEmbedded=false isIsolated=false
1788681003.103 10303 14839 14839 D ApplicationLoaders: Returning zygote-cached class loader: /system_ext/framework/androidx.window.extensions.jar
1788681003.103 10303 14839 14839 D ApplicationLoaders: Returning zygote-cached class loader: /system_ext/framework/androidx.window.sidecar.jar
1788681003.106 10303 14839 14839 D nativeloader: Configuring clns-7 for other apk /data/app/~~uSPrrBDnPbh7oiSxSbJTTw==/com.unique-Tvl4u3f1WcQMODM0rNq5rg==/base.apk. target_sdk_version=36, uses_libraries=, library_path=/data/app/~~uSPrrBDnPbh7oiSxSbJTTw==/com.unique-Tvl4u3f1WcQMODM0rNq5rg==/lib/arm64:/data/app/~~uSPrrBDnPbh7oiSxSbJTTw==/com.unique-Tvl4u3f1WcQMODM0rNq5rg==/base.apk!/lib/arm64-v8a, permitted_path=/data:/mnt/expand:/data/user/0/com.unique
1788681003.120 10303 14839 14839 V GraphicsEnvironment: Currently set values for:
1788681003.120 10303 14839 14839 V GraphicsEnvironment:   angle_gl_driver_selection_pkgs=[]
1788681003.120 10303 14839 14839 V GraphicsEnvironment:   angle_gl_driver_selection_values=[]
1788681003.120 10303 14839 14839 V GraphicsEnvironment: Global.Settings values are invalid: number of packages: 0, number of values: 0
1788681003.120 10303 14839 14839 V GraphicsEnvironment: App is not on the allowlist for updatable production driver.
1788681003.122 10303 14839 14839 I ActivityThread: TrafficStats init done
1788681003.125 10303 14839 14839 D ActivityThread: useGrowthLimitOutExpendMethod invoke error.
1788681003.131 10303 14839 14839 D nativeloader: Load libforcedarkimpl.so using system ns (caller=/system_ext/framework/miui-framework.jar): ok
1788681003.137 10303 14839 14839 I ActivityThread: Miui Feature Init done
1788681003.148 10303 14839 14839 I Unique  : 2026-09-06 14:50:03.145 I PROCESS PROCESS_START process=com.unique kind=CORE sdk=35 abi=arm64-v8a,armeabi-v7a,armeabi
1788681003.157 10303 14839 14839 D nativeloader: Load /data/app/~~uSPrrBDnPbh7oiSxSbJTTw==/com.unique-Tvl4u3f1WcQMODM0rNq5rg==/base.apk!/lib/arm64-v8a/libunique_native.so using class loader ns clns-7 (caller=/data/app/~~uSPrrBDnPbh7oiSxSbJTTw==/com.unique-Tvl4u3f1WcQMODM0rNq5rg==/base.apk): ok
1788681003.157 10303 14839 14839 I UniqueNative: libunique_native loaded (page size 4096)
1788681003.157 10303 14839 14839 I Unique  : 2026-09-06 14:50:03.157 I NATIVE NATIVE_LOADED pageSize=4096
1788681003.164 10303 14839 14839 I Unique  : 2026-09-06 14:50:03.164 I PROCESS PROVIDER_ROUTER_CREATED
1788681003.164 10303 14839 14857 W AsyncDrawableCache: can not found res: 2131230838, maybe dynamic res id.
1788681003.166 10303 14839 14857 W AsyncDrawableCache: can not found res: 2131755008, maybe dynamic res id.
1788681003.168 10303 14839 14857 W AsyncDrawableCache: can not found res: 2131230916, maybe dynamic res id.
1788681003.173 10303 14839 14839 I Unique  : 2026-09-06 14:50:03.173 I STORAGE SHARED_PROVIDER_CREATED
1788681003.202 10303 14839 14839 W libc    : Access denied finding property "ro.vendor.perf.scroll_opt"
1788681003.215 10303 14839 14839 D nativeloader: Load libpowerhalwrap_jni.so using system ns (caller=/system_ext/framework/mediatek-framework.jar): ok
1788681003.224 10303 14839 14839 I ActivityThread: HardwareRenderer preload  done
1788681003.236 10303 14839 14880 E com.unique: setpriority success to 100 : mali-cmar-backend
1788681003.259 10303 14839 14881 D nativeloader: Load /data/app/~~uSPrrBDnPbh7oiSxSbJTTw==/com.unique-Tvl4u3f1WcQMODM0rNq5rg==/base.apk!/lib/arm64-v8a/libflutter.so using class loader ns clns-7 (caller=/data/app/~~uSPrrBDnPbh7oiSxSbJTTw==/com.unique-Tvl4u3f1WcQMODM0rNq5rg==/base.apk): ok
1788681003.302 10303 14839 14862 I Unique  : 2026-09-06 14:50:03.299 I PROCESS BROADCAST_ROUTES_REGISTERED package=com.axlebolt.standoff2 vuid=4 routes=12 actions=com.android.vending.INSTALL_REFERRER,androidx.profileinstaller.action.SAVE_PROFILE,androidx.work.impl.background.systemalarm.UpdateProxies,com.attribution.SYSTEM_INSTALLER_REFERRER,androidx.work.diagnostics.REQUEST_DIAGNOSTICS,com.google.android.c2dm.intent.RECEIVE,androidx.profileinstaller.action.I
1788681003.305 10303 14839 14862 I Unique  : 2026-09-06 14:50:03.303 I PROCESS PROVIDER_ROUTES_REGISTERED package=com.axlebolt.standoff2 vuid=4 authorities=[redacted]
1788681003.306 10303 14839 14862 I Unique  : 2026-09-06 14:50:03.305 I PROCESS BROADCAST_ROUTER_READY instances=1 actions=12 authorities=[redacted]
1788681003.323 10303 14839 14915 E com.unique: setpriority success to 100 : mali-cmar-backend
1788681003.371 10303 14839 14839 W libc    : Access denied finding property "persist.vendor.camera.IsVariableApertureSupported"
1788681003.371 10303 14839 14839 W libc    : Access denied finding property "persist.vendor.camera.IsStreetModeSupported"
1788681003.410 10303 14839 14839 W libc    : Access denied finding property "ro.vendor.df.effect.conflict"
1788681003.449 10303 14839 14839 I Unique  : 2026-09-06 14:50:03.448 I PROCESS PROCESS_ASSIGNED slot=:vapp0 vuid=4 process=com.axlebolt.standoff2
1788681003.459 10303 14839 14839 I Unique  : 2026-09-06 14:50:03.454 I PROCESS BROADCAST_ROUTED_COLD action=android.net.conn.CONNECTIVITY_CHANGE package=com.axlebolt.standoff2 vuid=4 receiver=com.mbridge.msdk.foundation.same.broadcast.NetWorkChangeReceiver started=true
1788681003.500 10303 14839 14886 E com.unique: checkIfsupportxIntfps do not binder to joyose
1788681003.504 10303 14918 14918 D nativeloader: Load libframework-connectivity-tiramisu-jni.so using APEX ns com_android_tethering for caller /apex/com.android.tethering/javalib/framework-connectivity-t.jar: ok
1788681003.538 10303 14918 14918 D ActivityThread: setEmbeddedParam packageName=com.unique processName=com.unique:vapp0 isEmbedded=false isIsolated=false
1788681003.540 10303 14918 14918 D ApplicationLoaders: Returning zygote-cached class loader: /system_ext/framework/androidx.window.extensions.jar
1788681003.540 10303 14918 14918 D ApplicationLoaders: Returning zygote-cached class loader: /system_ext/framework/androidx.window.sidecar.jar
1788681003.545 10303 14918 14918 D nativeloader: Configuring clns-7 for other apk /data/app/~~uSPrrBDnPbh7oiSxSbJTTw==/com.unique-Tvl4u3f1WcQMODM0rNq5rg==/base.apk. target_sdk_version=36, uses_libraries=, library_path=/data/app/~~uSPrrBDnPbh7oiSxSbJTTw==/com.unique-Tvl4u3f1WcQMODM0rNq5rg==/lib/arm64:/data/app/~~uSPrrBDnPbh7oiSxSbJTTw==/com.unique-Tvl4u3f1WcQMODM0rNq5rg==/base.apk!/lib/arm64-v8a, permitted_path=/data:/mnt/expand:/data/user/0/com.unique
1788681003.564 10303 14918 14918 V GraphicsEnvironment: Currently set values for:
1788681003.564 10303 14918 14918 V GraphicsEnvironment:   angle_gl_driver_selection_pkgs=[]
1788681003.564 10303 14918 14918 V GraphicsEnvironment:   angle_gl_driver_selection_values=[]
1788681003.564 10303 14918 14918 V GraphicsEnvironment: Global.Settings values are invalid: number of packages: 0, number of values: 0
1788681003.578 10303 14918 14918 V GraphicsEnvironment: App is not on the allowlist for updatable production driver.
1788681003.580 10303 14918 14918 I ActivityThread: TrafficStats init done
1788681003.583 10303 14918 14918 D ActivityThread: useGrowthLimitOutExpendMethod invoke error.
1788681003.594 10303 14918 14918 D nativeloader: Load libforcedarkimpl.so using system ns (caller=/system_ext/framework/miui-framework.jar): ok
1788681003.602 10303 14918 14918 I ActivityThread: Miui Feature Init done
1788681003.616 10303 14918 14918 I Unique  : 2026-09-06 14:50:03.611 I PROCESS PROCESS_START process=com.unique:vapp0 kind=VAPP sdk=35 abi=arm64-v8a,armeabi-v7a,armeabi
1788681003.616 10303 14839 14886 E LB      : fail to open file: No such file or directory
1788681003.616 10303 14839 14886 E LB      : fail to open node: No such file or directory
1788681003.616 10303 14839 14886 E LB      : fail to open node: No such file or directory
1788681003.627 10303 14839 14861 W com.unique: Unsupported class loader: java.lang.Class<org.lsposed.hiddenapibypass.CoreOjClassLoader>
1788681003.684 10303 14918 14918 I Unique  : 2026-09-06 14:50:03.683 I HOOK HIDDEN_API_GRANTED via=HiddenApiBypass
1788681003.688 10303 14918 14918 D nativeloader: Load /data/app/~~uSPrrBDnPbh7oiSxSbJTTw==/com.unique-Tvl4u3f1WcQMODM0rNq5rg==/base.apk!/lib/arm64-v8a/libunique_native.so using class loader ns clns-7 (caller=/data/app/~~uSPrrBDnPbh7oiSxSbJTTw==/com.unique-Tvl4u3f1WcQMODM0rNq5rg==/base.apk): ok
1788681003.688 10303 14918 14918 I UniqueNative: libunique_native loaded (page size 4096)
1788681003.690 10303 14918 14918 I Unique  : 2026-09-06 14:50:03.689 I LAUNCH INTERCEPTOR_INSTALLED executeTransaction=159
1788681003.691 10303 14918 14918 I Unique  : 2026-09-06 14:50:03.690 I PROCESS VAPP_READY slot=0
1788681003.693 10303 14918 14918 I Unique  : 2026-09-06 14:50:03.692 I PROCESS STUB_PROVIDER_CREATED slot=0
1788681003.705 10303 14918 14918 D Unique  : 2026-09-06 14:50:03.703 D LAUNCH CALLBACK_ALIVE what=164 obj=java.lang.String
1788681003.713 10303 14918 14918 D Unique  : 2026-09-06 14:50:03.712 D LAUNCH CALLBACK_ALIVE what=114 obj=android.app.ActivityThread$CreateServiceData
1788681003.714 10303 14918 14918 I Unique  : 2026-09-06 14:50:03.714 I PROCESS CREATE_SERVICE_COLD_BROADCAST stub=com.unique.stub.ServiceStub_p0_s6
1788681003.715 10303 14918 14918 D Unique  : 2026-09-06 14:50:03.715 D LAUNCH CALLBACK_ALIVE what=115 obj=android.app.ActivityThread$ServiceArgsData
1788681003.723 10303 14839 14861 W com.unique: Unsupported class loader: java.lang.Class<org.lsposed.hiddenapibypass.CoreOjClassLoader>
1788681003.724 10303 14839 14861 W com.unique: Unsupported class loader: java.lang.Class<org.lsposed.hiddenapibypass.CoreOjClassLoader>
1788681003.732 10303 14839 14861 I Unique  : 2026-09-06 14:50:03.732 I HOOK HIDDEN_API_GRANTED via=HiddenApiBypass
1788681003.783 10303 14918 14918 I Unique  : 2026-09-06 14:50:03.781 I PROCESS PROCESS_RENAMED argv0=com.axlebolt.standoff2
1788681003.895 10303 14839 14942 W PackageParsing: Ignoring duplicate uses-permissions/uses-permissions-sdk-m: android.permission.INTERNET in package: com.axlebolt.standoff2 at: Binary XML file line #21
1788681003.916 10303 14839 14942 W IconCustomizer: getCustomizedIconW 184
1788681003.942 10303 14839 14942 I Unique  : 2026-09-06 14:50:03.941 I STORAGE GUEST_INFO_RESOLVED package=com.axlebolt.standoff2 label=Standoff 2 icon=true
1788681004.398 10303 14918 14918 D nativeloader: Configuring clns-8 for other apk /data/user/0/com.unique/files/virtual/apk/com.axlebolt.standoff2/203908/base.apk. target_sdk_version=36, uses_libraries=, library_path=/data/user/0/com.unique/files/virtual/apk/com.axlebolt.standoff2/203908/lib/arm64-v8a:/data/user/0/com.unique/files/virtual/apk/com.axlebolt.standoff2/203908/base.apk!/lib/arm64-v8a, permitted_path=/data:/mnt/expand:/data/user/0/com.unique/files/virtual/users/4/data/com.axlebolt.standoff2
1788681004.411 10303 14918 14918 I Unique  : 2026-09-06 14:50:04.410 I PROCESS PROFILE_BOUND profile=2bdefb80-3187-4b4d-8aea-ffdccbd2aa38 androidId=d1058e197f5e8b95 generation=1
1788681004.414 10303 14918 14918 I Unique  : 2026-09-06 14:50:04.413 I PROCESS BUILD_OVERRIDES_APPLIED applied=1 requested=1
1788681004.415 10303 14918 14918 I Unique  : 2026-09-06 14:50:04.414 I LAUNCH PROFILE_BOUND profileId=2bdefb80-3187-4b4d-8aea-ffdccbd2aa38 generation=1
1788681004.427 10303 14918 14918 I Unique  : 2026-09-06 14:50:04.426 I PROCESS PERMISSION_CACHE_DISABLED disabled=disablePackageNamePermissionCache,disablePermissionCache,disableApplicationInfoCache,disablePackageInfoCache,disableGetPackagesForUidCache failed=android.app.ActivityManager: no disable*Cache()
1788681004.440 10303 14918 14918 I Unique  : 2026-09-06 14:50:04.437 I PROCESS PERMISSIONS_BOUND package=com.axlebolt.standoff2 vuid=4 declared=28 restored=1 runtime=6 installTime=22 selfDefined=2
1788681004.460 10303 14918 14918 I Unique  : 2026-09-06 14:50:04.458 I HOOK SERVICE_HOOKED service=package cache=true singletons=1 bound=permissionCheck,getActivityInfo,applicationEnabledSetting,getApplicationInfo,componentEnabledSetting,installedPackages,getInstallerPackageName,getNameForUid,getPackageUid,getPackageInfo,getPackagesForUid,getProviderInfo,getReceiverInfo,getServiceInfo,queryIntent,resolveContentProvider,resolveIntent matched=permissionCheck=checkPermission+checkUidPermission,getActivityInfo,applicationEnabledSetting=getApplicationEnabledSetting+setApplicationEnabledSetting,getApplicationInfo,componentEnabledSetting=getComponentEnabledSetting+setComponentEnabledSetting,installedPackages=getInstalledApplications+getInstalledPackages,getInstallerPackageName,getNameForUid,getPackageUid=getPackageGids+getPackageUid,getPack
1788681004.462 10303 14918 14918 I Unique  : 2026-09-06 14:50:04.461 I LAUNCH VPM_HOOK_INSTALLED package=com.axlebolt.standoff2 bound=permissionCheck,getActivityInfo,applicationEnabledSetting,getApplicationInfo,componentEnabledSetting,installedPackages,getInstallerPackageName,getNameForUid,getPackageUid,getPackageInfo,getPackagesForUid,getProviderInfo,getReceiverInfo,getServiceInfo,queryIntent,resolveContentProvider,resolveIntent
1788681004.492 10303 14918 14918 I Unique  : 2026-09-06 14:50:04.489 I HOOK SERVICE_HOOKED service=activity cache=true singletons=1 bound=serviceDispatch,callerIdentity,permissionCheck,getContentProvider,intentSender,runningProcesses,registerReceiver,foregroundService matched=serviceDispatch=bindService+bindServiceInstance+peekService+publishService+startService+stopService+unbindFinished,callerIdentity=broadcastIntent+broadcastIntentWithFeature+getBindingUidProcessState+getContentProviderExternal+getHistoricalProcessExitReasons+getHistoricalProcessStartReasons+getPackageProcessState+getTagForIntentSender+getUidLastIdleElapsedTime+getUidProcessCapabilities+getUidProces
1788681004.494 10303 14918 14918 I Unique  : 2026-09-06 14:50:04.492 I LAUNCH VAM_HOOK_INSTALLED package=com.axlebolt.standoff2 host=com.unique methods=8 matched=serviceDispatch=bindService+bindServiceInstance+peekService+publishService+startService+stopService+unbindFinished,callerIdentity=broadcastIntent+broadcastIntentWithFeature+getBindingUidProcessState+getContentProviderExternal+getHistoricalProcessExitReasons+getHistoricalProcessStartReasons+getPackageProcessState+getTagForIntentSender+getUidLastIdleElapsedTime+getUidProcessCapabilities+getUidProcessState+grantUriPermission+isBackgroundRestricted+isUidActive+moveTaskToFront+revokeUriPermission+sendIntentSender+startActivity+startActivityAsUser+startActivityAsUserWithFeature+startActivityWithFeature,permissionCheck=checkPermission+checkPermissionForDevice,getContentProvider,intentSender=getIntentSender+getIntentSenderWithFeature,runningProcesses=getRunningAppProcesses+getServices,registerReceiver=registerReceiver+registerReceiverWithFeature,foregroundService=setServiceForeground
1788681004.501 10303 14918 14918 I Unique  : 2026-09-06 14:50:04.500 I HOOK SERVICE_HOOKED service=activity_task cache=true singletons=1 bound=activityStart matched=activityStart=startActivities+startActivity+startActivityAndWait+startActivityAsCaller+startActivityAsUser+startActivityFromGameSession+startActivityIntentSender+startActivityWithConfig
1788681004.503 10303 14918 14918 I Unique  : 2026-09-06 14:50:04.502 I LAUNCH ATM_HOOK_INSTALLED package=com.axlebolt.standoff2 host=com.unique matched=activityStart=startActivities+startActivity+startActivityAndWait+startActivityAsCaller+startActivityAsUser+startActivityFromGameSession+startActivityIntentSender+startActivityWithConfig
1788681004.507 10303 14918 14918 I Unique  : 2026-09-06 14:50:04.505 I HOOK SERVICE_HOOKED service=permissionmgr cache=true singletons=1 bound=shouldShowRequestPermissionRationale matched=shouldShowRequestPermissionRationale
1788681004.508 10303 14918 14918 I Unique  : 2026-09-06 14:50:04.507 I HOOK PERMISSION_MANAGER_HOOKED matched=shouldShowRequestPermissionRationale
1788681004.514 10303 14918 14918 I Unique  : 2026-09-06 14:50:04.512 I HOOK SERVICE_HOOKED service=appops cache=true singletons=0 bound=appOpIdentity matched=appOpIdentity=checkAudioOperation+checkOperation+checkOperationForDevice+checkOperationRaw+checkOperationRawForDevice+checkPackage+collectNoteOpCallsForValidation+extractAsyncOps+finishOperation+finishOperationForDevice+getHistoricalOps+getHistoricalOpsFromDiskRaw+getOpsForPackage+getPackagesForOpsForDevice+isOperationActive+isProxying+noteOperation+noteOperationForDevice+noteProxyOperation+notePr
1788681004.516 10303 14918 14918 I Unique  : 2026-09-06 14:50:04.514 I HOOK APPOPS_HOOKED package=com.axlebolt.standoff2 host=com.unique matched=appOpIdentity=checkAudioOperation+checkOperation+checkOperationForDevice+checkOperationRaw+checkOperationRawForDevice+checkPackage+collectNoteOpCallsForValidation+extractAsyncOps+finishOperation+finishOperationForDevice+getHistoricalOps+getHistoricalOpsFromDiskRaw+getOpsForPackage+getPackagesForOpsForDevice+isOperationActive+isProxying+noteOperation+noteOperationForDevice+noteProxyOperation+notePr
1788681004.525 10303 14918 14918 I Unique  : 2026-09-06 14:50:04.523 I PROCESS SETTINGS_CACHES_PRIMED wrappedByHand=0 alreadyWrapped=3 empty=1
1788681004.526 10303 14918 14918 I Unique  : 2026-09-06 14:50:04.525 I PROCESS PROVIDER_CACHES_EVICTED activityThreadProviders=2 providerRefCounts=1 settingsCaches=4 settingsWrapped=3 hostSource=com.unique hostSourceUid=10303
1788681004.533 10303 14918 14918 I Unique  : 2026-09-06 14:50:04.532 I PROCESS NETWORK_SECURITY_INSTALLED package=com.axlebolt.standoff2 configRes=0 targetSdk=36
1788681004.536 10303 14918 14918 W UniqueNative: io_redirect: filter did not match: /data/user/0/com.unique/files/virtual/apk/com.axlebolt.standoff2/203908/lib/arm64-v8a
1788681004.536 10303 14918 14918 W UniqueNative: io_redirect: filter did not match: /data/data/com.unique/files/virtual/apk/com.axlebolt.standoff2/203908/lib/arm64-v8a
1788681004.536 10303 14918 14918 W UniqueNative: io_redirect: filter did not match: /data/user/0/com.unique/files/virtual/apk/com.axlebolt.standoff2/203908
1788681004.536 10303 14918 14918 W UniqueNative: io_redirect: filter did not match: /data/data/com.unique/files/virtual/apk/com.axlebolt.standoff2/203908
1788681004.536 10303 14918 14918 W UniqueNative: io_redirect: app-private library seen: /data/misc/apexdata/com.android.art/dalvik-cache/arm64/boot.oat
1788681004.536 10303 14918 14918 W UniqueNative: io_redirect: app-private library seen: /data/misc/apexdata/com.android.art/dalvik-cache/arm64/boot-framework-adservices.oat
1788681004.536 10303 14918 14918 W UniqueNative: io_redirect: app-private library seen: /data/app/~~uSPrrBDnPbh7oiSxSbJTTw==/com.unique-Tvl4u3f1WcQMODM0rNq5rg==/oat/arm64/base.odex
1788681004.536 10303 14918 14918 W UniqueNative: io_redirect: app-private library seen: /data/app/~~uSPrrBDnPbh7oiSxSbJTTw==/com.unique-Tvl4u3f1WcQMODM0rNq5rg==/base.apk!/lib/arm64-v8a/libunique_native.so
1788681004.538 10303 14918 14918 I UniqueNative: io_redirect: library-load watch installed (3 slot(s) in 2 libraries)
1788681004.538 10303 14918 14918 W UniqueNative: io_redirect: watch saw but did not match: /data/misc/apexdata/com.android.art/dalvik-cache/arm64/boot.oat
1788681004.538 10303 14918 14918 W UniqueNative: io_redirect: watch saw but did not match: /data/misc/apexdata/com.android.art/dalvik-cache/arm64/boot-framework-adservices.oat
1788681004.538 10303 14918 14918 W UniqueNative: io_redirect: watch saw but did not match: /data/app/~~uSPrrBDnPbh7oiSxSbJTTw==/com.unique-Tvl4u3f1WcQMODM0rNq5rg==/oat/arm64/base.odex
1788681004.538 10303 14918 14918 W UniqueNative: io_redirect: watch saw but did not match: /data/app/~~uSPrrBDnPbh7oiSxSbJTTw==/com.unique-Tvl4u3f1WcQMODM0rNq5rg==/base.apk!/lib/arm64-v8a/libunique_native.so
1788681004.540 10303 14918 14918 I Unique  : 2026-09-06 14:50:04.538 I NATIVE IO_REDIRECT_INSTALLED status=NOTHING_TO_HOOK watch=OK rules=8 slots=0 scope=/data/user/0/com.unique/files/virtual/apk/com.axlebolt.standoff2/203908/lib/arm64-v8a,/data/data/com.unique/files/virtual/apk/com.axlebolt.standoff2/203908/lib/arm64-v8a,/data/user/0/com.unique/files/
1788681004.541 10303 14918 14918 I Unique  : 2026-09-06 14:50:04.540 I WEBVIEW WEBVIEW_DATA_DIR_SUFFIX suffix=vapp0 slot=0
1788681004.542 10303 14918 14918 I UniqueNative: crash: recording 6 signal(s) to /data/user/0/com.unique/files/virtual/runtime/diagnostics/4/com.axlebolt.standoff2/native-crash-14918.properties
1788681004.543 10303 14918 14918 I Unique  : 2026-09-06 14:50:04.542 I NATIVE NATIVE_CRASH_HANDLER status=OK file=/data/user/0/com.unique/files/virtual/runtime/diagnostics/4/com.axlebolt.standoff2/native-crash-14918.properties
1788681004.546 10303 14918 14918 I Unique  : 2026-09-06 14:50:04.545 I PROCESS COMPONENT_STATE_RESTORED package=com.axlebolt.standoff2 vuid=4 entries=1
1788681004.548 10303 14918 14918 I Unique  : 2026-09-06 14:50:04.546 I STORAGE EXTERNAL_STORAGE_REDIRECTED package=com.axlebolt.standoff2 vuid=4 root=/data/user/0/com.unique/files/virtual/users/4/sdcard
1788681004.552 10303 14918 14918 I Unique  : 2026-09-06 14:50:04.550 I HOOK SERVICE_HOOKED service=alarm cache=true singletons=0 bound=callerPackage matched=callerPackage=canScheduleExactAlarms+cancelPoweroffAlarm+hasScheduleExactAlarm+removeAll+set+setTimeZone
1788681004.554 10303 14918 14918 I Unique  : 2026-09-06 14:50:04.552 I HOOK IDENTITY_HOOK_INSTALLED service=alarm package=com.axlebolt.standoff2 matched=callerPackage=canScheduleExactAlarms+cancelPoweroffAlarm+hasScheduleExactAlarm+removeAll+set+setTimeZone
1788681004.557 10303 14839 14839 W MirrorManager: this model don't Support
1788681004.558 10303 14918 14918 I Unique  : 2026-09-06 14:50:04.556 I HOOK SERVICE_HOOKED service=clipboard cache=true singletons=0 bound=callerPackage matched=callerPackage=addPrimaryClipChangedListener+clearPrimaryClip+getPrimaryClip+getPrimaryClipDescription+getPrimaryClipSource+getUserPrimaryClip+hasClipboardText+hasPrimaryClip+removePrimaryClipChangedListener+setPrimaryClip+setPrimaryClipAsPackage
1788681004.560 10303 14918 14918 I Unique  : 2026-09-06 14:50:04.558 I HOOK IDENTITY_HOOK_INSTALLED service=clipboard package=com.axlebolt.standoff2 matched=callerPackage=addPrimaryClipChangedListener+clearPrimaryClip+getPrimaryClip+getPrimaryClipDescription+getPrimaryClipSource+getUserPrimaryClip+hasClipboardText+hasPrimaryClip+removePrimaryClipChangedListener+setPrimaryClip+setPrimaryClipAsPackage
1788681004.563 10303 14918 14918 I Unique  : 2026-09-06 14:50:04.562 I HOOK SERVICE_HOOKED service=restrictions cache=true singletons=0 bound=callerPackage matched=callerPackage=getApplicationRestrictions+getApplicationRestrictionsPerAdminForUser+notifyPermissionResponse+requestPermission
1788681004.565 10303 14918 14918 I Unique  : 2026-09-06 14:50:04.563 I HOOK IDENTITY_HOOK_INSTALLED service=restrictions package=com.axlebolt.standoff2 matched=callerPackage=getApplicationRestrictions+getApplicationRestrictionsPerAdminForUser+notifyPermissionResponse+requestPermission
1788681004.570 10303 14918 14918 I Unique  : 2026-09-06 14:50:04.568 I HOOK SERVICE_HOOKED service=locale cache=true singletons=0 bound=callerPackage,setApplicationLocales matched=callerPackage=getApplicationLocales+getOverrideLocaleConfig+setOverrideLocaleConfig,setApplicationLocales
1788681004.571 10303 14918 14918 I Unique  : 2026-09-06 14:50:04.570 I HOOK IDENTITY_HOOK_INSTALLED service=locale package=com.axlebolt.standoff2 matched=callerPackage=getApplicationLocales+getOverrideLocaleConfig+setOverrideLocaleConfig,setApplicationLocales
1788681004.576 10303 14918 14918 I Unique  : 2026-09-06 14:50:04.574 I HOOK SERVICE_HOOKED service=connectivity cache=true singletons=0 bound=callerPackage matched=callerPackage=getDefaultNetworkCapabilitiesForUser+getLastTetherError+getNetworkCapabilities+getRedactedLinkPropertiesForPackage+getRedactedNetworkCapabilitiesForPackage+isConnectivityServiceFeatureEnabledForTesting+listenForNetwork+pendingListenForNetwork+pendingRequestForNetwork+registerConnectivityDiagnosticsCallback+registerNetworkProvider+requestNetwork+requestRouteToHostAddress+setProvisioni
1788681004.578 10303 14918 14918 I Unique  : 2026-09-06 14:50:04.576 I HOOK IDENTITY_HOOK_INSTALLED service=connectivity package=com.axlebolt.standoff2 matched=callerPackage=getDefaultNetworkCapabilitiesForUser+getLastTetherError+getNetworkCapabilities+getRedactedLinkPropertiesForPackage+getRedactedNetworkCapabilitiesForPackage+isConnectivityServiceFeatureEnabledForTesting+listenForNetwork+pendingListenForNetwork+pendingRequestForNetwork+registerConnectivi
1788681004.582 10303 14918 14918 I Unique  : 2026-09-06 14:50:04.580 I HOOK SERVICE_HOOKED service=power cache=true singletons=0 bound=callerPackage matched=callerPackage=acquireWakeLock+acquireWakeLockAsync+acquireWakeLockWithUid+crash+isAmbientDisplaySuppressedForToken+isAmbientDisplaySuppressedForTokenByApp+isFeatureAllowedInLowPowerStandby+reboot+shutdown+suppressAmbientDisplay+updateWakeLockWorkSource+wakeUp
1788681004.584 10303 14918 14918 I Unique  : 2026-09-06 14:50:04.582 I HOOK IDENTITY_HOOK_INSTALLED service=power package=com.axlebolt.standoff2 matched=callerPackage=acquireWakeLock+acquireWakeLockAsync+acquireWakeLockWithUid+crash+isAmbientDisplaySuppressedForToken+isAmbientDisplaySuppressedForTokenByApp+isFeatureAllowedInLowPowerStandby+reboot+shutdown+suppressAmbientDisplay+updateWakeLockWorkSource+wakeUp
1788681004.599 10303 14918 14918 I Unique  : 2026-09-06 14:50:04.597 I HOOK SERVICE_HOOKED service=wifi cache=true singletons=0 bound=callerPackage matched=callerPackage=acquireMulticastLock+acquireWifiLock+addLocalOnlyConnectionStatusListener+addNetworkSuggestions+addOrUpdateNetwork+addOrUpdateNetworkPrivileged+addOrUpdatePasspointConfiguration+addQosPolicies+addSuggestionUserApprovalStatusListener+allowAutojoinGlobal+allowAutojoinPasspoint+connect+disableEphemeralNetwork+disableNetwork+disconnect+enableNetwork+enableTdls+enableTdlsWithMacAddress+en
1788681004.601 10303 14918 14918 I Unique  : 2026-09-06 14:50:04.599 I HOOK IDENTITY_HOOK_INSTALLED service=wifi package=com.axlebolt.standoff2 matched=callerPackage=acquireMulticastLock+acquireWifiLock+addLocalOnlyConnectionStatusListener+addNetworkSuggestions+addOrUpdateNetwork+addOrUpdateNetworkPrivileged+addOrUpdatePasspointConfiguration+addQosPolicies+addSuggestionUserApprovalStatusListener+allowAutojoinGlobal+allowAutojoinPasspoint+connect+di
1788681004.607 10303 14918 14918 I Unique  : 2026-09-06 14:50:04.605 I HOOK SERVICE_HOOKED service=location cache=true singletons=0 bound=callerPackage matched=callerPackage=addGnssAntennaInfoListener+addGnssMeasurementsListener+addGnssNavigationMessageListener+addTestProvider+getCurrentLocation+getLastLocation+getProviderPackages+getProviderProperties+hasProvider+isProviderEnabledForUser+isProviderPackage+registerGnssNmeaCallback+registerGnssStatusCallback+registerLocationListener+registerLocationPendingIntent+removeTestProvider+requestGeofence+requestL
1788681004.609 10303 14918 14918 I Unique  : 2026-09-06 14:50:04.607 I HOOK IDENTITY_HOOK_INSTALLED service=location package=com.axlebolt.standoff2 matched=callerPackage=addGnssAntennaInfoListener+addGnssMeasurementsListener+addGnssNavigationMessageListener+addTestProvider+getCurrentLocation+getLastLocation+getProviderPackages+getProviderProperties+hasProvider+isProviderEnabledForUser+isProviderPackage+registerGnssNmeaCallback+registerGnssStatusCallbac
1788681004.623 10303 14918 14918 I Unique  : 2026-09-06 14:50:04.621 I HOOK SERVICE_HOOKED service=audio cache=true singletons=0 bound=callerPackage matched=callerPackage=abandonAudioFocus+abandonAudioFocusForTest+adjustStreamVolume+adjustStreamVolumeForUid+adjustStreamVolumeWithAttribution+adjustSuggestedStreamVolumeForUid+adjustVolumeGroupVolume+cacheParameters+disableSafeMediaVolume+getBluetoothAudioDeviceCategory+getBluetoothAudioDeviceCategory_legacy+getCacheParameters+getDeviceVolume+getNotificationUri+getPlayerVolume+handleVolumeKey+isBluetooth
1788681004.625 10303 14918 14918 I Unique  : 2026-09-06 14:50:04.623 I HOOK IDENTITY_HOOK_INSTALLED service=audio package=com.axlebolt.standoff2 matched=callerPackage=abandonAudioFocus+abandonAudioFocusForTest+adjustStreamVolume+adjustStreamVolumeForUid+adjustStreamVolumeWithAttribution+adjustSuggestedStreamVolumeForUid+adjustVolumeGroupVolume+cacheParameters+disableSafeMediaVolume+getBluetoothAudioDeviceCategory+getBluetoothAudioDeviceCategory_lega
1788681004.628 10303 14918 14918 I Unique  : 2026-09-06 14:50:04.627 I HOOK SERVICE_HOOKED service=vibrator_manager cache=true singletons=0 bound=callerPackage matched=callerPackage=performHapticFeedback+setAlwaysOnEffect+vibrate
1788681004.629 10303 14918 14918 I Unique  : 2026-09-06 14:50:04.628 I HOOK IDENTITY_HOOK_INSTALLED service=vibrator_manager package=com.axlebolt.standoff2 matched=callerPackage=performHapticFeedback+setAlwaysOnEffect+vibrate
1788681004.635 10303 14918 14918 I Unique  : 2026-09-06 14:50:04.633 I HOOK SERVICE_HOOKED service=usagestats cache=true singletons=0 bound=callerPackage matched=callerPackage=clearBroadcastEvents+clearBroadcastResponseStats+getAppMinStandbyBucket+getAppStandbyBucket+getAppStandbyBuckets+getAppStandbyConstant+getLastTimeAnyComponentUsed+isAppInactive+isPackageExemptedFromBroadcastResponseStats+queryBroadcastResponseStats+queryConfigurationStats+queryEventStats+queryEvents+queryEventsForPackage+queryEventsForPackageForUser+queryEventsForUser+queryEventsWith
1788681004.637 10303 14918 14918 I Unique  : 2026-09-06 14:50:04.635 I HOOK IDENTITY_HOOK_INSTALLED service=usagestats package=com.axlebolt.standoff2 matched=callerPackage=clearBroadcastEvents+clearBroadcastResponseStats+getAppMinStandbyBucket+getAppStandbyBucket+getAppStandbyBuckets+getAppStandbyConstant+getLastTimeAnyComponentUsed+isAppInactive+isPackageExemptedFromBroadcastResponseStats+queryBroadcastResponseStats+queryConfigurationStats+queryEventSta
1788681004.640 10303 14918 14918 I Unique  : 2026-09-06 14:50:04.639 I HOOK SERVICE_HOOKED service=netstats cache=true singletons=0 bound=callerPackage matched=callerPackage=getIfaceStats+notifyNetworkStatus+openSessionForUsageStats+registerNetworkStatsProvider+registerUsageCallback+setStatsProviderWarningAndLimitAsync
1788681004.642 10303 14918 14918 I Unique  : 2026-09-06 14:50:04.640 I HOOK IDENTITY_HOOK_INSTALLED service=netstats package=com.axlebolt.standoff2 matched=callerPackage=getIfaceStats+notifyNetworkStatus+openSessionForUsageStats+registerNetworkStatsProvider+registerUsageCallback+setStatsProviderWarningAndLimitAsync
1788681004.647 10303 14918 14918 I Unique  : 2026-09-06 14:50:04.644 I HOOK SERVICE_HOOKED service=content cache=true singletons=0 bound=callerPackage matched=callerPackage=addPeriodicSync+cancelSync+cancelSyncAsUser+getCache+getIsSyncable+getIsSyncableAsUser+getPeriodicSyncs+getSyncAdapterPackageAsUser+getSyncAdapterPackagesForAuthorityAsUser+getSyncAutomatically+getSyncAutomaticallyAsUser+getSyncStatus+getSyncStatusAsUser+isSyncActive+isSyncPending+isSyncPendingAsUser+notifyChange+onDbCorruption+putCache+removePeriodicSync+requestSync+setIsSyncable+se
1788681004.649 10303 14918 14918 I Unique  : 2026-09-06 14:50:04.647 I HOOK IDENTITY_HOOK_INSTALLED service=content package=com.axlebolt.standoff2 matched=callerPackage=addPeriodicSync+cancelSync+cancelSyncAsUser+getCache+getIsSyncable+getIsSyncableAsUser+getPeriodicSyncs+getSyncAdapterPackageAsUser+getSyncAdapterPackagesForAuthorityAsUser+getSyncAutomatically+getSyncAutomaticallyAsUser+getSyncStatus+getSyncStatusAsUser+isSyncActive+isSyncPending+isSy
1788681004.654 10303 14918 14918 I Unique  : 2026-09-06 14:50:04.652 I HOOK SERVICE_HOOKED service=shortcut cache=true singletons=0 bound=shortcutPublish,callerPackage matched=shortcutPublish=addDynamicShortcuts+createShortcutResultIntent+pushDynamicShortcut+requestPinShortcut+setDynamicShortcuts+updateShortcuts,callerPackage=disableShortcuts+enableShortcuts+getIconMaxDimensions+getMaxShortcutCountPerActivity+getRateLimitResetTime+getRemainingCallCount+getShareTargets+getShortcuts+hasShareTargets+onApplicationActive+removeAllDynamicShortcuts+removeDynamicShortcuts+remov
1788681004.656 10303 14918 14918 I Unique  : 2026-09-06 14:50:04.655 I HOOK IDENTITY_HOOK_INSTALLED service=shortcut package=com.axlebolt.standoff2 matched=shortcutPublish=addDynamicShortcuts+createShortcutResultIntent+pushDynamicShortcut+requestPinShortcut+setDynamicShortcuts+updateShortcuts,callerPackage=disableShortcuts+enableShortcuts+getIconMaxDimensions+getMaxShortcutCountPerActivity+getRateLimitResetTime+getRemainingCallCount+getShareTargets+get
1788681004.662 10303 14918 14918 I Unique  : 2026-09-06 14:50:04.660 I HOOK SERVICE_HOOKED service=mount cache=true singletons=0 bound=callerPackage,volumeList matched=callerPackage=abortChanges+allocateBytes+benchmark+destroyUserStorage+disableAppDataIsolation+fixupAppDir+fixupAppDirRecursive+fixupSysfsFile+forgetVolume+format+getAllocatableBytes+getCacheQuotaBytes+getCacheSizeBytes+getExternalStorageMountMode+getManageSpaceActivityIntent+getMountedObbPath+isAppIoBlocked+isObbMounted+mkdirs+mount+mountObb+moveStorageQuickly+notifyAppIoBlocked+notifyAppIoResumed
1788681004.664 10303 14918 14918 I Unique  : 2026-09-06 14:50:04.662 I HOOK IDENTITY_HOOK_INSTALLED service=mount package=com.axlebolt.standoff2 matched=callerPackage=abortChanges+allocateBytes+benchmark+destroyUserStorage+disableAppDataIsolation+fixupAppDir+fixupAppDirRecursive+fixupSysfsFile+forgetVolume+format+getAllocatableBytes+getCacheQuotaBytes+getCacheSizeBytes+getExternalStorageMountMode+getManageSpaceActivityIntent+getMountedObbPath+isAppI
1788681004.666 10303 14839 14860 I Unique  : 2026-09-06 14:50:04.664 I GOOGLE GOOGLE_ENVIRONMENT gmsPresent=true gmsEnabled=true gmsVersionCode=263234035 gmsVersionName=26.32.34 (260400-968093310) vendingPresent=true gsfPresent=true customTabs=com.android.chrome hostGmsAvailable=true virtualGmsInstalled=false customTabsAvailable=true
1788681004.669 10303 14918 14918 I Unique  : 2026-09-06 14:50:04.667 I HOOK SERVICE_HOOKED service=account cache=true singletons=0 bound=callerPackage matched=callerPackage=addAccount+addAccountAsUser+addAccountExplicitly+addAccountExplicitlyWithVisibility+addSharedAccountsFromParentUser+createRequestAccountAccessIntentSenderAsUser+editProperties+getAccountByTypeAndFeatures+getAccountVisibility+getAccountsAndVisibilityForPackage+getAccountsAsUser+getAccountsByFeatures+getAccountsByTypeForPackage+getAccountsForPackage+getAuthToken+getAuthTokenLabel+getUs
1788681004.671 10303 14918 14918 I Unique  : 2026-09-06 14:50:04.669 I HOOK IDENTITY_HOOK_INSTALLED service=account package=com.axlebolt.standoff2 matched=callerPackage=addAccount+addAccountAsUser+addAccountExplicitly+addAccountExplicitlyWithVisibility+addSharedAccountsFromParentUser+createRequestAccountAccessIntentSenderAsUser+editProperties+getAccountByTypeAndFeatures+getAccountVisibility+getAccountsAndVisibilityForPackage+getAccountsAsUser+getAccou
1788681004.679 10303 14918 14947 W PackageParsing: Ignoring duplicate uses-permissions/uses-permissions-sdk-m: android.permission.INTERNET in package: com.axlebolt.standoff2 at: Binary XML file line #21
1788681004.691 10303 14918 14918 I Unique  : 2026-09-06 14:50:04.689 I HOOK SERVICE_HOOKED service=phone cache=true singletons=0 bound=callerPackage matched=callerPackage=call+canChangeDtmfToneLength+changeIccLockPassword+checkCarrierPrivilegesForPackage+checkCarrierPrivilegesForPackageAnyPhone+clearSignalStrengthUpdateRequest+deprovisionSatelliteService+dial+disableDataConnectivity+disableVisualVoicemailSmsFilter+doesSwitchMultiSimConfigTriggerReboot+enableDataConnectivity+enableVisualVoicemailSmsFilter+enqueueSmsPickResult+factoryReset+getAllCellInf
1788681004.693 10303 14918 14918 I Unique  : 2026-09-06 14:50:04.691 I HOOK IDENTITY_HOOK_INSTALLED service=phone package=com.axlebolt.standoff2 matched=callerPackage=call+canChangeDtmfToneLength+changeIccLockPassword+checkCarrierPrivilegesForPackage+checkCarrierPrivilegesForPackageAnyPhone+clearSignalStrengthUpdateRequest+deprovisionSatelliteService+dial+disableDataConnectivity+disableVisualVoicemailSmsFilter+doesSwitchMultiSimConfigTriggerReboot+e
1788681004.699 10303 14839 14862 I Unique  : 2026-09-06 14:50:04.698 I GOOGLE GOOGLE_ENVIRONMENT gmsPresent=true gmsEnabled=true gmsVersionCode=263234035 gmsVersionName=26.32.34 (260400-968093310) vendingPresent=true gsfPresent=true customTabs=com.android.chrome hostGmsAvailable=true virtualGmsInstalled=false customTabsAvailable=true
1788681004.701 10303 14839 14862 I Unique  : 2026-09-06 14:50:04.700 I GOOGLE GOOGLE_ROUTE package=com.axlebolt.standoff2 flow=SIGN_IN mode=PASSTHROUGH why=The app declares an OAuth redirect scheme, so the browser flow can be used and is the most reliable path.
1788681004.702 10303 14839 14862 I Unique  : 2026-09-06 14:50:04.701 I GOOGLE GOOGLE_ROUTE package=com.axlebolt.standoff2 flow=CREDENTIAL_MANAGER mode=HOST_BRIDGE why=Unverified: Sign in with Google issues a token for the app's server client, so the device's own Google Play services should be able to answer. Not yet confirmed against a real sample.
1788681004.703 10303 14839 14862 I Unique  : 2026-09-06 14:50:04.702 I GOOGLE GOOGLE_ROUTE package=com.axlebolt.standoff2 flow=ACCOUNT_MANAGER mode=HOST_BRIDGE why=Account access is bridged to the device's accounts; consent is shown as UNIQUE.
1788681004.704 10303 14839 14862 I Unique  : 2026-09-06 14:50:04.704 I GOOGLE GOOGLE_ROUTE package=com.axlebolt.standoff2 flow=FIREBASE_AUTH mode=PASSTHROUGH why=Firebase Auth consumes a token from another flow; the app's browser redirect can supply it.
1788681004.705 10303 14839 14862 I Unique  : 2026-09-06 14:50:04.704 I GOOGLE GOOGLE_ROUTE package=com.axlebolt.standoff2 flow=OAUTH_WEB mode=PASSTHROUGH why=Browser-based OAuth needs no Google Play services, only a working redirect back into this instance.
1788681004.706 10303 14839 14862 I Unique  : 2026-09-06 14:50:04.705 I GOOGLE GOOGLE_ROUTE package=com.axlebolt.standoff2 flow=FCM mode=HOST_BRIDGE why=Experimental: push registration is bridged through the host. Whether Google Play services accepts it varies by version; the result is recorded per device.
1788681004.707 10303 14839 14862 I Unique  : 2026-09-06 14:50:04.706 I GOOGLE GOOGLE_ROUTE package=com.axlebolt.standoff2 flow=PLAY_GAMES mode=UNSUPPORTED why=Not supported yet: Play Games checks an attested app identity, and UNIQUE has not been tested against it.
1788681004.715 10303 14918 14918 I Unique  : 2026-09-06 14:50:04.713 I HOOK SERVICE_HOOKED service=device_policy cache=true singletons=0 bound=callerPackage matched=callerPackage=addCrossProfileIntentFilter+addCrossProfileWidgetProvider+addPersistentPreferredActivity+approveCaCert+checkDeviceIdentifierAccess+checkProvisioningPrecondition+choosePrivateKeyAlias+clearApplicationUserData+clearCrossProfileIntentFilters+clearDeviceOwner+clearPackagePersistentPreferredActivities+clearResetPasswordToken+createAdminSupportIntent+createAndManageUser+createAndProvisionM
1788681004.717 10303 14918 14918 I Unique  : 2026-09-06 14:50:04.715 I HOOK IDENTITY_HOOK_INSTALLED service=device_policy package=com.axlebolt.standoff2 matched=callerPackage=addCrossProfileIntentFilter+addCrossProfileWidgetProvider+addPersistentPreferredActivity+approveCaCert+checkDeviceIdentifierAccess+checkProvisioningPrecondition+choosePrivateKeyAlias+clearApplicationUserData+clearCrossProfileIntentFilters+clearDeviceOwner+clearPackagePersistentPreferre
1788681004.723 10303 14918 14918 I Unique  : 2026-09-06 14:50:04.721 I HOOK SERVICE_HOOKED service=media.camera cache=true singletons=0 bound=callerPackage matched=callerPackage=connect+connectDevice+createDefaultRequest+getCameraCharacteristics+getSessionCharacteristics+getTorchStrengthLevel+injectCamera+injectSessionParams+isHiddenPhysicalCamera+isSessionConfigurationWithParametersSupported+setTorchMode+supportsCameraApi+turnOnTorchWithStrengthLevel
1788681004.725 10303 14918 14918 I Unique  : 2026-09-06 14:50:04.723 I HOOK IDENTITY_HOOK_INSTALLED service=media.camera package=com.axlebolt.standoff2 matched=callerPackage=connect+connectDevice+createDefaultRequest+getCameraCharacteristics+getSessionCharacteristics+getTorchStrengthLevel+injectCamera+injectSessionParams+isHiddenPhysicalCamera+isSessionConfigurationWithParametersSupported+setTorchMode+supportsCameraApi+turnOnTorchWithStrengthLevel
1788681004.731 10303 14918 14918 I Unique  : 2026-09-06 14:50:04.729 I HOOK SERVICE_HOOKED service=telecom cache=true singletons=0 bound=callerPackage matched=callerPackage=acceptHandover+acceptRingingCall+acceptRingingCallWithVideoState+addCall+addNewIncomingCall+addNewIncomingConference+addOrRemoveTestCallCompanionApp+cancelMissedCallsNotification+clearAccounts+createLaunchEmergencyDialerIntent+createManageBlockedNumbersIntent+endCall+getAdnUriForPhoneAccount+getCallCapablePhoneAccounts+getCallStateUsingPackage+getCurrentTtyMode+getDefaultDialerPackag
1788681004.733 10303 14918 14918 I Unique  : 2026-09-06 14:50:04.731 I HOOK IDENTITY_HOOK_INSTALLED service=telecom package=com.axlebolt.standoff2 matched=callerPackage=acceptHandover+acceptRingingCall+acceptRingingCallWithVideoState+addCall+addNewIncomingCall+addNewIncomingConference+addOrRemoveTestCallCompanionApp+cancelMissedCallsNotification+clearAccounts+createLaunchEmergencyDialerIntent+createManageBlockedNumbersIntent+endCall+getAdnUriForPhoneA
1788681004.739 10303 14918 14918 I Unique  : 2026-09-06 14:50:04.736 I HOOK SERVICE_HOOKED service=media_router cache=true singletons=0 bound=callerPackage matched=callerPackage=deselectRouteWithManager+deselectRouteWithRouter2+getSystemRoutes+getSystemSessionInfoForPackage+registerClientAsUser+registerClientGroupId+registerManager+registerProxyRouter+registerRouter2+releaseSessionWithManager+releaseSessionWithRouter2+requestCreateSessionWithManager+requestSetVolume+requestUpdateVolume+selectRouteWithManager+selectRouteWithRouter2+setSelectedRoute+setSession
1788681004.741 10303 14918 14918 I Unique  : 2026-09-06 14:50:04.739 I HOOK IDENTITY_HOOK_INSTALLED service=media_router package=com.axlebolt.standoff2 matched=callerPackage=deselectRouteWithManager+deselectRouteWithRouter2+getSystemRoutes+getSystemSessionInfoForPackage+registerClientAsUser+registerClientGroupId+registerManager+registerProxyRouter+registerRouter2+releaseSessionWithManager+releaseSessionWithRouter2+requestCreateSessionWithManager+requestSet
1788681004.746 10303 14918 14918 I Unique  : 2026-09-06 14:50:04.744 I HOOK SERVICE_HOOKED service=media_session cache=true singletons=0 bound=callerPackage matched=callerPackage=addOnMediaKeyEventSessionChangedListener+createSession+dispatchAdjustVolume+dispatchMediaKeyEvent+dispatchMediaKeyEventToSessionAsSystemService+dispatchVolumeKeyEvent+dispatchVolumeKeyEventToSessionAsSystemService+getMediaKeyEventSession+getMediaKeyEventSessionPackageName+hasCustomMediaKeyDispatcher+hasCustomMediaSessionPolicyProvider+isTrusted+setCustomMediaKeyDispatcher+setCustomMe
1788681004.748 10303 14918 14918 I Unique  : 2026-09-06 14:50:04.746 I HOOK IDENTITY_HOOK_INSTALLED service=media_session package=com.axlebolt.standoff2 matched=callerPackage=addOnMediaKeyEventSessionChangedListener+createSession+dispatchAdjustVolume+dispatchMediaKeyEvent+dispatchMediaKeyEventToSessionAsSystemService+dispatchVolumeKeyEvent+dispatchVolumeKeyEventToSessionAsSystemService+getMediaKeyEventSession+getMediaKeyEventSessionPackageName+hasCustomMedi
1788681004.753 10303 14918 14918 I Unique  : 2026-09-06 14:50:04.751 I HOOK SERVICE_HOOKED service=appwidget cache=true singletons=0 bound=callerPackage,appWidgetIdentity matched=callerPackage=allocateAppWidgetId+bindRemoteViewsService+createAppWidgetConfigIntentSender+deleteAppWidgetId+deleteHost+getAppWidgetIdsForHost+getAppWidgetInfo+getAppWidgetOfHost+getAppWidgetOptions+getAppWidgetViews+getInstalledProvidersForProfile+hasBindAppWidgetPermission+isBoundWidgetPackage+noteAppWidgetTapped+notifyAppWidgetViewDataChanged+partiallyUpdateAppWidgetIds+setAppWidgetHidden+setBi
1788681004.755 10303 14918 14918 I Unique  : 2026-09-06 14:50:04.754 I HOOK IDENTITY_HOOK_INSTALLED service=appwidget package=com.axlebolt.standoff2 matched=callerPackage=allocateAppWidgetId+bindRemoteViewsService+createAppWidgetConfigIntentSender+deleteAppWidgetId+deleteHost+getAppWidgetIdsForHost+getAppWidgetInfo+getAppWidgetOfHost+getAppWidgetOptions+getAppWidgetViews+getInstalledProvidersForProfile+hasBindAppWidgetPermission+isBoundWidgetPackage+not
1788681004.760 10303 14918 14918 W Unique  : 2026-09-06 14:50:04.759 W HOOK SINGLETON_PATCH_SKIPPED service=input_method field=com.android.internal.inputmethod.IInputMethodManagerGlobalInvoker.sServiceCache
1788681004.762 10303 14918 14918 I Unique  : 2026-09-06 14:50:04.760 I HOOK SERVICE_HOOKED service=input_method cache=true singletons=1 bound=callerPackage,editorIdentity matched=callerPackage=acceptStylusHandwritingDelegation+acceptStylusHandwritingDelegationAsync+getEnabledInputMethodSubtypeList+prepareStylusHandwritingDelegation+setAdditionalInputMethodSubtypes+setExplicitlyEnabledInputMethodSubtypes+startConnectionlessStylusHandwriting+startProtoDump,editorIdentity=startInputOrWindowGainedFocus+startInputOrWindowGainedFocusAsync
1788681004.764 10303 14918 14918 I Unique  : 2026-09-06 14:50:04.762 I HOOK IDENTITY_HOOK_INSTALLED service=input_method package=com.axlebolt.standoff2 matched=callerPackage=acceptStylusHandwritingDelegation+acceptStylusHandwritingDelegationAsync+getEnabledInputMethodSubtypeList+prepareStylusHandwritingDelegation+setAdditionalInputMethodSubtypes+setExplicitlyEnabledInputMethodSubtypes+startConnectionlessStylusHandwriting+startProtoDump,editorIdentity=start
1788681004.765 10303 14918 14918 I Unique  : 2026-09-06 14:50:04.764 I HOOK IDENTITY_HOOKS_INSTALLED package=com.axlebolt.standoff2 installed=alarm,clipboard,restrictions,locale,connectivity,power,wifi,location,audio,vibrator_manager,usagestats,netstats,content,shortcut,mount,account,phone,device_policy,media.camera,telecom,media_router,media_session,appwidget,input_method skipped=
1788681004.768 10303 14918 14918 W Unique  : 2026-09-06 14:50:04.767 W PROCESS ALARM_EXACT_UNAVAILABLE detail=UNIQUE does not hold SCHEDULE_EXACT_ALARM; a guest asking for an exact alarm will get the platform's SecurityException
1788681004.777 10303 14918 14918 D Unique  : 2026-09-06 14:50:04.776 D PROCESS PERMISSION_CHECK permission=android.permission.INTERNET result=GRANTED
1788681004.783 10303 14918 14918 W com.facebook.UserSettingsManager: You haven't set a value for AdvertiserIDCollectionEnabled. Set the flag to TRUE if you want to collect Advertiser ID for better advertising and analytics results. To request user consent before collecting data, set the flag value to FALSE, then change to TRUE once user consent is received. Learn more: https://developers.facebook.com/docs/app-events/getting-started-app-events-android#disable-auto-events.
1788681004.793 10303 14918 14953 W com.facebook.internal.NativeProtocol: Apps that target Android API 30+ (Android 11+) cannot call Facebook native apps unless the package visibility needs are declared. Please follow https://developers.facebook.com/docs/android/troubleshooting/#faq_267321845055988 to make the declaration.
1788681004.798 10303 14918 14952 W om.unique:vapp0: Monitor::Inflate: Install failed 0x2aaa518
1788681004.838 10303 14918 14956 I Unique  : 2026-09-06 14:50:04.836 I LAUNCH GOOGLE_STACK_HIDDEN package=com.google.android.gms detail=Play services refuses a virtual app's identity and kills it from a Handler; reported absent so the SDK takes its own unavailable path
1788681004.860 10303 14918 14963 E DynamiteModule: Invalid GmsCore APK, remote loading disabled.
1788681004.861 10303 14918 14963 I DynamiteModule: Considering local module com.google.android.gms.measurement.dynamite:155 and remote module com.google.android.gms.measurement.dynamite:0
1788681004.861 10303 14918 14963 I DynamiteModule: Selected local version of com.google.android.gms.measurement.dynamite
1788681004.865 10303 14918 14963 E DynamiteModule: Invalid GmsCore APK, remote loading disabled.
1788681004.880 10303 14918 14918 D nativeloader: Load /data/user/0/com.unique/files/virtual/apk/com.axlebolt.standoff2/203908/lib/arm64-v8a/libdatastore_shared_counter.so using class loader ns clns-8 (caller=/data/user/0/com.unique/files/virtual/apk/com.axlebolt.standoff2/203908/base.apk!classes6.dex): ok
1788681004.908 10303 14918 14964 I FA      : App measurement initialized, version: 133005
1788681004.909 10303 14918 14964 I FA      : To enable debug logging run: adb shell setprop log.tag.FA VERBOSE
1788681004.910 10303 14918 14964 I FA      : To enable faster debug mode event logging run:
1788681004.910 10303 14918 14964 I FA      :   adb shell setprop debug.firebase.analytics.app com.axlebolt.standoff2
1788681004.911 10303 14918 14918 D nativeloader: Load /data/user/0/com.unique/files/virtual/apk/com.axlebolt.standoff2/203908/lib/arm64-v8a/libcrashlytics.so using class loader ns clns-8 (caller=/data/user/0/com.unique/files/virtual/apk/com.axlebolt.standoff2/203908/base.apk!classes6.dex): ok
1788681004.924 10303 14918 14964 D Unique  : 2026-09-06 14:50:04.922 D PROCESS PERMISSION_CHECK permission=android.permission.INTERNET result=GRANTED
1788681004.926 10303 14918 14964 D Unique  : 2026-09-06 14:50:04.925 D PROCESS PERMISSION_CHECK permission=android.permission.ACCESS_NETWORK_STATE result=GRANTED
1788681004.979 10303 14918 14947 I Unique  : 2026-09-06 14:50:04.977 I LAUNCH SIGNATURES_LOADED package=com.axlebolt.standoff2 signers=1 hasSigningInfo=true
1788681005.020 10303 14918 14983 E AppLovinSdk: [DataCollector] Could not collect Google Advertising ID - this will negatively impact your eCPMs! Please integrate the Google Play Services SDK into your application. More info can be found online at http://developer.android.com/google/play-services/setup.html. If you're sure you've integrated the SDK and are still seeing this message, you may need to add a ProGuard exception: -keep public class com.google.android.gms.** { public protected *; }
1788681005.020 10303 14918 14983 E AppLovinSdk: java.io.IOException: Google Play services not available
1788681005.020 10303 14918 14983 E AppLovinSdk: 	at com.google.android.gms.ads.identifier.AdvertisingIdClient.zzb(SourceFile:51)
1788681005.020 10303 14918 14983 E AppLovinSdk: 	at com.google.android.gms.ads.identifier.AdvertisingIdClient.getAdvertisingIdInfo(SourceFile:16)
1788681005.020 10303 14918 14983 E AppLovinSdk: 	at com.applovin.impl.v.collectGoogleAdvertisingInfo(SourceFile:19)
1788681005.020 10303 14918 14983 E AppLovinSdk: 	at com.applovin.impl.v.c(SourceFile:1)
1788681005.020 10303 14918 14983 E AppLovinSdk: 	at com.applovin.impl.v.a(SourceFile:9)
1788681005.020 10303 14918 14983 E AppLovinSdk: 	at com.applovin.impl.v.b(SourceFile:1)
1788681005.020 10303 14918 14983 E AppLovinSdk: 	at com.applovin.impl.i1.b(SourceFile:1)
1788681005.020 10303 14918 14983 E AppLovinSdk: 	at com.applovin.impl.i1.c(SourceFile:1)
1788681005.020 10303 14918 14983 E AppLovinSdk: 	at com.applovin.impl.ya.run(SourceFile:1)
1788681005.020 10303 14918 14983 E AppLovinSdk: 	at java.lang.Thread.run(Thread.java:1572)
1788681005.023 10303 14918 14964 D Unique  : 2026-09-06 14:50:05.020 D PROCESS SERVICE_CONNECTION_WRAPPED connection=com.google.android.gms.measurement.internal.lb
1788681005.025 10303 14918 14983 E AppLovinSdk: [DataCollector] Unable to determine if Fire OS limited ad tracking is turned on
1788681005.025 10303 14918 14983 E AppLovinSdk: android.provider.Settings$SettingNotFoundException: limit_ad_tracking
1788681005.025 10303 14918 14983 E AppLovinSdk: 	at android.provider.Settings.parseIntSetting(Settings.java:3975)
1788681005.025 10303 14918 14983 E AppLovinSdk: 	at android.provider.Settings.-$$Nest$smparseIntSetting(Settings.java:0)
1788681005.025 10303 14918 14983 E AppLovinSdk: 	at android.provider.Settings$Secure.getIntForUser(Settings.java:7212)
1788681005.025 10303 14918 14983 E AppLovinSdk: 	at android.provider.Settings$Secure.getInt(Settings.java:7205)
1788681005.025 10303 14918 14983 E AppLovinSdk: 	at com.applovin.impl.v.collectFireOSAdvertisingInfo(SourceFile:32)
1788681005.025 10303 14918 14983 E AppLovinSdk: 	at com.applovin.impl.v.c(SourceFile:7)
1788681005.025 10303 14918 14983 E AppLovinSdk: 	at com.applovin.impl.v.a(SourceFile:9)
1788681005.025 10303 14918 14983 E AppLovinSdk: 	at com.applovin.impl.v.b(SourceFile:1)
1788681005.025 10303 14918 14983 E AppLovinSdk: 	at com.applovin.impl.i1.b(SourceFile:1)
1788681005.025 10303 14918 14983 E AppLovinSdk: 	at com.applovin.impl.i1.c(SourceFile:1)
1788681005.025 10303 14918 14983 E AppLovinSdk: 	at com.applovin.impl.ya.run(SourceFile:1)
1788681005.025 10303 14918 14983 E AppLovinSdk: 	at java.lang.Thread.run(Thread.java:1572)
1788681005.026 10303 14918 14964 E FA      : Task exception on worker thread: java.lang.SecurityException: Not allowed to bind to service Intent { act=com.google.android.gms.measurement.START cmp=com.axlebolt.standoff2/com.google.android.gms.measurement.AppMeasurementService }: com.google.android.gms.measurement.internal.lb.d(SourceFile:68)
1788681005.026 10303 14918 14918 I Unique  : 2026-09-06 14:50:05.024 I PROCESS PROVIDERS_PUBLISHED package=com.axlebolt.standoff2 process=com.axlebolt.standoff2 declared=21 authorities=[redacted]
1788681005.030 10303 14918 14918 I Unique  : 2026-09-06 14:50:05.028 I HOOK SERVICE_HOOKED service=jobscheduler cache=true singletons=0 bound=jobById,scheduleJob,pendingJobs matched=jobById=cancel+getPendingJob+getPendingJobReason,scheduleJob=enqueue+schedule+scheduleAsPackage,pendingJobs=getAllPendingJobs+getAllPendingJobsInNamespace
1788681005.032 10303 14918 14986 E GooglePlayServicesUtil: GooglePlayServices not available due to error 1
1788681005.032 10303 14918 14918 I Unique  : 2026-09-06 14:50:05.031 I HOOK JOB_HOOKED package=com.axlebolt.standoff2 slot=0 matched=jobById=cancel+getPendingJob+getPendingJobReason,scheduleJob=enqueue+schedule+scheduleAsPackage,pendingJobs=getAllPendingJobs+getAllPendingJobsInNamespace
1788681005.040 10303 14918 14988 D Unique  : 2026-09-06 14:50:05.039 D PROCESS SERVICE_CONNECTION_WRAPPED connection=com.google.android.gms.common.internal.j1
1788681005.044 10303 14918 14918 I Unique  : 2026-09-06 14:50:05.042 I HOOK SERVICE_HOOKED service=notification cache=true singletons=1 bound=notificationIdentity,enqueue,channels matched=notificationIdentity=addAutomaticZenRule+areBubblesAllowed+areNotificationsEnabled+areNotificationsEnabledForPackage+buzzBeepBlinkForNotification+canNotifyAsPackage+canShowBadge+cancelAllNotifications+cancelNotificationFromListener+cancelToast+clearData+deleteNotificationHistoryItem+enqueueTextToast+enqueueToast+finishToken+getActiveNotifications+getActiveNotificationsWithAttribution+getAllowedAss
1788681005.046 10303 14918 14918 I Unique  : 2026-09-06 14:50:05.045 I HOOK NOTIFICATION_HOOKED package=com.axlebolt.standoff2 vuid=4 matched=notificationIdentity=addAutomaticZenRule+areBubblesAllowed+areNotificationsEnabled+areNotificationsEnabledForPackage+buzzBeepBlinkForNotification+canNotifyAsPackage+canShowBadge+cancelAllNotifications+cancelNotificationFromListener+cancelToast+clearData+deleteNotificationHistoryItem+enqueueTextToast+enqueueToast+finishToken+getActiveNotifications+getActiveNotificationsWithAttribution+getAllowedAss
1788681005.049 10303 14918 14988 W GoogleApiManager: The service for com.google.android.gms.internal.appset.zzd is not available: ConnectionResult{statusCode=SERVICE_MISSING, resolution=null, message=null, clientMethodKey=null}
1788681005.064 10303 14918 14918 I Unique  : 2026-09-06 14:50:05.062 I PROCESS RECEIVERS_REGISTERED package=com.axlebolt.standoff2 declared=9 registered=12 actions=com.adjust.sdk.AdjustPreinstallReferrerReceiver#com.attribution.SYSTEM_INSTALLER_REFERRER;com.adjust.sdk.AdjustReferrerReceiver#com.android.vending.INSTALL_REFERRER;com.facebook.CurrentAccessTokenExpirationBroadcastReceiver#com.facebook.sdk.ACTION_CURRENT_ACCESS_TOKEN_CHANGED;com.facebook.AuthenticationTokenManager$CurrentAuthenticationTokenChangedBroadcastReceiver#com.facebook.sdk.ACTION_CURRENT_ exported=6
1788681005.066 10303 14918 14918 I Unique  : 2026-09-06 14:50:05.065 I LAUNCH ACTIVITY_LIFECYCLE_INSTALLED package=com.axlebolt.standoff2
1788681005.074 10303 14918 14918 I Unique  : 2026-09-06 14:50:05.073 I NATIVE u4 com.axlebolt.standoff2 IO_REDIRECT_INSTALLED status=NOTHING_TO_HOOK watch=OK rules=8 slots=0 scope=/data/user/0/com.unique/files/virtual/apk/com.axlebolt.standoff2/203908/lib/arm64-v8a,/data/data/com.unique/files/virtual/apk/com.axlebolt.standoff2/203908/lib/arm64-v8a,/data/user/0/com.unique/files/
1788681005.079 10303 14918 14918 I Unique  : 2026-09-06 14:50:05.077 I LAUNCH u4 com.axlebolt.standoff2 BOOTSTRAP_OK package=com.axlebolt.standoff2 vuid=4 slot=0 applicationClass=android.app.Application dataDir=/data/user/0/com.unique/files/virtual/users/4/data/com.axlebolt.standoff2 sourceDir=/data/user/0/com.unique/files/virtual/apk/com.axlebolt.standoff2/203908/base.apk nativeLibraryDir=/data/user/0/com.unique/files/virtual/apk/com.axlebolt.standoff2/203908/lib/arm64-v8a targetSdk=36 observedPackageName=com.axlebolt.standoff2 observedFilesDir=/data/user/0/com.unique/files/virtual/users/4/data/com.axlebolt.standoff2/files millis=1360
1788681005.083 10303 14839 14848 I Unique  : 2026-09-06 14:50:05.082 I PROCESS PROVIDER_SLOT_READY slot=0 vuid=4 pid=14918
1788681005.083 10303 14918 14918 I Unique  : 2026-09-06 14:50:05.082 I PROCESS u4 com.axlebolt.standoff2 BROADCAST_DELIVERED receiver=com.mbridge.msdk.foundation.same.broadcast.NetWorkChangeReceiver action=android.net.conn.CONNECTIVITY_CHANGE
1788681005.085 10303 14918 14918 I Unique  : 2026-09-06 14:50:05.084 I PROCESS u4 com.axlebolt.standoff2 COLD_BROADCAST_DELIVERED package=com.axlebolt.standoff2 vuid=4 receiver=com.mbridge.msdk.foundation.same.broadcast.NetWorkChangeReceiver action=android.net.conn.CONNECTIVITY_CHANGE delivered=true
1788681005.087 10303 14839 14848 I Unique  : 2026-09-06 14:50:05.086 I PROCESS COLD_BROADCAST_ACKNOWLEDGED vuid=4 receiver=com.mbridge.msdk.foundation.same.broadcast.NetWorkChangeReceiver action=android.net.conn.CONNECTIVITY_CHANGE wasPending=true
1788681005.089 10303 14918 14918 W libc    : Access denied finding property "ro.vendor.perf.scroll_opt"
1788681005.101 10303 14918 14918 D nativeloader: Load libpowerhalwrap_jni.so using system ns (caller=/system_ext/framework/mediatek-framework.jar): ok
1788681005.113 10303 14918 14918 I Unique  : 2026-09-06 14:50:05.111 I PROCESS u4 com.axlebolt.standoff2 BROADCAST_DELIVERED receiver=com.mbridge.msdk.foundation.same.broadcast.NetWorkChangeReceiver action=android.net.conn.CONNECTIVITY_CHANGE
1788681005.114 10303 14918 14918 D Unique  : 2026-09-06 14:50:05.113 D LAUNCH u4 com.axlebolt.standoff2 CALLBACK_ALIVE what=116 obj=android.os.BinderProxy
1788681005.115 10303 14918 14988 E GoogleApiManager: Failed to get service from broker.
1788681005.115 10303 14918 14988 E GoogleApiManager: java.lang.SecurityException: Unknown calling package name 'com.axlebolt.standoff2'.
1788681005.115 10303 14918 14988 E GoogleApiManager: 	at android.os.Parcel.createExceptionOrNull(Parcel.java:3255)
1788681005.115 10303 14918 14988 E GoogleApiManager: 	at android.os.Parcel.createException(Parcel.java:3239)
1788681005.115 10303 14918 14988 E GoogleApiManager: 	at android.os.Parcel.readException(Parcel.java:3222)
1788681005.115 10303 14918 14988 E GoogleApiManager: 	at android.os.Parcel.readException(Parcel.java:3164)
1788681005.115 10303 14918 14988 E GoogleApiManager: 	at com.google.android.gms.common.internal.q0.r(SourceFile:48)
1788681005.115 10303 14918 14988 E GoogleApiManager: 	at com.google.android.gms.common.internal.e.getRemoteService(SourceFile:183)
1788681005.115 10303 14918 14988 E GoogleApiManager: 	at com.google.android.gms.common.api.internal.zabm.run(SourceFile:57)
1788681005.115 10303 14918 14988 E GoogleApiManager: 	at android.os.Handler.handleCallback(Handler.java:959)
1788681005.115 10303 14918 14988 E GoogleApiManager: 	at android.os.Handler.dispatchMessage(Handler.java:100)
1788681005.115 10303 14918 14988 E GoogleApiManager: 	at android.os.Looper.loopOnce(Looper.java:249)
1788681005.115 10303 14918 14988 E GoogleApiManager: 	at android.os.Looper.loop(Looper.java:337)
1788681005.115 10303 14918 14988 E GoogleApiManager: 	at android.os.HandlerThread.run(HandlerThread.java:85)
1788681005.155 10303 14918 15004 I Unique  : 2026-09-06 14:50:05.154 I PROCESS u4 com.axlebolt.standoff2 SERVICE_STUB_RESERVED slot=0 stub=0 service=io.appmetrica.analytics.internal.AppMetricaService vuid=4
1788681005.157 10303 14918 15004 D Unique  : 2026-09-06 14:50:05.156 D PROCESS u4 com.axlebolt.standoff2 SERVICE_INTENT_ROUTED service=io.appmetrica.analytics.internal.AppMetricaService stub=com.unique.stub.ServiceStub_p0_s0 action=io.appmetrica.analytics.IAppMetricaService
1788681005.158 10303 14918 15004 D Unique  : 2026-09-06 14:50:05.157 D PROCESS u4 com.axlebolt.standoff2 SERVICE_CONNECTION_WRAPPED connection=io.appmetrica.analytics.impl.n0
1788681005.161 10303 14918 14918 I Unique  : 2026-09-06 14:50:05.160 I PROCESS u4 com.axlebolt.standoff2 CREATE_SERVICE_REWRITTEN stub=com.unique.stub.ServiceStub_p0_s0 service=io.appmetrica.analytics.internal.AppMetricaService
1788681005.169 10303 14918 14918 D Unique  : 2026-09-06 14:50:05.167 D PROCESS u4 com.axlebolt.standoff2 SERVICE_INTENT_ROUTED service=io.appmetrica.analytics.internal.AppMetricaService stub=com.unique.stub.ServiceStub_p0_s0 action=io.appmetrica.analytics.IAppMetricaService
1788681005.450 10303 14918 14954 E FeatureFlagsImplExport: android.os.flagging.AconfigStorageReadException: ERROR_PACKAGE_NOT_FOUND: package com.android.libcore cannot be found on the device
1788681005.765 10303 14839 14942 I Unique  : 2026-09-06 14:50:05.764 I PROCESS HOST_PERMISSION_REFUSED group=FILES permissions=android.permission.READ_EXTERNAL_STORAGE,android.permission.WRITE_EXTERNAL_STORAGE permanent=true
1788681008.065 10303 14839 14886 E com.unique: DynamicFPS DF open fail: No such file or directory
1788681010.155 10303 14918 14988 W GoogleApiManager: The service for j2.q is not available: ConnectionResult{statusCode=SERVICE_MISSING, resolution=null, message=null, clientMethodKey=null}
1788681010.160 10303 14918 14988 W GoogleApiManager: The service for j2.q is not available: ConnectionResult{statusCode=SERVICE_MISSING, resolution=null, message=null, clientMethodKey=null}
1788681010.732 10303 14839 14846 W com.unique: ApkAssets: Deleting an ApkAssets object '<empty> and /data/user/0/com.unique/files/virtual/apk/com.axlebolt.standoff2/203908/base.apk' with 1 weak references
1788681038.549 10303 16111 16111 D nativeloader: Load libframework-connectivity-tiramisu-jni.so using APEX ns com_android_tethering for caller /apex/com.android.tethering/javalib/framework-connectivity-t.jar: ok
1788681038.591 10303 16111 16111 D ActivityThread: setEmbeddedParam packageName=com.unique processName=com.unique isEmbedded=false isIsolated=false
1788681038.593 10303 16111 16111 D ApplicationLoaders: Returning zygote-cached class loader: /system_ext/framework/androidx.window.extensions.jar
1788681038.593 10303 16111 16111 D ApplicationLoaders: Returning zygote-cached class loader: /system_ext/framework/androidx.window.sidecar.jar
1788681038.597 10303 16111 16111 D nativeloader: Configuring clns-7 for other apk /data/app/~~uSPrrBDnPbh7oiSxSbJTTw==/com.unique-Tvl4u3f1WcQMODM0rNq5rg==/base.apk. target_sdk_version=36, uses_libraries=, library_path=/data/app/~~uSPrrBDnPbh7oiSxSbJTTw==/com.unique-Tvl4u3f1WcQMODM0rNq5rg==/lib/arm64:/data/app/~~uSPrrBDnPbh7oiSxSbJTTw==/com.unique-Tvl4u3f1WcQMODM0rNq5rg==/base.apk!/lib/arm64-v8a, permitted_path=/data:/mnt/expand:/data/user/0/com.unique
1788681038.606 10303 16111 16111 V GraphicsEnvironment: Currently set values for:
1788681038.606 10303 16111 16111 V GraphicsEnvironment:   angle_gl_driver_selection_pkgs=[]
1788681038.606 10303 16111 16111 V GraphicsEnvironment:   angle_gl_driver_selection_values=[]
1788681038.606 10303 16111 16111 V GraphicsEnvironment: Global.Settings values are invalid: number of packages: 0, number of values: 0
1788681038.606 10303 16111 16111 V GraphicsEnvironment: App is not on the allowlist for updatable production driver.
1788681038.607 10303 16111 16111 I ActivityThread: TrafficStats init done
1788681038.612 10303 16111 16111 D ActivityThread: useGrowthLimitOutExpendMethod invoke error.
1788681038.616 10303 16111 16111 D nativeloader: Load libforcedarkimpl.so using system ns (caller=/system_ext/framework/miui-framework.jar): ok
1788681038.622 10303 16111 16111 I ActivityThread: Miui Feature Init done
1788681038.640 10303 16111 16111 I Unique  : 2026-09-06 14:50:38.636 I PROCESS PROCESS_START process=com.unique kind=CORE sdk=35 abi=arm64-v8a,armeabi-v7a,armeabi
1788681038.648 10303 16111 16111 D nativeloader: Load /data/app/~~uSPrrBDnPbh7oiSxSbJTTw==/com.unique-Tvl4u3f1WcQMODM0rNq5rg==/base.apk!/lib/arm64-v8a/libunique_native.so using class loader ns clns-7 (caller=/data/app/~~uSPrrBDnPbh7oiSxSbJTTw==/com.unique-Tvl4u3f1WcQMODM0rNq5rg==/base.apk): ok
1788681038.648 10303 16111 16111 I UniqueNative: libunique_native loaded (page size 4096)
1788681038.648 10303 16111 16111 I Unique  : 2026-09-06 14:50:38.648 I NATIVE NATIVE_LOADED pageSize=4096
1788681038.655 10303 16111 16111 I Unique  : 2026-09-06 14:50:38.654 I PROCESS PROVIDER_ROUTER_CREATED
1788681038.656 10303 16111 16129 W AsyncDrawableCache: can not found res: 2131230838, maybe dynamic res id.
1788681038.658 10303 16111 16129 W AsyncDrawableCache: can not found res: 2131755008, maybe dynamic res id.
1788681038.660 10303 16111 16129 W AsyncDrawableCache: can not found res: 2131230916, maybe dynamic res id.
1788681038.665 10303 16111 16111 I Unique  : 2026-09-06 14:50:38.665 I STORAGE SHARED_PROVIDER_CREATED
1788681038.689 10303 16111 16111 W libc    : Access denied finding property "ro.vendor.perf.scroll_opt"
1788681038.703 10303 16111 16111 D nativeloader: Load libpowerhalwrap_jni.so using system ns (caller=/system_ext/framework/mediatek-framework.jar): ok
1788681038.713 10303 16111 16111 I ActivityThread: HardwareRenderer preload  done
1788681038.727 10303 16111 16153 E com.unique: setpriority success to 100 : mali-cmar-backend
1788681038.769 10303 16111 16154 D nativeloader: Load /data/app/~~uSPrrBDnPbh7oiSxSbJTTw==/com.unique-Tvl4u3f1WcQMODM0rNq5rg==/base.apk!/lib/arm64-v8a/libflutter.so using class loader ns clns-7 (caller=/data/app/~~uSPrrBDnPbh7oiSxSbJTTw==/com.unique-Tvl4u3f1WcQMODM0rNq5rg==/base.apk): ok
1788681038.839 10303 16111 16183 E com.unique: setpriority success to 100 : mali-cmar-backend
1788681038.883 10303 16111 16133 I Unique  : 2026-09-06 14:50:38.881 I PROCESS BROADCAST_ROUTES_REGISTERED package=com.axlebolt.standoff2 vuid=4 routes=12 actions=com.android.vending.INSTALL_REFERRER,androidx.profileinstaller.action.SAVE_PROFILE,androidx.work.impl.background.systemalarm.UpdateProxies,com.attribution.SYSTEM_INSTALLER_REFERRER,androidx.work.diagnostics.REQUEST_DIAGNOSTICS,com.google.android.c2dm.intent.RECEIVE,androidx.profileinstaller.action.I
1788681038.890 10303 16111 16133 I Unique  : 2026-09-06 14:50:38.883 I PROCESS PROVIDER_ROUTES_REGISTERED package=com.axlebolt.standoff2 vuid=4 authorities=[redacted]
1788681038.893 10303 16111 16133 I Unique  : 2026-09-06 14:50:38.890 I PROCESS BROADCAST_ROUTER_READY instances=1 actions=12 authorities=[redacted]
1788681039.077 10303 16111 16111 W libc    : Access denied finding property "persist.vendor.camera.IsVariableApertureSupported"
1788681039.077 10303 16111 16111 W libc    : Access denied finding property "persist.vendor.camera.IsStreetModeSupported"
1788681039.113 10303 16111 16111 W libc    : Access denied finding property "ro.vendor.df.effect.conflict"
1788681039.155 10303 16111 16111 I Unique  : 2026-09-06 14:50:39.155 I PROCESS PROCESS_ASSIGNED slot=:vapp0 vuid=4 process=com.axlebolt.standoff2
1788681039.160 10303 16111 16111 E Unique  : 2026-09-06 14:50:39.160 E PROCESS BROADCAST_STUB_START_FAILED package=com.axlebolt.standoff2 error=java.lang.SecurityException: Unable to start service Intent { cmp=com.unique/.stub.ServiceStub_p0_s6 (has extras) }: Unable to launch app com.unique/10303 for service Intent { cmp=com.unique/.stub.ServiceStub_p0_s6 }: process is bad
1788681039.161 10303 16111 16111 I Unique  : 2026-09-06 14:50:39.160 I PROCESS BROADCAST_ROUTED_COLD action=android.net.conn.CONNECTIVITY_CHANGE package=com.axlebolt.standoff2 vuid=4 receiver=com.mbridge.msdk.foundation.same.broadcast.NetWorkChangeReceiver started=false
1788681039.201 10303 16111 16160 E com.unique: checkIfsupportxIntfps do not binder to joyose
1788681039.294 10303 16111 16160 E LB      : fail to open file: No such file or directory
1788681039.303 10303 16111 16133 W com.unique: Unsupported class loader: java.lang.Class<org.lsposed.hiddenapibypass.CoreOjClassLoader>
1788681039.355 10303 16111 16133 W com.unique: Unsupported class loader: java.lang.Class<org.lsposed.hiddenapibypass.CoreOjClassLoader>
1788681039.355 10303 16111 16133 W com.unique: Unsupported class loader: java.lang.Class<org.lsposed.hiddenapibypass.CoreOjClassLoader>
1788681039.358 10303 16111 16133 I Unique  : 2026-09-06 14:50:39.357 I HOOK HIDDEN_API_GRANTED via=HiddenApiBypass
1788681039.544 10303 16111 16134 W PackageParsing: Ignoring duplicate uses-permissions/uses-permissions-sdk-m: android.permission.INTERNET in package: com.axlebolt.standoff2 at: Binary XML file line #21
1788681039.568 10303 16111 16134 W IconCustomizer: getCustomizedIconW 184
1788681039.593 10303 16111 16134 I Unique  : 2026-09-06 14:50:39.593 I STORAGE GUEST_INFO_RESOLVED package=com.axlebolt.standoff2 label=Standoff 2 icon=true
1788681040.256 10303 16111 16111 W MirrorManager: this model don't Support
1788681040.365 10303 16111 16134 I Unique  : 2026-09-06 14:50:40.363 I GOOGLE GOOGLE_ENVIRONMENT gmsPresent=true gmsEnabled=true gmsVersionCode=263234035 gmsVersionName=26.32.34 (260400-968093310) vendingPresent=true gsfPresent=true customTabs=com.android.chrome hostGmsAvailable=true virtualGmsInstalled=false customTabsAvailable=true
1788681040.390 10303 16111 16213 I Unique  : 2026-09-06 14:50:40.388 I GOOGLE GOOGLE_ENVIRONMENT gmsPresent=true gmsEnabled=true gmsVersionCode=263234035 gmsVersionName=26.32.34 (260400-968093310) vendingPresent=true gsfPresent=true customTabs=com.android.chrome hostGmsAvailable=true virtualGmsInstalled=false customTabsAvailable=true
1788681040.392 10303 16111 16213 I Unique  : 2026-09-06 14:50:40.391 I GOOGLE GOOGLE_ROUTE package=com.axlebolt.standoff2 flow=SIGN_IN mode=PASSTHROUGH why=The app declares an OAuth redirect scheme, so the browser flow can be used and is the most reliable path.
1788681040.394 10303 16111 16213 I Unique  : 2026-09-06 14:50:40.392 I GOOGLE GOOGLE_ROUTE package=com.axlebolt.standoff2 flow=CREDENTIAL_MANAGER mode=HOST_BRIDGE why=Unverified: Sign in with Google issues a token for the app's server client, so the device's own Google Play services should be able to answer. Not yet confirmed against a real sample.
1788681040.396 10303 16111 16213 I Unique  : 2026-09-06 14:50:40.394 I GOOGLE GOOGLE_ROUTE package=com.axlebolt.standoff2 flow=ACCOUNT_MANAGER mode=HOST_BRIDGE why=Account access is bridged to the device's accounts; consent is shown as UNIQUE.
1788681040.397 10303 16111 16213 I Unique  : 2026-09-06 14:50:40.396 I GOOGLE GOOGLE_ROUTE package=com.axlebolt.standoff2 flow=FIREBASE_AUTH mode=PASSTHROUGH why=Firebase Auth consumes a token from another flow; the app's browser redirect can supply it.
1788681040.398 10303 16111 16213 I Unique  : 2026-09-06 14:50:40.397 I GOOGLE GOOGLE_ROUTE package=com.axlebolt.standoff2 flow=OAUTH_WEB mode=PASSTHROUGH why=Browser-based OAuth needs no Google Play services, only a working redirect back into this instance.
1788681040.399 10303 16111 16213 I Unique  : 2026-09-06 14:50:40.398 I GOOGLE GOOGLE_ROUTE package=com.axlebolt.standoff2 flow=FCM mode=HOST_BRIDGE why=Experimental: push registration is bridged through the host. Whether Google Play services accepts it varies by version; the result is recorded per device.
1788681040.400 10303 16111 16213 I Unique  : 2026-09-06 14:50:40.399 I GOOGLE GOOGLE_ROUTE package=com.axlebolt.standoff2 flow=PLAY_GAMES mode=UNSUPPORTED why=Not supported yet: Play Games checks an attested app identity, and UNIQUE has not been tested against it.
1788681041.797 10303 16111 16134 I Unique  : 2026-09-06 14:50:41.796 I PROCESS HOST_PERMISSION_REFUSED group=FILES permissions=android.permission.READ_EXTERNAL_STORAGE,android.permission.WRITE_EXTERNAL_STORAGE permanent=true
1788681042.299 10303 16111 16160 E com.unique: DynamicFPS DF open fail: No such file or directory
1788681043.294 10303 16111 16134 I Unique  : 2026-09-06 14:50:43.293 I PROCESS HOST_PERMISSION_REFUSED group=MICROPHONE permissions=android.permission.RECORD_AUDIO permanent=false
1788681044.564 10303 16111 16160 E com.unique: FrameInsert open fail: No such file or directory
1788681045.363 10303 16111 16134 I Unique  : 2026-09-06 14:50:45.362 I PROCESS PROCESS_RELEASED slot=:vapp0 reason=process gone
1788681045.364 10303 16111 16134 I Unique  : 2026-09-06 14:50:45.364 I PROCESS PROCESS_ASSIGNED slot=:vapp0 vuid=4 process=com.axlebolt.standoff2
1788681045.392 10303 16111 16134 I Unique  : 2026-09-06 14:50:45.390 I LAUNCH LAUNCH_REQUESTED package=com.axlebolt.standoff2 vuid=4 activity=com.google.firebase.MessagingUnityPlayerActivity slot=:vapp0 launchMode=2
1788681045.445 10303 16272 16272 D nativeloader: Load libframework-connectivity-tiramisu-jni.so using APEX ns com_android_tethering for caller /apex/com.android.tethering/javalib/framework-connectivity-t.jar: ok
1788681045.478 10303 16272 16272 D ActivityThread: setEmbeddedParam packageName=com.unique processName=com.unique:vapp0 isEmbedded=false isIsolated=false
1788681045.479 10303 16272 16272 D ApplicationLoaders: Returning zygote-cached class loader: /system_ext/framework/androidx.window.extensions.jar
1788681045.479 10303 16272 16272 D ApplicationLoaders: Returning zygote-cached class loader: /system_ext/framework/androidx.window.sidecar.jar
1788681045.483 10303 16272 16272 D nativeloader: Configuring clns-7 for other apk /data/app/~~uSPrrBDnPbh7oiSxSbJTTw==/com.unique-Tvl4u3f1WcQMODM0rNq5rg==/base.apk. target_sdk_version=36, uses_libraries=, library_path=/data/app/~~uSPrrBDnPbh7oiSxSbJTTw==/com.unique-Tvl4u3f1WcQMODM0rNq5rg==/lib/arm64:/data/app/~~uSPrrBDnPbh7oiSxSbJTTw==/com.unique-Tvl4u3f1WcQMODM0rNq5rg==/base.apk!/lib/arm64-v8a, permitted_path=/data:/mnt/expand:/data/user/0/com.unique
1788681045.493 10303 16272 16272 V GraphicsEnvironment: Currently set values for:
1788681045.493 10303 16272 16272 V GraphicsEnvironment:   angle_gl_driver_selection_pkgs=[]
1788681045.493 10303 16272 16272 V GraphicsEnvironment:   angle_gl_driver_selection_values=[]
1788681045.493 10303 16272 16272 V GraphicsEnvironment: Global.Settings values are invalid: number of packages: 0, number of values: 0
1788681045.493 10303 16272 16272 V GraphicsEnvironment: App is not on the allowlist for updatable production driver.
1788681045.493 10303 16272 16272 I ActivityThread: TrafficStats init done
1788681045.500 10303 16272 16272 D ActivityThread: useGrowthLimitOutExpendMethod invoke error.
1788681045.505 10303 16272 16272 D nativeloader: Load libforcedarkimpl.so using system ns (caller=/system_ext/framework/miui-framework.jar): ok
1788681045.512 10303 16272 16272 I ActivityThread: Miui Feature Init done
1788681045.523 10303 16272 16272 I Unique  : 2026-09-06 14:50:45.518 I PROCESS PROCESS_START process=com.unique:vapp0 kind=VAPP sdk=35 abi=arm64-v8a,armeabi-v7a,armeabi
1788681045.573 10303 16272 16272 I Unique  : 2026-09-06 14:50:45.573 I HOOK HIDDEN_API_GRANTED via=HiddenApiBypass
1788681045.577 10303 16272 16272 D nativeloader: Load /data/app/~~uSPrrBDnPbh7oiSxSbJTTw==/com.unique-Tvl4u3f1WcQMODM0rNq5rg==/base.apk!/lib/arm64-v8a/libunique_native.so using class loader ns clns-7 (caller=/data/app/~~uSPrrBDnPbh7oiSxSbJTTw==/com.unique-Tvl4u3f1WcQMODM0rNq5rg==/base.apk): ok
1788681045.577 10303 16272 16272 I UniqueNative: libunique_native loaded (page size 4096)
1788681045.578 10303 16272 16272 I Unique  : 2026-09-06 14:50:45.578 I LAUNCH INTERCEPTOR_INSTALLED executeTransaction=159
1788681045.579 10303 16272 16272 I Unique  : 2026-09-06 14:50:45.578 I PROCESS VAPP_READY slot=0
1788681045.581 10303 16272 16272 I Unique  : 2026-09-06 14:50:45.580 I PROCESS STUB_PROVIDER_CREATED slot=0
1788681045.598 10303 16272 16272 D Unique  : 2026-09-06 14:50:45.595 D LAUNCH CALLBACK_ALIVE what=164 obj=java.lang.String
1788681045.600 10303 16272 16272 D Unique  : 2026-09-06 14:50:45.599 D LAUNCH CALLBACK_ALIVE what=159 obj=android.app.servertransaction.ClientTransaction
1788681045.635 10303 16272 16272 I Unique  : 2026-09-06 14:50:45.634 I PROCESS PROCESS_RENAMED argv0=com.axlebolt.standoff2
1788681046.115 10303 16272 16272 D nativeloader: Configuring clns-8 for other apk /data/user/0/com.unique/files/virtual/apk/com.axlebolt.standoff2/203908/base.apk. target_sdk_version=36, uses_libraries=, library_path=/data/user/0/com.unique/files/virtual/apk/com.axlebolt.standoff2/203908/lib/arm64-v8a:/data/user/0/com.unique/files/virtual/apk/com.axlebolt.standoff2/203908/base.apk!/lib/arm64-v8a, permitted_path=/data:/mnt/expand:/data/user/0/com.unique/files/virtual/users/4/data/com.axlebolt.standoff2
1788681046.123 10303 16272 16272 I Unique  : 2026-09-06 14:50:46.122 I PROCESS PROFILE_BOUND profile=2bdefb80-3187-4b4d-8aea-ffdccbd2aa38 androidId=d1058e197f5e8b95 generation=1
1788681046.124 10303 16272 16272 I Unique  : 2026-09-06 14:50:46.124 I PROCESS BUILD_OVERRIDES_APPLIED applied=1 requested=1
1788681046.125 10303 16272 16272 I Unique  : 2026-09-06 14:50:46.125 I LAUNCH PROFILE_BOUND profileId=2bdefb80-3187-4b4d-8aea-ffdccbd2aa38 generation=1
1788681046.131 10303 16272 16272 I Unique  : 2026-09-06 14:50:46.130 I PROCESS PERMISSION_CACHE_DISABLED disabled=disablePackageNamePermissionCache,disablePermissionCache,disableApplicationInfoCache,disablePackageInfoCache,disableGetPackagesForUidCache failed=android.app.ActivityManager: no disable*Cache()
1788681046.138 10303 16272 16272 I Unique  : 2026-09-06 14:50:46.136 I PROCESS PERMISSIONS_BOUND package=com.axlebolt.standoff2 vuid=4 declared=28 restored=1 runtime=6 installTime=22 selfDefined=2
1788681046.148 10303 16272 16272 I Unique  : 2026-09-06 14:50:46.147 I HOOK SERVICE_HOOKED service=package cache=true singletons=1 bound=permissionCheck,getActivityInfo,applicationEnabledSetting,getApplicationInfo,componentEnabledSetting,installedPackages,getInstallerPackageName,getNameForUid,getPackageUid,getPackageInfo,getPackagesForUid,getProviderInfo,getReceiverInfo,getServiceInfo,queryIntent,resolveContentProvider,resolveIntent matched=permissionCheck=checkPermission+checkUidPermission,getActivityInfo,applicationEnabledSetting=getApplicationEnabledSetting+setApplicationEnabledSetting,getApplicationInfo,componentEnabledSetting=getComponentEnabledSetting+setComponentEnabledSetting,installedPackages=getInstalledApplications+getInstalledPackages,getInstallerPackageName,getNameForUid,getPackageUid=getPackageGids+getPackageUid,getPack
1788681046.149 10303 16272 16272 I Unique  : 2026-09-06 14:50:46.148 I LAUNCH VPM_HOOK_INSTALLED package=com.axlebolt.standoff2 bound=permissionCheck,getActivityInfo,applicationEnabledSetting,getApplicationInfo,componentEnabledSetting,installedPackages,getInstallerPackageName,getNameForUid,getPackageUid,getPackageInfo,getPackagesForUid,getProviderInfo,getReceiverInfo,getServiceInfo,queryIntent,resolveContentProvider,resolveIntent
1788681046.161 10303 16272 16272 I Unique  : 2026-09-06 14:50:46.160 I HOOK SERVICE_HOOKED service=activity cache=true singletons=1 bound=serviceDispatch,callerIdentity,permissionCheck,getContentProvider,intentSender,runningProcesses,registerReceiver,foregroundService matched=serviceDispatch=bindService+bindServiceInstance+peekService+publishService+startService+stopService+unbindFinished,callerIdentity=broadcastIntent+broadcastIntentWithFeature+getBindingUidProcessState+getContentProviderExternal+getHistoricalProcessExitReasons+getHistoricalProcessStartReasons+getPackageProcessState+getTagForIntentSender+getUidLastIdleElapsedTime+getUidProcessCapabilities+getUidProces
1788681046.164 10303 16272 16272 I Unique  : 2026-09-06 14:50:46.161 I LAUNCH VAM_HOOK_INSTALLED package=com.axlebolt.standoff2 host=com.unique methods=8 matched=serviceDispatch=bindService+bindServiceInstance+peekService+publishService+startService+stopService+unbindFinished,callerIdentity=broadcastIntent+broadcastIntentWithFeature+getBindingUidProcessState+getContentProviderExternal+getHistoricalProcessExitReasons+getHistoricalProcessStartReasons+getPackageProcessState+getTagForIntentSender+getUidLastIdleElapsedTime+getUidProcessCapabilities+getUidProcessState+grantUriPermission+isBackgroundRestricted+isUidActive+moveTaskToFront+revokeUriPermission+sendIntentSender+startActivity+startActivityAsUser+startActivityAsUserWithFeature+startActivityWithFeature,permissionCheck=checkPermission+checkPermissionForDevice,getContentProvider,intentSender=getIntentSender+getIntentSenderWithFeature,runningProcesses=getRunningAppProcesses+getServices,registerReceiver=registerReceiver+registerReceiverWithFeature,foregroundService=setServiceForeground
1788681046.172 10303 16272 16272 I Unique  : 2026-09-06 14:50:46.170 I HOOK SERVICE_HOOKED service=activity_task cache=true singletons=1 bound=activityStart matched=activityStart=startActivities+startActivity+startActivityAndWait+startActivityAsCaller+startActivityAsUser+startActivityFromGameSession+startActivityIntentSender+startActivityWithConfig
1788681046.173 10303 16272 16272 I Unique  : 2026-09-06 14:50:46.172 I LAUNCH ATM_HOOK_INSTALLED package=com.axlebolt.standoff2 host=com.unique matched=activityStart=startActivities+startActivity+startActivityAndWait+startActivityAsCaller+startActivityAsUser+startActivityFromGameSession+startActivityIntentSender+startActivityWithConfig
1788681046.175 10303 16272 16272 I Unique  : 2026-09-06 14:50:46.175 I HOOK SERVICE_HOOKED service=permissionmgr cache=true singletons=1 bound=shouldShowRequestPermissionRationale matched=shouldShowRequestPermissionRationale
1788681046.176 10303 16272 16272 I Unique  : 2026-09-06 14:50:46.176 I HOOK PERMISSION_MANAGER_HOOKED matched=shouldShowRequestPermissionRationale
1788681046.179 10303 16272 16272 I Unique  : 2026-09-06 14:50:46.178 I HOOK SERVICE_HOOKED service=appops cache=true singletons=0 bound=appOpIdentity matched=appOpIdentity=checkAudioOperation+checkOperation+checkOperationForDevice+checkOperationRaw+checkOperationRawForDevice+checkPackage+collectNoteOpCallsForValidation+extractAsyncOps+finishOperation+finishOperationForDevice+getHistoricalOps+getHistoricalOpsFromDiskRaw+getOpsForPackage+getPackagesForOpsForDevice+isOperationActive+isProxying+noteOperation+noteOperationForDevice+noteProxyOperation+notePr
1788681046.180 10303 16272 16272 I Unique  : 2026-09-06 14:50:46.179 I HOOK APPOPS_HOOKED package=com.axlebolt.standoff2 host=com.unique matched=appOpIdentity=checkAudioOperation+checkOperation+checkOperationForDevice+checkOperationRaw+checkOperationRawForDevice+checkPackage+collectNoteOpCallsForValidation+extractAsyncOps+finishOperation+finishOperationForDevice+getHistoricalOps+getHistoricalOpsFromDiskRaw+getOpsForPackage+getPackagesForOpsForDevice+isOperationActive+isProxying+noteOperation+noteOperationForDevice+noteProxyOperation+notePr
1788681046.186 10303 16272 16272 I Unique  : 2026-09-06 14:50:46.184 I PROCESS SETTINGS_CACHES_PRIMED wrappedByHand=0 alreadyWrapped=3 empty=1
1788681046.187 10303 16272 16272 I Unique  : 2026-09-06 14:50:46.186 I PROCESS PROVIDER_CACHES_EVICTED activityThreadProviders=2 providerRefCounts=1 settingsCaches=4 settingsWrapped=3 hostSource=com.unique hostSourceUid=10303
1788681046.192 10303 16272 16272 I Unique  : 2026-09-06 14:50:46.191 I PROCESS NETWORK_SECURITY_INSTALLED package=com.axlebolt.standoff2 configRes=0 targetSdk=36
1788681046.194 10303 16272 16272 W UniqueNative: io_redirect: filter did not match: /data/user/0/com.unique/files/virtual/apk/com.axlebolt.standoff2/203908/lib/arm64-v8a
1788681046.194 10303 16272 16272 W UniqueNative: io_redirect: filter did not match: /data/data/com.unique/files/virtual/apk/com.axlebolt.standoff2/203908/lib/arm64-v8a
1788681046.194 10303 16272 16272 W UniqueNative: io_redirect: filter did not match: /data/user/0/com.unique/files/virtual/apk/com.axlebolt.standoff2/203908
1788681046.194 10303 16272 16272 W UniqueNative: io_redirect: filter did not match: /data/data/com.unique/files/virtual/apk/com.axlebolt.standoff2/203908
1788681046.194 10303 16272 16272 W UniqueNative: io_redirect: app-private library seen: /data/misc/apexdata/com.android.art/dalvik-cache/arm64/boot.oat
1788681046.194 10303 16272 16272 W UniqueNative: io_redirect: app-private library seen: /data/misc/apexdata/com.android.art/dalvik-cache/arm64/boot-framework-adservices.oat
1788681046.194 10303 16272 16272 W UniqueNative: io_redirect: app-private library seen: /data/app/~~uSPrrBDnPbh7oiSxSbJTTw==/com.unique-Tvl4u3f1WcQMODM0rNq5rg==/oat/arm64/base.odex
1788681046.194 10303 16272 16272 W UniqueNative: io_redirect: app-private library seen: /data/app/~~uSPrrBDnPbh7oiSxSbJTTw==/com.unique-Tvl4u3f1WcQMODM0rNq5rg==/base.apk!/lib/arm64-v8a/libunique_native.so
1788681046.197 10303 16272 16272 I UniqueNative: io_redirect: library-load watch installed (3 slot(s) in 2 libraries)
1788681046.197 10303 16272 16272 W UniqueNative: io_redirect: watch saw but did not match: /data/misc/apexdata/com.android.art/dalvik-cache/arm64/boot.oat
1788681046.197 10303 16272 16272 W UniqueNative: io_redirect: watch saw but did not match: /data/misc/apexdata/com.android.art/dalvik-cache/arm64/boot-framework-adservices.oat
1788681046.198 10303 16272 16272 W UniqueNative: io_redirect: watch saw but did not match: /data/app/~~uSPrrBDnPbh7oiSxSbJTTw==/com.unique-Tvl4u3f1WcQMODM0rNq5rg==/oat/arm64/base.odex
1788681046.198 10303 16272 16272 W UniqueNative: io_redirect: watch saw but did not match: /data/app/~~uSPrrBDnPbh7oiSxSbJTTw==/com.unique-Tvl4u3f1WcQMODM0rNq5rg==/base.apk!/lib/arm64-v8a/libunique_native.so
1788681046.199 10303 16272 16272 I Unique  : 2026-09-06 14:50:46.198 I NATIVE IO_REDIRECT_INSTALLED status=NOTHING_TO_HOOK watch=OK rules=8 slots=0 scope=/data/user/0/com.unique/files/virtual/apk/com.axlebolt.standoff2/203908/lib/arm64-v8a,/data/data/com.unique/files/virtual/apk/com.axlebolt.standoff2/203908/lib/arm64-v8a,/data/user/0/com.unique/files/
1788681046.200 10303 16272 16272 I Unique  : 2026-09-06 14:50:46.199 I WEBVIEW WEBVIEW_DATA_DIR_SUFFIX suffix=vapp0 slot=0
1788681046.201 10303 16272 16272 I UniqueNative: crash: recording 6 signal(s) to /data/user/0/com.unique/files/virtual/runtime/diagnostics/4/com.axlebolt.standoff2/native-crash-16272.properties
1788681046.201 10303 16272 16272 I Unique  : 2026-09-06 14:50:46.201 I NATIVE NATIVE_CRASH_HANDLER status=OK file=/data/user/0/com.unique/files/virtual/runtime/diagnostics/4/com.axlebolt.standoff2/native-crash-16272.properties
1788681046.207 10303 16272 16272 I Unique  : 2026-09-06 14:50:46.205 I PROCESS COMPONENT_STATE_RESTORED package=com.axlebolt.standoff2 vuid=4 entries=1
1788681046.208 10303 16272 16272 I Unique  : 2026-09-06 14:50:46.207 I STORAGE EXTERNAL_STORAGE_REDIRECTED package=com.axlebolt.standoff2 vuid=4 root=/data/user/0/com.unique/files/virtual/users/4/sdcard
1788681046.210 10303 16272 16272 I Unique  : 2026-09-06 14:50:46.209 I HOOK SERVICE_HOOKED service=alarm cache=true singletons=0 bound=callerPackage matched=callerPackage=canScheduleExactAlarms+cancelPoweroffAlarm+hasScheduleExactAlarm+removeAll+set+setTimeZone
1788681046.211 10303 16272 16272 I Unique  : 2026-09-06 14:50:46.210 I HOOK IDENTITY_HOOK_INSTALLED service=alarm package=com.axlebolt.standoff2 matched=callerPackage=canScheduleExactAlarms+cancelPoweroffAlarm+hasScheduleExactAlarm+removeAll+set+setTimeZone
1788681046.213 10303 16272 16272 I Unique  : 2026-09-06 14:50:46.212 I HOOK SERVICE_HOOKED service=clipboard cache=true singletons=0 bound=callerPackage matched=callerPackage=addPrimaryClipChangedListener+clearPrimaryClip+getPrimaryClip+getPrimaryClipDescription+getPrimaryClipSource+getUserPrimaryClip+hasClipboardText+hasPrimaryClip+removePrimaryClipChangedListener+setPrimaryClip+setPrimaryClipAsPackage
1788681046.214 10303 16272 16272 I Unique  : 2026-09-06 14:50:46.213 I HOOK IDENTITY_HOOK_INSTALLED service=clipboard package=com.axlebolt.standoff2 matched=callerPackage=addPrimaryClipChangedListener+clearPrimaryClip+getPrimaryClip+getPrimaryClipDescription+getPrimaryClipSource+getUserPrimaryClip+hasClipboardText+hasPrimaryClip+removePrimaryClipChangedListener+setPrimaryClip+setPrimaryClipAsPackage
1788681046.216 10303 16272 16272 I Unique  : 2026-09-06 14:50:46.215 I HOOK SERVICE_HOOKED service=restrictions cache=true singletons=0 bound=callerPackage matched=callerPackage=getApplicationRestrictions+getApplicationRestrictionsPerAdminForUser+notifyPermissionResponse+requestPermission
1788681046.216 10303 16272 16272 I Unique  : 2026-09-06 14:50:46.216 I HOOK IDENTITY_HOOK_INSTALLED service=restrictions package=com.axlebolt.standoff2 matched=callerPackage=getApplicationRestrictions+getApplicationRestrictionsPerAdminForUser+notifyPermissionResponse+requestPermission
1788681046.219 10303 16272 16272 I Unique  : 2026-09-06 14:50:46.218 I HOOK SERVICE_HOOKED service=locale cache=true singletons=0 bound=callerPackage,setApplicationLocales matched=callerPackage=getApplicationLocales+getOverrideLocaleConfig+setOverrideLocaleConfig,setApplicationLocales
1788681046.220 10303 16272 16272 I Unique  : 2026-09-06 14:50:46.219 I HOOK IDENTITY_HOOK_INSTALLED service=locale package=com.axlebolt.standoff2 matched=callerPackage=getApplicationLocales+getOverrideLocaleConfig+setOverrideLocaleConfig,setApplicationLocales
1788681046.222 10303 16272 16272 I Unique  : 2026-09-06 14:50:46.221 I HOOK SERVICE_HOOKED service=connectivity cache=true singletons=0 bound=callerPackage matched=callerPackage=getDefaultNetworkCapabilitiesForUser+getLastTetherError+getNetworkCapabilities+getRedactedLinkPropertiesForPackage+getRedactedNetworkCapabilitiesForPackage+isConnectivityServiceFeatureEnabledForTesting+listenForNetwork+pendingListenForNetwork+pendingRequestForNetwork+registerConnectivityDiagnosticsCallback+registerNetworkProvider+requestNetwork+requestRouteToHostAddress+setProvisioni
1788681046.223 10303 16272 16272 I Unique  : 2026-09-06 14:50:46.222 I HOOK IDENTITY_HOOK_INSTALLED service=connectivity package=com.axlebolt.standoff2 matched=callerPackage=getDefaultNetworkCapabilitiesForUser+getLastTetherError+getNetworkCapabilities+getRedactedLinkPropertiesForPackage+getRedactedNetworkCapabilitiesForPackage+isConnectivityServiceFeatureEnabledForTesting+listenForNetwork+pendingListenForNetwork+pendingRequestForNetwork+registerConnectivi
1788681046.225 10303 16272 16272 I Unique  : 2026-09-06 14:50:46.224 I HOOK SERVICE_HOOKED service=power cache=true singletons=0 bound=callerPackage matched=callerPackage=acquireWakeLock+acquireWakeLockAsync+acquireWakeLockWithUid+crash+isAmbientDisplaySuppressedForToken+isAmbientDisplaySuppressedForTokenByApp+isFeatureAllowedInLowPowerStandby+reboot+shutdown+suppressAmbientDisplay+updateWakeLockWorkSource+wakeUp
1788681046.226 10303 16272 16272 I Unique  : 2026-09-06 14:50:46.225 I HOOK IDENTITY_HOOK_INSTALLED service=power package=com.axlebolt.standoff2 matched=callerPackage=acquireWakeLock+acquireWakeLockAsync+acquireWakeLockWithUid+crash+isAmbientDisplaySuppressedForToken+isAmbientDisplaySuppressedForTokenByApp+isFeatureAllowedInLowPowerStandby+reboot+shutdown+suppressAmbientDisplay+updateWakeLockWorkSource+wakeUp
1788681046.233 10303 16272 16272 I Unique  : 2026-09-06 14:50:46.232 I HOOK SERVICE_HOOKED service=wifi cache=true singletons=0 bound=callerPackage matched=callerPackage=acquireMulticastLock+acquireWifiLock+addLocalOnlyConnectionStatusListener+addNetworkSuggestions+addOrUpdateNetwork+addOrUpdateNetworkPrivileged+addOrUpdatePasspointConfiguration+addQosPolicies+addSuggestionUserApprovalStatusListener+allowAutojoinGlobal+allowAutojoinPasspoint+connect+disableEphemeralNetwork+disableNetwork+disconnect+enableNetwork+enableTdls+enableTdlsWithMacAddress+en
1788681046.234 10303 16272 16272 I Unique  : 2026-09-06 14:50:46.233 I HOOK IDENTITY_HOOK_INSTALLED service=wifi package=com.axlebolt.standoff2 matched=callerPackage=acquireMulticastLock+acquireWifiLock+addLocalOnlyConnectionStatusListener+addNetworkSuggestions+addOrUpdateNetwork+addOrUpdateNetworkPrivileged+addOrUpdatePasspointConfiguration+addQosPolicies+addSuggestionUserApprovalStatusListener+allowAutojoinGlobal+allowAutojoinPasspoint+connect+di
1788681046.237 10303 16272 16272 I Unique  : 2026-09-06 14:50:46.236 I HOOK SERVICE_HOOKED service=location cache=true singletons=0 bound=callerPackage matched=callerPackage=addGnssAntennaInfoListener+addGnssMeasurementsListener+addGnssNavigationMessageListener+addTestProvider+getCurrentLocation+getLastLocation+getProviderPackages+getProviderProperties+hasProvider+isProviderEnabledForUser+isProviderPackage+registerGnssNmeaCallback+registerGnssStatusCallback+registerLocationListener+registerLocationPendingIntent+removeTestProvider+requestGeofence+requestL
1788681046.238 10303 16272 16272 I Unique  : 2026-09-06 14:50:46.237 I HOOK IDENTITY_HOOK_INSTALLED service=location package=com.axlebolt.standoff2 matched=callerPackage=addGnssAntennaInfoListener+addGnssMeasurementsListener+addGnssNavigationMessageListener+addTestProvider+getCurrentLocation+getLastLocation+getProviderPackages+getProviderProperties+hasProvider+isProviderEnabledForUser+isProviderPackage+registerGnssNmeaCallback+registerGnssStatusCallbac
1788681046.244 10303 16272 16272 I Unique  : 2026-09-06 14:50:46.244 I HOOK SERVICE_HOOKED service=audio cache=true singletons=0 bound=callerPackage matched=callerPackage=abandonAudioFocus+abandonAudioFocusForTest+adjustStreamVolume+adjustStreamVolumeForUid+adjustStreamVolumeWithAttribution+adjustSuggestedStreamVolumeForUid+adjustVolumeGroupVolume+cacheParameters+disableSafeMediaVolume+getBluetoothAudioDeviceCategory+getBluetoothAudioDeviceCategory_legacy+getCacheParameters+getDeviceVolume+getNotificationUri+getPlayerVolume+handleVolumeKey+isBluetooth
1788681046.245 10303 16272 16272 I Unique  : 2026-09-06 14:50:46.245 I HOOK IDENTITY_HOOK_INSTALLED service=audio package=com.axlebolt.standoff2 matched=callerPackage=abandonAudioFocus+abandonAudioFocusForTest+adjustStreamVolume+adjustStreamVolumeForUid+adjustStreamVolumeWithAttribution+adjustSuggestedStreamVolumeForUid+adjustVolumeGroupVolume+cacheParameters+disableSafeMediaVolume+getBluetoothAudioDeviceCategory+getBluetoothAudioDeviceCategory_lega
1788681046.247 10303 16272 16272 I Unique  : 2026-09-06 14:50:46.246 I HOOK SERVICE_HOOKED service=vibrator_manager cache=true singletons=0 bound=callerPackage matched=callerPackage=performHapticFeedback+setAlwaysOnEffect+vibrate
1788681046.248 10303 16272 16272 I Unique  : 2026-09-06 14:50:46.247 I HOOK IDENTITY_HOOK_INSTALLED service=vibrator_manager package=com.axlebolt.standoff2 matched=callerPackage=performHapticFeedback+setAlwaysOnEffect+vibrate
1788681046.250 10303 16272 16272 I Unique  : 2026-09-06 14:50:46.249 I HOOK SERVICE_HOOKED service=usagestats cache=true singletons=0 bound=callerPackage matched=callerPackage=clearBroadcastEvents+clearBroadcastResponseStats+getAppMinStandbyBucket+getAppStandbyBucket+getAppStandbyBuckets+getAppStandbyConstant+getLastTimeAnyComponentUsed+isAppInactive+isPackageExemptedFromBroadcastResponseStats+queryBroadcastResponseStats+queryConfigurationStats+queryEventStats+queryEvents+queryEventsForPackage+queryEventsForPackageForUser+queryEventsForUser+queryEventsWith
1788681046.252 10303 16272 16272 I Unique  : 2026-09-06 14:50:46.250 I HOOK IDENTITY_HOOK_INSTALLED service=usagestats package=com.axlebolt.standoff2 matched=callerPackage=clearBroadcastEvents+clearBroadcastResponseStats+getAppMinStandbyBucket+getAppStandbyBucket+getAppStandbyBuckets+getAppStandbyConstant+getLastTimeAnyComponentUsed+isAppInactive+isPackageExemptedFromBroadcastResponseStats+queryBroadcastResponseStats+queryConfigurationStats+queryEventSta
1788681046.254 10303 16272 16272 I Unique  : 2026-09-06 14:50:46.253 I HOOK SERVICE_HOOKED service=netstats cache=true singletons=0 bound=callerPackage matched=callerPackage=getIfaceStats+notifyNetworkStatus+openSessionForUsageStats+registerNetworkStatsProvider+registerUsageCallback+setStatsProviderWarningAndLimitAsync
1788681046.254 10303 16272 16272 I Unique  : 2026-09-06 14:50:46.254 I HOOK IDENTITY_HOOK_INSTALLED service=netstats package=com.axlebolt.standoff2 matched=callerPackage=getIfaceStats+notifyNetworkStatus+openSessionForUsageStats+registerNetworkStatsProvider+registerUsageCallback+setStatsProviderWarningAndLimitAsync
1788681046.257 10303 16272 16272 I Unique  : 2026-09-06 14:50:46.255 I HOOK SERVICE_HOOKED service=content cache=true singletons=0 bound=callerPackage matched=callerPackage=addPeriodicSync+cancelSync+cancelSyncAsUser+getCache+getIsSyncable+getIsSyncableAsUser+getPeriodicSyncs+getSyncAdapterPackageAsUser+getSyncAdapterPackagesForAuthorityAsUser+getSyncAutomatically+getSyncAutomaticallyAsUser+getSyncStatus+getSyncStatusAsUser+isSyncActive+isSyncPending+isSyncPendingAsUser+notifyChange+onDbCorruption+putCache+removePeriodicSync+requestSync+setIsSyncable+se
1788681046.257 10303 16272 16272 I Unique  : 2026-09-06 14:50:46.257 I HOOK IDENTITY_HOOK_INSTALLED service=content package=com.axlebolt.standoff2 matched=callerPackage=addPeriodicSync+cancelSync+cancelSyncAsUser+getCache+getIsSyncable+getIsSyncableAsUser+getPeriodicSyncs+getSyncAdapterPackageAsUser+getSyncAdapterPackagesForAuthorityAsUser+getSyncAutomatically+getSyncAutomaticallyAsUser+getSyncStatus+getSyncStatusAsUser+isSyncActive+isSyncPending+isSy
1788681046.260 10303 16272 16272 I Unique  : 2026-09-06 14:50:46.259 I HOOK SERVICE_HOOKED service=shortcut cache=true singletons=0 bound=shortcutPublish,callerPackage matched=shortcutPublish=addDynamicShortcuts+createShortcutResultIntent+pushDynamicShortcut+requestPinShortcut+setDynamicShortcuts+updateShortcuts,callerPackage=disableShortcuts+enableShortcuts+getIconMaxDimensions+getMaxShortcutCountPerActivity+getRateLimitResetTime+getRemainingCallCount+getShareTargets+getShortcuts+hasShareTargets+onApplicationActive+removeAllDynamicShortcuts+removeDynamicShortcuts+remov
1788681046.261 10303 16272 16272 I Unique  : 2026-09-06 14:50:46.260 I HOOK IDENTITY_HOOK_INSTALLED service=shortcut package=com.axlebolt.standoff2 matched=shortcutPublish=addDynamicShortcuts+createShortcutResultIntent+pushDynamicShortcut+requestPinShortcut+setDynamicShortcuts+updateShortcuts,callerPackage=disableShortcuts+enableShortcuts+getIconMaxDimensions+getMaxShortcutCountPerActivity+getRateLimitResetTime+getRemainingCallCount+getShareTargets+get
1788681046.265 10303 16272 16272 I Unique  : 2026-09-06 14:50:46.264 I HOOK SERVICE_HOOKED service=mount cache=true singletons=0 bound=callerPackage,volumeList matched=callerPackage=abortChanges+allocateBytes+benchmark+destroyUserStorage+disableAppDataIsolation+fixupAppDir+fixupAppDirRecursive+fixupSysfsFile+forgetVolume+format+getAllocatableBytes+getCacheQuotaBytes+getCacheSizeBytes+getExternalStorageMountMode+getManageSpaceActivityIntent+getMountedObbPath+isAppIoBlocked+isObbMounted+mkdirs+mount+mountObb+moveStorageQuickly+notifyAppIoBlocked+notifyAppIoResumed
1788681046.266 10303 16272 16272 I Unique  : 2026-09-06 14:50:46.265 I HOOK IDENTITY_HOOK_INSTALLED service=mount package=com.axlebolt.standoff2 matched=callerPackage=abortChanges+allocateBytes+benchmark+destroyUserStorage+disableAppDataIsolation+fixupAppDir+fixupAppDirRecursive+fixupSysfsFile+forgetVolume+format+getAllocatableBytes+getCacheQuotaBytes+getCacheSizeBytes+getExternalStorageMountMode+getManageSpaceActivityIntent+getMountedObbPath+isAppI
1788681046.268 10303 16272 16272 I Unique  : 2026-09-06 14:50:46.267 I HOOK SERVICE_HOOKED service=account cache=true singletons=0 bound=callerPackage matched=callerPackage=addAccount+addAccountAsUser+addAccountExplicitly+addAccountExplicitlyWithVisibility+addSharedAccountsFromParentUser+createRequestAccountAccessIntentSenderAsUser+editProperties+getAccountByTypeAndFeatures+getAccountVisibility+getAccountsAndVisibilityForPackage+getAccountsAsUser+getAccountsByFeatures+getAccountsByTypeForPackage+getAccountsForPackage+getAuthToken+getAuthTokenLabel+getUs
1788681046.269 10303 16272 16272 I Unique  : 2026-09-06 14:50:46.268 I HOOK IDENTITY_HOOK_INSTALLED service=account package=com.axlebolt.standoff2 matched=callerPackage=addAccount+addAccountAsUser+addAccountExplicitly+addAccountExplicitlyWithVisibility+addSharedAccountsFromParentUser+createRequestAccountAccessIntentSenderAsUser+editProperties+getAccountByTypeAndFeatures+getAccountVisibility+getAccountsAndVisibilityForPackage+getAccountsAsUser+getAccou
1788681046.277 10303 16272 16272 I Unique  : 2026-09-06 14:50:46.276 I HOOK SERVICE_HOOKED service=phone cache=true singletons=0 bound=callerPackage matched=callerPackage=call+canChangeDtmfToneLength+changeIccLockPassword+checkCarrierPrivilegesForPackage+checkCarrierPrivilegesForPackageAnyPhone+clearSignalStrengthUpdateRequest+deprovisionSatelliteService+dial+disableDataConnectivity+disableVisualVoicemailSmsFilter+doesSwitchMultiSimConfigTriggerReboot+enableDataConnectivity+enableVisualVoicemailSmsFilter+enqueueSmsPickResult+factoryReset+getAllCellInf
1788681046.278 10303 16272 16272 I Unique  : 2026-09-06 14:50:46.278 I HOOK IDENTITY_HOOK_INSTALLED service=phone package=com.axlebolt.standoff2 matched=callerPackage=call+canChangeDtmfToneLength+changeIccLockPassword+checkCarrierPrivilegesForPackage+checkCarrierPrivilegesForPackageAnyPhone+clearSignalStrengthUpdateRequest+deprovisionSatelliteService+dial+disableDataConnectivity+disableVisualVoicemailSmsFilter+doesSwitchMultiSimConfigTriggerReboot+e
1788681046.286 10303 16272 16272 I Unique  : 2026-09-06 14:50:46.285 I HOOK SERVICE_HOOKED service=device_policy cache=true singletons=0 bound=callerPackage matched=callerPackage=addCrossProfileIntentFilter+addCrossProfileWidgetProvider+addPersistentPreferredActivity+approveCaCert+checkDeviceIdentifierAccess+checkProvisioningPrecondition+choosePrivateKeyAlias+clearApplicationUserData+clearCrossProfileIntentFilters+clearDeviceOwner+clearPackagePersistentPreferredActivities+clearResetPasswordToken+createAdminSupportIntent+createAndManageUser+createAndProvisionM
1788681046.287 10303 16272 16272 I Unique  : 2026-09-06 14:50:46.286 I HOOK IDENTITY_HOOK_INSTALLED service=device_policy package=com.axlebolt.standoff2 matched=callerPackage=addCrossProfileIntentFilter+addCrossProfileWidgetProvider+addPersistentPreferredActivity+approveCaCert+checkDeviceIdentifierAccess+checkProvisioningPrecondition+choosePrivateKeyAlias+clearApplicationUserData+clearCrossProfileIntentFilters+clearDeviceOwner+clearPackagePersistentPreferre
1788681046.290 10303 16272 16272 I Unique  : 2026-09-06 14:50:46.289 I HOOK SERVICE_HOOKED service=media.camera cache=true singletons=0 bound=callerPackage matched=callerPackage=connect+connectDevice+createDefaultRequest+getCameraCharacteristics+getSessionCharacteristics+getTorchStrengthLevel+injectCamera+injectSessionParams+isHiddenPhysicalCamera+isSessionConfigurationWithParametersSupported+setTorchMode+supportsCameraApi+turnOnTorchWithStrengthLevel
1788681046.291 10303 16272 16272 I Unique  : 2026-09-06 14:50:46.290 I HOOK IDENTITY_HOOK_INSTALLED service=media.camera package=com.axlebolt.standoff2 matched=callerPackage=connect+connectDevice+createDefaultRequest+getCameraCharacteristics+getSessionCharacteristics+getTorchStrengthLevel+injectCamera+injectSessionParams+isHiddenPhysicalCamera+isSessionConfigurationWithParametersSupported+setTorchMode+supportsCameraApi+turnOnTorchWithStrengthLevel
1788681046.296 10303 16272 16272 I Unique  : 2026-09-06 14:50:46.295 I HOOK SERVICE_HOOKED service=telecom cache=true singletons=0 bound=callerPackage matched=callerPackage=acceptHandover+acceptRingingCall+acceptRingingCallWithVideoState+addCall+addNewIncomingCall+addNewIncomingConference+addOrRemoveTestCallCompanionApp+cancelMissedCallsNotification+clearAccounts+createLaunchEmergencyDialerIntent+createManageBlockedNumbersIntent+endCall+getAdnUriForPhoneAccount+getCallCapablePhoneAccounts+getCallStateUsingPackage+getCurrentTtyMode+getDefaultDialerPackag
1788681046.297 10303 16272 16272 I Unique  : 2026-09-06 14:50:46.296 I HOOK IDENTITY_HOOK_INSTALLED service=telecom package=com.axlebolt.standoff2 matched=callerPackage=acceptHandover+acceptRingingCall+acceptRingingCallWithVideoState+addCall+addNewIncomingCall+addNewIncomingConference+addOrRemoveTestCallCompanionApp+cancelMissedCallsNotification+clearAccounts+createLaunchEmergencyDialerIntent+createManageBlockedNumbersIntent+endCall+getAdnUriForPhoneA
1788681046.300 10303 16272 16272 I Unique  : 2026-09-06 14:50:46.299 I HOOK SERVICE_HOOKED service=media_router cache=true singletons=0 bound=callerPackage matched=callerPackage=deselectRouteWithManager+deselectRouteWithRouter2+getSystemRoutes+getSystemSessionInfoForPackage+registerClientAsUser+registerClientGroupId+registerManager+registerProxyRouter+registerRouter2+releaseSessionWithManager+releaseSessionWithRouter2+requestCreateSessionWithManager+requestSetVolume+requestUpdateVolume+selectRouteWithManager+selectRouteWithRouter2+setSelectedRoute+setSession
1788681046.301 10303 16272 16272 I Unique  : 2026-09-06 14:50:46.300 I HOOK IDENTITY_HOOK_INSTALLED service=media_router package=com.axlebolt.standoff2 matched=callerPackage=deselectRouteWithManager+deselectRouteWithRouter2+getSystemRoutes+getSystemSessionInfoForPackage+registerClientAsUser+registerClientGroupId+registerManager+registerProxyRouter+registerRouter2+releaseSessionWithManager+releaseSessionWithRouter2+requestCreateSessionWithManager+requestSet
1788681046.304 10303 16272 16272 I Unique  : 2026-09-06 14:50:46.302 I HOOK SERVICE_HOOKED service=media_session cache=true singletons=0 bound=callerPackage matched=callerPackage=addOnMediaKeyEventSessionChangedListener+createSession+dispatchAdjustVolume+dispatchMediaKeyEvent+dispatchMediaKeyEventToSessionAsSystemService+dispatchVolumeKeyEvent+dispatchVolumeKeyEventToSessionAsSystemService+getMediaKeyEventSession+getMediaKeyEventSessionPackageName+hasCustomMediaKeyDispatcher+hasCustomMediaSessionPolicyProvider+isTrusted+setCustomMediaKeyDispatcher+setCustomMe
1788681046.304 10303 16272 16272 I Unique  : 2026-09-06 14:50:46.304 I HOOK IDENTITY_HOOK_INSTALLED service=media_session package=com.axlebolt.standoff2 matched=callerPackage=addOnMediaKeyEventSessionChangedListener+createSession+dispatchAdjustVolume+dispatchMediaKeyEvent+dispatchMediaKeyEventToSessionAsSystemService+dispatchVolumeKeyEvent+dispatchVolumeKeyEventToSessionAsSystemService+getMediaKeyEventSession+getMediaKeyEventSessionPackageName+hasCustomMedi
1788681046.306 10303 16272 16298 W PackageParsing: Ignoring duplicate uses-permissions/uses-permissions-sdk-m: android.permission.INTERNET in package: com.axlebolt.standoff2 at: Binary XML file line #21
1788681046.313 10303 16272 16272 I Unique  : 2026-09-06 14:50:46.312 I HOOK SERVICE_HOOKED service=appwidget cache=true singletons=0 bound=callerPackage,appWidgetIdentity matched=callerPackage=allocateAppWidgetId+bindRemoteViewsService+createAppWidgetConfigIntentSender+deleteAppWidgetId+deleteHost+getAppWidgetIdsForHost+getAppWidgetInfo+getAppWidgetOfHost+getAppWidgetOptions+getAppWidgetViews+getInstalledProvidersForProfile+hasBindAppWidgetPermission+isBoundWidgetPackage+noteAppWidgetTapped+notifyAppWidgetViewDataChanged+partiallyUpdateAppWidgetIds+setAppWidgetHidden+setBi
1788681046.314 10303 16272 16272 I Unique  : 2026-09-06 14:50:46.313 I HOOK IDENTITY_HOOK_INSTALLED service=appwidget package=com.axlebolt.standoff2 matched=callerPackage=allocateAppWidgetId+bindRemoteViewsService+createAppWidgetConfigIntentSender+deleteAppWidgetId+deleteHost+getAppWidgetIdsForHost+getAppWidgetInfo+getAppWidgetOfHost+getAppWidgetOptions+getAppWidgetViews+getInstalledProvidersForProfile+hasBindAppWidgetPermission+isBoundWidgetPackage+not
1788681046.316 10303 16272 16272 W Unique  : 2026-09-06 14:50:46.315 W HOOK SINGLETON_PATCH_SKIPPED service=input_method field=com.android.internal.inputmethod.IInputMethodManagerGlobalInvoker.sServiceCache
1788681046.317 10303 16272 16272 I Unique  : 2026-09-06 14:50:46.316 I HOOK SERVICE_HOOKED service=input_method cache=true singletons=1 bound=callerPackage,editorIdentity matched=callerPackage=acceptStylusHandwritingDelegation+acceptStylusHandwritingDelegationAsync+getEnabledInputMethodSubtypeList+prepareStylusHandwritingDelegation+setAdditionalInputMethodSubtypes+setExplicitlyEnabledInputMethodSubtypes+startConnectionlessStylusHandwriting+startProtoDump,editorIdentity=startInputOrWindowGainedFocus+startInputOrWindowGainedFocusAsync
1788681046.318 10303 16272 16272 I Unique  : 2026-09-06 14:50:46.317 I HOOK IDENTITY_HOOK_INSTALLED service=input_method package=com.axlebolt.standoff2 matched=callerPackage=acceptStylusHandwritingDelegation+acceptStylusHandwritingDelegationAsync+getEnabledInputMethodSubtypeList+prepareStylusHandwritingDelegation+setAdditionalInputMethodSubtypes+setExplicitlyEnabledInputMethodSubtypes+startConnectionlessStylusHandwriting+startProtoDump,editorIdentity=start
1788681046.318 10303 16272 16272 I Unique  : 2026-09-06 14:50:46.318 I HOOK IDENTITY_HOOKS_INSTALLED package=com.axlebolt.standoff2 installed=alarm,clipboard,restrictions,locale,connectivity,power,wifi,location,audio,vibrator_manager,usagestats,netstats,content,shortcut,mount,account,phone,device_policy,media.camera,telecom,media_router,media_session,appwidget,input_method skipped=
1788681046.320 10303 16272 16272 W Unique  : 2026-09-06 14:50:46.319 W PROCESS ALARM_EXACT_UNAVAILABLE detail=UNIQUE does not hold SCHEDULE_EXACT_ALARM; a guest asking for an exact alarm will get the platform's SecurityException
1788681046.324 10303 16272 16272 D Unique  : 2026-09-06 14:50:46.323 D PROCESS PERMISSION_CHECK permission=android.permission.INTERNET result=GRANTED
1788681046.330 10303 16272 16272 W com.facebook.UserSettingsManager: You haven't set a value for AdvertiserIDCollectionEnabled. Set the flag to TRUE if you want to collect Advertiser ID for better advertising and analytics results. To request user consent before collecting data, set the flag value to FALSE, then change to TRUE once user consent is received. Learn more: https://developers.facebook.com/docs/app-events/getting-started-app-events-android#disable-auto-events.
1788681046.338 10303 16272 16302 W com.facebook.internal.NativeProtocol: Apps that target Android API 30+ (Android 11+) cannot call Facebook native apps unless the package visibility needs are declared. Please follow https://developers.facebook.com/docs/android/troubleshooting/#faq_267321845055988 to make the declaration.
1788681046.363 10303 16272 16272 D nativeloader: Load /data/user/0/com.unique/files/virtual/apk/com.axlebolt.standoff2/203908/lib/arm64-v8a/libdatastore_shared_counter.so using class loader ns clns-8 (caller=/data/user/0/com.unique/files/virtual/apk/com.axlebolt.standoff2/203908/base.apk!classes6.dex): ok
1788681046.374 10303 16272 16272 D nativeloader: Load /data/user/0/com.unique/files/virtual/apk/com.axlebolt.standoff2/203908/lib/arm64-v8a/libcrashlytics.so using class loader ns clns-8 (caller=/data/user/0/com.unique/files/virtual/apk/com.axlebolt.standoff2/203908/base.apk!classes6.dex): ok
1788681046.389 10303 16272 16321 I Unique  : 2026-09-06 14:50:46.387 I LAUNCH GOOGLE_STACK_HIDDEN package=com.google.android.gms detail=Play services refuses a virtual app's identity and kills it from a Handler; reported absent so the SDK takes its own unavailable path
1788681046.397 10303 16272 16321 E DynamiteModule: Invalid GmsCore APK, remote loading disabled.
1788681046.397 10303 16272 16321 I DynamiteModule: Considering local module com.google.android.gms.measurement.dynamite:155 and remote module com.google.android.gms.measurement.dynamite:0
1788681046.397 10303 16272 16321 I DynamiteModule: Selected local version of com.google.android.gms.measurement.dynamite
1788681046.399 10303 16272 16321 E DynamiteModule: Invalid GmsCore APK, remote loading disabled.
1788681046.426 10303 16272 16324 I FA      : App measurement initialized, version: 133005
1788681046.426 10303 16272 16324 I FA      : To enable debug logging run: adb shell setprop log.tag.FA VERBOSE
1788681046.427 10303 16272 16324 I FA      : To enable faster debug mode event logging run:
1788681046.427 10303 16272 16324 I FA      :   adb shell setprop debug.firebase.analytics.app com.axlebolt.standoff2
1788681046.436 10303 16272 16324 D Unique  : 2026-09-06 14:50:46.434 D PROCESS PERMISSION_CHECK permission=android.permission.INTERNET result=GRANTED
1788681046.438 10303 16272 16324 D Unique  : 2026-09-06 14:50:46.437 D PROCESS PERMISSION_CHECK permission=android.permission.ACCESS_NETWORK_STATE result=GRANTED
1788681046.441 10303 16272 16272 I Unique  : 2026-09-06 14:50:46.440 I PROCESS PROVIDERS_PUBLISHED package=com.axlebolt.standoff2 process=com.axlebolt.standoff2 declared=21 authorities=[redacted]
1788681046.441 10303 16272 16331 E AppLovinSdk: [DataCollector] Could not collect Google Advertising ID - this will negatively impact your eCPMs! Please integrate the Google Play Services SDK into your application. More info can be found online at http://developer.android.com/google/play-services/setup.html. If you're sure you've integrated the SDK and are still seeing this message, you may need to add a ProGuard exception: -keep public class com.google.android.gms.** { public protected *; }
1788681046.441 10303 16272 16331 E AppLovinSdk: java.io.IOException: Google Play services not available
1788681046.441 10303 16272 16331 E AppLovinSdk: 	at com.google.android.gms.ads.identifier.AdvertisingIdClient.zzb(SourceFile:51)
1788681046.441 10303 16272 16331 E AppLovinSdk: 	at com.google.android.gms.ads.identifier.AdvertisingIdClient.getAdvertisingIdInfo(SourceFile:16)
1788681046.441 10303 16272 16331 E AppLovinSdk: 	at com.applovin.impl.v.collectGoogleAdvertisingInfo(SourceFile:19)
1788681046.441 10303 16272 16331 E AppLovinSdk: 	at com.applovin.impl.v.c(SourceFile:1)
1788681046.441 10303 16272 16331 E AppLovinSdk: 	at com.applovin.impl.v.a(SourceFile:9)
1788681046.441 10303 16272 16331 E AppLovinSdk: 	at com.applovin.impl.v.b(SourceFile:1)
1788681046.441 10303 16272 16331 E AppLovinSdk: 	at com.applovin.impl.i1.b(SourceFile:1)
1788681046.441 10303 16272 16331 E AppLovinSdk: 	at com.applovin.impl.i1.c(SourceFile:1)
1788681046.441 10303 16272 16331 E AppLovinSdk: 	at com.applovin.impl.ya.run(SourceFile:1)
1788681046.441 10303 16272 16331 E AppLovinSdk: 	at java.lang.Thread.run(Thread.java:1572)
1788681046.443 10303 16272 16272 I Unique  : 2026-09-06 14:50:46.442 I HOOK SERVICE_HOOKED service=jobscheduler cache=true singletons=0 bound=jobById,scheduleJob,pendingJobs matched=jobById=cancel+getPendingJob+getPendingJobReason,scheduleJob=enqueue+schedule+scheduleAsPackage,pendingJobs=getAllPendingJobs+getAllPendingJobsInNamespace
1788681046.444 10303 16272 16272 I Unique  : 2026-09-06 14:50:46.443 I HOOK JOB_HOOKED package=com.axlebolt.standoff2 slot=0 matched=jobById=cancel+getPendingJob+getPendingJobReason,scheduleJob=enqueue+schedule+scheduleAsPackage,pendingJobs=getAllPendingJobs+getAllPendingJobsInNamespace
1788681046.445 10303 16272 16331 E AppLovinSdk: [DataCollector] Unable to determine if Fire OS limited ad tracking is turned on
1788681046.445 10303 16272 16331 E AppLovinSdk: android.provider.Settings$SettingNotFoundException: limit_ad_tracking
1788681046.445 10303 16272 16331 E AppLovinSdk: 	at android.provider.Settings.parseIntSetting(Settings.java:3975)
1788681046.445 10303 16272 16331 E AppLovinSdk: 	at android.provider.Settings.-$$Nest$smparseIntSetting(Settings.java:0)
1788681046.445 10303 16272 16331 E AppLovinSdk: 	at android.provider.Settings$Secure.getIntForUser(Settings.java:7212)
1788681046.445 10303 16272 16331 E AppLovinSdk: 	at android.provider.Settings$Secure.getInt(Settings.java:7205)
1788681046.445 10303 16272 16331 E AppLovinSdk: 	at com.applovin.impl.v.collectFireOSAdvertisingInfo(SourceFile:32)
1788681046.445 10303 16272 16331 E AppLovinSdk: 	at com.applovin.impl.v.c(SourceFile:7)
1788681046.445 10303 16272 16331 E AppLovinSdk: 	at com.applovin.impl.v.a(SourceFile:9)
1788681046.445 10303 16272 16331 E AppLovinSdk: 	at com.applovin.impl.v.b(SourceFile:1)
1788681046.445 10303 16272 16331 E AppLovinSdk: 	at com.applovin.impl.i1.b(SourceFile:1)
1788681046.445 10303 16272 16331 E AppLovinSdk: 	at com.applovin.impl.i1.c(SourceFile:1)
1788681046.445 10303 16272 16331 E AppLovinSdk: 	at com.applovin.impl.ya.run(SourceFile:1)
1788681046.445 10303 16272 16331 E AppLovinSdk: 	at java.lang.Thread.run(Thread.java:1572)
1788681046.451 10303 16272 16272 I Unique  : 2026-09-06 14:50:46.449 I HOOK SERVICE_HOOKED service=notification cache=true singletons=1 bound=notificationIdentity,enqueue,channels matched=notificationIdentity=addAutomaticZenRule+areBubblesAllowed+areNotificationsEnabled+areNotificationsEnabledForPackage+buzzBeepBlinkForNotification+canNotifyAsPackage+canShowBadge+cancelAllNotifications+cancelNotificationFromListener+cancelToast+clearData+deleteNotificationHistoryItem+enqueueTextToast+enqueueToast+finishToken+getActiveNotifications+getActiveNotificationsWithAttribution+getAllowedAss
1788681046.452 10303 16272 16272 I Unique  : 2026-09-06 14:50:46.451 I HOOK NOTIFICATION_HOOKED package=com.axlebolt.standoff2 vuid=4 matched=notificationIdentity=addAutomaticZenRule+areBubblesAllowed+areNotificationsEnabled+areNotificationsEnabledForPackage+buzzBeepBlinkForNotification+canNotifyAsPackage+canShowBadge+cancelAllNotifications+cancelNotificationFromListener+cancelToast+clearData+deleteNotificationHistoryItem+enqueueTextToast+enqueueToast+finishToken+getActiveNotifications+getActiveNotificationsWithAttribution+getAllowedAss
1788681046.461 10303 16272 16272 I Unique  : 2026-09-06 14:50:46.460 I PROCESS RECEIVERS_REGISTERED package=com.axlebolt.standoff2 declared=9 registered=12 actions=com.adjust.sdk.AdjustPreinstallReferrerReceiver#com.attribution.SYSTEM_INSTALLER_REFERRER;com.adjust.sdk.AdjustReferrerReceiver#com.android.vending.INSTALL_REFERRER;com.facebook.CurrentAccessTokenExpirationBroadcastReceiver#com.facebook.sdk.ACTION_CURRENT_ACCESS_TOKEN_CHANGED;com.facebook.AuthenticationTokenManager$CurrentAuthenticationTokenChangedBroadcastReceiver#com.facebook.sdk.ACTION_CURRENT_ exported=6
1788681046.462 10303 16272 16272 I Unique  : 2026-09-06 14:50:46.461 I LAUNCH ACTIVITY_LIFECYCLE_INSTALLED package=com.axlebolt.standoff2
1788681046.466 10303 16272 16272 I Unique  : 2026-09-06 14:50:46.465 I NATIVE u4 com.axlebolt.standoff2 IO_REDIRECT_INSTALLED status=NOTHING_TO_HOOK watch=OK rules=8 slots=0 scope=/data/user/0/com.unique/files/virtual/apk/com.axlebolt.standoff2/203908/lib/arm64-v8a,/data/data/com.unique/files/virtual/apk/com.axlebolt.standoff2/203908/lib/arm64-v8a,/data/user/0/com.unique/files/
1788681046.468 10303 16272 16272 I Unique  : 2026-09-06 14:50:46.466 I LAUNCH u4 com.axlebolt.standoff2 BOOTSTRAP_OK package=com.axlebolt.standoff2 vuid=4 slot=0 applicationClass=android.app.Application dataDir=/data/user/0/com.unique/files/virtual/users/4/data/com.axlebolt.standoff2 sourceDir=/data/user/0/com.unique/files/virtual/apk/com.axlebolt.standoff2/203908/base.apk nativeLibraryDir=/data/user/0/com.unique/files/virtual/apk/com.axlebolt.standoff2/203908/lib/arm64-v8a targetSdk=36 observedPackageName=com.axlebolt.standoff2 observedFilesDir=/data/user/0/com.unique/files/virtual/users/4/data/com.axlebolt.standoff2/files millis=865
1788681046.469 10303 16272 16272 I Unique  : 2026-09-06 14:50:46.468 I LAUNCH u4 com.axlebolt.standoff2 TRANSACTION_REWRITTEN package=com.axlebolt.standoff2 activity=com.google.firebase.MessagingUnityPlayerActivity vuid=4 item=LaunchActivityItem theme=2131952031
1788681046.469 10303 16272 16334 W GoogleApiManager: The service for com.google.android.gms.internal.appset.zzd is not available: ConnectionResult{statusCode=SERVICE_MISSING, resolution=null, message=null, clientMethodKey=null}
1788681046.471 10303 16272 16337 E GooglePlayServicesUtil: GooglePlayServices not available due to error 1
1788681046.474 10303 16272 16334 D Unique  : 2026-09-06 14:50:46.472 D PROCESS u4 com.axlebolt.standoff2 SERVICE_INTENT_CROSS_APP action=com.google.android.gms.games.internal.appshortcuts.service.START target=com.google.android.gms
1788681046.475 10303 16272 16334 D Unique  : 2026-09-06 14:50:46.474 D PROCESS u4 com.axlebolt.standoff2 SERVICE_CONNECTION_WRAPPED connection=com.google.android.gms.common.internal.j1
1788681046.477 10303 16111 16121 I Unique  : 2026-09-06 14:50:46.475 I PROCESS PROVIDER_SLOT_READY slot=0 vuid=4 pid=16272
1788681046.570 10303 16272 16272 I Unique  : 2026-09-06 14:50:46.569 I LAUNCH u4 com.axlebolt.standoff2 ACTIVITY_ORIENTATION_APPLIED activity=com.google.firebase.MessagingUnityPlayerActivity orientation=11 applied=true
1788681046.583 10303 16272 16272 W libc    : Access denied finding property "persist.vendor.camera.IsVariableApertureSupported"
1788681046.583 10303 16272 16272 W libc    : Access denied finding property "persist.vendor.camera.IsStreetModeSupported"
1788681046.610 10303 16272 16272 D nativeloader: Load /data/user/0/com.unique/files/virtual/apk/com.axlebolt.standoff2/203908/lib/arm64-v8a/libmain.so using class loader ns clns-8 (caller=/data/user/0/com.unique/files/virtual/apk/com.axlebolt.standoff2/203908/base.apk!classes7.dex): ok
1788681046.611 10303 16272 16334 W GoogleApiManager: The service for com.google.android.gms.internal.games_v2.zzp is not available: ConnectionResult{statusCode=SERVICE_MISSING, resolution=null, message=null, clientMethodKey=null}
1788681046.620 10303 16272 16334 W GoogleApiManager: The service for com.google.android.gms.internal.games_v2.zzp is not available: ConnectionResult{statusCode=SERVICE_MISSING, resolution=null, message=null, clientMethodKey=null}
1788681046.872 10303 16272 16298 I Unique  : 2026-09-06 14:50:46.871 I LAUNCH u4 com.axlebolt.standoff2 SIGNATURES_LOADED package=com.axlebolt.standoff2 signers=1 hasSigningInfo=true
1788681046.933 10303 16272 16324 I Unique  : 2026-09-06 14:50:46.932 I PROCESS u4 com.axlebolt.standoff2 SERVICE_STUB_RESERVED slot=0 stub=0 service=com.google.android.gms.measurement.AppMeasurementService vuid=4
1788681046.934 10303 16272 16324 D Unique  : 2026-09-06 14:50:46.933 D PROCESS u4 com.axlebolt.standoff2 SERVICE_INTENT_ROUTED service=com.google.android.gms.measurement.AppMeasurementService stub=com.unique.stub.ServiceStub_p0_s0 action=com.google.android.gms.measurement.START
1788681046.935 10303 16272 16324 D Unique  : 2026-09-06 14:50:46.934 D PROCESS u4 com.axlebolt.standoff2 SERVICE_CONNECTION_WRAPPED connection=com.google.android.gms.measurement.internal.lb
1788681047.685 10303 16272 16272 W libc    : Access denied finding property "ro.debuggable"
1788681047.685 10303 16272 16272 V Unity   : Context Type: ActivityOrService
1788681047.689 10303 16272 16272 W Activity: PerfMonitor: Slow Operation: Activity com.axlebolt.standoff2/com.google.firebase.MessagingUnityPlayerActivity onCreate took 1118ms
1788681047.697 10303 16272 16272 W libc    : Access denied finding property "ro.vendor.df.effect.conflict"
1788681047.715 10303 16272 16272 D nativeloader: Load libpowerhalwrap_jni.so using system ns (caller=/system_ext/framework/mediatek-framework.jar): ok
1788681047.729 10303 16272 16272 W libc    : Access denied finding property "ro.vendor.perf.scroll_opt"
1788681047.733 10303 16272 16359 I Unique  : 2026-09-06 14:50:47.732 I LAUNCH u4 com.axlebolt.standoff2 GOOGLE_STACK_HIDDEN package=com.google.android.gsf detail=Play services refuses a virtual app's identity and kills it from a Handler; reported absent so the SDK takes its own unavailable path
1788681047.740 10303 16272 16325 W u1.v    : Error scheduling event uid 10303 cannot schedule job in com.axlebolt.standoff2
1788681047.753 10303 16272 16272 D Unique  : 2026-09-06 14:50:47.752 D LAUNCH u4 com.axlebolt.standoff2 CALLBACK_ALIVE what=159 obj=android.app.servertransaction.ClientTransaction
1788681047.754 10303 16272 16272 D Unique  : 2026-09-06 14:50:47.754 D LAUNCH u4 com.axlebolt.standoff2 CALLBACK_ALIVE what=149 obj=android.os.BinderProxy
1788681047.810 10303 16272 16382 E om.unique:vapp0: setpriority success to 100 : mali-cmar-backend
1788681047.847 10303 16272 16367 E LB      : fail to open file: No such file or directory
1788681047.865 10303 16272 16272 I Unique  : 2026-09-06 14:50:47.864 I PROCESS u4 com.axlebolt.standoff2 BROADCAST_DELIVERED receiver=com.mbridge.msdk.foundation.same.broadcast.NetWorkChangeReceiver action=android.net.conn.CONNECTIVITY_CHANGE
1788681047.874 10303 16272 16272 I Unique  : 2026-09-06 14:50:47.873 I PROCESS u4 com.axlebolt.standoff2 CREATE_SERVICE_REWRITTEN stub=com.unique.stub.ServiceStub_p0_s0 service=com.google.android.gms.measurement.AppMeasurementService
1788681047.875 10303 16272 16334 E GoogleApiManager: Failed to get service from broker.
1788681047.875 10303 16272 16334 E GoogleApiManager: java.lang.SecurityException: Unknown calling package name 'com.axlebolt.standoff2'.
1788681047.875 10303 16272 16334 E GoogleApiManager: 	at android.os.Parcel.createExceptionOrNull(Parcel.java:3255)
1788681047.875 10303 16272 16334 E GoogleApiManager: 	at android.os.Parcel.createException(Parcel.java:3239)
1788681047.875 10303 16272 16334 E GoogleApiManager: 	at android.os.Parcel.readException(Parcel.java:3222)
1788681047.875 10303 16272 16334 E GoogleApiManager: 	at android.os.Parcel.readException(Parcel.java:3164)
1788681047.875 10303 16272 16334 E GoogleApiManager: 	at com.google.android.gms.common.internal.q0.r(SourceFile:48)
1788681047.875 10303 16272 16334 E GoogleApiManager: 	at com.google.android.gms.common.internal.e.getRemoteService(SourceFile:183)
1788681047.875 10303 16272 16334 E GoogleApiManager: 	at com.google.android.gms.common.api.internal.zabm.run(SourceFile:57)
1788681047.875 10303 16272 16334 E GoogleApiManager: 	at android.os.Handler.handleCallback(Handler.java:959)
1788681047.875 10303 16272 16334 E GoogleApiManager: 	at android.os.Handler.dispatchMessage(Handler.java:100)
1788681047.875 10303 16272 16334 E GoogleApiManager: 	at android.os.Looper.loopOnce(Looper.java:249)
1788681047.875 10303 16272 16334 E GoogleApiManager: 	at android.os.Looper.loop(Looper.java:337)
1788681047.875 10303 16272 16334 E GoogleApiManager: 	at android.os.HandlerThread.run(HandlerThread.java:85)
1788681047.875 10303 16272 16272 V FA      : AppMeasurementService is starting up.
1788681047.880 10303 16272 16272 D Unique  : 2026-09-06 14:50:47.880 D PROCESS u4 com.axlebolt.standoff2 SERVICE_INTENT_ROUTED service=com.google.android.gms.measurement.AppMeasurementService stub=com.unique.stub.ServiceStub_p0_s0 action=com.google.android.gms.measurement.START
1788681047.886 10303 16272 16324 W Unique  : 2026-09-06 14:50:47.883 W LAUNCH u4 com.axlebolt.standoff2 PENDING_INTENT_RECEIVER_UNSUPPORTED receiver=com.google.android.gms.measurement.AppMeasurementReceiver package=com.axlebolt.standoff2
1788681047.893 10303 16272 16272 D Unique  : 2026-09-06 14:50:47.892 D PROCESS u4 com.axlebolt.standoff2 SERVICE_CONNECTION_RENAMED stub=com.unique.stub.ServiceStub_p0_s0 service=com.google.android.gms.measurement.AppMeasurementService
1788681047.939 10303 16272 16342 I Unity   : MemoryManager: Using 'Dynamic Heap' Allocator.
1788681047.966 10303 16272 16410 I Unique  : 2026-09-06 14:50:47.965 I PROCESS u4 com.axlebolt.standoff2 SERVICE_STUB_RESERVED slot=0 stub=1 service=io.appmetrica.analytics.internal.AppMetricaService vuid=4
1788681047.969 10303 16272 16410 D Unique  : 2026-09-06 14:50:47.968 D PROCESS u4 com.axlebolt.standoff2 SERVICE_CONNECTION_WRAPPED connection=io.appmetrica.analytics.impl.n0
1788681047.975 10303 16272 16272 I Unique  : 2026-09-06 14:50:47.973 I PROCESS u4 com.axlebolt.standoff2 CREATE_SERVICE_REWRITTEN stub=com.unique.stub.ServiceStub_p0_s1 service=io.appmetrica.analytics.internal.AppMetricaService
1788681048.054 10303 16272 16342 I Unity   : SystemInfo CPU = ARM64 FP ASIMD AES, Cores = 8, Memory = 7707mb
1788681048.054 10303 16272 16342 I Unity   : SystemInfo ARM big.LITTLE configuration: 2 big (mask: 0xc0), 6 little (mask: 0x3f)
1788681048.054 10303 16272 16342 I Unity   : ApplicationInfo 'com.axlebolt.standoff2', Version '0.39.3', Min API Level '25', Target API Level '36'
1788681048.054 10303 16272 16342 I Unity   : Built from '6000.3.13f1_patched' branch, Version '6000.3.13f1 (3b0d9f02b51c)', Build type 'Release', Scripting Backend 'il2cpp', CPU 'arm64-v8a', Stripping 'Enabled'
1788681048.054 10303 16272 16342 I Unity   : Device Model 'Xiaomi 23030RAC7Y', OS 'Android OS 15 (API 35)'
1788681048.253 10303 16272 16400 W InteractionJankMonitor: Initializing without READ_DEVICE_CONFIG permission. enabled=false, interval=1, missedFrameThreshold=3, frameTimeThreshold=64, package=com.axlebolt.standoff2
1788681048.300 10303 16272 16324 W Unique  : 2026-09-06 14:50:48.299 W LAUNCH u4 com.axlebolt.standoff2 PENDING_INTENT_RECEIVER_UNSUPPORTED receiver=com.google.android.gms.measurement.AppMeasurementReceiver package=com.axlebolt.standoff2
1788681048.323 10303 16272 16324 D Unique  : 2026-09-06 14:50:48.322 D PROCESS u4 com.axlebolt.standoff2 SERVICE_CONNECTION_WRAPPED connection=com.google.android.gms.measurement.internal.b6
1788681048.347 10303 16111 16264 W Unique  : 2026-09-06 14:50:48.346 W PROCESS PROVIDER_ROUTE_UNKNOWN vuid=4 authority=[redacted]
1788681048.387 10303 16272 16324 W Unique  : 2026-09-06 14:50:48.385 W LAUNCH u4 com.axlebolt.standoff2 PENDING_INTENT_RECEIVER_UNSUPPORTED receiver=com.google.android.gms.measurement.AppMeasurementReceiver package=com.axlebolt.standoff2
1788681048.388 10303 16272 16324 W JobInfo : Job 'com.axlebolt.standoff2/com.google.android.gms.measurement.AppMeasurementJobService#208855449' has a deadline with no functional constraints. The deadline won't improve job execution latency. Consider removing the deadline.
1788681048.391 10303 16272 16324 E FA      : Task exception while flushing queue: java.lang.IllegalArgumentException: uid 10303 cannot schedule job in com.axlebolt.standoff2: com.google.android.gms.measurement.internal.pc.m(SourceFile:178)
1788681048.391 10303 16272 16324 W FA      : Callable skipped the worker queue.
1788681048.663 10303 16272 16342 I Unity   : Company Name: Axlebolt
1788681048.663 10303 16272 16342 I Unity   : Product Name: Standoff 2
1788681048.678 10303 16272 16342 W libc    : Access denied finding property "vendor.migl.debug"
1788681048.685 10303 16272 16342 E QT      : [QT]file does not exist
1788681048.693 10303 16272 16458 E om.unique:vapp0: setpriority success to 100 : mali-cmar-backend
1788681048.719 10303 16272 16342 E om.unique:vapp0: checkIfsupportxIntfps do not binder to joyose
1788681049.284 10303 16272 16342 I Unity   : Script error: OnTriggerEnter2D
1788681049.284 10303 16272 16342 I Unity   : This message parameter has to be of type: [UNREGISTERED]
1788681049.284 10303 16272 16342 I Unity   : The message will be ignored.
1788681049.284 10303 16272 16342 I Unity   : Script error: OnTriggerExit2D
1788681049.284 10303 16272 16342 I Unity   : This message parameter has to be of type: [UNREGISTERED]
1788681049.284 10303 16272 16342 I Unity   : The message will be ignored.
1788681049.322 10303 16272 16342 I Unity   : Script error: OnTriggerEnter2D
1788681049.322 10303 16272 16342 I Unity   : This message parameter has to be of type: [UNREGISTERED]
1788681049.322 10303 16272 16342 I Unity   : The message will be ignored.
1788681049.322 10303 16272 16342 I Unity   : Script error: OnTriggerExit2D
1788681049.322 10303 16272 16342 I Unity   : This message parameter has to be of type: [UNREGISTERED]
1788681049.322 10303 16272 16342 I Unity   : The message will be ignored.
1788681049.323 10303 16272 16342 I Unity   : Script error: OnTriggerEnter2D
1788681049.324 10303 16272 16342 I Unity   : Script error: OnTriggerExit2D
1788681049.357 10303 16272 16342 I Unity   : Script error: OnTriggerEnter2D
1788681049.357 10303 16272 16342 I Unity   : Script error: OnTriggerExit2D
1788681049.736 10303 16272 16272 W Activity: PerfMonitor: Slow Operation: Activity com.axlebolt.standoff2/com.google.firebase.MessagingUnityPlayerActivity onPause took 1692ms
1788681049.741 10303 16272 16470 E emoji2.text.DefaultEmojiConfig: com.google.android.gms
1788681049.741 10303 16272 16470 E emoji2.text.DefaultEmojiConfig: android.content.pm.PackageManager$NameNotFoundException: com.google.android.gms
1788681049.741 10303 16272 16470 E emoji2.text.DefaultEmojiConfig: 	at android.app.ApplicationPackageManager.getPackageInfoAsUser(ApplicationPackageManager.java:276)
1788681049.741 10303 16272 16470 E emoji2.text.DefaultEmojiConfig: 	at android.app.ApplicationPackageManager.getPackageInfo(ApplicationPackageManager.java:236)
1788681049.741 10303 16272 16470 E emoji2.text.DefaultEmojiConfig: 	at android.app.ApplicationPackageManager.getPackageInfo(ApplicationPackageManager.java:230)
1788681049.741 10303 16272 16470 E emoji2.text.DefaultEmojiConfig: 	at androidx.emoji2.text.DefaultEmojiCompatConfig$DefaultEmojiCompatConfigHelper_API28.getSigningSignatures(SourceFile:3)
1788681049.741 10303 16272 16470 E emoji2.text.DefaultEmojiConfig: 	at androidx.emoji2.text.DefaultEmojiCompatConfig$DefaultEmojiCompatConfigFactory.generateFontRequestFrom(SourceFile:7)
1788681049.741 10303 16272 16470 E emoji2.text.DefaultEmojiConfig: 	at androidx.emoji2.text.DefaultEmojiCompatConfig$DefaultEmojiCompatConfigFactory.queryForDefaultFontRequest(SourceFile:18)
1788681049.741 10303 16272 16470 E emoji2.text.DefaultEmojiConfig: 	at androidx.emoji2.text.DefaultEmojiCompatConfig$DefaultEmojiCompatConfigFactory.create(SourceFile:1)
1788681049.741 10303 16272 16470 E emoji2.text.DefaultEmojiConfig: 	at androidx.emoji2.text.DefaultEmojiCompatConfig.create(SourceFile:7)
1788681049.741 10303 16272 16470 E emoji2.text.DefaultEmojiConfig: 	at androidx.emoji2.text.EmojiCompatInitializer$BackgroundDefaultLoader.doLoad(SourceFile:3)
1788681049.741 10303 16272 16470 E emoji2.text.DefaultEmojiConfig: 	at androidx.emoji2.text.EmojiCompatInitializer$BackgroundDefaultLoader.a(SourceFile:1)
1788681049.741 10303 16272 16470 E emoji2.text.DefaultEmojiConfig: 	at androidx.emoji2.text.d.run(SourceFile:1)
1788681049.741 10303 16272 16470 E emoji2.text.DefaultEmojiConfig: 	at java.util.concurrent.ThreadPoolExecutor.runWorker(ThreadPoolExecutor.java:1100)
1788681049.741 10303 16272 16470 E emoji2.text.DefaultEmojiConfig: 	at java.util.concurrent.ThreadPoolExecutor$Worker.run(ThreadPoolExecutor.java:624)
1788681049.741 10303 16272 16470 E emoji2.text.DefaultEmojiConfig: 	at java.lang.Thread.run(Thread.java:1572)
1788681049.749 10303 16272 16324 E FA      : Task exception on worker thread: java.lang.IllegalStateException: Unexpected call on client side: com.google.android.gms.measurement.internal.s6.q(SourceFile:5)
1788681049.752 10303 16272 16342 E om.unique:vapp0: checkIfsupportxIntfps do not binder to joyose
1788681050.854 10303 16272 16460 E om.unique:vapp0: DynamicFPS DF open fail: No such file or directory
1788681051.638 10303 16272 16334 W GoogleApiManager: The service for j2.q is not available: ConnectionResult{statusCode=SERVICE_MISSING, resolution=null, message=null, clientMethodKey=null}
1788681051.641 10303 16272 16334 W GoogleApiManager: The service for j2.q is not available: ConnectionResult{statusCode=SERVICE_MISSING, resolution=null, message=null, clientMethodKey=null}
1788681051.854 10303 16272 16342 D Unique  : 2026-09-06 14:50:51.853 D PROCESS u4 com.axlebolt.standoff2 PERMISSION_CHECK permission=android.permission.INTERNET result=GRANTED
1788681051.855 10303 16272 16342 D Unique  : 2026-09-06 14:50:51.854 D PROCESS u4 com.axlebolt.standoff2 SETTING_ANSWERED setting=ANDROID_ID value=d1058e197f5e8b95
1788681052.079 10303 16272 16342 W Unity   : AndroidJNIHelper.GetSignature: using Byte parameters is obsolete, use SByte parameters instead
1788681052.079 10303 16272 16342 W Unity   : UnityEngine._AndroidJNIHelper:GetSignature(Object[])
1788681052.079 10303 16272 16342 W Unity   : UnityEngine._AndroidJNIHelper:GetMethodID(IntPtr, String, Object[], Boolean)
1788681052.079 10303 16272 16342 W Unity   : UnityEngine.AndroidJavaObject:_CallStatic(String, Object[])
1788681052.079 10303 16272 16342 W Unity   : System.Runtime.CompilerServices.AsyncTaskMethodBuilder:Start(TStateMachine&)
1788681052.079 10303 16272 16342 W Unity   : FHHBBDGBEEDFAEC:HEEHFHFHDFFFAEF(Lifetime, IProgress`1)
1788681052.079 10303 16272 16342 W Unity   : <Run>d__6:MoveNext()
1788681052.079 10303 16272 16342 W Unity   : System.Runtime.CompilerServices.AsyncTaskMethodBuilder:Start(TStateMachine&)
1788681052.079 10303 16272 16342 W Unity   : BGAFCFHACAGBFFD:BEBABAGGEHGEGFE(Lifetime, IProgress`1)
1788681052.079 10303 16272 16342 W Unity   : <RunPipeline>d__7:MoveNext()
1788681052.079 10303 16272 16342 W Unity   : System.Runtime.Comp
1788681052.080 10303 16272 16342 W Unity   : AndroidJNIHelper: converting Byte array is obsolete, use SByte array instead
1788681052.080 10303 16272 16342 W Unity   : UnityEngine._AndroidJNIHelper:ConvertToJNIArray(Array)
1788681052.080 10303 16272 16342 W Unity   : UnityEngine._AndroidJNIHelper:CreateJNIArgArray(Object[], Span`1)
1788681052.080 10303 16272 16342 W Unity   : UnityEngine.AndroidJavaObject:_CallStatic(IntPtr, Object[])
1788681052.080 10303 16272 16342 W Unity   : System.Runtime.CompilerServices.AsyncTaskMethodBuilder:Start(TStateMachine&)
1788681052.080 10303 16272 16342 W Unity   : FHHBBDGBEEDFAEC:HEEHFHFHDFFFAEF(Lifetime, IProgress`1)
1788681052.080 10303 16272 16342 W Unity   : <Run>d__6:MoveNext()
1788681052.080 10303 16272 16342 W Unity   : BGAFCFHACAGBFFD:BEBABAGGEHGEGFE(Lifetime, IProgress`1)
1788681052.080 10303 16272 16342 W Unity   : <RunPipeline>d__7:MoveNext()
1788681052.080 10303 16272 16342 W Unity   : DABADCDFAAACFHF:CHGAECAACFBAEBB()
1788681052.080 10303 16272 16342 W Unity   : DABADCDFAAACFHF:Initialize()
1788681052.080 10303 16272 16342 W Unity   : VContain
1788681052.081 10303 16272 16342 D Unique  : 2026-09-06 14:50:52.081 D PROCESS u4 com.axlebolt.standoff2 SETTING_ANSWERED setting=ANDROID_ID value=d1058e197f5e8b95
1788681052.088 10303 16272 16342 D Unique  : 2026-09-06 14:50:52.087 D PROCESS u4 com.axlebolt.standoff2 SERVICE_INTENT_CROSS_APP action=com.android.vending.licensing.ILicensingService target=com.android.vending
1788681052.088 10303 16272 16342 D Unique  : 2026-09-06 14:50:52.088 D PROCESS u4 com.axlebolt.standoff2 SERVICE_CONNECTION_WRAPPED connection=x2.d
1788681052.851 10303 16272 16460 E om.unique:vapp0: FrameInsert open fail: No such file or directory
1788681052.984 10303 16111 16118 W com.unique: ApkAssets: Deleting an ApkAssets object '<empty> and /data/user/0/com.unique/files/virtual/apk/com.axlebolt.standoff2/203908/base.apk' with 1 weak references
1788681053.399 10303 16272 16272 V FA      : onUnbind called for intent. action: com.google.android.gms.measurement.START
1788681053.400 10303 16272 16272 D Unique  : 2026-09-06 14:50:53.399 D PROCESS u4 com.axlebolt.standoff2 SERVICE_INTENT_ROUTED service=com.google.android.gms.measurement.AppMeasurementService stub=com.unique.stub.ServiceStub_p0_s0 action=com.google.android.gms.measurement.START
1788681053.400 10303 16272 16272 V FA      : AppMeasurementService is shutting down.
1788681053.572 10303 16272 16272 W MirrorManager: this model don't Support
1788681055.163 10303 16272 16342 W Unity   : AndroidJNIHelper.GetSignature: using Byte parameters is obsolete, use SByte parameters instead
1788681055.163 10303 16272 16342 W Unity   : UnityEngine._AndroidJNIHelper:GetSignature(Object[])
1788681055.163 10303 16272 16342 W Unity   : UnityEngine._AndroidJNIHelper:GetMethodID(IntPtr, String, Object[], Boolean)
1788681055.163 10303 16272 16342 W Unity   : UnityEngine.AndroidJavaObject:_CallStatic(String, Object[])
1788681055.164 10303 16272 16342 W Unity   : AndroidJNIHelper: converting Byte array is obsolete, use SByte array instead
1788681055.164 10303 16272 16342 W Unity   : UnityEngine._AndroidJNIHelper:ConvertToJNIArray(Array)
1788681055.164 10303 16272 16342 W Unity   : UnityEngine._AndroidJNIHelper:CreateJNIArgArray(Object[], Span`1)
1788681055.164 10303 16272 16342 W Unity   : UnityEngine.AndroidJavaObject:_CallStatic(IntPtr, Object[])
1788681055.171 10303 16272 16342 D Unique  : 2026-09-06 14:50:55.170 D PROCESS u4 com.axlebolt.standoff2 SERVICE_INTENT_CROSS_APP action=com.android.vending.licensing.ILicensingService target=com.android.vending
1788681055.171 10303 16272 16342 D Unique  : 2026-09-06 14:50:55.171 D PROCESS u4 com.axlebolt.standoff2 SERVICE_CONNECTION_WRAPPED connection=x2.d
1788681056.104 10303 16111 16160 E com.unique: checkIfsupportxIntfps do not binder to joyose
1788681056.745 10303 16272 16272 W Activity: PerfMonitor: Slow Operation: Activity com.axlebolt.standoff2/com.google.firebase.MessagingUnityPlayerActivity onPause took 1188ms
1788681060.149 10303 16111 16209 I Unique  : 2026-09-06 14:51:00.148 I STORAGE CACHE_CLEARED vuid=4 package=com.axlebolt.standoff2
1788681066.147 10303 16111 16111 W WindowOnBackDispatcher: sendCancelIfRunning: isInProgress=false callback=io.flutter.embedding.android.FlutterActivity$1@e5b90ba
1788681067.412 10303 16111 16111 W WindowOnBackDispatcher: sendCancelIfRunning: isInProgress=false callback=io.flutter.embedding.android.FlutterActivity$1@e5b90ba
1788681067.412 10303 16111 16209 I Unique  : 2026-09-06 14:51:07.412 I PROCESS PROCESS_RELEASED slot=:vapp0 reason=removed
1788681067.512 10303 16111 16209 I Unique  : 2026-09-06 14:51:07.512 I PROCESS BROADCAST_ROUTER_READY instances=0 actions=12 authorities=[redacted]
1788681067.928 10303 16111 16118 W com.unique: ApkAssets: Deleting an ApkAssets object '<empty> and /data/app/~~ItA4ATnc7x5tZxxil8RoQQ==/com.google.android.googlequicksearchbox-B34OqsIBVDUACIIcm8JfnA==/base.apk' with 1 weak references
1788681067.929 10303 16111 16118 W com.unique: ApkAssets: Deleting an ApkAssets object '<empty> and /data/app/~~ItA4ATnc7x5tZxxil8RoQQ==/com.google.android.googlequicksearchbox-B34OqsIBVDUACIIcm8JfnA==/split_config.xxhdpi.apk' with 1 weak references
1788681067.929 10303 16111 16118 W com.unique: ApkAssets: Deleting an ApkAssets object '<empty> and /data/app/~~ItA4ATnc7x5tZxxil8RoQQ==/com.google.android.googlequicksearchbox-B34OqsIBVDUACIIcm8JfnA==/split_lens_ondevice_engine_feature_module.apk' with 1 weak references
1788681067.929 10303 16111 16118 W com.unique: ApkAssets: Deleting an ApkAssets object '<empty> and /data/app/~~ItA4ATnc7x5tZxxil8RoQQ==/com.google.android.googlequicksearchbox-B34OqsIBVDUACIIcm8JfnA==/split_lens_ondevice_engine_play_ml_module.apk' with 1 weak references
1788681067.929 10303 16111 16118 W com.unique: ApkAssets: Deleting an ApkAssets object '<empty> and /data/app/~~dIzM8R2VKNcseUPYkR7YfA==/com.google.android.marvin.talkback-RoQSRwhE9YHg1ajuoB0gqg==/base.apk' with 1 weak references
1788681067.930 10303 16111 16118 W com.unique: ApkAssets: Deleting an ApkAssets object '<empty> and /data/app/~~dIzM8R2VKNcseUPYkR7YfA==/com.google.android.marvin.talkback-RoQSRwhE9YHg1ajuoB0gqg==/split_config.arm64_v8a.apk' with 1 weak references
1788681067.930 10303 16111 16118 W com.unique: ApkAssets: Deleting an ApkAssets object '<empty> and /data/app/~~fbMIfb5bQRSeDV4qN5JbrQ==/com.openai.chatgpt-yAR_zbiyMnEL0nkU87BC5A==/base.apk' with 1 weak references
1788681067.930 10303 16111 16118 W com.unique: ApkAssets: Deleting an ApkAssets object '<empty> and /data/app/~~XQmPOPV_XxINA_jPcGmsIQ==/com.miui.screenrecorder-G-XBxKJvovi92jNh9l3JIQ==/base.apk' with 1 weak references
1788681067.931 10303 16111 16118 W com.unique: ApkAssets: Deleting an ApkAssets object '<empty> and /data/app/~~fbMIfb5bQRSeDV4qN5JbrQ==/com.openai.chatgpt-yAR_zbiyMnEL0nkU87BC5A==/split_config.arm64_v8a.apk' with 1 weak references
1788681067.931 10303 16111 16118 W com.unique: ApkAssets: Deleting an ApkAssets object '<empty> and /data/app/~~fbMIfb5bQRSeDV4qN5JbrQ==/com.openai.chatgpt-yAR_zbiyMnEL0nkU87BC5A==/split_config.ru.apk' with 1 weak references
1788681067.931 10303 16111 16118 W com.unique: ApkAssets: Deleting an ApkAssets object '<empty> and /system_ext/priv-app/RtMiCloudSDK/RtMiCloudSDK.apk' with 1 weak references
1788681067.931 10303 16111 16118 W com.unique: ApkAssets: Deleting an ApkAssets object '<empty> and /data/app/~~fbMIfb5bQRSeDV4qN5JbrQ==/com.openai.chatgpt-yAR_zbiyMnEL0nkU87BC5A==/split_config.xxhdpi.apk' with 1 weak references
1788681067.931 10303 16111 16118 W com.unique: ApkAssets: Deleting an ApkAssets object '<empty> and /system_ext/app/miuisystem/miuisystem.apk' with 1 weak references
1788681068.209 10303 16111 16116 W com.unique: Cleared Reference was only reachable from finalizer (only reported once)
1788681068.229 10303 16111 16118 W com.unique: ApkAssets: Deleting an ApkAssets object '<empty> and /data/app/~~-USux0I649yeK8kjLtUs6w==/io.hitray.android-yz9_YgFveD2eh2-uVfEvTQ==/base.apk' with 1 weak references
1788681068.229 10303 16111 16118 W com.unique: ApkAssets: Deleting an ApkAssets object '<empty> and /data/app/~~-USux0I649yeK8kjLtUs6w==/io.hitray.android-yz9_YgFveD2eh2-uVfEvTQ==/split_config.arm64_v8a.apk' with 1 weak references
1788681068.229 10303 16111 16118 W com.unique: ApkAssets: Deleting an ApkAssets object '<empty> and /data/app/~~-USux0I649yeK8kjLtUs6w==/io.hitray.android-yz9_YgFveD2eh2-uVfEvTQ==/split_config.ru.apk' with 1 weak references
1788681068.229 10303 16111 16118 W com.unique: ApkAssets: Deleting an ApkAssets object '<empty> and /data/app/~~-USux0I649yeK8kjLtUs6w==/io.hitray.android-yz9_YgFveD2eh2-uVfEvTQ==/split_config.xxhdpi.apk' with 1 weak references
1788681068.229 10303 16111 16118 W com.unique: ApkAssets: Deleting an ApkAssets object '<empty> and /data/app/GlobalWPSLITE/base.apk' with 1 weak references
1788681068.230 10303 16111 16118 W com.unique: ApkAssets: Deleting an ApkAssets object '<empty> and /data/app/~~rg2DbhTU1ND5cF8h23oQew==/org.telegram.messenger-ssp6zHI1umWAqjB0ibq88A==/base.apk' with 1 weak references
1788681068.230 10303 16111 16118 W com.unique: ApkAssets: Deleting an ApkAssets object '<empty> and /data/app/~~rg2DbhTU1ND5cF8h23oQew==/org.telegram.messenger-ssp6zHI1umWAqjB0ibq88A==/split_config.arm64_v8a.apk' with 1 weak references
1788681068.230 10303 16111 16118 W com.unique: ApkAssets: Deleting an ApkAssets object '<empty> and /data/app/~~rg2DbhTU1ND5cF8h23oQew==/org.telegram.messenger-ssp6zHI1umWAqjB0ibq88A==/split_config.ru.apk' with 1 weak references
1788681068.230 10303 16111 16118 W com.unique: ApkAssets: Deleting an ApkAssets object '<empty> and /data/app/~~rg2DbhTU1ND5cF8h23oQew==/org.telegram.messenger-ssp6zHI1umWAqjB0ibq88A==/split_config.xxhdpi.apk' with 1 weak references
1788681068.230 10303 16111 16118 W com.unique: ApkAssets: Deleting an ApkAssets object '<empty> and /data/app/~~KJXAelHloRLMhXRuCgXfsA==/com.termux.x11-osj7xncZ_M4TKFTgtNfUvQ==/base.apk' with 1 weak references
1788681068.230 10303 16111 16118 W com.unique: ApkAssets: Deleting an ApkAssets object '<empty> and /data/app/~~QQHHYxwNPykiSC3FoxXBWw==/com.gordey.standarling-qi6-h5086vrmRTcPTW755g==/base.apk' with 1 weak references
1788681068.231 10303 16111 16118 W com.unique: ApkAssets: Deleting an ApkAssets object '<empty> and /data/app/~~hmK1R5MXm77mIxebqB1UWg==/de.szalkowski.activitylauncher-U8OB-FYSopjrnRHsZdEEww==/base.apk' with 1 weak references
1788681068.231 10303 16111 16118 W com.unique: ApkAssets: Deleting an ApkAssets object '<empty> and /data/app/~~hmK1R5MXm77mIxebqB1UWg==/de.szalkowski.activitylauncher-U8OB-FYSopjrnRHsZdEEww==/split_config.arm64_v8a.apk' with 1 weak references
1788681068.231 10303 16111 16118 W com.unique: ApkAssets: Deleting an ApkAssets object '<empty> and /data/app/~~hmK1R5MXm77mIxebqB1UWg==/de.szalkowski.activitylauncher-U8OB-FYSopjrnRHsZdEEww==/split_config.xxhdpi.apk' with 1 weak references
1788681068.234 10303 16111 16118 W com.unique: ApkAssets: Deleting an ApkAssets object '<empty> and /data/app/~~LvuV9aG6AJttZ9KZG9DfUQ==/nu.gpu.nagram-piHbsnG6qKY0S-0pb2n_mg==/base.apk' with 1 weak references
1788681068.236 10303 16111 16118 W com.unique: ApkAssets: Deleting an ApkAssets object '<empty> and /data/app/~~FbOmbJprFej1zimcVmUamg==/com.google.android.apps.authenticator2-spHVZ5FEndpJKCz3wWEkSA==/base.apk' with 1 weak references
1788681068.236 10303 16111 16118 W com.unique: ApkAssets: Deleting an ApkAssets object '<empty> and /data/app/~~FbOmbJprFej1zimcVmUamg==/com.google.android.apps.authenticator2-spHVZ5FEndpJKCz3wWEkSA==/split_config.ru.apk' with 1 weak references
1788681068.236 10303 16111 16118 W com.unique: ApkAssets: Deleting an ApkAssets object '<empty> and /data/app/~~FbOmbJprFej1zimcVmUamg==/com.google.android.apps.authenticator2-spHVZ5FEndpJKCz3wWEkSA==/split_config.xxhdpi.apk' with 1 weak references
1788681068.236 10303 16111 16118 W com.unique: ApkAssets: Deleting an ApkAssets object '<empty> and /data/app/~~fbMIfb5bQRSeDV4qN5JbrQ==/com.openai.chatgpt-yAR_zbiyMnEL0nkU87BC5A==/base.apk' with 1 weak references
1788681068.236 10303 16111 16118 W com.unique: ApkAssets: Deleting an ApkAssets object '<empty> and /data/app/~~fbMIfb5bQRSeDV4qN5JbrQ==/com.openai.chatgpt-yAR_zbiyMnEL0nkU87BC5A==/split_config.arm64_v8a.apk' with 1 weak references
1788681068.236 10303 16111 16118 W com.unique: ApkAssets: Deleting an ApkAssets object '<empty> and /data/app/~~fbMIfb5bQRSeDV4qN5JbrQ==/com.openai.chatgpt-yAR_zbiyMnEL0nkU87BC5A==/split_config.ru.apk' with 1 weak references
1788681068.237 10303 16111 16118 W com.unique: ApkAssets: Deleting an ApkAssets object '<empty> and /data/app/~~fbMIfb5bQRSeDV4qN5JbrQ==/com.openai.chatgpt-yAR_zbiyMnEL0nkU87BC5A==/split_config.xxhdpi.apk' with 1 weak references
1788681068.237 10303 16111 16118 W com.unique: ApkAssets: Deleting an ApkAssets object '<empty> and /data/app/~~ZqdvqHIQdj2aYGnH1VRJ2g==/clear.una-9D8IYmbsSYbrHCFNhktz7g==/base.apk' with 1 weak references
1788681068.237 10303 16111 16118 W com.unique: ApkAssets: Deleting an ApkAssets object '<empty> and /data/app/MIUISoundRecorderTargetSdk30Global/base.apk' with 1 weak references
1788681068.237 10303 16111 16118 W com.unique: ApkAssets: Deleting an ApkAssets object '<empty> and /system_ext/priv-app/RtMiCloudSDK/RtMiCloudSDK.apk' with 3 weak references
1788681068.237 10303 16111 16118 W com.unique: ApkAssets: Deleting an ApkAssets object '<empty> and /system_ext/app/miuisystem/miuisystem.apk' with 5 weak references
1788681068.238 10303 16111 16118 W com.unique: ApkAssets: Deleting an ApkAssets object '<empty> and /data/app/~~jD-_UzuxAsOgbh6KR6hmBQ==/moe.shizuku.privileged.api-cQKJ66hF6rbFA6IGkaIRVQ==/base.apk' with 1 weak references
1788681068.238 10303 16111 16118 W com.unique: ApkAssets: Deleting an ApkAssets object '<empty> and /data/app/~~ybthXu1lfLhXH0A_ezjXOQ==/com.Chillow.CustomRise-jbRzsHDPDsDqtF4ya8mKFQ==/base.apk' with 1 weak references
1788681068.238 10303 16111 16118 W com.unique: ApkAssets: Deleting an ApkAssets object '<empty> and /data/app/~~5UvyUty5uHV3AXEdZmqD2w==/com.pinterest-lPffnbjAGLKDxKewLDe9fA==/base.apk' with 1 weak references
1788681068.238 10303 16111 16118 W com.unique: ApkAssets: Deleting an ApkAssets object '<empty> and /data/app/~~5UvyUty5uHV3AXEdZmqD2w==/com.pinterest-lPffnbjAGLKDxKewLDe9fA==/split_config.arm64_v8a.apk' with 1 weak references
1788681068.239 10303 16111 16118 W com.unique: ApkAssets: Deleting an ApkAssets object '<empty> and /data/app/~~5UvyUty5uHV3AXEdZmqD2w==/com.pinterest-lPffnbjAGLKDxKewLDe9fA==/split_config.ru.apk' with 1 weak references
1788681068.239 10303 16111 16118 W com.unique: ApkAssets: Deleting an ApkAssets object '<empty> and /data/app/~~5UvyUty5uHV3AXEdZmqD2w==/com.pinterest-lPffnbjAGLKDxKewLDe9fA==/split_config.xxhdpi.apk' with 1 weak references
1788681068.239 10303 16111 16118 W com.unique: ApkAssets: Deleting an ApkAssets object '<empty> and /data/app/~~dLYsOqWzTnFcjo2aHD3xSQ==/bin.mt.plus-R6p8RfoCeLQWL_mDoMlBsw==/base.apk' with 1 weak references
1788681068.239 10303 16111 16118 W com.unique: ApkAssets: Deleting an ApkAssets object '<empty> and /data/app/MIUICompassGlobal/base.apk' with 1 weak references
1788681068.240 10303 16111 16118 W com.unique: ApkAssets: Deleting an ApkAssets object '<empty> and /data/app/~~FbRqAr85vnOKgdJeIwPSHg==/com.f0x1d.logfox-3E_m6EooCJ8N7AUdxRJEng==/base.apk' with 1 weak references
1788681068.240 10303 16111 16118 W com.unique: ApkAssets: Deleting an ApkAssets object '<empty> and /data/app/~~R3xOm83wV6nXDxL1np_JpQ==/com.axlebolt.standoff2-1qyH-RbRcbkMQBQ-x5XKyg==/base.apk' with 1 weak references
1788681068.240 10303 16111 16118 W com.unique: ApkAssets: Deleting an ApkAssets object '<empty> and /data/app/~~fDqH7SpA32dU_mxStcmXBQ==/com.emanuelef.remote_capture-5WExiOcv_yR73wMh7w64Zg==/base.apk' with 1 weak references
1788681068.240 10303 16111 16118 W com.unique: ApkAssets: Deleting an ApkAssets object '<empty> and /data/app/~~fDqH7SpA32dU_mxStcmXBQ==/com.emanuelef.remote_capture-5WExiOcv_yR73wMh7w64Zg==/split_config.arm64_v8a.apk' with 1 weak references
1788681068.240 10303 16111 16118 W com.unique: ApkAssets: Deleting an ApkAssets object '<empty> and /data/app/~~fDqH7SpA32dU_mxStcmXBQ==/com.emanuelef.remote_capture-5WExiOcv_yR73wMh7w64Zg==/split_config.ru.apk' with 1 weak references
1788681068.241 10303 16111 16118 W com.unique: ApkAssets: Deleting an ApkAssets object '<empty> and /data/app/~~fDqH7SpA32dU_mxStcmXBQ==/com.emanuelef.remote_capture-5WExiOcv_yR73wMh7w64Zg==/split_config.xxhdpi.apk' with 1 weak references
1788681068.241 10303 16111 16118 W com.unique: ApkAssets: Deleting an ApkAssets object '<empty> and /data/app/MIUINotes/base.apk' with 1 weak references
1788681068.241 10303 16111 16118 W com.unique: ApkAssets: Deleting an ApkAssets object '<empty> and /data/app/~~ToEzooAkrU67onkDMsOz-A==/com.xiaomi.midrop-QRwPNiaj1B-KMGM4I2vZlg==/base.apk' with 1 weak references
1788681068.242 10303 16111 16118 W com.unique: ApkAssets: Deleting an ApkAssets object '<empty> and /data/app/~~znQWjrS88Ohx8dtGgw8_cg==/com.avo.vpn-Qnj7RP4c8L4ASKYHsR0wRg==/base.apk' with 1 weak references
1788681068.242 10303 16111 16118 W com.unique: ApkAssets: Deleting an ApkAssets object '<empty> and /data/app/~~znQWjrS88Ohx8dtGgw8_cg==/com.avo.vpn-Qnj7RP4c8L4ASKYHsR0wRg==/split_config.arm64_v8a.apk' with 1 weak references
1788681068.242 10303 16111 16118 W com.unique: ApkAssets: Deleting an ApkAssets object '<empty> and /data/app/~~znQWjrS88Ohx8dtGgw8_cg==/com.avo.vpn-Qnj7RP4c8L4ASKYHsR0wRg==/split_config.ru.apk' with 1 weak references
1788681068.242 10303 16111 16118 W com.unique: ApkAssets: Deleting an ApkAssets object '<empty> and /data/app/~~znQWjrS88Ohx8dtGgw8_cg==/com.avo.vpn-Qnj7RP4c8L4ASKYHsR0wRg==/split_config.xxhdpi.apk' with 1 weak references
1788681068.242 10303 16111 16118 W com.unique: ApkAssets: Deleting an ApkAssets object '<empty> and /data/app/~~HlE7G1zZsYmJdyiSJ5bWPg==/com.xiaomi.wearable-mw4unPETK0LMg7u69qppjA==/base.apk' with 1 weak references
1788681068.242 10303 16111 16118 W com.unique: ApkAssets: Deleting an ApkAssets object '<empty> and /data/app/~~HlE7G1zZsYmJdyiSJ5bWPg==/com.xiaomi.wearable-mw4unPETK0LMg7u69qppjA==/split_config.arm64_v8a.apk' with 1 weak references
1788681068.242 10303 16111 16118 W com.unique: ApkAssets: Deleting an ApkAssets object '<empty> and /data/app/~~HlE7G1zZsYmJdyiSJ5bWPg==/com.xiaomi.wearable-mw4unPETK0LMg7u69qppjA==/split_config.ru.apk' with 1 weak references
1788681068.243 10303 16111 16118 W com.unique: ApkAssets: Deleting an ApkAssets object '<empty> and /data/app/~~HlE7G1zZsYmJdyiSJ5bWPg==/com.xiaomi.wearable-mw4unPETK0LMg7u69qppjA==/split_config.xxhdpi.apk' with 1 weak references
1788681068.243 10303 16111 16118 W com.unique: ApkAssets: Deleting an ApkAssets object '<empty> and /data/app/MIUICalculatorGlobal/base.apk' with 1 weak references
1788681068.243 10303 16111 16118 W com.unique: ApkAssets: Deleting an ApkAssets object '<empty> and /data/app/~~0P94X6q7hQFnvISy4kIBtA==/org.mozilla.firefox-V-RMBJjuN885jasHsv697A==/base.apk' with 1 weak references
1788681068.244 10303 16111 16118 W com.unique: ApkAssets: Deleting an ApkAssets object '<empty> and /data/app/~~0P94X6q7hQFnvISy4kIBtA==/org.mozilla.firefox-V-RMBJjuN885jasHsv697A==/split_config.arm64_v8a.apk' with 1 weak references
1788681068.244 10303 16111 16118 W com.unique: ApkAssets: Deleting an ApkAssets object '<empty> and /data/app/~~0P94X6q7hQFnvISy4kIBtA==/org.mozilla.firefox-V-RMBJjuN885jasHsv697A==/split_config.xxhdpi.apk' with 1 weak references
1788681068.244 10303 16111 16118 W com.unique: ApkAssets: Deleting an ApkAssets object '<empty> and /data/app/~~0uKMRni55eIeGuBA-UdIqg==/llc.itdev.incy-mpenI8rpAkCFByZR5jO9gg==/base.apk' with 1 weak references
1788681068.244 10303 16111 16118 W com.unique: ApkAssets: Deleting an ApkAssets object '<empty> and /data/app/MIUIWeatherGlobal/base.apk' with 1 weak references
1788681068.245 10303 16111 16118 W com.unique: ApkAssets: Deleting an ApkAssets object '<empty> and /data/app/~~aWOPbtkIcfivimg0lCNOxw==/com.termux-PK0SDb6b5-Yp-w60yEc5cg==/base.apk' with 1 weak references
1788681068.245 10303 16111 16118 W com.unique: ApkAssets: Deleting an ApkAssets object '<empty> and /data/app/MiuiScanner/base.apk' with 1 weak references
1788681068.245 10303 16111 16118 W com.unique: ApkAssets: Deleting an ApkAssets object '<empty> and /data/app/~~Cw5RUU5MGia-dEV1d9CLeg==/net.typeblog.shelter-UAvs0yASnxf_3imb0u9Fdg==/base.apk' with 1 weak references
1788681068.246 10303 16111 16118 W com.unique: ApkAssets: Deleting an ApkAssets object '<empty> and /data/app/~~NmUPXoeRez3BkcM6j2MOgw==/com.a0soft.gphone.acc.free-uuG90v9LfwZVYmH_KzucCw==/base.apk' with 1 weak references
1788681068.246 10303 16111 16118 W com.unique: ApkAssets: Deleting an ApkAssets object '<empty> and /data/app/~~NmUPXoeRez3BkcM6j2MOgw==/com.a0soft.gphone.acc.free-uuG90v9LfwZVYmH_KzucCw==/split_config.arm64_v8a.apk' with 1 weak references
1788681068.246 10303 16111 16118 W com.unique: ApkAssets: Deleting an ApkAssets object '<empty> and /data/app/~~NmUPXoeRez3BkcM6j2MOgw==/com.a0soft.gphone.acc.free-uuG90v9LfwZVYmH_KzucCw==/split_config.xxhdpi.apk' with 1 weak references
1788681068.246 10303 16111 16118 W com.unique: ApkAssets: Deleting an ApkAssets object '<empty> and /data/app/~~wmE2oqYZyY7aIsry4NiImg==/com.miui.mediaeditor-LsfNStuNXHsHhzEvN6SaPg==/base.apk' with 1 weak references
1788681068.247 10303 16111 16118 W com.unique: ApkAssets: Deleting an ApkAssets object '<empty> and /data/app/~~b9TjLo4gS3fKmrh4CgsMJQ==/com.google.android.apps.work.clouddpc-ax2up3DCBKFKlcjxKXhiAA==/base.apk' with 1 weak references
1788681068.248 10303 16111 16118 W com.unique: ApkAssets: Deleting an ApkAssets object '<empty> and /data/app/~~b9TjLo4gS3fKmrh4CgsMJQ==/com.google.android.apps.work.clouddpc-ax2up3DCBKFKlcjxKXhiAA==/split_config.arm64_v8a.apk' with 1 weak references
1788681068.248 10303 16111 16118 W com.unique: ApkAssets: Deleting an ApkAssets object '<empty> and /data/app/~~b9TjLo4gS3fKmrh4CgsMJQ==/com.google.android.apps.work.clouddpc-ax2up3DCBKFKlcjxKXhiAA==/split_config.ru.apk' with 1 weak references
1788681068.248 10303 16111 16118 W com.unique: ApkAssets: Deleting an ApkAssets object '<empty> and /data/app/~~b9TjLo4gS3fKmrh4CgsMJQ==/com.google.android.apps.work.clouddpc-ax2up3DCBKFKlcjxKXhiAA==/split_config.xxhdpi.apk' with 1 weak references
1788681068.248 10303 16111 16118 W com.unique: ApkAssets: Deleting an ApkAssets object '<empty> and /data/app/~~jeF1Np_NXFV0Nk3IsGvrCw==/com.google.android.apps.adm-fbP92EYBU7Wwf2yJcdIUfg==/base.apk' with 1 weak references
1788681068.248 10303 16111 16118 W com.unique: ApkAssets: Deleting an ApkAssets object '<empty> and /data/app/~~jeF1Np_NXFV0Nk3IsGvrCw==/com.google.android.apps.adm-fbP92EYBU7Wwf2yJcdIUfg==/split_config.arm64_v8a.apk' with 1 weak references
1788681068.248 10303 16111 16118 W com.unique: ApkAssets: Deleting an ApkAssets object '<empty> and /data/app/~~jeF1Np_NXFV0Nk3IsGvrCw==/com.google.android.apps.adm-fbP92EYBU7Wwf2yJcdIUfg==/split_config.ru.apk' with 1 weak references
1788681068.248 10303 16111 16118 W com.unique: ApkAssets: Deleting an ApkAssets object '<empty> and /data/app/~~jeF1Np_NXFV0Nk3IsGvrCw==/com.google.android.apps.adm-fbP92EYBU7Wwf2yJcdIUfg==/split_config.xxhdpi.apk' with 1 weak references
1788681069.168 10303 16111 16111 W InteractionJankMonitor: Initializing without READ_DEVICE_CONFIG permission. enabled=false, interval=1, missedFrameThreshold=3, frameTimeThreshold=64, package=com.unique
1788681072.536 10303 16111 16111 W WindowOnBackDispatcher: sendCancelIfRunning: isInProgress=false callback=ImeCallback=ImeOnBackInvokedCallback@173820566 Callback=android.window.IOnBackInvokedCallback$Stub$Proxy@610ce3d
1788681074.623 10303 16111 16115 W com.unique: Missing inline cache for void android.view.InputEventManagerImpl.logOnInputEvent(android.view.InputEvent, java.lang.String)
1788681076.903 10303 16111 16851 E BitmapFactory: Unable to decode file: java.io.FileNotFoundException: /product/media/theme/miui_mod_icons/dynamic/com.android.soundrecorder/2.png: open failed: ENOENT (No such file or directory)
1788681076.930 10303 16111 16213 E BitmapFactory: Unable to decode file: java.io.FileNotFoundException: /product/media/theme/miui_mod_icons/dynamic/com.miui.notes/2.png: open failed: ENOENT (No such file or directory)
1788681078.193 10303 16111 16854 E BitmapFactory: Unable to decode file: java.io.FileNotFoundException: /product/media/theme/miui_mod_icons/dynamic/com.miui.calculator/2.png: open failed: ENOENT (No such file or directory)
1788681078.404 10303 16111 16133 E BitmapFactory: Unable to decode file: java.io.FileNotFoundException: /product/media/theme/miui_mod_icons/dynamic/com.miui.compass/2.png: open failed: ENOENT (No such file or directory)
1788681079.189 10303 16111 16213 E BitmapFactory: Unable to decode file: java.io.FileNotFoundException: /product/media/theme/miui_mod_icons/dynamic/com.miui.weather2/2.png: open failed: ENOENT (No such file or directory)
1788681079.251 10303 16111 16213 E BitmapFactory: Unable to decode file: java.io.FileNotFoundException: /product/media/theme/miui_mod_icons/dynamic/com.miui.barcodescanner/2.png: open failed: ENOENT (No such file or directory)
1788681082.921 10303 16111 16118 W com.unique: ApkAssets: Deleting an ApkAssets object '<empty> and /data/app/~~ybthXu1lfLhXH0A_ezjXOQ==/com.Chillow.CustomRise-jbRzsHDPDsDqtF4ya8mKFQ==/base.apk' with 1 weak references
1788681082.922 10303 16111 16118 W com.unique: ApkAssets: Deleting an ApkAssets object '<empty> and /data/app/~~rg2DbhTU1ND5cF8h23oQew==/org.telegram.messenger-ssp6zHI1umWAqjB0ibq88A==/base.apk' with 1 weak references
1788681082.922 10303 16111 16118 W com.unique: ApkAssets: Deleting an ApkAssets object '<empty> and /data/app/~~rg2DbhTU1ND5cF8h23oQew==/org.telegram.messenger-ssp6zHI1umWAqjB0ibq88A==/split_config.arm64_v8a.apk' with 1 weak references
1788681082.922 10303 16111 16118 W com.unique: ApkAssets: Deleting an ApkAssets object '<empty> and /data/app/~~rg2DbhTU1ND5cF8h23oQew==/org.telegram.messenger-ssp6zHI1umWAqjB0ibq88A==/split_config.ru.apk' with 1 weak references
1788681082.923 10303 16111 16118 W com.unique: ApkAssets: Deleting an ApkAssets object '<empty> and /data/app/~~rg2DbhTU1ND5cF8h23oQew==/org.telegram.messenger-ssp6zHI1umWAqjB0ibq88A==/split_config.xxhdpi.apk' with 1 weak references
1788681082.923 10303 16111 16118 W com.unique: ApkAssets: Deleting an ApkAssets object '<empty> and /data/app/~~aWOPbtkIcfivimg0lCNOxw==/com.termux-PK0SDb6b5-Yp-w60yEc5cg==/base.apk' with 1 weak references
1788681082.924 10303 16111 16118 W com.unique: ApkAssets: Deleting an ApkAssets object '<empty> and /data/app/~~KJXAelHloRLMhXRuCgXfsA==/com.termux.x11-osj7xncZ_M4TKFTgtNfUvQ==/base.apk' with 1 weak references
1788681082.924 10303 16111 16118 W com.unique: ApkAssets: Deleting an ApkAssets object '<empty> and /data/app/MIUISoundRecorderTargetSdk30Global/base.apk' with 1 weak references
1788681082.925 10303 16111 16118 W com.unique: ApkAssets: Deleting an ApkAssets object '<empty> and /system_ext/priv-app/RtMiCloudSDK/RtMiCloudSDK.apk' with 4 weak references
1788681082.925 10303 16111 16118 W com.unique: ApkAssets: Deleting an ApkAssets object '<empty> and /system_ext/app/miuisystem/miuisystem.apk' with 6 weak references
1788681082.925 10303 16111 16118 W com.unique: ApkAssets: Deleting an ApkAssets object '<empty> and /data/app/MIUINotes/base.apk' with 1 weak references
1788681082.926 10303 16111 16118 W com.unique: ApkAssets: Deleting an ApkAssets object '<empty> and /data/app/~~XQmPOPV_XxINA_jPcGmsIQ==/com.miui.screenrecorder-G-XBxKJvovi92jNh9l3JIQ==/base.apk' with 1 weak references
1788681082.928 10303 16111 16160 E com.unique: checkIfsupportxIntfps do not binder to joyose
1788681082.929 10303 16111 16118 W com.unique: ApkAssets: Deleting an ApkAssets object '<empty> and /data/app/~~hmK1R5MXm77mIxebqB1UWg==/de.szalkowski.activitylauncher-U8OB-FYSopjrnRHsZdEEww==/base.apk' with 1 weak references
1788681082.932 10303 16111 16118 W com.unique: ApkAssets: Deleting an ApkAssets object '<empty> and /data/app/~~hmK1R5MXm77mIxebqB1UWg==/de.szalkowski.activitylauncher-U8OB-FYSopjrnRHsZdEEww==/split_config.arm64_v8a.apk' with 1 weak references
1788681082.933 10303 16111 16118 W com.unique: ApkAssets: Deleting an ApkAssets object '<empty> and /data/app/~~hmK1R5MXm77mIxebqB1UWg==/de.szalkowski.activitylauncher-U8OB-FYSopjrnRHsZdEEww==/split_config.xxhdpi.apk' with 1 weak references
1788681082.935 10303 16111 16118 W com.unique: ApkAssets: Deleting an ApkAssets object '<empty> and /data/app/MIUICalculatorGlobal/base.apk' with 1 weak references
1788681082.946 10303 16111 16118 W com.unique: ApkAssets: Deleting an ApkAssets object '<empty> and /data/app/~~PNJ-6KVAFk4w2GGdN243Aw==/com.kiberportal.x-kAp0L5JQz3OH_XQiGfZx8g==/base.apk' with 1 weak references
1788681082.969 10303 16111 16118 W com.unique: ApkAssets: Deleting an ApkAssets object '<empty> and /data/app/MIUICompassGlobal/base.apk' with 1 weak references
1788681082.970 10303 16111 16118 W com.unique: ApkAssets: Deleting an ApkAssets object '<empty> and /data/app/MIUIWeatherGlobal/base.apk' with 1 weak references
1788681082.977 10303 16111 16118 W com.unique: ApkAssets: Deleting an ApkAssets object '<empty> and /data/app/~~jeF1Np_NXFV0Nk3IsGvrCw==/com.google.android.apps.adm-fbP92EYBU7Wwf2yJcdIUfg==/base.apk' with 1 weak references
1788681082.978 10303 16111 16118 W com.unique: ApkAssets: Deleting an ApkAssets object '<empty> and /data/app/~~jeF1Np_NXFV0Nk3IsGvrCw==/com.google.android.apps.adm-fbP92EYBU7Wwf2yJcdIUfg==/split_config.arm64_v8a.apk' with 1 weak references
1788681082.978 10303 16111 16118 W com.unique: ApkAssets: Deleting an ApkAssets object '<empty> and /data/app/~~jeF1Np_NXFV0Nk3IsGvrCw==/com.google.android.apps.adm-fbP92EYBU7Wwf2yJcdIUfg==/split_config.ru.apk' with 1 weak references
1788681082.978 10303 16111 16118 W com.unique: ApkAssets: Deleting an ApkAssets object '<empty> and /data/app/~~jeF1Np_NXFV0Nk3IsGvrCw==/com.google.android.apps.adm-fbP92EYBU7Wwf2yJcdIUfg==/split_config.xxhdpi.apk' with 1 weak references
1788681082.980 10303 16111 16118 W com.unique: ApkAssets: Deleting an ApkAssets object '<empty> and /data/app/~~wmE2oqYZyY7aIsry4NiImg==/com.miui.mediaeditor-LsfNStuNXHsHhzEvN6SaPg==/base.apk' with 1 weak references
1788681082.982 10303 16111 16118 W com.unique: ApkAssets: Deleting an ApkAssets object '<empty> and /data/app/MiuiScanner/base.apk' with 1 weak references
1788681082.987 10303 16111 16118 W com.unique: ApkAssets: Deleting an ApkAssets object '<empty> and /data/app/GlobalWPSLITE/base.apk' with 1 weak references
1788681089.224 10303 16111 16855 I Unique  : 2026-09-06 14:51:29.224 I STORAGE IMPORT_STARTED package=bin.mt.plus files=1
1788681089.465 10303 16111 16855 I Unique  : 2026-09-06 14:51:29.464 I STORAGE PACKAGE_IMPORTED package=bin.mt.plus versionCode=26081193 splits=1 libs=11 abi=arm64-v8a bytes=32102828 readOnlyApks=1
1788681089.500 10303 16111 16852 I Unique  : 2026-09-06 14:51:29.498 I STORAGE INSTANCE_PREPARED vuid=0 package=bin.mt.plus created=12
1788681089.509 10303 16111 16852 I Unique  : 2026-09-06 14:51:29.507 I STORAGE INSTANCE_CREATED package=bin.mt.plus vuid=0 name=Profile 1 androidId=63dd358f3e859146
1788681089.528 10303 16111 16855 I Unique  : 2026-09-06 14:51:29.527 I PROCESS BROADCAST_ROUTES_REGISTERED package=bin.mt.plus vuid=0 routes=5 actions=androidx.work.impl.background.systemalarm.UpdateProxies,com.attribution.SYSTEM_INSTALLER_REFERRER,androidx.work.diagnostics.REQUEST_DIAGNOSTICS,androidx.profileinstaller.action.SKIP_FILE,com.facebook.sdk.ACTION_CURRENT_ACCESS_TOKEN_CHANGED,androidx.profileinstaller.action.BENCHMARK_OPERATION,com.fac
1788681089.529 10303 16111 16855 I Unique  : 2026-09-06 14:51:29.528 I PROCESS PROVIDER_ROUTES_REGISTERED package=bin.mt.plus vuid=0 authorities=[redacted]
1788681089.529 10303 16111 16855 I Unique  : 2026-09-06 14:51:29.529 I PROCESS BROADCAST_ROUTER_READY instances=1 actions=13 authorities=[redacted]
1788681089.579 10303 16111 16852 I Unique  : 2026-09-06 14:51:29.578 I STORAGE GUEST_INFO_RESOLVED package=bin.mt.plus label=MT Manager icon=true
1788681089.614 10303 16111 16111 W WindowOnBackDispatcher: sendCancelIfRunning: isInProgress=false callback=io.flutter.embedding.android.FlutterActivity$1@e5b90ba
1788681090.136 10303 16111 16133 I Unique  : 2026-09-06 14:51:30.135 I GOOGLE GOOGLE_ENVIRONMENT gmsPresent=true gmsEnabled=true gmsVersionCode=263234035 gmsVersionName=26.32.34 (260400-968093310) vendingPresent=true gsfPresent=true customTabs=com.android.chrome hostGmsAvailable=true virtualGmsInstalled=false customTabsAvailable=true
1788681090.159 10303 16111 16213 I Unique  : 2026-09-06 14:51:30.155 I GOOGLE GOOGLE_ENVIRONMENT gmsPresent=true gmsEnabled=true gmsVersionCode=263234035 gmsVersionName=26.32.34 (260400-968093310) vendingPresent=true gsfPresent=true customTabs=com.android.chrome hostGmsAvailable=true virtualGmsInstalled=false customTabsAvailable=true
1788681090.160 10303 16111 16213 I Unique  : 2026-09-06 14:51:30.159 I GOOGLE GOOGLE_ROUTE package=bin.mt.plus flow=SIGN_IN mode=PASSTHROUGH why=The app declares an OAuth redirect scheme, so the browser flow can be used and is the most reliable path.
1788681090.161 10303 16111 16213 I Unique  : 2026-09-06 14:51:30.161 I GOOGLE GOOGLE_ROUTE package=bin.mt.plus flow=CREDENTIAL_MANAGER mode=HOST_BRIDGE why=Unverified: Sign in with Google issues a token for the app's server client, so the device's own Google Play services should be able to answer. Not yet confirmed against a real sample.
1788681090.162 10303 16111 16213 I Unique  : 2026-09-06 14:51:30.161 I GOOGLE GOOGLE_ROUTE package=bin.mt.plus flow=ACCOUNT_MANAGER mode=HOST_BRIDGE why=Account access is bridged to the device's accounts; consent is shown as UNIQUE.
1788681090.163 10303 16111 16213 I Unique  : 2026-09-06 14:51:30.163 I GOOGLE GOOGLE_ROUTE package=bin.mt.plus flow=FIREBASE_AUTH mode=PASSTHROUGH why=Firebase Auth consumes a token from another flow; the app's browser redirect can supply it.
1788681090.164 10303 16111 16213 I Unique  : 2026-09-06 14:51:30.163 I GOOGLE GOOGLE_ROUTE package=bin.mt.plus flow=OAUTH_WEB mode=PASSTHROUGH why=Browser-based OAuth needs no Google Play services, only a working redirect back into this instance.
1788681090.165 10303 16111 16213 I Unique  : 2026-09-06 14:51:30.164 I GOOGLE GOOGLE_ROUTE package=bin.mt.plus flow=FCM mode=HOST_BRIDGE why=Experimental: push registration is bridged through the host. Whether Google Play services accepts it varies by version; the result is recorded per device.
1788681090.165 10303 16111 16213 I Unique  : 2026-09-06 14:51:30.165 I GOOGLE GOOGLE_ROUTE package=bin.mt.plus flow=PLAY_GAMES mode=UNSUPPORTED why=Not supported yet: Play Games checks an attested app identity, and UNIQUE has not been tested against it.
1788681090.598 10303 16111 16855 I Unique  : 2026-09-06 14:51:30.597 I PROCESS PROCESS_ASSIGNED slot=:vapp0 vuid=0 process=bin.mt.plus
1788681090.625 10303 16111 16855 I Unique  : 2026-09-06 14:51:30.625 I LAUNCH LAUNCH_REQUESTED package=bin.mt.plus vuid=0 activity=bin.mt.plus.MainNoBgIcon slot=:vapp0 launchMode=0
1788681090.680 10303 16957 16957 D nativeloader: Load libframework-connectivity-tiramisu-jni.so using APEX ns com_android_tethering for caller /apex/com.android.tethering/javalib/framework-connectivity-t.jar: ok
1788681090.727 10303 16957 16957 D ActivityThread: setEmbeddedParam packageName=com.unique processName=com.unique:vapp0 isEmbedded=false isIsolated=false
1788681090.730 10303 16957 16957 D ApplicationLoaders: Returning zygote-cached class loader: /system_ext/framework/androidx.window.extensions.jar
1788681090.730 10303 16957 16957 D ApplicationLoaders: Returning zygote-cached class loader: /system_ext/framework/androidx.window.sidecar.jar
1788681090.736 10303 16957 16957 D nativeloader: Configuring clns-7 for other apk /data/app/~~uSPrrBDnPbh7oiSxSbJTTw==/com.unique-Tvl4u3f1WcQMODM0rNq5rg==/base.apk. target_sdk_version=36, uses_libraries=, library_path=/data/app/~~uSPrrBDnPbh7oiSxSbJTTw==/com.unique-Tvl4u3f1WcQMODM0rNq5rg==/lib/arm64:/data/app/~~uSPrrBDnPbh7oiSxSbJTTw==/com.unique-Tvl4u3f1WcQMODM0rNq5rg==/base.apk!/lib/arm64-v8a, permitted_path=/data:/mnt/expand:/data/user/0/com.unique
1788681090.746 10303 16957 16957 V GraphicsEnvironment: Currently set values for:
1788681090.746 10303 16957 16957 V GraphicsEnvironment:   angle_gl_driver_selection_pkgs=[]
1788681090.746 10303 16957 16957 V GraphicsEnvironment:   angle_gl_driver_selection_values=[]
1788681090.746 10303 16957 16957 V GraphicsEnvironment: Global.Settings values are invalid: number of packages: 0, number of values: 0
1788681090.746 10303 16957 16957 V GraphicsEnvironment: App is not on the allowlist for updatable production driver.
1788681090.748 10303 16957 16957 I ActivityThread: TrafficStats init done
1788681090.753 10303 16957 16957 D ActivityThread: useGrowthLimitOutExpendMethod invoke error.
1788681090.758 10303 16957 16957 D nativeloader: Load libforcedarkimpl.so using system ns (caller=/system_ext/framework/miui-framework.jar): ok
1788681090.766 10303 16957 16957 I ActivityThread: Miui Feature Init done
1788681090.781 10303 16957 16957 I Unique  : 2026-09-06 14:51:30.774 I PROCESS PROCESS_START process=com.unique:vapp0 kind=VAPP sdk=35 abi=arm64-v8a,armeabi-v7a,armeabi
1788681090.836 10303 16957 16957 I Unique  : 2026-09-06 14:51:30.836 I HOOK HIDDEN_API_GRANTED via=HiddenApiBypass
1788681090.840 10303 16957 16957 D nativeloader: Load /data/app/~~uSPrrBDnPbh7oiSxSbJTTw==/com.unique-Tvl4u3f1WcQMODM0rNq5rg==/base.apk!/lib/arm64-v8a/libunique_native.so using class loader ns clns-7 (caller=/data/app/~~uSPrrBDnPbh7oiSxSbJTTw==/com.unique-Tvl4u3f1WcQMODM0rNq5rg==/base.apk): ok
1788681090.840 10303 16957 16957 I UniqueNative: libunique_native loaded (page size 4096)
1788681090.841 10303 16957 16957 I Unique  : 2026-09-06 14:51:30.841 I LAUNCH INTERCEPTOR_INSTALLED executeTransaction=159
1788681090.842 10303 16957 16957 I Unique  : 2026-09-06 14:51:30.842 I PROCESS VAPP_READY slot=0
1788681090.844 10303 16957 16957 I Unique  : 2026-09-06 14:51:30.843 I PROCESS STUB_PROVIDER_CREATED slot=0
1788681090.856 10303 16957 16957 D Unique  : 2026-09-06 14:51:30.855 D LAUNCH CALLBACK_ALIVE what=164 obj=java.lang.String
1788681090.857 10303 16957 16957 D Unique  : 2026-09-06 14:51:30.856 D LAUNCH CALLBACK_ALIVE what=159 obj=android.app.servertransaction.ClientTransaction
1788681090.887 10303 16957 16957 I Unique  : 2026-09-06 14:51:30.886 I PROCESS PROCESS_RENAMED argv0=bin.mt.plus
1788681091.002 10303 16957 16957 W om.unique:vapp0: This dex file is invalid and will be rejected in the future. Error is: Constructor 25796(Ll/֨;.<clinit>) must not be abstract or native
1788681091.002 10303 16957 16957 W om.unique:vapp0: This dex file is invalid and will be rejected in the future. Error is: Constructor 25826(Ll/֨֡ۨ;.<init>) must not be abstract or native
1788681091.002 10303 16957 16957 W om.unique:vapp0: This dex file is invalid and will be rejected in the future. Error is: Constructor 26194(Ll/֨ܺ;.<clinit>) must not be abstract or native
1788681091.002 10303 16957 16957 W om.unique:vapp0: This dex file is invalid and will be rejected in the future. Error is: Constructor 26593(Ll/֫ܰܺ;.<clinit>) must not be abstract or native
1788681091.002 10303 16957 16957 W om.unique:vapp0: This dex file is invalid and will be rejected in the future. Error is: Constructor 58193(Ll/ᩴ۫ܿ;.<init>) must not be abstract or native
1788681091.002 10303 16957 16957 W om.unique:vapp0: This dex file is invalid and will be rejected in the future. Error is: Constructor 58194(Ll/ᩴ۫ܿ;.<init>) must not be abstract or native
1788681091.002 10303 16957 16957 W om.unique:vapp0: This dex file is invalid and will be rejected in the future. Error is: Constructor 26687(Ll/֫ᩴ᩵;.<init>) must not be abstract or native
1788681091.002 10303 16957 16957 W om.unique:vapp0: This dex file is invalid and will be rejected in the future. Error is: Constructor 27561(Ll/ۗۢ;.<clinit>) must not be abstract or native
1788681091.002 10303 16957 16957 W om.unique:vapp0: This dex file is invalid and will be rejected in the future. Error is: Constructor 27600(Ll/ۗۤ;.<clinit>) must not be abstract or native
1788681091.002 10303 16957 16957 W om.unique:vapp0: This dex file is invalid and will be rejected in the future. Error is: Constructor 27637(Ll/ۗۨ;.<clinit>) must not be abstract or native
1788681091.002 10303 16957 16957 W om.unique:vapp0: This dex file is invalid and will be rejected in the future. Error is: Constructor 27674(Ll/ۗ۬;.<clinit>) must not be abstract or native
1788681091.002 10303 16957 16957 W om.unique:vapp0: This dex file is invalid and will be rejected in the future. Error is: Constructor 27926(Ll/ۗ᩶;.<clinit>) must not be abstract or native
1788681091.002 10303 16957 16957 W om.unique:vapp0: This dex file is invalid and will be rejected in the future. Error is: Constructor 28163(Ll/ۘ۟;.<clinit>) must not be abstract or native
1788681091.002 10303 16957 16957 W om.unique:vapp0: This dex file is invalid and will be rejected in the future. Error is: Constructor 28211(Ll/ۘۢ;.<clinit>) must not be abstract or native
1788681091.002 10303 16957 16957 W om.unique:vapp0: This dex file is invalid and will be rejected in the future. Error is: Constructor 28763(Ll/ۘ᩺;.<clinit>) must not be abstract or native
1788681091.002 10303 16957 16957 W om.unique:vapp0: This dex file is invalid and will be rejected in the future. Error is: Constructor 28818(Ll/ۙ֨;.<clinit>) must not be abstract or native
1788681091.002 10303 16957 16957 W om.unique:vapp0: This dex file is invalid and will be rejected in the future. Error is: Constructor 29063(Ll/ۙ۠;.<clinit>) must not be abstract or native
1788681091.002 10303 16957 16957 W om.unique:vapp0: This dex file is invalid and will be rejected in the future. Error is: Constructor 29219(Ll/ۙܺܶ;.<init>) must not be abstract or native
1788681091.002 10303 16957 16957 W om.unique:vapp0: This dex file is invalid and will be rejected in the future. Error is: Constructor 29252(Ll/ۙܿ;.<clinit>) must not be abstract or native
1788681091.002 10303 16957 16957 W om.unique:vapp0: This dex file is invalid and will be rejected in the future. Error is: Constructor 29545(Ll/ۚۚ;.<clinit>) must not be abstract or native
1788681091.002 10303 16957 16957 W om.unique:vapp0: This dex file is invalid and will be rejected in the future. Error is: Constructor 29836(Ll/ۚܰܺ;.<init>) must not be abstract or native
1788681091.002 10303 16957 16957 W om.unique:vapp0: This dex file is invalid and will be rejected in the future. Error is: Constructor 29837(Ll/ۚܰܺ;.<init>) must not be abstract or native
1788681091.002 10303 16957 16957 W om.unique:vapp0: This dex file is invalid and will be rejected in the future. Error is: Constructor 29971(Ll/ۚܿ;.<clinit>) must not be abstract or native
1788681091.002 10303 16957 16957 W om.unique:vapp0: This dex file is invalid and will be rejected in the future. Error is: Constructor 31567(Ll/۟᩸;.<clinit>) must not be abstract or native
1788681091.002 10303 16957 16957 W om.unique:vapp0: This dex file is invalid and will be rejected in the future. Error is: Constructor 31640(Ll/۟᩻ۨ;.<clinit>) must not be abstract or native
1788681091.002 10303 16957 16957 W om.unique:vapp0: This dex file is invalid and will be rejected in the future. Error is: Constructor 31669(Ll/۠֡ۨ;.<init>) must not be abstract or native
1788681091.002 10303 16957 16957 W om.unique:vapp0: This dex file is invalid and will be rejected in the future. Error is: Constructor 31786(Ll/۠ۛۧ;.<init>) must not be abstract or native
1788681091.003 10303 16957 16957 W om.unique:vapp0: This dex file is invalid and will be rejected in the future. Error is: Constructor 35575(Ll/ۡۧ;.<clinit>) must not be abstract or native
1788681091.003 10303 16957 16957 W om.unique:vapp0: This dex file is invalid and will be rejected in the future. Error is: Constructor 37542(Ll/ۢ;.<clinit>) must not be abstract or native
1788681091.003 10303 16957 16957 W om.unique:vapp0: This dex file is invalid and will be rejected in the future. Error is: Constructor 58775(Ll/᩵ۧ;.<clinit>) must not be abstract or native
1788681091.005 10303 16957 16957 W om.unique:vapp0: This dex file is invalid and will be rejected in the future. Error is: Constructor 41464(Ll/ۤۚ;.<clinit>) must not be abstract or native
1788681091.006 10303 16957 16957 W om.unique:vapp0: This dex file is invalid and will be rejected in the future. Error is: Constructor 41779(Ll/ۤ۟;.<clinit>) must not be abstract or native
1788681091.006 10303 16957 16957 W om.unique:vapp0: This dex file is invalid and will be rejected in the future. Error is: Constructor 42781(Ll/ۤܽ;.<clinit>) must not be abstract or native
1788681091.006 10303 16957 16957 W om.unique:vapp0: This dex file is invalid and will be rejected in the future. Error is: Constructor 53921(Ll/ܰۛ;.<clinit>) must not be abstract or native
1788681091.006 10303 16957 16957 W om.unique:vapp0: This dex file is invalid and will be rejected in the future. Error is: Constructor 59830(Ll/᩷۠;.<clinit>) must not be abstract or native
1788681091.007 10303 16957 16957 W om.unique:vapp0: This dex file is invalid and will be rejected in the future. Error is: Constructor 49747(Ll/۫;.<clinit>) must not be abstract or native
1788681091.008 10303 16957 16957 W om.unique:vapp0: This dex file is invalid and will be rejected in the future. Error is: Constructor 52612(Ll/۬;.<clinit>) must not be abstract or native
1788681091.008 10303 16957 16957 W om.unique:vapp0: This dex file is invalid and will be rejected in the future. Error is: Constructor 53434(Ll/۬ۨ;.<clinit>) must not be abstract or native
1788681091.008 10303 16957 16957 W om.unique:vapp0: This dex file is invalid and will be rejected in the future. Error is: Constructor 53480(Ll/۬۬;.<clinit>) must not be abstract or native
1788681091.008 10303 16957 16957 W om.unique:vapp0: This dex file is invalid and will be rejected in the future. Error is: Constructor 53693(Ll/ܰ;.<clinit>) must not be abstract or native
1788681091.008 10303 16957 16957 W om.unique:vapp0: This dex file is invalid and will be rejected in the future. Error is: Constructor 54097(Ll/ܰۢ;.<clinit>) must not be abstract or native
1788681091.008 10303 16957 16957 W om.unique:vapp0: This dex file is invalid and will be rejected in the future. Error is: Constructor 54365(Ll/ܰ᩷ܶ;.<init>) must not be abstract or native
1788681091.008 10303 16957 16957 W om.unique:vapp0: This dex file is invalid and will be rejected in the future. Error is: Constructor 54501(Ll/ܳۚ;.<clinit>) must not be abstract or native
1788681091.008 10303 16957 16957 W om.unique:vapp0: This dex file is invalid and will be rejected in the future. Error is: Constructor 54537(Ll/ܳۛ;.<clinit>) must not be abstract or native
1788681091.008 10303 16957 16957 W om.unique:vapp0: This dex file is invalid and will be rejected in the future. Error is: Constructor 55382(Ll/ܶᩴ;.<clinit>) must not be abstract or native
1788681091.008 10303 16957 16957 W om.unique:vapp0: This dex file is invalid and will be rejected in the future. Error is: Constructor 55425(Ll/ܶ᩵;.<clinit>) must not be abstract or native
1788681091.008 10303 16957 16957 W om.unique:vapp0: This dex file is invalid and will be rejected in the future. Error is: Constructor 55966(Ll/ܺܺܶ;.<init>) must not be abstract or native
1788681091.008 10303 16957 16957 W om.unique:vapp0: This dex file is invalid and will be rejected in the future. Error is: Constructor 56171(Ll/ܽ;.<clinit>) must not be abstract or native
1788681091.008 10303 16957 16957 W om.unique:vapp0: This dex file is invalid and will be rejected in the future. Error is: Constructor 56332(Ll/ܽ۟;.<clinit>) must not be abstract or native
1788681091.008 10303 16957 16957 W om.unique:vapp0: This dex file is invalid and will be rejected in the future. Error is: Constructor 56375(Ll/ܽۡ;.<clinit>) must not be abstract or native
1788681091.008 10303 16957 16957 W om.unique:vapp0: This dex file is invalid and will be rejected in the future. Error is: Constructor 56602(Ll/ܽܽ;.<clinit>) must not be abstract or native
1788681091.008 10303 16957 16957 W om.unique:vapp0: This dex file is invalid and will be rejected in the future. Error is: Constructor 56644(Ll/ܽᩳ;.<clinit>) must not be abstract or native
1788681091.008 10303 16957 16957 W om.unique:vapp0: This dex file is invalid and will be rejected in the future. Error is: Constructor 56764(Ll/ܿ֡ۧ;.<init>) must not be abstract or native
1788681091.008 10303 16957 16957 W om.unique:vapp0: This dex file is invalid and will be rejected in the future. Error is: Constructor 56947(Ll/ܿܰ;.<clinit>) must not be abstract or native
1788681091.008 10303 16957 16957 W om.unique:vapp0: This dex file is invalid and will be rejected in the future. Error is: Constructor 56986(Ll/ܿܶ;.<clinit>) must not be abstract or native
1788681091.008 10303 16957 16957 W om.unique:vapp0: This dex file is invalid and will be rejected in the future. Error is: Constructor 57078(Ll/ܿᩴۚ;.<clinit>) must not be abstract or native
1788681091.008 10303 16957 16957 W om.unique:vapp0: This dex file is invalid and will be rejected in the future. Error is: Constructor 57079(Ll/ܿᩴۚ;.<init>) must not be abstract or native
1788681091.008 10303 16957 16957 W om.unique:vapp0: This dex file is invalid and will be rejected in the future. Error is: Constructor 57203(Ll/ᩳ;.<clinit>) must not be abstract or native
1788681091.008 10303 16957 16957 W om.unique:vapp0: This dex file is invalid and will be rejected in the future. Error is: Constructor 58418(Ll/ᩴᩴ;.<clinit>) must not be abstract or native
1788681091.008 10303 16957 16957 W om.unique:vapp0: This dex file is invalid and will be rejected in the future. Error is: Constructor 58601(Ll/᩵ۙ֫;.<init>) must not be abstract or native
1788681091.008 10303 16957 16957 W om.unique:vapp0: This dex file is invalid and will be rejected in the future. Error is: Constructor 59316(Ll/᩶۠;.<clinit>) must not be abstract or native
1788681091.008 10303 16957 16957 W om.unique:vapp0: This dex file is invalid and will be rejected in the future. Error is: Constructor 59802(Ll/᩷۟;.<clinit>) must not be abstract or native
1788681091.008 10303 16957 16957 W om.unique:vapp0: This dex file is invalid and will be rejected in the future. Error is: Constructor 60057(Ll/᩷ܺܶ;.<init>) must not be abstract or native
1788681091.008 10303 16957 16957 W om.unique:vapp0: This dex file is invalid and will be rejected in the future. Error is: Constructor 60258(Ll/᩸ۖ;.<clinit>) must not be abstract or native
1788681091.008 10303 16957 16957 W om.unique:vapp0: This dex file is invalid and will be rejected in the future. Error is: Constructor 60419(Ll/᩸۟;.<clinit>) must not be abstract or native
1788681091.008 10303 16957 16957 W om.unique:vapp0: This dex file is invalid and will be rejected in the future. Error is: Constructor 60595(Ll/᩸ܰܺ;.<init>) must not be abstract or native
1788681091.008 10303 16957 16957 W om.unique:vapp0: This dex file is invalid and will be rejected in the future. Error is: Constructor 61160(Ll/᩹ܺ;.<clinit>) must not be abstract or native
1788681091.008 10303 16957 16957 W om.unique:vapp0: This dex file is invalid and will be rejected in the future. Error is: Constructor 62426(Ll/᩻᩷;.<clinit>) must not be abstract or native
1788681091.008 10303 16957 16957 W om.unique:vapp0: This dex file is invalid and will be rejected in the future. Error is: Constructor 62497(Ll/᩻᩹;.<clinit>) must not be abstract or native
1788681091.355 10303 16957 16957 D nativeloader: Configuring clns-8 for other apk /data/user/0/com.unique/files/virtual/apk/bin.mt.plus/26081193/base.apk. target_sdk_version=28, uses_libraries=, library_path=/data/user/0/com.unique/files/virtual/apk/bin.mt.plus/26081193/lib/arm64-v8a:/data/user/0/com.unique/files/virtual/apk/bin.mt.plus/26081193/base.apk!/lib/arm64-v8a, permitted_path=/data:/mnt/expand:/data/user/0/com.unique/files/virtual/users/0/data/bin.mt.plus
1788681091.355 10303 16957 16957 D nativeloader: Extending system_exposed_libraries: libapuwareapusys.mtk.so:libapuwareapusys_v2.mtk.so:libapuwarexrp.mtk.so:libapuwarexrp_v2.mtk.so:libapuwareutils.mtk.so:libapuwareutils_v2.mtk.so:libapuwarehmp.mtk.so:libneuron_graph_delegate.mtk.so:libneuronusdk_adapter.mtk.so:libtflite_mtk.mtk.so:libarmnn_ndk.mtk.so:libcmdl_ndk.mtk.so:libnir_neon_driver_ndk.mtk.so:libmvpu_runtime.mtk.so:libmvpu_runtime_pub.mtk.so:libmvpu_engine_pub.mtk.so:libmvpu_pattern_pub.mtk.so:libmvpuop_mtk_cv.mtk.so:libmvpuop_mtk_nn.mtk.so:libmvpu_runtime_25.mtk.so:libmvpu_runtime_25_pub.mtk.so:libmvpu_engine_25_pub.mtk.so:libmvpu_pattern_25_pub.mtk.so:libmvpuop25_mtk_cv.mtk.so:libmvpuop25_mtk_nn.mtk.so:libmvpu_config.mtk.so:libteeservice_client.trustonic.so:libmisys_jni.xiaomi.so:libpag.hyperos.so:libffavc.hyperos.so
1788681091.363 10303 16957 16957 I Unique  : 2026-09-06 14:51:31.362 I PROCESS PROFILE_BOUND profile=498f0d62-0755-4045-98e3-248748281fba androidId=63dd358f3e859146 generation=1
1788681091.364 10303 16957 16957 I Unique  : 2026-09-06 14:51:31.364 I PROCESS BUILD_OVERRIDES_APPLIED applied=1 requested=1
1788681091.365 10303 16957 16957 I Unique  : 2026-09-06 14:51:31.365 I LAUNCH PROFILE_BOUND profileId=498f0d62-0755-4045-98e3-248748281fba generation=1
1788681091.371 10303 16957 16957 I Unique  : 2026-09-06 14:51:31.370 I PROCESS PERMISSION_CACHE_DISABLED disabled=disablePackageNamePermissionCache,disablePermissionCache,disableApplicationInfoCache,disablePackageInfoCache,disableGetPackagesForUidCache failed=android.app.ActivityManager: no disable*Cache()
1788681091.378 10303 16957 16957 I Unique  : 2026-09-06 14:51:31.377 I PROCESS PERMISSIONS_BOUND package=bin.mt.plus vuid=0 declared=25 restored=0 runtime=3 installTime=22 selfDefined=1
1788681091.388 10303 16957 16957 I Unique  : 2026-09-06 14:51:31.387 I HOOK SERVICE_HOOKED service=package cache=true singletons=1 bound=permissionCheck,getActivityInfo,applicationEnabledSetting,getApplicationInfo,componentEnabledSetting,installedPackages,getInstallerPackageName,getNameForUid,getPackageUid,getPackageInfo,getPackagesForUid,getProviderInfo,getReceiverInfo,getServiceInfo,queryIntent,resolveContentProvider,resolveIntent matched=permissionCheck=checkPermission+checkUidPermission,getActivityInfo,applicationEnabledSetting=getApplicationEnabledSetting+setApplicationEnabledSetting,getApplicationInfo,componentEnabledSetting=getComponentEnabledSetting+setComponentEnabledSetting,installedPackages=getInstalledApplications+getInstalledPackages,getInstallerPackageName,getNameForUid,getPackageUid=getPackageGids+getPackageUid,getPack
1788681091.389 10303 16957 16957 I Unique  : 2026-09-06 14:51:31.388 I LAUNCH VPM_HOOK_INSTALLED package=bin.mt.plus bound=permissionCheck,getActivityInfo,applicationEnabledSetting,getApplicationInfo,componentEnabledSetting,installedPackages,getInstallerPackageName,getNameForUid,getPackageUid,getPackageInfo,getPackagesForUid,getProviderInfo,getReceiverInfo,getServiceInfo,queryIntent,resolveContentProvider,resolveIntent
1788681091.402 10303 16957 16957 I Unique  : 2026-09-06 14:51:31.401 I HOOK SERVICE_HOOKED service=activity cache=true singletons=1 bound=serviceDispatch,callerIdentity,permissionCheck,getContentProvider,intentSender,runningProcesses,registerReceiver,foregroundService matched=serviceDispatch=bindService+bindServiceInstance+peekService+publishService+startService+stopService+unbindFinished,callerIdentity=broadcastIntent+broadcastIntentWithFeature+getBindingUidProcessState+getContentProviderExternal+getHistoricalProcessExitReasons+getHistoricalProcessStartReasons+getPackageProcessState+getTagForIntentSender+getUidLastIdleElapsedTime+getUidProcessCapabilities+getUidProces
1788681091.403 10303 16957 16957 I Unique  : 2026-09-06 14:51:31.402 I LAUNCH VAM_HOOK_INSTALLED package=bin.mt.plus host=com.unique methods=8 matched=serviceDispatch=bindService+bindServiceInstance+peekService+publishService+startService+stopService+unbindFinished,callerIdentity=broadcastIntent+broadcastIntentWithFeature+getBindingUidProcessState+getContentProviderExternal+getHistoricalProcessExitReasons+getHistoricalProcessStartReasons+getPackageProcessState+getTagForIntentSender+getUidLastIdleElapsedTime+getUidProcessCapabilities+getUidProcessState+grantUriPermission+isBackgroundRestricted+isUidActive+moveTaskToFront+revokeUriPermission+sendIntentSender+startActivity+startActivityAsUser+startActivityAsUserWithFeature+startActivityWithFeature,permissionCheck=checkPermission+checkPermissionForDevice,getContentProvider,intentSender=getIntentSender+getIntentSenderWithFeature,runningProcesses=getRunningAppProcesses+getServices,registerReceiver=registerReceiver+registerReceiverWithFeature,foregroundService=setServiceForeground
1788681091.410 10303 16957 16957 I Unique  : 2026-09-06 14:51:31.409 I HOOK SERVICE_HOOKED service=activity_task cache=true singletons=1 bound=activityStart matched=activityStart=startActivities+startActivity+startActivityAndWait+startActivityAsCaller+startActivityAsUser+startActivityFromGameSession+startActivityIntentSender+startActivityWithConfig
1788681091.410 10303 16957 16957 I Unique  : 2026-09-06 14:51:31.410 I LAUNCH ATM_HOOK_INSTALLED package=bin.mt.plus host=com.unique matched=activityStart=startActivities+startActivity+startActivityAndWait+startActivityAsCaller+startActivityAsUser+startActivityFromGameSession+startActivityIntentSender+startActivityWithConfig
1788681091.412 10303 16957 16957 I Unique  : 2026-09-06 14:51:31.412 I HOOK SERVICE_HOOKED service=permissionmgr cache=true singletons=1 bound=shouldShowRequestPermissionRationale matched=shouldShowRequestPermissionRationale
1788681091.413 10303 16957 16957 I Unique  : 2026-09-06 14:51:31.412 I HOOK PERMISSION_MANAGER_HOOKED matched=shouldShowRequestPermissionRationale
1788681091.417 10303 16957 16957 I Unique  : 2026-09-06 14:51:31.415 I HOOK SERVICE_HOOKED service=appops cache=true singletons=0 bound=appOpIdentity matched=appOpIdentity=checkAudioOperation+checkOperation+checkOperationForDevice+checkOperationRaw+checkOperationRawForDevice+checkPackage+collectNoteOpCallsForValidation+extractAsyncOps+finishOperation+finishOperationForDevice+getHistoricalOps+getHistoricalOpsFromDiskRaw+getOpsForPackage+getPackagesForOpsForDevice+isOperationActive+isProxying+noteOperation+noteOperationForDevice+noteProxyOperation+notePr
1788681091.418 10303 16957 16957 I Unique  : 2026-09-06 14:51:31.417 I HOOK APPOPS_HOOKED package=bin.mt.plus host=com.unique matched=appOpIdentity=checkAudioOperation+checkOperation+checkOperationForDevice+checkOperationRaw+checkOperationRawForDevice+checkPackage+collectNoteOpCallsForValidation+extractAsyncOps+finishOperation+finishOperationForDevice+getHistoricalOps+getHistoricalOpsFromDiskRaw+getOpsForPackage+getPackagesForOpsForDevice+isOperationActive+isProxying+noteOperation+noteOperationForDevice+noteProxyOperation+notePr
1788681091.431 10303 16957 16957 I Unique  : 2026-09-06 14:51:31.430 I PROCESS SETTINGS_CACHES_PRIMED wrappedByHand=0 alreadyWrapped=3 empty=1
1788681091.432 10303 16957 16957 I Unique  : 2026-09-06 14:51:31.432 I PROCESS PROVIDER_CACHES_EVICTED activityThreadProviders=2 providerRefCounts=1 settingsCaches=4 settingsWrapped=3 hostSource=com.unique hostSourceUid=10303
1788681091.433 10303 16957 16957 W nsconfig: bin.mt.plus: New config does not match the previously set config.
1788681091.444 10303 16957 16957 D nativeloader: Load /data/user/0/com.unique/files/virtual/apk/bin.mt.plus/26081193/lib/arm64-v8a/libmtprotect.so using class loader ns clns-8 (caller=/data/user/0/com.unique/files/virtual/apk/bin.mt.plus/26081193/base.apk!classes2.dex): ok
1788681091.446 10303 16957 16957 W om.unique:vapp0: Unsupported class loader: java.lang.Class<l.᩶۠᩵>
1788681091.490 10303 16957 16957 W om.unique:vapp0: Unsupported class loader: java.lang.Class<l.᩶۠᩵>
1788681091.490 10303 16957 16957 W om.unique:vapp0: Unsupported class loader: java.lang.Class<l.᩶۠᩵>
1788681091.495 10303 16957 16957 E om.unique:vapp0: No implementation found for void l.ۢ.<clinit>() (tried Java_l__006e2__0003cclinit_0003e and Java_l__006e2__0003cclinit_0003e__) - is the library loaded, e.g. System.loadLibrary?
1788681091.507 10303 16957 16957 E Unique  : 2026-09-06 14:51:31.505 E LAUNCH BOOTSTRAP_FAILED package=bin.mt.plus vuid=0 code=NO_APPLICATION message=could not create l.֫ۙۚ from /data/user/0/com.unique/files/virtual/apk/bin.mt.plus/26081193/base.apk: makeApplicationInner/2: java.lang.reflect.InvocationTargetException <- java.lang.UnsatisfiedLinkError: No implementation found for void l.ۢ.<clinit>() (tried Java_l__006e2__0003cclinit_0003e and Java_l__006e2__0003cclinit_0003e__) - is the library loaded, e.g. System.loadLibrary?; makeApplicationInner/3: java.lang.reflect.InvocationTargetException <- java.lang.NoClassDefFoundError: l.֫ۙۚ <- java.lang.UnsatisfiedLinkError: No implementation found for void l.ۢ.<clinit>() (tried Java_l__006e2__0003cclinit_0003e and Java_l__006e2__0003cclinit_0003e__) - is the library loaded, e.g. System.loadLibrary?; makeApplication/2: java.lang.reflect.InvocationTargetException <- java.lang.NoClassDefFoundError: l.֫ۙۚ <- java.lang.UnsatisfiedLinkError: No implementation found for void l.ۢ.<clinit>() (tried Java_l__006e2__0003cclinit_0003e and Java_l__006e2__0003cclinit_0003e__) - is the library loaded, e.g. System.loadLibrary?
1788681091.512 10303 16957 16957 I ActivityThread: HardwareRenderer preload  done
1788681091.539 10303 16957 16993 E om.unique:vapp0: setpriority success to 100 : mali-cmar-backend
1788681091.541 10303 16957 16957 E Unique  : 2026-09-06 14:51:31.540 E LAUNCH ACTIVITY_HANDOFF_DID_NOT_HAPPEN slot=0 vuid=0 component=bin.mt.plus.MainNoBgIcon interceptorInstalled=true
1788681091.561 10303 16957 16957 W libc    : Access denied finding property "persist.vendor.camera.IsVariableApertureSupported"
1788681091.561 10303 16957 16957 W libc    : Access denied finding property "persist.vendor.camera.IsStreetModeSupported"
1788681091.570 10303 16957 16957 D Unique  : 2026-09-06 14:51:31.570 D LAUNCH CALLBACK_ALIVE what=159 obj=android.app.servertransaction.ClientTransaction
1788681091.571 10303 16957 16957 D Unique  : 2026-09-06 14:51:31.571 D LAUNCH NO_LAUNCH_ITEM transaction=android.app.servertransaction.ClientTransaction shape=CREATOR: mActivityCallbacks:[TopResumedActivityChangeItem] mActivityToken:BinderProxy mClient:null mLifecycleStateRequest:null mTransactionItems:[TopResumedActivityChangeItem] seen=2
1788681091.572 10303 16957 16957 D Unique  : 2026-09-06 14:51:31.571 D LAUNCH CALLBACK_ALIVE what=149 obj=android.os.BinderProxy
1788681091.573 10303 16957 16957 D Unique  : 2026-09-06 14:51:31.572 D LAUNCH NO_LAUNCH_ITEM transaction=android.app.servertransaction.ClientTransaction shape=CREATOR: mActivityCallbacks:[TopResumedActivityChangeItem] mActivityToken:BinderProxy mClient:null mLifecycleStateRequest:PauseActivityItem mTransactionItems:[TopResumedActivityChangeItem|PauseActivityItem] seen=3
1788681091.610 10303 16111 16160 E com.unique: checkIfsupportxIntfps do not binder to joyose
1788681091.800 10303 16957 16979 I Unique  : 2026-09-06 14:51:31.799 I LAUNCH SIGNATURES_LOADED package=bin.mt.plus signers=1 hasSigningInfo=true
1788681092.482 10303 16957 16957 D Unique  : 2026-09-06 14:51:32.480 D LAUNCH NO_LAUNCH_ITEM transaction=android.app.servertransaction.ClientTransaction shape=CREATOR: mActivityCallbacks:null mActivityToken:BinderProxy mClient:null mLifecycleStateRequest:DestroyActivityItem mTransactionItems:[DestroyActivityItem] seen=4
1788681092.882 10303 16111 16855 I Unique  : 2026-09-06 14:51:32.881 I PROCESS HOST_PERMISSION_REFUSED group=FILES permissions=android.permission.READ_EXTERNAL_STORAGE,android.permission.WRITE_EXTERNAL_STORAGE permanent=true
1788681094.955 10303 16957 16978 W om.unique:vapp0: Method l.ᩴܽۡ l.۫֨ۡ.ᩴ(l.ۘ֨ۡ, java.lang.String, l.ۢ᩶ۡ) failed lock verification and will run slower.
1788681094.955 10303 16957 16978 W om.unique:vapp0: Common causes for lock verification issues are non-optimized dex code
1788681094.955 10303 16957 16978 W om.unique:vapp0: and incorrect proguard optimizations.
1788681098.877 10303 16957 16978 W om.unique:vapp0: Method void l.᩻۠ۧ.ᩴ(int, int, int, java.lang.CharSequence) failed lock verification and will run slower.
1788681099.653 10303 16957 16978 W om.unique:vapp0: Verification of l.ܰۗۨ l.ܳۘܶ.ۚ() took 130.715ms (92751.19 bytecodes/s) (0B arena alloc)
1788681102.785 10303 16957 16978 W om.unique:vapp0: Verification of l.ܰۗۨ l.֨᩶ܶ.ۚ() took 166.684ms (106704.75 bytecodes/s) (0B arena alloc)
1788681104.604 10303 16957 16978 W om.unique:vapp0: Method l.ۛ᩶ۡ l.۟֨ۡ.ᩴ(l.۬֨ۡ, java.lang.String, l.ۜ᩶ۡ, java.util.Set) failed lock verification and will run slower.
1788681110.319 10303 16111 16160 E com.unique: checkIfsupportxIntfps do not binder to joyose
1788681111.236 10303 16111 16111 W WindowOnBackDispatcher: sendCancelIfRunning: isInProgress=false callback=io.flutter.embedding.android.FlutterActivity$1@e5b90ba
1788681113.380 10303 16111 16855 I Unique  : 2026-09-06 14:51:53.379 I PROCESS SLOT_PROCESS_STOPPED slot=:vapp0 pids=16957 reason=removed
1788681113.380 10303 16111 16855 I Unique  : 2026-09-06 14:51:53.380 I PROCESS PROCESS_RELEASED slot=:vapp0 reason=removed
1788681113.386 10303 16111 16111 W WindowOnBackDispatcher: sendCancelIfRunning: isInProgress=false callback=io.flutter.embedding.android.FlutterActivity$1@e5b90ba
1788681113.394 10303 16111 16133 I Unique  : 2026-09-06 14:51:53.393 I PROCESS BROADCAST_ROUTER_READY instances=0 actions=13 authorities=[redacted]
