09-04 11:59:29.967 I/Unique  (18959): 2026-09-04 11:59:29.820 I NATIVE NATIVE_LOADED pageSize=4096
09-04 11:59:37.954 I/Unique  (18959): 2026-09-04 11:59:37.899 I STORAGE PACKAGE_IMPORTED package=com.unique.probe versionCode=27 splits=1 libs=1 abi=x86_64 bytes=49772 readOnlyApks=1
09-04 12:00:11.182 I/Unique  (18985): 2026-09-04 12:00:11.006 I PROCESS STUB_PROVIDER_CREATED slot=0
09-04 12:00:12.602 I/Unique  (18985): 2026-09-04 12:00:12.552 I PROCESS PERMISSION_CACHE_DISABLED disabled=disablePermissionCache,disablePackageNamePermissionCache failed=disableAppOpCache: java.lang.IllegalStateException: no disableAppOpCache;disablePackageManagerCache: java.lang.IllegalStateException: no disablePackageManagerCache
09-04 12:00:12.834 I/Unique  (18985): 2026-09-04 12:00:12.641 I PROCESS PERMISSIONS_BOUND package=com.unique.probe vuid=0 declared=4 restored=0
09-04 12:00:13.626 I/Unique  (18985): 2026-09-04 12:00:13.570 I HOOK SERVICE_HOOKED service=package cache=true singletons=1 bound=permissionCheck,getActivityInfo,getApplicationInfo,getNameForUid,getPackageInfo,getPackagesForUid matched=permissionCheck=checkPermission+checkUidPermission,getActivityInfo,getApplicationInfo,getNameForUid,getPackageInfo,getPackagesForUid
09-04 12:00:14.945 I/Unique  (18985): 2026-09-04 12:00:14.894 I HOOK SERVICE_HOOKED service=activity cache=true singletons=1 bound=serviceDispatch,callerIdentity,permissionCheck,getContentProvider,intentSender,foregroundService matched=serviceDispatch=bindService+bindServiceInstance+peekService+publishService+startService+stopService+unbindFinished,callerIdentity=broadcastIntent+broadcastIntentWithFeature+grantUriPermission+moveTaskToFront+registerReceiver+registerReceiverWithFeature+revokeUriPermission+sendIntentSender+startActivity+startActivityAsUser+startActivityAsUserWithFeature+startActivityWithFeature,permissionCheck=chec
09-04 12:00:15.275 I/Unique  (18985): 2026-09-04 12:00:15.045 I LAUNCH VAM_HOOK_INSTALLED package=com.unique.probe host=com.unique methods=6 matched=serviceDispatch=bindService+bindServiceInstance+peekService+publishService+startService+stopService+unbindFinished,callerIdentity=broadcastIntent+broadcastIntentWithFeature+grantUriPermission+moveTaskToFront+registerReceiver+registerReceiverWithFeature+revokeUriPermission+sendIntentSender+startActivity+startActivityAsUser+startActivityAsUserWithFeature+startActivityWithFeature,permissionCheck=chec
09-04 12:00:15.738 I/Unique  (18985): 2026-09-04 12:00:15.687 I HOOK SERVICE_HOOKED service=activity_task cache=true singletons=1 bound=activityStart matched=activityStart=startActivities+startActivity+startActivityAndWait+startActivityAsCaller+startActivityAsUser+startActivityFromGameSession+startActivityIntentSender+startActivityWithConfig
09-04 12:00:15.983 I/Unique  (18985): 2026-09-04 12:00:15.751 I LAUNCH ATM_HOOK_INSTALLED package=com.unique.probe host=com.unique matched=activityStart=startActivities+startActivity+startActivityAndWait+startActivityAsCaller+startActivityAsUser+startActivityFromGameSession+startActivityIntentSender+startActivityWithConfig
09-04 12:00:16.334 I/Unique  (18985): 2026-09-04 12:00:16.215 I HOOK SERVICE_HOOKED service=permissionmgr cache=true singletons=0 bound=shouldShowRequestPermissionRationale matched=shouldShowRequestPermissionRationale
09-04 12:00:16.543 I/Unique  (18985): 2026-09-04 12:00:16.353 I HOOK PERMISSION_MANAGER_HOOKED matched=shouldShowRequestPermissionRationale
09-04 12:00:17.034 I/Unique  (18985): 2026-09-04 12:00:16.985 I HOOK SERVICE_HOOKED service=appops cache=true singletons=0 bound=appOpIdentity matched=appOpIdentity=checkAudioOperation+checkOperation+checkOperationRaw+checkPackage+collectNoteOpCallsForValidation+extractAsyncOps+finishOperation+getHistoricalOps+getHistoricalOpsFromDiskRaw+getOpsForPackage+isOperationActive+isProxying+noteOperation+noteProxyOperation+permissionToOpCode+reportRuntimeAppOpAccessMessageAndGetConfig+resetPackageOpsNoHistory+startOperation+startProxyOperation+startWatc
09-04 12:00:17.293 I/Unique  (18985): 2026-09-04 12:00:17.043 I HOOK APPOPS_HOOKED package=com.unique.probe host=com.unique matched=appOpIdentity=checkAudioOperation+checkOperation+checkOperationRaw+checkPackage+collectNoteOpCallsForValidation+extractAsyncOps+finishOperation+getHistoricalOps+getHistoricalOpsFromDiskRaw+getOpsForPackage+isOperationActive+isProxying+noteOperation+noteProxyOperation+permissionToOpCode+reportRuntimeAppOpAccessMessageAndGetConfig+resetPackageOpsNoHistory+startOperation+startProxyOperation+startWatc
09-04 12:00:18.120 I/UniqueProbe(18985): Application.onCreate package=com.unique.probe class=com.unique.probe.ProbeApplication filesDir=/data/user/0/com.unique/files/virtual/users/0/data/com.unique.probe/files
09-04 12:00:18.205 I/UniqueProbe(18985): Provider.onCreate package=com.unique.probe
09-04 12:00:18.390 I/Unique  (18985): 2026-09-04 12:00:18.236 I PROCESS PROVIDERS_PUBLISHED package=com.unique.probe declared=1 authorities=com.unique.probe.provider
09-04 12:00:18.696 I/Unique  (18985): 2026-09-04 12:00:18.497 I HOOK SERVICE_HOOKED service=alarm cache=true singletons=0 bound=callerPackage matched=callerPackage=canScheduleExactAlarms+hasScheduleExactAlarm+removeAll+set+setTimeZone
09-04 12:00:18.877 I/Unique  (18985): 2026-09-04 12:00:18.775 I HOOK IDENTITY_HOOK_INSTALLED service=alarm package=com.unique.probe matched=callerPackage=canScheduleExactAlarms+hasScheduleExactAlarm+removeAll+set+setTimeZone
09-04 12:00:19.171 I/Unique  (18985): 2026-09-04 12:00:19.075 I HOOK SERVICE_HOOKED service=clipboard cache=true singletons=0 bound=callerPackage matched=callerPackage=addPrimaryClipChangedListener+clearPrimaryClip+getPrimaryClip+getPrimaryClipDescription+getPrimaryClipSource+hasClipboardText+hasPrimaryClip+removePrimaryClipChangedListener+setPrimaryClip+setPrimaryClipAsPackage
09-04 12:00:19.407 I/Unique  (18985): 2026-09-04 12:00:19.214 I HOOK IDENTITY_HOOK_INSTALLED service=clipboard package=com.unique.probe matched=callerPackage=addPrimaryClipChangedListener+clearPrimaryClip+getPrimaryClip+getPrimaryClipDescription+getPrimaryClipSource+hasClipboardText+hasPrimaryClip+removePrimaryClipChangedListener+setPrimaryClip+setPrimaryClipAsPackage
09-04 12:00:19.959 W/Unique  (18985): 2026-09-04 12:00:19.630 W PROCESS ALARM_EXACT_UNAVAILABLE detail=UNIQUE does not hold SCHEDULE_EXACT_ALARM; a guest asking for an exact alarm will get the platform's SecurityException
09-04 12:00:20.347 I/Unique  (18985): 2026-09-04 12:00:20.301 I HOOK SERVICE_HOOKED service=jobscheduler cache=true singletons=0 bound=jobById,scheduleJob,pendingJobs matched=jobById=cancel+getPendingJob+getPendingJobReason,scheduleJob=enqueue+schedule+scheduleAsPackage,pendingJobs=getAllPendingJobs+getAllPendingJobsInNamespace
09-04 12:00:20.561 I/Unique  (18985): 2026-09-04 12:00:20.471 I HOOK JOB_HOOKED package=com.unique.probe slot=0 matched=jobById=cancel+getPendingJob+getPendingJobReason,scheduleJob=enqueue+schedule+scheduleAsPackage,pendingJobs=getAllPendingJobs+getAllPendingJobsInNamespace
09-04 12:00:21.253 I/Unique  (18985): 2026-09-04 12:00:21.211 I HOOK SERVICE_HOOKED service=notification cache=true singletons=0 bound=notificationIdentity,enqueue,channels matched=notificationIdentity=addAutomaticZenRule+areBubblesAllowed+areNotificationsEnabled+areNotificationsEnabledForPackage+canNotifyAsPackage+canShowBadge+cancelAllNotifications+cancelNotificationFromListener+cancelToast+clearData+deleteNotificationHistoryItem+enqueueTextToast+enqueueToast+finishToken+getActiveNotifications+getActiveNotificationsWithAttribution+getAllowedAssistantAdjustments+getAppActiv
09-04 12:00:21.518 I/Unique  (18985): 2026-09-04 12:00:21.320 I HOOK NOTIFICATION_HOOKED package=com.unique.probe vuid=0 matched=notificationIdentity=addAutomaticZenRule+areBubblesAllowed+areNotificationsEnabled+areNotificationsEnabledForPackage+canNotifyAsPackage+canShowBadge+cancelAllNotifications+cancelNotificationFromListener+cancelToast+clearData+deleteNotificationHistoryItem+enqueueTextToast+enqueueToast+finishToken+getActiveNotifications+getActiveNotificationsWithAttribution+getAllowedAssistantAdjustments+getAppActiv
09-04 12:00:21.752 I/Unique  (18985): 2026-09-04 12:00:21.686 I PROCESS RECEIVERS_REGISTERED package=com.unique.probe declared=1 registered=1 actions=com.unique.probe.ProbeReceiver#com.unique.probe.PING exported=0
09-04 12:00:22.114 I/Unique  (18985): 2026-09-04 12:00:21.984 I LAUNCH u0 com.unique.probe TRANSACTION_REWRITTEN package=com.unique.probe activity=com.unique.probe.ProbeActivity vuid=0 item=LaunchActivityItem theme=0
09-04 12:00:23.850 I/UniqueProbe(18985): wrote /data/user/0/com.unique/files/virtual/users/0/data/com.unique.probe/files/probe-result.properties
09-04 12:00:23.851 I/UniqueProbe(18985): packageName=com.unique.probe
09-04 12:00:23.889 I/UniqueProbe(18985): applicationClass=com.unique.probe.ProbeApplication
09-04 12:00:23.891 I/UniqueProbe(18985): applicationOnCreateRan=true
09-04 12:00:23.893 I/UniqueProbe(18985): applicationBeforeActivity=true
09-04 12:00:23.894 I/UniqueProbe(18985): activityClass=com.unique.probe.ProbeActivity
09-04 12:00:23.895 I/UniqueProbe(18985): componentName=com.unique.probe/com.unique.probe.ProbeActivity
09-04 12:00:23.895 I/UniqueProbe(18985): pid=18985
09-04 12:00:23.898 I/UniqueProbe(18985): taskId=134
09-04 12:00:23.899 I/UniqueProbe(18985): uid=10109
09-04 12:00:23.921 I/UniqueProbe(18985): dataDir=/data/user/0/com.unique/files/virtual/users/0/data/com.unique.probe
09-04 12:00:23.922 I/UniqueProbe(18985): filesDir=/data/user/0/com.unique/files/virtual/users/0/data/com.unique.probe/files
09-04 12:00:23.961 I/UniqueProbe(18985): cacheDir=/data/user/0/com.unique/files/virtual/users/0/data/com.unique.probe/cache
09-04 12:00:23.962 I/UniqueProbe(18985): codeCacheDir=/data/user/0/com.unique/files/virtual/users/0/data/com.unique.probe/code_cache
09-04 12:00:23.963 I/UniqueProbe(18985): packageCodePath=/data/user/0/com.unique/files/virtual/apk/com.unique.probe/27/base.apk
09-04 12:00:23.984 I/UniqueProbe(18985): packageResourcePath=/data/user/0/com.unique/files/virtual/apk/com.unique.probe/27/base.apk
09-04 12:00:23.986 I/UniqueProbe(18985): appInfoDataDir=/data/user/0/com.unique/files/virtual/users/0/data/com.unique.probe
09-04 12:00:23.987 I/UniqueProbe(18985): appInfoSourceDir=/data/user/0/com.unique/files/virtual/apk/com.unique.probe/27/base.apk
09-04 12:00:24.005 I/UniqueProbe(18985): appInfoNativeLibraryDir=/data/user/0/com.unique/files/virtual/apk/com.unique.probe/27/lib/x86_64
09-04 12:00:24.026 I/UniqueProbe(18985): targetSdk=34
09-04 12:00:24.027 I/UniqueProbe(18985): launchCount=1
09-04 12:00:24.065 I/UniqueProbe(18985): sharedPrefsFile=/data/user/0/com.unique/files/virtual/users/0/data/com.unique.probe/shared_prefs/probe.xml
09-04 12:00:24.067 I/UniqueProbe(18985): fileLineCount=1
09-04 12:00:24.121 I/UniqueProbe(18985): filePath=/data/user/0/com.unique/files/virtual/users/0/data/com.unique.probe/files/launches.log
09-04 12:00:24.122 I/UniqueProbe(18985): dbRowCount=1
09-04 12:00:24.153 I/UniqueProbe(18985): dbPath=/data/user/0/com.unique/files/virtual/users/0/data/com.unique.probe/databases/probe.db
09-04 12:00:47.966 I/Unique  (19022): 2026-09-04 12:00:47.799 I PROCESS STUB_PROVIDER_CREATED slot=0
09-04 12:00:50.133 I/Unique  (19022): 2026-09-04 12:00:50.032 I PROCESS PERMISSION_CACHE_DISABLED disabled=disablePermissionCache,disablePackageNamePermissionCache failed=disableAppOpCache: java.lang.IllegalStateException: no disableAppOpCache;disablePackageManagerCache: java.lang.IllegalStateException: no disablePackageManagerCache
09-04 12:00:50.452 I/Unique  (19022): 2026-09-04 12:00:50.149 I PROCESS PERMISSIONS_BOUND package=com.unique.probe vuid=0 declared=4 restored=0
09-04 12:00:52.115 I/Unique  (19022): 2026-09-04 12:00:52.032 I HOOK SERVICE_HOOKED service=package cache=true singletons=1 bound=permissionCheck,getActivityInfo,getApplicationInfo,getNameForUid,getPackageInfo,getPackagesForUid matched=permissionCheck=checkPermission+checkUidPermission,getActivityInfo,getApplicationInfo,getNameForUid,getPackageInfo,getPackagesForUid
09-04 12:00:53.919 I/Unique  (19022): 2026-09-04 12:00:53.839 I HOOK SERVICE_HOOKED service=activity cache=true singletons=1 bound=serviceDispatch,callerIdentity,permissionCheck,getContentProvider,intentSender,foregroundService matched=serviceDispatch=bindService+bindServiceInstance+peekService+publishService+startService+stopService+unbindFinished,callerIdentity=broadcastIntent+broadcastIntentWithFeature+grantUriPermission+moveTaskToFront+registerReceiver+registerReceiverWithFeature+revokeUriPermission+sendIntentSender+startActivity+startActivityAsUser+startActivityAsUserWithFeature+startActivityWithFeature,permissionCheck=chec
09-04 12:00:54.179 I/Unique  (19022): 2026-09-04 12:00:53.983 I LAUNCH VAM_HOOK_INSTALLED package=com.unique.probe host=com.unique methods=6 matched=serviceDispatch=bindService+bindServiceInstance+peekService+publishService+startService+stopService+unbindFinished,callerIdentity=broadcastIntent+broadcastIntentWithFeature+grantUriPermission+moveTaskToFront+registerReceiver+registerReceiverWithFeature+revokeUriPermission+sendIntentSender+startActivity+startActivityAsUser+startActivityAsUserWithFeature+startActivityWithFeature,permissionCheck=chec
09-04 12:00:54.837 I/Unique  (19022): 2026-09-04 12:00:54.744 I HOOK SERVICE_HOOKED service=activity_task cache=true singletons=1 bound=activityStart matched=activityStart=startActivities+startActivity+startActivityAndWait+startActivityAsCaller+startActivityAsUser+startActivityFromGameSession+startActivityIntentSender+startActivityWithConfig
09-04 12:00:55.118 I/Unique  (19022): 2026-09-04 12:00:54.847 I LAUNCH ATM_HOOK_INSTALLED package=com.unique.probe host=com.unique matched=activityStart=startActivities+startActivity+startActivityAndWait+startActivityAsCaller+startActivityAsUser+startActivityFromGameSession+startActivityIntentSender+startActivityWithConfig
09-04 12:00:55.426 I/Unique  (19022): 2026-09-04 12:00:55.330 I HOOK SERVICE_HOOKED service=permissionmgr cache=true singletons=0 bound=shouldShowRequestPermissionRationale matched=shouldShowRequestPermissionRationale
09-04 12:00:55.591 I/Unique  (19022): 2026-09-04 12:00:55.431 I HOOK PERMISSION_MANAGER_HOOKED matched=shouldShowRequestPermissionRationale
09-04 12:00:56.052 I/Unique  (19022): 2026-09-04 12:00:55.971 I HOOK SERVICE_HOOKED service=appops cache=true singletons=0 bound=appOpIdentity matched=appOpIdentity=checkAudioOperation+checkOperation+checkOperationRaw+checkPackage+collectNoteOpCallsForValidation+extractAsyncOps+finishOperation+getHistoricalOps+getHistoricalOpsFromDiskRaw+getOpsForPackage+isOperationActive+isProxying+noteOperation+noteProxyOperation+permissionToOpCode+reportRuntimeAppOpAccessMessageAndGetConfig+resetPackageOpsNoHistory+startOperation+startProxyOperation+startWatc
09-04 12:00:56.303 I/Unique  (19022): 2026-09-04 12:00:56.118 I HOOK APPOPS_HOOKED package=com.unique.probe host=com.unique matched=appOpIdentity=checkAudioOperation+checkOperation+checkOperationRaw+checkPackage+collectNoteOpCallsForValidation+extractAsyncOps+finishOperation+getHistoricalOps+getHistoricalOpsFromDiskRaw+getOpsForPackage+isOperationActive+isProxying+noteOperation+noteProxyOperation+permissionToOpCode+reportRuntimeAppOpAccessMessageAndGetConfig+resetPackageOpsNoHistory+startOperation+startProxyOperation+startWatc
09-04 12:00:56.958 I/UniqueProbe(19022): Application.onCreate package=com.unique.probe class=com.unique.probe.ProbeApplication filesDir=/data/user/0/com.unique/files/virtual/users/0/data/com.unique.probe/files
09-04 12:00:57.130 I/UniqueProbe(19022): Provider.onCreate package=com.unique.probe
09-04 12:00:57.440 I/Unique  (19022): 2026-09-04 12:00:57.216 I PROCESS PROVIDERS_PUBLISHED package=com.unique.probe declared=1 authorities=com.unique.probe.provider
09-04 12:00:57.843 I/Unique  (19022): 2026-09-04 12:00:57.727 I HOOK SERVICE_HOOKED service=alarm cache=true singletons=0 bound=callerPackage matched=callerPackage=canScheduleExactAlarms+hasScheduleExactAlarm+removeAll+set+setTimeZone
09-04 12:00:58.158 I/Unique  (19022): 2026-09-04 12:00:57.847 I HOOK IDENTITY_HOOK_INSTALLED service=alarm package=com.unique.probe matched=callerPackage=canScheduleExactAlarms+hasScheduleExactAlarm+removeAll+set+setTimeZone
09-04 12:00:58.482 I/Unique  (19022): 2026-09-04 12:00:58.371 I HOOK SERVICE_HOOKED service=clipboard cache=true singletons=0 bound=callerPackage matched=callerPackage=addPrimaryClipChangedListener+clearPrimaryClip+getPrimaryClip+getPrimaryClipDescription+getPrimaryClipSource+hasClipboardText+hasPrimaryClip+removePrimaryClipChangedListener+setPrimaryClip+setPrimaryClipAsPackage
09-04 12:00:58.703 I/Unique  (19022): 2026-09-04 12:00:58.503 I HOOK IDENTITY_HOOK_INSTALLED service=clipboard package=com.unique.probe matched=callerPackage=addPrimaryClipChangedListener+clearPrimaryClip+getPrimaryClip+getPrimaryClipDescription+getPrimaryClipSource+hasClipboardText+hasPrimaryClip+removePrimaryClipChangedListener+setPrimaryClip+setPrimaryClipAsPackage
09-04 12:00:58.943 W/Unique  (19022): 2026-09-04 12:00:58.759 W PROCESS ALARM_EXACT_UNAVAILABLE detail=UNIQUE does not hold SCHEDULE_EXACT_ALARM; a guest asking for an exact alarm will get the platform's SecurityException
09-04 12:00:59.385 I/Unique  (19022): 2026-09-04 12:00:59.277 I HOOK SERVICE_HOOKED service=jobscheduler cache=true singletons=0 bound=jobById,scheduleJob,pendingJobs matched=jobById=cancel+getPendingJob+getPendingJobReason,scheduleJob=enqueue+schedule+scheduleAsPackage,pendingJobs=getAllPendingJobs+getAllPendingJobsInNamespace
09-04 12:00:59.644 I/Unique  (19022): 2026-09-04 12:00:59.444 I HOOK JOB_HOOKED package=com.unique.probe slot=0 matched=jobById=cancel+getPendingJob+getPendingJobReason,scheduleJob=enqueue+schedule+scheduleAsPackage,pendingJobs=getAllPendingJobs+getAllPendingJobsInNamespace
09-04 12:01:01.193 I/Unique  (19022): 2026-09-04 12:01:01.102 I HOOK SERVICE_HOOKED service=notification cache=true singletons=0 bound=notificationIdentity,enqueue,channels matched=notificationIdentity=addAutomaticZenRule+areBubblesAllowed+areNotificationsEnabled+areNotificationsEnabledForPackage+canNotifyAsPackage+canShowBadge+cancelAllNotifications+cancelNotificationFromListener+cancelToast+clearData+deleteNotificationHistoryItem+enqueueTextToast+enqueueToast+finishToken+getActiveNotifications+getActiveNotificationsWithAttribution+getAllowedAssistantAdjustments+getAppActiv
09-04 12:01:01.486 I/Unique  (19022): 2026-09-04 12:01:01.293 I HOOK NOTIFICATION_HOOKED package=com.unique.probe vuid=0 matched=notificationIdentity=addAutomaticZenRule+areBubblesAllowed+areNotificationsEnabled+areNotificationsEnabledForPackage+canNotifyAsPackage+canShowBadge+cancelAllNotifications+cancelNotificationFromListener+cancelToast+clearData+deleteNotificationHistoryItem+enqueueTextToast+enqueueToast+finishToken+getActiveNotifications+getActiveNotificationsWithAttribution+getAllowedAssistantAdjustments+getAppActiv
09-04 12:01:01.984 I/Unique  (19022): 2026-09-04 12:01:01.831 I PROCESS RECEIVERS_REGISTERED package=com.unique.probe declared=1 registered=1 actions=com.unique.probe.ProbeReceiver#com.unique.probe.PING exported=0
09-04 12:01:02.526 I/Unique  (19022): 2026-09-04 12:01:02.359 I LAUNCH u0 com.unique.probe TRANSACTION_REWRITTEN package=com.unique.probe activity=com.unique.probe.ProbeActivity vuid=0 item=LaunchActivityItem theme=0
09-04 12:01:05.010 I/UniqueProbe(19022): wrote /data/user/0/com.unique/files/virtual/users/0/data/com.unique.probe/files/probe-result.properties
09-04 12:01:05.021 I/UniqueProbe(19022): packageName=com.unique.probe
09-04 12:01:05.024 I/UniqueProbe(19022): applicationClass=com.unique.probe.ProbeApplication
09-04 12:01:05.025 I/UniqueProbe(19022): applicationOnCreateRan=true
09-04 12:01:05.026 I/UniqueProbe(19022): applicationBeforeActivity=true
09-04 12:01:05.027 I/UniqueProbe(19022): activityClass=com.unique.probe.ProbeActivity
09-04 12:01:05.033 I/UniqueProbe(19022): componentName=com.unique.probe/com.unique.probe.ProbeActivity
09-04 12:01:05.033 I/UniqueProbe(19022): pid=19022
09-04 12:01:05.034 I/UniqueProbe(19022): taskId=135
09-04 12:01:05.035 I/UniqueProbe(19022): uid=10109
09-04 12:01:05.110 I/UniqueProbe(19022): dataDir=/data/user/0/com.unique/files/virtual/users/0/data/com.unique.probe
09-04 12:01:05.111 I/UniqueProbe(19022): filesDir=/data/user/0/com.unique/files/virtual/users/0/data/com.unique.probe/files
09-04 12:01:05.112 I/UniqueProbe(19022): cacheDir=/data/user/0/com.unique/files/virtual/users/0/data/com.unique.probe/cache
09-04 12:01:05.117 I/UniqueProbe(19022): codeCacheDir=/data/user/0/com.unique/files/virtual/users/0/data/com.unique.probe/code_cache
09-04 12:01:05.118 I/UniqueProbe(19022): packageCodePath=/data/user/0/com.unique/files/virtual/apk/com.unique.probe/27/base.apk
09-04 12:01:05.118 I/UniqueProbe(19022): packageResourcePath=/data/user/0/com.unique/files/virtual/apk/com.unique.probe/27/base.apk
09-04 12:01:05.119 I/UniqueProbe(19022): appInfoDataDir=/data/user/0/com.unique/files/virtual/users/0/data/com.unique.probe
09-04 12:01:05.220 I/UniqueProbe(19022): appInfoSourceDir=/data/user/0/com.unique/files/virtual/apk/com.unique.probe/27/base.apk
09-04 12:01:05.221 I/UniqueProbe(19022): appInfoNativeLibraryDir=/data/user/0/com.unique/files/virtual/apk/com.unique.probe/27/lib/x86_64
09-04 12:01:05.251 I/UniqueProbe(19022): targetSdk=34
09-04 12:01:05.277 I/UniqueProbe(19022): launchCount=2
09-04 12:01:05.278 I/UniqueProbe(19022): sharedPrefsFile=/data/user/0/com.unique/files/virtual/users/0/data/com.unique.probe/shared_prefs/probe.xml
09-04 12:01:05.279 I/UniqueProbe(19022): fileLineCount=2
09-04 12:01:05.302 I/UniqueProbe(19022): filePath=/data/user/0/com.unique/files/virtual/users/0/data/com.unique.probe/files/launches.log
09-04 12:01:05.303 I/UniqueProbe(19022): dbRowCount=2
09-04 12:01:05.325 I/UniqueProbe(19022): dbPath=/data/user/0/com.unique/files/virtual/users/0/data/com.unique.probe/databases/probe.db
09-04 12:01:29.253 I/Unique  (19043): 2026-09-04 12:01:29.088 I PROCESS STUB_PROVIDER_CREATED slot=1
09-04 12:01:31.860 I/Unique  (19043): 2026-09-04 12:01:31.779 I PROCESS PERMISSION_CACHE_DISABLED disabled=disablePermissionCache,disablePackageNamePermissionCache failed=disableAppOpCache: java.lang.IllegalStateException: no disableAppOpCache;disablePackageManagerCache: java.lang.IllegalStateException: no disablePackageManagerCache
09-04 12:01:32.011 I/Unique  (19043): 2026-09-04 12:01:31.862 I PROCESS PERMISSIONS_BOUND package=com.unique.probe vuid=1 declared=4 restored=0
09-04 12:01:33.085 I/Unique  (19043): 2026-09-04 12:01:32.967 I HOOK SERVICE_HOOKED service=package cache=true singletons=1 bound=permissionCheck,getActivityInfo,getApplicationInfo,getNameForUid,getPackageInfo,getPackagesForUid matched=permissionCheck=checkPermission+checkUidPermission,getActivityInfo,getApplicationInfo,getNameForUid,getPackageInfo,getPackagesForUid
09-04 12:01:34.541 I/Unique  (19043): 2026-09-04 12:01:34.450 I HOOK SERVICE_HOOKED service=activity cache=true singletons=1 bound=serviceDispatch,callerIdentity,permissionCheck,getContentProvider,intentSender,foregroundService matched=serviceDispatch=bindService+bindServiceInstance+peekService+publishService+startService+stopService+unbindFinished,callerIdentity=broadcastIntent+broadcastIntentWithFeature+grantUriPermission+moveTaskToFront+registerReceiver+registerReceiverWithFeature+revokeUriPermission+sendIntentSender+startActivity+startActivityAsUser+startActivityAsUserWithFeature+startActivityWithFeature,permissionCheck=chec
09-04 12:01:34.763 I/Unique  (19043): 2026-09-04 12:01:34.594 I LAUNCH VAM_HOOK_INSTALLED package=com.unique.probe host=com.unique methods=6 matched=serviceDispatch=bindService+bindServiceInstance+peekService+publishService+startService+stopService+unbindFinished,callerIdentity=broadcastIntent+broadcastIntentWithFeature+grantUriPermission+moveTaskToFront+registerReceiver+registerReceiverWithFeature+revokeUriPermission+sendIntentSender+startActivity+startActivityAsUser+startActivityAsUserWithFeature+startActivityWithFeature,permissionCheck=chec
09-04 12:01:35.331 I/Unique  (19043): 2026-09-04 12:01:35.252 I HOOK SERVICE_HOOKED service=activity_task cache=true singletons=1 bound=activityStart matched=activityStart=startActivities+startActivity+startActivityAndWait+startActivityAsCaller+startActivityAsUser+startActivityFromGameSession+startActivityIntentSender+startActivityWithConfig
09-04 12:01:35.519 I/Unique  (19043): 2026-09-04 12:01:35.347 I LAUNCH ATM_HOOK_INSTALLED package=com.unique.probe host=com.unique matched=activityStart=startActivities+startActivity+startActivityAndWait+startActivityAsCaller+startActivityAsUser+startActivityFromGameSession+startActivityIntentSender+startActivityWithConfig
09-04 12:01:35.839 I/Unique  (19043): 2026-09-04 12:01:35.703 I HOOK SERVICE_HOOKED service=permissionmgr cache=true singletons=0 bound=shouldShowRequestPermissionRationale matched=shouldShowRequestPermissionRationale
09-04 12:01:35.996 I/Unique  (19043): 2026-09-04 12:01:35.841 I HOOK PERMISSION_MANAGER_HOOKED matched=shouldShowRequestPermissionRationale
09-04 12:01:36.426 I/Unique  (19043): 2026-09-04 12:01:36.350 I HOOK SERVICE_HOOKED service=appops cache=true singletons=0 bound=appOpIdentity matched=appOpIdentity=checkAudioOperation+checkOperation+checkOperationRaw+checkPackage+collectNoteOpCallsForValidation+extractAsyncOps+finishOperation+getHistoricalOps+getHistoricalOpsFromDiskRaw+getOpsForPackage+isOperationActive+isProxying+noteOperation+noteProxyOperation+permissionToOpCode+reportRuntimeAppOpAccessMessageAndGetConfig+resetPackageOpsNoHistory+startOperation+startProxyOperation+startWatc
09-04 12:01:36.588 I/Unique  (19043): 2026-09-04 12:01:36.471 I HOOK APPOPS_HOOKED package=com.unique.probe host=com.unique matched=appOpIdentity=checkAudioOperation+checkOperation+checkOperationRaw+checkPackage+collectNoteOpCallsForValidation+extractAsyncOps+finishOperation+getHistoricalOps+getHistoricalOpsFromDiskRaw+getOpsForPackage+isOperationActive+isProxying+noteOperation+noteProxyOperation+permissionToOpCode+reportRuntimeAppOpAccessMessageAndGetConfig+resetPackageOpsNoHistory+startOperation+startProxyOperation+startWatc
09-04 12:01:37.427 I/UniqueProbe(19043): Application.onCreate package=com.unique.probe class=com.unique.probe.ProbeApplication filesDir=/data/user/0/com.unique/files/virtual/users/1/data/com.unique.probe/files
09-04 12:01:37.598 I/UniqueProbe(19043): Provider.onCreate package=com.unique.probe
09-04 12:01:37.937 I/Unique  (19043): 2026-09-04 12:01:37.762 I PROCESS PROVIDERS_PUBLISHED package=com.unique.probe declared=1 authorities=com.unique.probe.provider
09-04 12:01:38.255 I/Unique  (19043): 2026-09-04 12:01:38.146 I HOOK SERVICE_HOOKED service=alarm cache=true singletons=0 bound=callerPackage matched=callerPackage=canScheduleExactAlarms+hasScheduleExactAlarm+removeAll+set+setTimeZone
09-04 12:01:38.467 I/Unique  (19043): 2026-09-04 12:01:38.288 I HOOK IDENTITY_HOOK_INSTALLED service=alarm package=com.unique.probe matched=callerPackage=canScheduleExactAlarms+hasScheduleExactAlarm+removeAll+set+setTimeZone
09-04 12:01:38.841 I/Unique  (19043): 2026-09-04 12:01:38.719 I HOOK SERVICE_HOOKED service=clipboard cache=true singletons=0 bound=callerPackage matched=callerPackage=addPrimaryClipChangedListener+clearPrimaryClip+getPrimaryClip+getPrimaryClipDescription+getPrimaryClipSource+hasClipboardText+hasPrimaryClip+removePrimaryClipChangedListener+setPrimaryClip+setPrimaryClipAsPackage
09-04 12:01:39.127 I/Unique  (19043): 2026-09-04 12:01:38.882 I HOOK IDENTITY_HOOK_INSTALLED service=clipboard package=com.unique.probe matched=callerPackage=addPrimaryClipChangedListener+clearPrimaryClip+getPrimaryClip+getPrimaryClipDescription+getPrimaryClipSource+hasClipboardText+hasPrimaryClip+removePrimaryClipChangedListener+setPrimaryClip+setPrimaryClipAsPackage
09-04 12:01:39.525 W/Unique  (19043): 2026-09-04 12:01:39.413 W PROCESS ALARM_EXACT_UNAVAILABLE detail=UNIQUE does not hold SCHEDULE_EXACT_ALARM; a guest asking for an exact alarm will get the platform's SecurityException
09-04 12:01:40.077 I/Unique  (19043): 2026-09-04 12:01:39.942 I HOOK SERVICE_HOOKED service=jobscheduler cache=true singletons=0 bound=jobById,scheduleJob,pendingJobs matched=jobById=cancel+getPendingJob+getPendingJobReason,scheduleJob=enqueue+schedule+scheduleAsPackage,pendingJobs=getAllPendingJobs+getAllPendingJobsInNamespace
09-04 12:01:40.427 I/Unique  (19043): 2026-09-04 12:01:40.102 I HOOK JOB_HOOKED package=com.unique.probe slot=1 matched=jobById=cancel+getPendingJob+getPendingJobReason,scheduleJob=enqueue+schedule+scheduleAsPackage,pendingJobs=getAllPendingJobs+getAllPendingJobsInNamespace
09-04 12:01:41.958 I/Unique  (19043): 2026-09-04 12:01:41.882 I HOOK SERVICE_HOOKED service=notification cache=true singletons=0 bound=notificationIdentity,enqueue,channels matched=notificationIdentity=addAutomaticZenRule+areBubblesAllowed+areNotificationsEnabled+areNotificationsEnabledForPackage+canNotifyAsPackage+canShowBadge+cancelAllNotifications+cancelNotificationFromListener+cancelToast+clearData+deleteNotificationHistoryItem+enqueueTextToast+enqueueToast+finishToken+getActiveNotifications+getActiveNotificationsWithAttribution+getAllowedAssistantAdjustments+getAppActiv
09-04 12:01:42.338 I/Unique  (19043): 2026-09-04 12:01:42.107 I HOOK NOTIFICATION_HOOKED package=com.unique.probe vuid=1 matched=notificationIdentity=addAutomaticZenRule+areBubblesAllowed+areNotificationsEnabled+areNotificationsEnabledForPackage+canNotifyAsPackage+canShowBadge+cancelAllNotifications+cancelNotificationFromListener+cancelToast+clearData+deleteNotificationHistoryItem+enqueueTextToast+enqueueToast+finishToken+getActiveNotifications+getActiveNotificationsWithAttribution+getAllowedAssistantAdjustments+getAppActiv
09-04 12:01:42.722 I/Unique  (19043): 2026-09-04 12:01:42.512 I PROCESS RECEIVERS_REGISTERED package=com.unique.probe declared=1 registered=1 actions=com.unique.probe.ProbeReceiver#com.unique.probe.PING exported=0
09-04 12:01:43.359 I/Unique  (19043): 2026-09-04 12:01:43.135 I LAUNCH u1 com.unique.probe TRANSACTION_REWRITTEN package=com.unique.probe activity=com.unique.probe.ProbeActivity vuid=1 item=LaunchActivityItem theme=0
09-04 12:01:46.277 I/UniqueProbe(19043): wrote /data/user/0/com.unique/files/virtual/users/1/data/com.unique.probe/files/probe-result.properties
09-04 12:01:46.278 I/UniqueProbe(19043): packageName=com.unique.probe
09-04 12:01:46.279 I/UniqueProbe(19043): applicationClass=com.unique.probe.ProbeApplication
09-04 12:01:46.286 I/UniqueProbe(19043): applicationOnCreateRan=true
09-04 12:01:46.287 I/UniqueProbe(19043): applicationBeforeActivity=true
09-04 12:01:46.330 I/UniqueProbe(19043): activityClass=com.unique.probe.ProbeActivity
09-04 12:01:46.331 I/UniqueProbe(19043): componentName=com.unique.probe/com.unique.probe.ProbeActivity
09-04 12:01:46.361 I/UniqueProbe(19043): pid=19043
09-04 12:01:46.362 I/UniqueProbe(19043): taskId=136
09-04 12:01:46.362 I/UniqueProbe(19043): uid=10109
09-04 12:01:46.363 I/UniqueProbe(19043): dataDir=/data/user/0/com.unique/files/virtual/users/1/data/com.unique.probe
09-04 12:01:46.368 I/UniqueProbe(19043): filesDir=/data/user/0/com.unique/files/virtual/users/1/data/com.unique.probe/files
09-04 12:01:46.369 I/UniqueProbe(19043): cacheDir=/data/user/0/com.unique/files/virtual/users/1/data/com.unique.probe/cache
09-04 12:01:46.370 I/UniqueProbe(19043): codeCacheDir=/data/user/0/com.unique/files/virtual/users/1/data/com.unique.probe/code_cache
09-04 12:01:46.371 I/UniqueProbe(19043): packageCodePath=/data/user/0/com.unique/files/virtual/apk/com.unique.probe/27/base.apk
09-04 12:01:46.389 I/UniqueProbe(19043): packageResourcePath=/data/user/0/com.unique/files/virtual/apk/com.unique.probe/27/base.apk
09-04 12:01:46.401 I/UniqueProbe(19043): appInfoDataDir=/data/user/0/com.unique/files/virtual/users/1/data/com.unique.probe
09-04 12:01:46.402 I/UniqueProbe(19043): appInfoSourceDir=/data/user/0/com.unique/files/virtual/apk/com.unique.probe/27/base.apk
09-04 12:01:46.403 I/UniqueProbe(19043): appInfoNativeLibraryDir=/data/user/0/com.unique/files/virtual/apk/com.unique.probe/27/lib/x86_64
09-04 12:01:46.421 I/UniqueProbe(19043): targetSdk=34
09-04 12:01:46.422 I/UniqueProbe(19043): launchCount=1
09-04 12:01:46.425 I/UniqueProbe(19043): sharedPrefsFile=/data/user/0/com.unique/files/virtual/users/1/data/com.unique.probe/shared_prefs/probe.xml
09-04 12:01:46.426 I/UniqueProbe(19043): fileLineCount=1
09-04 12:01:46.427 I/UniqueProbe(19043): filePath=/data/user/0/com.unique/files/virtual/users/1/data/com.unique.probe/files/launches.log
09-04 12:01:46.442 I/UniqueProbe(19043): dbRowCount=1
09-04 12:01:46.443 I/UniqueProbe(19043): dbPath=/data/user/0/com.unique/files/virtual/users/1/data/com.unique.probe/databases/probe.db
09-04 12:02:09.579 I/Unique  (19064): 2026-09-04 12:02:09.486 I PROCESS STUB_PROVIDER_CREATED slot=0
09-04 12:02:10.575 I/Unique  (19064): 2026-09-04 12:02:10.537 I PROCESS PERMISSION_CACHE_DISABLED disabled=disablePermissionCache,disablePackageNamePermissionCache failed=disableAppOpCache: java.lang.IllegalStateException: no disableAppOpCache;disablePackageManagerCache: java.lang.IllegalStateException: no disablePackageManagerCache
09-04 12:02:10.851 I/Unique  (19064): 2026-09-04 12:02:10.597 I PROCESS PERMISSIONS_BOUND package=com.unique.probe vuid=0 declared=4 restored=0
09-04 12:02:12.508 I/Unique  (19064): 2026-09-04 12:02:12.436 I HOOK SERVICE_HOOKED service=package cache=true singletons=1 bound=permissionCheck,getActivityInfo,getApplicationInfo,getNameForUid,getPackageInfo,getPackagesForUid matched=permissionCheck=checkPermission+checkUidPermission,getActivityInfo,getApplicationInfo,getNameForUid,getPackageInfo,getPackagesForUid
09-04 12:02:14.320 I/Unique  (19064): 2026-09-04 12:02:14.222 I HOOK SERVICE_HOOKED service=activity cache=true singletons=1 bound=serviceDispatch,callerIdentity,permissionCheck,getContentProvider,intentSender,foregroundService matched=serviceDispatch=bindService+bindServiceInstance+peekService+publishService+startService+stopService+unbindFinished,callerIdentity=broadcastIntent+broadcastIntentWithFeature+grantUriPermission+moveTaskToFront+registerReceiver+registerReceiverWithFeature+revokeUriPermission+sendIntentSender+startActivity+startActivityAsUser+startActivityAsUserWithFeature+startActivityWithFeature,permissionCheck=chec
09-04 12:02:14.640 I/Unique  (19064): 2026-09-04 12:02:14.396 I LAUNCH VAM_HOOK_INSTALLED package=com.unique.probe host=com.unique methods=6 matched=serviceDispatch=bindService+bindServiceInstance+peekService+publishService+startService+stopService+unbindFinished,callerIdentity=broadcastIntent+broadcastIntentWithFeature+grantUriPermission+moveTaskToFront+registerReceiver+registerReceiverWithFeature+revokeUriPermission+sendIntentSender+startActivity+startActivityAsUser+startActivityAsUserWithFeature+startActivityWithFeature,permissionCheck=chec
09-04 12:02:15.194 I/Unique  (19064): 2026-09-04 12:02:15.153 I HOOK SERVICE_HOOKED service=activity_task cache=true singletons=1 bound=activityStart matched=activityStart=startActivities+startActivity+startActivityAndWait+startActivityAsCaller+startActivityAsUser+startActivityFromGameSession+startActivityIntentSender+startActivityWithConfig
09-04 12:02:15.485 I/Unique  (19064): 2026-09-04 12:02:15.211 I LAUNCH ATM_HOOK_INSTALLED package=com.unique.probe host=com.unique matched=activityStart=startActivities+startActivity+startActivityAndWait+startActivityAsCaller+startActivityAsUser+startActivityFromGameSession+startActivityIntentSender+startActivityWithConfig
09-04 12:02:15.790 I/Unique  (19064): 2026-09-04 12:02:15.647 I HOOK SERVICE_HOOKED service=permissionmgr cache=true singletons=0 bound=shouldShowRequestPermissionRationale matched=shouldShowRequestPermissionRationale
09-04 12:02:16.037 I/Unique  (19064): 2026-09-04 12:02:15.809 I HOOK PERMISSION_MANAGER_HOOKED matched=shouldShowRequestPermissionRationale
09-04 12:02:16.547 I/Unique  (19064): 2026-09-04 12:02:16.498 I HOOK SERVICE_HOOKED service=appops cache=true singletons=0 bound=appOpIdentity matched=appOpIdentity=checkAudioOperation+checkOperation+checkOperationRaw+checkPackage+collectNoteOpCallsForValidation+extractAsyncOps+finishOperation+getHistoricalOps+getHistoricalOpsFromDiskRaw+getOpsForPackage+isOperationActive+isProxying+noteOperation+noteProxyOperation+permissionToOpCode+reportRuntimeAppOpAccessMessageAndGetConfig+resetPackageOpsNoHistory+startOperation+startProxyOperation+startWatc
09-04 12:02:16.831 I/Unique  (19064): 2026-09-04 12:02:16.559 I HOOK APPOPS_HOOKED package=com.unique.probe host=com.unique matched=appOpIdentity=checkAudioOperation+checkOperation+checkOperationRaw+checkPackage+collectNoteOpCallsForValidation+extractAsyncOps+finishOperation+getHistoricalOps+getHistoricalOpsFromDiskRaw+getOpsForPackage+isOperationActive+isProxying+noteOperation+noteProxyOperation+permissionToOpCode+reportRuntimeAppOpAccessMessageAndGetConfig+resetPackageOpsNoHistory+startOperation+startProxyOperation+startWatc
09-04 12:02:17.681 I/UniqueProbe(19064): Application.onCreate package=com.unique.probe class=com.unique.probe.ProbeApplication filesDir=/data/user/0/com.unique/files/virtual/users/0/data/com.unique.probe/files
09-04 12:02:17.831 I/UniqueProbe(19064): Provider.onCreate package=com.unique.probe
09-04 12:02:18.103 I/Unique  (19064): 2026-09-04 12:02:17.920 I PROCESS PROVIDERS_PUBLISHED package=com.unique.probe declared=1 authorities=com.unique.probe.provider
09-04 12:02:18.421 I/Unique  (19064): 2026-09-04 12:02:18.331 I HOOK SERVICE_HOOKED service=alarm cache=true singletons=0 bound=callerPackage matched=callerPackage=canScheduleExactAlarms+hasScheduleExactAlarm+removeAll+set+setTimeZone
09-04 12:02:18.582 I/Unique  (19064): 2026-09-04 12:02:18.431 I HOOK IDENTITY_HOOK_INSTALLED service=alarm package=com.unique.probe matched=callerPackage=canScheduleExactAlarms+hasScheduleExactAlarm+removeAll+set+setTimeZone
09-04 12:02:18.911 I/Unique  (19064): 2026-09-04 12:02:18.807 I HOOK SERVICE_HOOKED service=clipboard cache=true singletons=0 bound=callerPackage matched=callerPackage=addPrimaryClipChangedListener+clearPrimaryClip+getPrimaryClip+getPrimaryClipDescription+getPrimaryClipSource+hasClipboardText+hasPrimaryClip+removePrimaryClipChangedListener+setPrimaryClip+setPrimaryClipAsPackage
09-04 12:02:19.129 I/Unique  (19064): 2026-09-04 12:02:19.011 I HOOK IDENTITY_HOOK_INSTALLED service=clipboard package=com.unique.probe matched=callerPackage=addPrimaryClipChangedListener+clearPrimaryClip+getPrimaryClip+getPrimaryClipDescription+getPrimaryClipSource+hasClipboardText+hasPrimaryClip+removePrimaryClipChangedListener+setPrimaryClip+setPrimaryClipAsPackage
09-04 12:02:19.394 W/Unique  (19064): 2026-09-04 12:02:19.167 W PROCESS ALARM_EXACT_UNAVAILABLE detail=UNIQUE does not hold SCHEDULE_EXACT_ALARM; a guest asking for an exact alarm will get the platform's SecurityException
09-04 12:02:19.848 I/Unique  (19064): 2026-09-04 12:02:19.794 I HOOK SERVICE_HOOKED service=jobscheduler cache=true singletons=0 bound=jobById,scheduleJob,pendingJobs matched=jobById=cancel+getPendingJob+getPendingJobReason,scheduleJob=enqueue+schedule+scheduleAsPackage,pendingJobs=getAllPendingJobs+getAllPendingJobsInNamespace
09-04 12:02:20.110 I/Unique  (19064): 2026-09-04 12:02:19.901 I HOOK JOB_HOOKED package=com.unique.probe slot=0 matched=jobById=cancel+getPendingJob+getPendingJobReason,scheduleJob=enqueue+schedule+scheduleAsPackage,pendingJobs=getAllPendingJobs+getAllPendingJobsInNamespace
09-04 12:02:21.046 I/Unique  (19064): 2026-09-04 12:02:21.005 I HOOK SERVICE_HOOKED service=notification cache=true singletons=0 bound=notificationIdentity,enqueue,channels matched=notificationIdentity=addAutomaticZenRule+areBubblesAllowed+areNotificationsEnabled+areNotificationsEnabledForPackage+canNotifyAsPackage+canShowBadge+cancelAllNotifications+cancelNotificationFromListener+cancelToast+clearData+deleteNotificationHistoryItem+enqueueTextToast+enqueueToast+finishToken+getActiveNotifications+getActiveNotificationsWithAttribution+getAllowedAssistantAdjustments+getAppActiv
09-04 12:02:21.317 I/Unique  (19064): 2026-09-04 12:02:21.091 I HOOK NOTIFICATION_HOOKED package=com.unique.probe vuid=0 matched=notificationIdentity=addAutomaticZenRule+areBubblesAllowed+areNotificationsEnabled+areNotificationsEnabledForPackage+canNotifyAsPackage+canShowBadge+cancelAllNotifications+cancelNotificationFromListener+cancelToast+clearData+deleteNotificationHistoryItem+enqueueTextToast+enqueueToast+finishToken+getActiveNotifications+getActiveNotificationsWithAttribution+getAllowedAssistantAdjustments+getAppActiv
09-04 12:02:21.551 I/Unique  (19064): 2026-09-04 12:02:21.450 I PROCESS RECEIVERS_REGISTERED package=com.unique.probe declared=1 registered=1 actions=com.unique.probe.ProbeReceiver#com.unique.probe.PING exported=0
09-04 12:02:21.998 I/Unique  (19064): 2026-09-04 12:02:21.923 I LAUNCH u0 com.unique.probe TRANSACTION_REWRITTEN package=com.unique.probe activity=com.unique.probe.ProbeActivity vuid=0 item=LaunchActivityItem theme=0
09-04 12:02:23.569 I/UniqueProbe(19064): wrote /data/user/0/com.unique/files/virtual/users/0/data/com.unique.probe/files/probe-result.properties
09-04 12:02:23.571 I/UniqueProbe(19064): packageName=com.unique.probe
09-04 12:02:23.573 I/UniqueProbe(19064): applicationClass=com.unique.probe.ProbeApplication
09-04 12:02:23.575 I/UniqueProbe(19064): applicationOnCreateRan=true
09-04 12:02:23.582 I/UniqueProbe(19064): applicationBeforeActivity=true
09-04 12:02:23.583 I/UniqueProbe(19064): activityClass=com.unique.probe.ProbeActivity
09-04 12:02:23.589 I/UniqueProbe(19064): componentName=com.unique.probe/com.unique.probe.ProbeActivity
09-04 12:02:23.590 I/UniqueProbe(19064): pid=19064
09-04 12:02:23.593 I/UniqueProbe(19064): taskId=135
09-04 12:02:23.593 I/UniqueProbe(19064): uid=10109
09-04 12:02:23.594 I/UniqueProbe(19064): dataDir=/data/user/0/com.unique/files/virtual/users/0/data/com.unique.probe
09-04 12:02:23.595 I/UniqueProbe(19064): filesDir=/data/user/0/com.unique/files/virtual/users/0/data/com.unique.probe/files
09-04 12:02:23.603 I/UniqueProbe(19064): cacheDir=/data/user/0/com.unique/files/virtual/users/0/data/com.unique.probe/cache
09-04 12:02:23.604 I/UniqueProbe(19064): codeCacheDir=/data/user/0/com.unique/files/virtual/users/0/data/com.unique.probe/code_cache
09-04 12:02:23.607 I/UniqueProbe(19064): packageCodePath=/data/user/0/com.unique/files/virtual/apk/com.unique.probe/27/base.apk
09-04 12:02:23.608 I/UniqueProbe(19064): packageResourcePath=/data/user/0/com.unique/files/virtual/apk/com.unique.probe/27/base.apk
09-04 12:02:23.609 I/UniqueProbe(19064): appInfoDataDir=/data/user/0/com.unique/files/virtual/users/0/data/com.unique.probe
09-04 12:02:23.610 I/UniqueProbe(19064): appInfoSourceDir=/data/user/0/com.unique/files/virtual/apk/com.unique.probe/27/base.apk
09-04 12:02:23.611 I/UniqueProbe(19064): appInfoNativeLibraryDir=/data/user/0/com.unique/files/virtual/apk/com.unique.probe/27/lib/x86_64
09-04 12:02:23.647 I/UniqueProbe(19064): targetSdk=34
09-04 12:02:23.660 I/UniqueProbe(19064): launchCount=3
09-04 12:02:23.661 I/UniqueProbe(19064): sharedPrefsFile=/data/user/0/com.unique/files/virtual/users/0/data/com.unique.probe/shared_prefs/probe.xml
09-04 12:02:23.663 I/UniqueProbe(19064): fileLineCount=3
09-04 12:02:23.664 I/UniqueProbe(19064): filePath=/data/user/0/com.unique/files/virtual/users/0/data/com.unique.probe/files/launches.log
09-04 12:02:23.682 I/UniqueProbe(19064): dbRowCount=3
09-04 12:02:23.683 I/UniqueProbe(19064): dbPath=/data/user/0/com.unique/files/virtual/users/0/data/com.unique.probe/databases/probe.db
09-04 12:02:23.698 W/UniqueProbe(19064): crashing on request
09-04 12:02:45.967 I/Unique  (19086): 2026-09-04 12:02:45.716 I PROCESS STUB_PROVIDER_CREATED slot=0
09-04 12:02:47.185 I/Unique  (19086): 2026-09-04 12:02:47.135 I PROCESS PERMISSION_CACHE_DISABLED disabled=disablePermissionCache,disablePackageNamePermissionCache failed=disableAppOpCache: java.lang.IllegalStateException: no disableAppOpCache;disablePackageManagerCache: java.lang.IllegalStateException: no disablePackageManagerCache
09-04 12:02:47.422 I/Unique  (19086): 2026-09-04 12:02:47.190 I PROCESS PERMISSIONS_BOUND package=com.unique.probe vuid=0 declared=4 restored=0
09-04 12:02:48.503 I/Unique  (19086): 2026-09-04 12:02:48.298 I HOOK SERVICE_HOOKED service=package cache=true singletons=1 bound=permissionCheck,getActivityInfo,getApplicationInfo,getNameForUid,getPackageInfo,getPackagesForUid matched=permissionCheck=checkPermission+checkUidPermission,getActivityInfo,getApplicationInfo,getNameForUid,getPackageInfo,getPackagesForUid
09-04 12:02:50.041 I/Unique  (19086): 2026-09-04 12:02:49.988 I HOOK SERVICE_HOOKED service=activity cache=true singletons=1 bound=serviceDispatch,callerIdentity,permissionCheck,getContentProvider,intentSender,foregroundService matched=serviceDispatch=bindService+bindServiceInstance+peekService+publishService+startService+stopService+unbindFinished,callerIdentity=broadcastIntent+broadcastIntentWithFeature+grantUriPermission+moveTaskToFront+registerReceiver+registerReceiverWithFeature+revokeUriPermission+sendIntentSender+startActivity+startActivityAsUser+startActivityAsUserWithFeature+startActivityWithFeature,permissionCheck=chec
09-04 12:02:50.252 I/Unique  (19086): 2026-09-04 12:02:50.109 I LAUNCH VAM_HOOK_INSTALLED package=com.unique.probe host=com.unique methods=6 matched=serviceDispatch=bindService+bindServiceInstance+peekService+publishService+startService+stopService+unbindFinished,callerIdentity=broadcastIntent+broadcastIntentWithFeature+grantUriPermission+moveTaskToFront+registerReceiver+registerReceiverWithFeature+revokeUriPermission+sendIntentSender+startActivity+startActivityAsUser+startActivityAsUserWithFeature+startActivityWithFeature,permissionCheck=chec
09-04 12:02:50.843 I/Unique  (19086): 2026-09-04 12:02:50.790 I HOOK SERVICE_HOOKED service=activity_task cache=true singletons=1 bound=activityStart matched=activityStart=startActivities+startActivity+startActivityAndWait+startActivityAsCaller+startActivityAsUser+startActivityFromGameSession+startActivityIntentSender+startActivityWithConfig
09-04 12:02:51.033 I/Unique  (19086): 2026-09-04 12:02:50.847 I LAUNCH ATM_HOOK_INSTALLED package=com.unique.probe host=com.unique matched=activityStart=startActivities+startActivity+startActivityAndWait+startActivityAsCaller+startActivityAsUser+startActivityFromGameSession+startActivityIntentSender+startActivityWithConfig
09-04 12:02:51.492 I/Unique  (19086): 2026-09-04 12:02:51.307 I HOOK SERVICE_HOOKED service=permissionmgr cache=true singletons=0 bound=shouldShowRequestPermissionRationale matched=shouldShowRequestPermissionRationale
09-04 12:02:51.761 I/Unique  (19086): 2026-09-04 12:02:51.507 I HOOK PERMISSION_MANAGER_HOOKED matched=shouldShowRequestPermissionRationale
09-04 12:02:52.186 I/Unique  (19086): 2026-09-04 12:02:52.143 I HOOK SERVICE_HOOKED service=appops cache=true singletons=0 bound=appOpIdentity matched=appOpIdentity=checkAudioOperation+checkOperation+checkOperationRaw+checkPackage+collectNoteOpCallsForValidation+extractAsyncOps+finishOperation+getHistoricalOps+getHistoricalOpsFromDiskRaw+getOpsForPackage+isOperationActive+isProxying+noteOperation+noteProxyOperation+permissionToOpCode+reportRuntimeAppOpAccessMessageAndGetConfig+resetPackageOpsNoHistory+startOperation+startProxyOperation+startWatc
09-04 12:02:52.505 I/Unique  (19086): 2026-09-04 12:02:52.223 I HOOK APPOPS_HOOKED package=com.unique.probe host=com.unique matched=appOpIdentity=checkAudioOperation+checkOperation+checkOperationRaw+checkPackage+collectNoteOpCallsForValidation+extractAsyncOps+finishOperation+getHistoricalOps+getHistoricalOpsFromDiskRaw+getOpsForPackage+isOperationActive+isProxying+noteOperation+noteProxyOperation+permissionToOpCode+reportRuntimeAppOpAccessMessageAndGetConfig+resetPackageOpsNoHistory+startOperation+startProxyOperation+startWatc
09-04 12:02:53.338 I/UniqueProbe(19086): Application.onCreate package=com.unique.probe class=com.unique.probe.ProbeApplication filesDir=/data/user/0/com.unique/files/virtual/users/0/data/com.unique.probe/files
09-04 12:02:53.551 I/UniqueProbe(19086): Provider.onCreate package=com.unique.probe
09-04 12:02:53.955 I/Unique  (19086): 2026-09-04 12:02:53.670 I PROCESS PROVIDERS_PUBLISHED package=com.unique.probe declared=1 authorities=com.unique.probe.provider
09-04 12:02:54.295 I/Unique  (19086): 2026-09-04 12:02:54.247 I HOOK SERVICE_HOOKED service=alarm cache=true singletons=0 bound=callerPackage matched=callerPackage=canScheduleExactAlarms+hasScheduleExactAlarm+removeAll+set+setTimeZone
09-04 12:02:54.512 I/Unique  (19086): 2026-09-04 12:02:54.326 I HOOK IDENTITY_HOOK_INSTALLED service=alarm package=com.unique.probe matched=callerPackage=canScheduleExactAlarms+hasScheduleExactAlarm+removeAll+set+setTimeZone
09-04 12:02:54.902 I/Unique  (19086): 2026-09-04 12:02:54.811 I HOOK SERVICE_HOOKED service=clipboard cache=true singletons=0 bound=callerPackage matched=callerPackage=addPrimaryClipChangedListener+clearPrimaryClip+getPrimaryClip+getPrimaryClipDescription+getPrimaryClipSource+hasClipboardText+hasPrimaryClip+removePrimaryClipChangedListener+setPrimaryClip+setPrimaryClipAsPackage
09-04 12:02:55.176 I/Unique  (19086): 2026-09-04 12:02:54.941 I HOOK IDENTITY_HOOK_INSTALLED service=clipboard package=com.unique.probe matched=callerPackage=addPrimaryClipChangedListener+clearPrimaryClip+getPrimaryClip+getPrimaryClipDescription+getPrimaryClipSource+hasClipboardText+hasPrimaryClip+removePrimaryClipChangedListener+setPrimaryClip+setPrimaryClipAsPackage
09-04 12:02:55.480 W/Unique  (19086): 2026-09-04 12:02:55.250 W PROCESS ALARM_EXACT_UNAVAILABLE detail=UNIQUE does not hold SCHEDULE_EXACT_ALARM; a guest asking for an exact alarm will get the platform's SecurityException
09-04 12:02:55.914 I/Unique  (19086): 2026-09-04 12:02:55.867 I HOOK SERVICE_HOOKED service=jobscheduler cache=true singletons=0 bound=jobById,scheduleJob,pendingJobs matched=jobById=cancel+getPendingJob+getPendingJobReason,scheduleJob=enqueue+schedule+scheduleAsPackage,pendingJobs=getAllPendingJobs+getAllPendingJobsInNamespace
09-04 12:02:56.085 I/Unique  (19086): 2026-09-04 12:02:55.938 I HOOK JOB_HOOKED package=com.unique.probe slot=0 matched=jobById=cancel+getPendingJob+getPendingJobReason,scheduleJob=enqueue+schedule+scheduleAsPackage,pendingJobs=getAllPendingJobs+getAllPendingJobsInNamespace
09-04 12:02:57.564 I/Unique  (19086): 2026-09-04 12:02:57.478 I HOOK SERVICE_HOOKED service=notification cache=true singletons=0 bound=notificationIdentity,enqueue,channels matched=notificationIdentity=addAutomaticZenRule+areBubblesAllowed+areNotificationsEnabled+areNotificationsEnabledForPackage+canNotifyAsPackage+canShowBadge+cancelAllNotifications+cancelNotificationFromListener+cancelToast+clearData+deleteNotificationHistoryItem+enqueueTextToast+enqueueToast+finishToken+getActiveNotifications+getActiveNotificationsWithAttribution+getAllowedAssistantAdjustments+getAppActiv
09-04 12:02:57.874 I/Unique  (19086): 2026-09-04 12:02:57.745 I HOOK NOTIFICATION_HOOKED package=com.unique.probe vuid=0 matched=notificationIdentity=addAutomaticZenRule+areBubblesAllowed+areNotificationsEnabled+areNotificationsEnabledForPackage+canNotifyAsPackage+canShowBadge+cancelAllNotifications+cancelNotificationFromListener+cancelToast+clearData+deleteNotificationHistoryItem+enqueueTextToast+enqueueToast+finishToken+getActiveNotifications+getActiveNotificationsWithAttribution+getAllowedAssistantAdjustments+getAppActiv
09-04 12:02:58.180 I/Unique  (19086): 2026-09-04 12:02:58.057 I PROCESS RECEIVERS_REGISTERED package=com.unique.probe declared=1 registered=1 actions=com.unique.probe.ProbeReceiver#com.unique.probe.PING exported=0
09-04 12:02:58.755 I/Unique  (19086): 2026-09-04 12:02:58.551 I LAUNCH u0 com.unique.probe TRANSACTION_REWRITTEN package=com.unique.probe activity=com.unique.probe.ProbeActivity vuid=0 item=LaunchActivityItem theme=0
09-04 12:03:00.411 I/UniqueProbe(19086): wrote /data/user/0/com.unique/files/virtual/users/0/data/com.unique.probe/files/probe-result.properties
09-04 12:03:00.466 I/UniqueProbe(19086): packageName=com.unique.probe
09-04 12:03:00.468 I/UniqueProbe(19086): applicationClass=com.unique.probe.ProbeApplication
09-04 12:03:00.493 I/UniqueProbe(19086): applicationOnCreateRan=true
09-04 12:03:00.494 I/UniqueProbe(19086): applicationBeforeActivity=true
09-04 12:03:00.495 I/UniqueProbe(19086): activityClass=com.unique.probe.ProbeActivity
09-04 12:03:00.501 I/UniqueProbe(19086): componentName=com.unique.probe/com.unique.probe.ProbeActivity
09-04 12:03:00.502 I/UniqueProbe(19086): pid=19086
09-04 12:03:00.502 I/UniqueProbe(19086): taskId=137
09-04 12:03:00.503 I/UniqueProbe(19086): uid=10109
09-04 12:03:00.511 I/UniqueProbe(19086): dataDir=/data/user/0/com.unique/files/virtual/users/0/data/com.unique.probe
09-04 12:03:00.511 I/UniqueProbe(19086): filesDir=/data/user/0/com.unique/files/virtual/users/0/data/com.unique.probe/files
09-04 12:03:00.518 I/UniqueProbe(19086): cacheDir=/data/user/0/com.unique/files/virtual/users/0/data/com.unique.probe/cache
09-04 12:03:00.519 I/UniqueProbe(19086): codeCacheDir=/data/user/0/com.unique/files/virtual/users/0/data/com.unique.probe/code_cache
09-04 12:03:00.525 I/UniqueProbe(19086): packageCodePath=/data/user/0/com.unique/files/virtual/apk/com.unique.probe/27/base.apk
09-04 12:03:00.526 I/UniqueProbe(19086): packageResourcePath=/data/user/0/com.unique/files/virtual/apk/com.unique.probe/27/base.apk
09-04 12:03:00.527 I/UniqueProbe(19086): appInfoDataDir=/data/user/0/com.unique/files/virtual/users/0/data/com.unique.probe
09-04 12:03:00.533 I/UniqueProbe(19086): appInfoSourceDir=/data/user/0/com.unique/files/virtual/apk/com.unique.probe/27/base.apk
09-04 12:03:00.534 I/UniqueProbe(19086): appInfoNativeLibraryDir=/data/user/0/com.unique/files/virtual/apk/com.unique.probe/27/lib/x86_64
09-04 12:03:00.535 I/UniqueProbe(19086): targetSdk=34
09-04 12:03:00.562 I/UniqueProbe(19086): launchCount=4
09-04 12:03:00.563 I/UniqueProbe(19086): sharedPrefsFile=/data/user/0/com.unique/files/virtual/users/0/data/com.unique.probe/shared_prefs/probe.xml
09-04 12:03:00.619 I/UniqueProbe(19086): fileLineCount=4
09-04 12:03:00.713 I/UniqueProbe(19086): filePath=/data/user/0/com.unique/files/virtual/users/0/data/com.unique.probe/files/launches.log
09-04 12:03:00.714 I/UniqueProbe(19086): dbRowCount=4
09-04 12:03:00.715 I/UniqueProbe(19086): dbPath=/data/user/0/com.unique/files/virtual/users/0/data/com.unique.probe/databases/probe.db
09-04 12:03:00.809 I/UniqueProbe(19086): starting own service
09-04 12:03:01.221 I/Unique  (19086): 2026-09-04 12:03:00.826 I PROCESS u0 com.unique.probe SERVICE_STUB_RESERVED slot=0 stub=0 service=com.unique.probe.ProbeService vuid=0
09-04 12:03:01.771 D/Unique  (19086): 2026-09-04 12:03:01.426 D PROCESS u0 com.unique.probe SERVICE_INTENT_ROUTED service=com.unique.probe.ProbeService stub=com.unique.stub.ServiceStub_p0_s0 action=-
09-04 12:03:02.154 I/UniqueProbe(19086): binding own service
09-04 12:03:02.769 D/Unique  (19086): 2026-09-04 12:03:02.167 D PROCESS u0 com.unique.probe SERVICE_INTENT_ROUTED service=com.unique.probe.ProbeService stub=com.unique.stub.ServiceStub_p0_s0 action=-
09-04 12:03:05.347 I/Unique  (19086): 2026-09-04 12:03:05.223 I PROCESS u0 com.unique.probe CREATE_SERVICE_REWRITTEN stub=com.unique.stub.ServiceStub_p0_s0 service=com.unique.probe.ProbeService
09-04 12:03:05.460 I/UniqueProbe(19086): Service.onCreate package=com.unique.probe process=19086
09-04 12:03:05.643 I/UniqueProbe(19086): Service.onStartCommand startId=1 count=1
09-04 12:03:05.903 I/UniqueProbe(19086): Service.onBind count=1 component=com.unique.probe/.ProbeService
09-04 12:03:06.143 D/Unique  (19086): 2026-09-04 12:03:06.035 D PROCESS u0 com.unique.probe SERVICE_INTENT_ROUTED service=com.unique.probe.ProbeService stub=com.unique.stub.ServiceStub_p0_s0 action=-
09-04 12:03:08.291 I/UniqueProbe(19086): onServiceConnected com.unique/.stub.ServiceStub_p0_s0
09-04 12:03:08.485 I/UniqueProbe(19086): wrote /data/user/0/com.unique/files/virtual/users/0/data/com.unique.probe/files/probe-connection.properties
09-04 12:03:10.159 I/UniqueProbe(19043): Receiver.onReceive action=com.unique.probe.PING package=com.unique.probe
09-04 12:03:10.171 I/UniqueProbe(19086): Receiver.onReceive action=com.unique.probe.PING package=com.unique.probe
09-04 12:03:10.238 I/Unique  (19043): 2026-09-04 12:03:10.185 I PROCESS u1 com.unique.probe BROADCAST_DELIVERED receiver=com.unique.probe.ProbeReceiver action=com.unique.probe.PING
09-04 12:03:10.610 I/Unique  (19086): 2026-09-04 12:03:10.299 I PROCESS u0 com.unique.probe BROADCAST_DELIVERED receiver=com.unique.probe.ProbeReceiver action=com.unique.probe.PING
09-04 12:03:12.705 I/Unique  (19086): 2026-09-04 12:03:12.636 I LAUNCH u0 com.unique.probe TRANSACTION_REWRITTEN package=com.unique.probe activity=com.unique.probe.ProbeActivity vuid=0 item=LaunchActivityItem theme=0
09-04 12:03:13.410 I/UniqueProbe(19086): wrote /data/user/0/com.unique/files/virtual/users/0/data/com.unique.probe/files/probe-result.properties
09-04 12:03:13.411 I/UniqueProbe(19086): packageName=com.unique.probe
09-04 12:03:13.453 I/UniqueProbe(19086): applicationClass=com.unique.probe.ProbeApplication
09-04 12:03:13.488 I/UniqueProbe(19086): applicationOnCreateRan=true
09-04 12:03:13.490 I/UniqueProbe(19086): applicationBeforeActivity=true
09-04 12:03:13.491 I/UniqueProbe(19086): activityClass=com.unique.probe.ProbeActivity
09-04 12:03:13.491 I/UniqueProbe(19086): componentName=com.unique.probe/com.unique.probe.ProbeActivity
09-04 12:03:13.497 I/UniqueProbe(19086): pid=19086
09-04 12:03:13.497 I/UniqueProbe(19086): taskId=137
09-04 12:03:13.498 I/UniqueProbe(19086): uid=10109
09-04 12:03:13.499 I/UniqueProbe(19086): dataDir=/data/user/0/com.unique/files/virtual/users/0/data/com.unique.probe
09-04 12:03:13.518 I/UniqueProbe(19086): filesDir=/data/user/0/com.unique/files/virtual/users/0/data/com.unique.probe/files
09-04 12:03:13.518 I/UniqueProbe(19086): cacheDir=/data/user/0/com.unique/files/virtual/users/0/data/com.unique.probe/cache
09-04 12:03:13.519 I/UniqueProbe(19086): codeCacheDir=/data/user/0/com.unique/files/virtual/users/0/data/com.unique.probe/code_cache
09-04 12:03:13.523 I/UniqueProbe(19086): packageCodePath=/data/user/0/com.unique/files/virtual/apk/com.unique.probe/27/base.apk
09-04 12:03:13.554 I/UniqueProbe(19086): packageResourcePath=/data/user/0/com.unique/files/virtual/apk/com.unique.probe/27/base.apk
09-04 12:03:13.574 I/UniqueProbe(19086): appInfoDataDir=/data/user/0/com.unique/files/virtual/users/0/data/com.unique.probe
09-04 12:03:13.575 I/UniqueProbe(19086): appInfoSourceDir=/data/user/0/com.unique/files/virtual/apk/com.unique.probe/27/base.apk
09-04 12:03:13.590 I/UniqueProbe(19086): appInfoNativeLibraryDir=/data/user/0/com.unique/files/virtual/apk/com.unique.probe/27/lib/x86_64
09-04 12:03:13.591 I/UniqueProbe(19086): targetSdk=34
09-04 12:03:13.592 I/UniqueProbe(19086): launchCount=5
09-04 12:03:13.597 I/UniqueProbe(19086): sharedPrefsFile=/data/user/0/com.unique/files/virtual/users/0/data/com.unique.probe/shared_prefs/probe.xml
09-04 12:03:13.598 I/UniqueProbe(19086): fileLineCount=5
09-04 12:03:13.599 I/UniqueProbe(19086): filePath=/data/user/0/com.unique/files/virtual/users/0/data/com.unique.probe/files/launches.log
09-04 12:03:13.654 I/UniqueProbe(19086): dbRowCount=5
09-04 12:03:13.661 I/UniqueProbe(19086): dbPath=/data/user/0/com.unique/files/virtual/users/0/data/com.unique.probe/databases/probe.db
09-04 12:03:13.663 I/UniqueProbe(19086): querying own provider
09-04 12:03:14.198 I/UniqueProbe(19086): rowCount=3
09-04 12:03:14.198 I/UniqueProbe(19086): provider.packageName=com.unique.probe
09-04 12:03:14.199 I/UniqueProbe(19086): provider.filesDir=/data/user/0/com.unique/files/virtual/users/0/data/com.unique.probe/files
09-04 12:03:14.219 I/UniqueProbe(19086): provider.pid=19086
09-04 12:03:14.223 I/UniqueProbe(19086): type=vnd.android.cursor.dir/probe
09-04 12:03:14.223 I/UniqueProbe(19086): callerPid=19086
09-04 12:03:14.257 I/UniqueProbe(19086): wrote /data/user/0/com.unique/files/virtual/users/0/data/com.unique.probe/files/probe-provider.properties
09-04 12:03:21.159 I/Unique  (19086): 2026-09-04 12:03:21.047 I LAUNCH u0 com.unique.probe TRANSACTION_REWRITTEN package=com.unique.probe activity=com.unique.probe.ProbeActivity vuid=0 item=LaunchActivityItem theme=0
09-04 12:03:23.266 I/UniqueProbe(19086): wrote /data/user/0/com.unique/files/virtual/users/0/data/com.unique.probe/files/probe-result.properties
09-04 12:03:23.267 I/UniqueProbe(19086): packageName=com.unique.probe
09-04 12:03:23.273 I/UniqueProbe(19086): applicationClass=com.unique.probe.ProbeApplication
09-04 12:03:23.274 I/UniqueProbe(19086): applicationOnCreateRan=true
09-04 12:03:23.275 I/UniqueProbe(19086): applicationBeforeActivity=true
09-04 12:03:23.277 I/UniqueProbe(19086): activityClass=com.unique.probe.ProbeActivity
09-04 12:03:23.278 I/UniqueProbe(19086): componentName=com.unique.probe/com.unique.probe.ProbeActivity
09-04 12:03:23.279 I/UniqueProbe(19086): pid=19086
09-04 12:03:23.281 I/UniqueProbe(19086): taskId=137
09-04 12:03:23.282 I/UniqueProbe(19086): uid=10109
09-04 12:03:23.283 I/UniqueProbe(19086): dataDir=/data/user/0/com.unique/files/virtual/users/0/data/com.unique.probe
09-04 12:03:23.285 I/UniqueProbe(19086): filesDir=/data/user/0/com.unique/files/virtual/users/0/data/com.unique.probe/files
09-04 12:03:23.286 I/UniqueProbe(19086): cacheDir=/data/user/0/com.unique/files/virtual/users/0/data/com.unique.probe/cache
09-04 12:03:23.287 I/UniqueProbe(19086): codeCacheDir=/data/user/0/com.unique/files/virtual/users/0/data/com.unique.probe/code_cache
09-04 12:03:23.287 I/UniqueProbe(19086): packageCodePath=/data/user/0/com.unique/files/virtual/apk/com.unique.probe/27/base.apk
09-04 12:03:23.292 I/UniqueProbe(19086): packageResourcePath=/data/user/0/com.unique/files/virtual/apk/com.unique.probe/27/base.apk
09-04 12:03:23.294 I/UniqueProbe(19086): appInfoDataDir=/data/user/0/com.unique/files/virtual/users/0/data/com.unique.probe
09-04 12:03:23.294 I/UniqueProbe(19086): appInfoSourceDir=/data/user/0/com.unique/files/virtual/apk/com.unique.probe/27/base.apk
09-04 12:03:23.295 I/UniqueProbe(19086): appInfoNativeLibraryDir=/data/user/0/com.unique/files/virtual/apk/com.unique.probe/27/lib/x86_64
09-04 12:03:23.303 I/UniqueProbe(19086): targetSdk=34
09-04 12:03:23.306 I/UniqueProbe(19086): launchCount=6
09-04 12:03:23.307 I/UniqueProbe(19086): sharedPrefsFile=/data/user/0/com.unique/files/virtual/users/0/data/com.unique.probe/shared_prefs/probe.xml
09-04 12:03:23.324 I/UniqueProbe(19086): fileLineCount=6
09-04 12:03:23.325 I/UniqueProbe(19086): filePath=/data/user/0/com.unique/files/virtual/users/0/data/com.unique.probe/files/launches.log
09-04 12:03:23.326 I/UniqueProbe(19086): dbRowCount=6
09-04 12:03:23.327 I/UniqueProbe(19086): dbPath=/data/user/0/com.unique/files/virtual/users/0/data/com.unique.probe/databases/probe.db
09-04 12:03:23.346 I/UniqueProbe(19086): starting own second activity
09-04 12:03:24.598 D/Unique  (19086): 2026-09-04 12:03:23.395 D LAUNCH u0 com.unique.probe ACTIVITY_INTENT_ROUTED activity=com.unique.probe.ProbeSecondActivity stub=com.unique.stub.ActivityStub_p0_m0_a0 launchMode=0
09-04 12:03:30.446 I/Unique  (19086): 2026-09-04 12:03:30.400 I LAUNCH u0 com.unique.probe TRANSACTION_REWRITTEN package=com.unique.probe activity=com.unique.probe.ProbeSecondActivity vuid=0 item=LaunchActivityItem theme=0
09-04 12:03:30.953 I/UniqueProbe(19086): wrote /data/user/0/com.unique/files/virtual/users/0/data/com.unique.probe/files/probe-second.properties
09-04 12:03:30.961 I/UniqueProbe(19086): activityClass=com.unique.probe.ProbeSecondActivity
09-04 12:03:30.962 I/UniqueProbe(19086): packageName=com.unique.probe
09-04 12:03:30.962 I/UniqueProbe(19086): componentName=com.unique.probe/com.unique.probe.ProbeSecondActivity
09-04 12:03:30.962 I/UniqueProbe(19086): callingPackage=null
09-04 12:03:30.963 I/UniqueProbe(19086): extra=carried-through
09-04 12:03:30.963 I/UniqueProbe(19086): filesDir=/data/user/0/com.unique/files/virtual/users/0/data/com.unique.probe/files
09-04 12:03:30.963 I/UniqueProbe(19086): taskId=137
09-04 12:03:30.969 I/UniqueProbe(19086): pid=19086
09-04 12:03:38.594 I/UniqueProbe(19086): Service.onUnbind
09-04 12:03:42.079 I/Unique  (19086): 2026-09-04 12:03:41.954 I LAUNCH u0 com.unique.probe TRANSACTION_REWRITTEN package=com.unique.probe activity=com.unique.probe.ProbeActivity vuid=0 item=LaunchActivityItem theme=0
09-04 12:03:42.861 I/UniqueProbe(19086): wrote /data/user/0/com.unique/files/virtual/users/0/data/com.unique.probe/files/probe-result.properties
09-04 12:03:42.862 I/UniqueProbe(19086): packageName=com.unique.probe
09-04 12:03:42.864 I/UniqueProbe(19086): applicationClass=com.unique.probe.ProbeApplication
09-04 12:03:42.865 I/UniqueProbe(19086): applicationOnCreateRan=true
09-04 12:03:42.866 I/UniqueProbe(19086): applicationBeforeActivity=true
09-04 12:03:42.867 I/UniqueProbe(19086): activityClass=com.unique.probe.ProbeActivity
09-04 12:03:42.868 I/UniqueProbe(19086): componentName=com.unique.probe/com.unique.probe.ProbeActivity
09-04 12:03:42.869 I/UniqueProbe(19086): pid=19086
09-04 12:03:42.870 I/UniqueProbe(19086): taskId=137
09-04 12:03:42.871 I/UniqueProbe(19086): uid=10109
09-04 12:03:42.873 I/UniqueProbe(19086): dataDir=/data/user/0/com.unique/files/virtual/users/0/data/com.unique.probe
09-04 12:03:42.874 I/UniqueProbe(19086): filesDir=/data/user/0/com.unique/files/virtual/users/0/data/com.unique.probe/files
09-04 12:03:42.875 I/UniqueProbe(19086): cacheDir=/data/user/0/com.unique/files/virtual/users/0/data/com.unique.probe/cache
09-04 12:03:42.875 I/UniqueProbe(19086): codeCacheDir=/data/user/0/com.unique/files/virtual/users/0/data/com.unique.probe/code_cache
09-04 12:03:42.882 I/UniqueProbe(19086): packageCodePath=/data/user/0/com.unique/files/virtual/apk/com.unique.probe/27/base.apk
09-04 12:03:42.883 I/UniqueProbe(19086): packageResourcePath=/data/user/0/com.unique/files/virtual/apk/com.unique.probe/27/base.apk
09-04 12:03:42.911 I/UniqueProbe(19086): appInfoDataDir=/data/user/0/com.unique/files/virtual/users/0/data/com.unique.probe
09-04 12:03:42.913 I/UniqueProbe(19086): appInfoSourceDir=/data/user/0/com.unique/files/virtual/apk/com.unique.probe/27/base.apk
09-04 12:03:42.914 I/UniqueProbe(19086): appInfoNativeLibraryDir=/data/user/0/com.unique/files/virtual/apk/com.unique.probe/27/lib/x86_64
09-04 12:03:42.915 I/UniqueProbe(19086): targetSdk=34
09-04 12:03:42.915 I/UniqueProbe(19086): launchCount=7
09-04 12:03:42.929 I/UniqueProbe(19086): sharedPrefsFile=/data/user/0/com.unique/files/virtual/users/0/data/com.unique.probe/shared_prefs/probe.xml
09-04 12:03:42.930 I/UniqueProbe(19086): fileLineCount=7
09-04 12:03:42.936 I/UniqueProbe(19086): filePath=/data/user/0/com.unique/files/virtual/users/0/data/com.unique.probe/files/launches.log
09-04 12:03:42.937 I/UniqueProbe(19086): dbRowCount=7
09-04 12:03:42.938 I/UniqueProbe(19086): dbPath=/data/user/0/com.unique/files/virtual/users/0/data/com.unique.probe/databases/probe.db
09-04 12:03:42.943 I/UniqueProbe(19086): firing own PendingIntent
09-04 12:03:43.450 D/Unique  (19086): 2026-09-04 12:03:43.023 D LAUNCH u0 com.unique.probe ACTIVITY_INTENT_ROUTED activity=com.unique.probe.ProbeSecondActivity stub=com.unique.stub.ActivityStub_p0_m0_a0 launchMode=0
09-04 12:03:44.639 I/UniqueProbe(19086): created=true
09-04 12:03:44.694 I/UniqueProbe(19086): creatorPackage=com.unique
09-04 12:03:44.695 I/UniqueProbe(19086): sent=true
09-04 12:03:48.816 I/Unique  (19086): 2026-09-04 12:03:48.667 I LAUNCH u0 com.unique.probe TRANSACTION_REWRITTEN package=com.unique.probe activity=com.unique.probe.ProbeSecondActivity vuid=0 item=LaunchActivityItem theme=0
09-04 12:03:49.391 I/UniqueProbe(19086): wrote /data/user/0/com.unique/files/virtual/users/0/data/com.unique.probe/files/probe-second.properties
09-04 12:03:49.399 I/UniqueProbe(19086): activityClass=com.unique.probe.ProbeSecondActivity
09-04 12:03:49.399 I/UniqueProbe(19086): packageName=com.unique.probe
09-04 12:03:49.404 I/UniqueProbe(19086): componentName=com.unique.probe/com.unique.probe.ProbeSecondActivity
09-04 12:03:49.405 I/UniqueProbe(19086): callingPackage=null
09-04 12:03:49.405 I/UniqueProbe(19086): extra=via-pending-intent
09-04 12:03:49.405 I/UniqueProbe(19086): filesDir=/data/user/0/com.unique/files/virtual/users/0/data/com.unique.probe/files
09-04 12:03:49.406 I/UniqueProbe(19086): taskId=137
09-04 12:03:49.406 I/UniqueProbe(19086): pid=19086
09-04 12:04:05.415 I/Unique  (19086): 2026-09-04 12:04:05.078 I LAUNCH u0 com.unique.probe TRANSACTION_REWRITTEN package=com.unique.probe activity=com.unique.probe.ProbeActivity vuid=0 item=LaunchActivityItem theme=0
09-04 12:04:10.366 I/UniqueProbe(19086): wrote /data/user/0/com.unique/files/virtual/users/0/data/com.unique.probe/files/probe-result.properties
09-04 12:04:10.367 I/UniqueProbe(19086): packageName=com.unique.probe
09-04 12:04:10.374 I/UniqueProbe(19086): applicationClass=com.unique.probe.ProbeApplication
09-04 12:04:10.375 I/UniqueProbe(19086): applicationOnCreateRan=true
09-04 12:04:10.417 I/UniqueProbe(19086): applicationBeforeActivity=true
09-04 12:04:10.418 I/UniqueProbe(19086): activityClass=com.unique.probe.ProbeActivity
09-04 12:04:10.419 I/UniqueProbe(19086): componentName=com.unique.probe/com.unique.probe.ProbeActivity
09-04 12:04:10.473 I/UniqueProbe(19086): pid=19086
09-04 12:04:10.474 I/UniqueProbe(19086): taskId=137
09-04 12:04:10.475 I/UniqueProbe(19086): uid=10109
09-04 12:04:10.491 I/UniqueProbe(19086): dataDir=/data/user/0/com.unique/files/virtual/users/0/data/com.unique.probe
09-04 12:04:10.497 I/UniqueProbe(19086): filesDir=/data/user/0/com.unique/files/virtual/users/0/data/com.unique.probe/files
09-04 12:04:10.498 I/UniqueProbe(19086): cacheDir=/data/user/0/com.unique/files/virtual/users/0/data/com.unique.probe/cache
09-04 12:04:10.499 I/UniqueProbe(19086): codeCacheDir=/data/user/0/com.unique/files/virtual/users/0/data/com.unique.probe/code_cache
09-04 12:04:10.517 I/UniqueProbe(19086): packageCodePath=/data/user/0/com.unique/files/virtual/apk/com.unique.probe/27/base.apk
09-04 12:04:10.518 I/UniqueProbe(19086): packageResourcePath=/data/user/0/com.unique/files/virtual/apk/com.unique.probe/27/base.apk
09-04 12:04:10.519 I/UniqueProbe(19086): appInfoDataDir=/data/user/0/com.unique/files/virtual/users/0/data/com.unique.probe
09-04 12:04:10.523 I/UniqueProbe(19086): appInfoSourceDir=/data/user/0/com.unique/files/virtual/apk/com.unique.probe/27/base.apk
09-04 12:04:10.569 I/UniqueProbe(19086): appInfoNativeLibraryDir=/data/user/0/com.unique/files/virtual/apk/com.unique.probe/27/lib/x86_64
09-04 12:04:10.573 I/UniqueProbe(19086): targetSdk=34
09-04 12:04:10.574 I/UniqueProbe(19086): launchCount=8
09-04 12:04:10.575 I/UniqueProbe(19086): sharedPrefsFile=/data/user/0/com.unique/files/virtual/users/0/data/com.unique.probe/shared_prefs/probe.xml
09-04 12:04:10.576 I/UniqueProbe(19086): fileLineCount=8
09-04 12:04:10.585 I/UniqueProbe(19086): filePath=/data/user/0/com.unique/files/virtual/users/0/data/com.unique.probe/files/launches.log
09-04 12:04:10.586 I/UniqueProbe(19086): dbRowCount=8
09-04 12:04:10.587 I/UniqueProbe(19086): dbPath=/data/user/0/com.unique/files/virtual/users/0/data/com.unique.probe/databases/probe.db
09-04 12:04:10.591 I/UniqueProbe(19086): exercising runtime permissions
09-04 12:04:11.031 D/Unique  (19086): 2026-09-04 12:04:10.699 D PROCESS u0 com.unique.probe PERMISSION_CHECK permission=android.permission.CAMERA result=DENIED
09-04 12:04:11.575 D/Unique  (19086): 2026-09-04 12:04:11.118 D PROCESS u0 com.unique.probe PERMISSION_CHECK permission=android.permission.RECORD_AUDIO result=DENIED
09-04 12:04:12.087 D/Unique  (19086): 2026-09-04 12:04:11.729 D PROCESS u0 com.unique.probe PERMISSION_CHECK permission=android.permission.CAMERA result=DENIED
09-04 12:04:12.913 D/Unique  (19086): 2026-09-04 12:04:12.335 D LAUNCH u0 com.unique.probe ACTIVITY_INTENT_IMPLICIT action=android.content.pm.action.REQUEST_PERMISSIONS package=com.unique.probe
09-04 12:04:27.850 I/Unique  (19086): 2026-09-04 12:04:27.658 I PROCESS u0 com.unique.probe PERMISSION_RESULT_RECORDED package=com.unique.probe vuid=0 permission=android.permission.CAMERA granted=true blockedByHost=false
09-04 12:04:28.522 D/Unique  (19086): 2026-09-04 12:04:27.949 D PROCESS u0 com.unique.probe PERMISSION_CHECK permission=android.permission.CAMERA result=GRANTED
09-04 12:04:29.099 D/Unique  (19086): 2026-09-04 12:04:28.662 D PROCESS u0 com.unique.probe PERMISSION_CHECK permission=android.permission.RECORD_AUDIO result=DENIED
09-04 12:04:29.422 D/Unique  (19086): 2026-09-04 12:04:29.211 D PROCESS u0 com.unique.probe PERMISSION_CHECK permission=android.permission.CAMERA result=GRANTED
09-04 12:04:29.507 I/UniqueProbe(19086): cameraBefore=DENIED
09-04 12:04:29.517 I/UniqueProbe(19086): micBefore=DENIED
09-04 12:04:29.518 I/UniqueProbe(19086): cameraViaPm=DENIED
09-04 12:04:29.519 I/UniqueProbe(19086): cameraRationaleBefore=false
09-04 12:04:29.547 I/UniqueProbe(19086): requestCode=4242
09-04 12:04:29.586 I/UniqueProbe(19086): result.android.permission.CAMERA=GRANTED
09-04 12:04:29.587 I/UniqueProbe(19086): cameraAfter=GRANTED
09-04 12:04:29.611 I/UniqueProbe(19086): micAfter=DENIED
09-04 12:04:29.671 I/UniqueProbe(19086): cameraViaPmAfter=GRANTED
09-04 12:04:29.673 I/UniqueProbe(19086): cameraRationaleAfter=false
09-04 12:04:29.677 I/UniqueProbe(19086): wrote /data/user/0/com.unique/files/virtual/users/0/data/com.unique.probe/files/probe-permissions.properties
09-04 12:04:51.006 I/Unique  (19113): 2026-09-04 12:04:50.890 I PROCESS STUB_PROVIDER_CREATED slot=0
09-04 12:04:52.454 I/Unique  (19113): 2026-09-04 12:04:52.415 I PROCESS PERMISSION_CACHE_DISABLED disabled=disablePermissionCache,disablePackageNamePermissionCache failed=disableAppOpCache: java.lang.IllegalStateException: no disableAppOpCache;disablePackageManagerCache: java.lang.IllegalStateException: no disablePackageManagerCache
09-04 12:04:52.809 I/Unique  (19113): 2026-09-04 12:04:52.758 I PROCESS PERMISSIONS_BOUND package=com.unique.probe vuid=0 declared=4 restored=1
09-04 12:04:53.495 I/Unique  (19113): 2026-09-04 12:04:53.451 I HOOK SERVICE_HOOKED service=package cache=true singletons=1 bound=permissionCheck,getActivityInfo,getApplicationInfo,getNameForUid,getPackageInfo,getPackagesForUid matched=permissionCheck=checkPermission+checkUidPermission,getActivityInfo,getApplicationInfo,getNameForUid,getPackageInfo,getPackagesForUid
09-04 12:04:55.124 I/Unique  (19113): 2026-09-04 12:04:55.079 I HOOK SERVICE_HOOKED service=activity cache=true singletons=1 bound=serviceDispatch,callerIdentity,permissionCheck,getContentProvider,intentSender,foregroundService matched=serviceDispatch=bindService+bindServiceInstance+peekService+publishService+startService+stopService+unbindFinished,callerIdentity=broadcastIntent+broadcastIntentWithFeature+grantUriPermission+moveTaskToFront+registerReceiver+registerReceiverWithFeature+revokeUriPermission+sendIntentSender+startActivity+startActivityAsUser+startActivityAsUserWithFeature+startActivityWithFeature,permissionCheck=chec
09-04 12:04:55.411 I/Unique  (19113): 2026-09-04 12:04:55.185 I LAUNCH VAM_HOOK_INSTALLED package=com.unique.probe host=com.unique methods=6 matched=serviceDispatch=bindService+bindServiceInstance+peekService+publishService+startService+stopService+unbindFinished,callerIdentity=broadcastIntent+broadcastIntentWithFeature+grantUriPermission+moveTaskToFront+registerReceiver+registerReceiverWithFeature+revokeUriPermission+sendIntentSender+startActivity+startActivityAsUser+startActivityAsUserWithFeature+startActivityWithFeature,permissionCheck=chec
09-04 12:04:55.953 I/Unique  (19113): 2026-09-04 12:04:55.905 I HOOK SERVICE_HOOKED service=activity_task cache=true singletons=1 bound=activityStart matched=activityStart=startActivities+startActivity+startActivityAndWait+startActivityAsCaller+startActivityAsUser+startActivityFromGameSession+startActivityIntentSender+startActivityWithConfig
09-04 12:04:56.194 I/Unique  (19113): 2026-09-04 12:04:55.993 I LAUNCH ATM_HOOK_INSTALLED package=com.unique.probe host=com.unique matched=activityStart=startActivities+startActivity+startActivityAndWait+startActivityAsCaller+startActivityAsUser+startActivityFromGameSession+startActivityIntentSender+startActivityWithConfig
09-04 12:04:56.599 I/Unique  (19113): 2026-09-04 12:04:56.558 I HOOK SERVICE_HOOKED service=permissionmgr cache=true singletons=0 bound=shouldShowRequestPermissionRationale matched=shouldShowRequestPermissionRationale
09-04 12:04:56.731 I/Unique  (19113): 2026-09-04 12:04:56.612 I HOOK PERMISSION_MANAGER_HOOKED matched=shouldShowRequestPermissionRationale
09-04 12:04:57.239 I/Unique  (19113): 2026-09-04 12:04:57.141 I HOOK SERVICE_HOOKED service=appops cache=true singletons=0 bound=appOpIdentity matched=appOpIdentity=checkAudioOperation+checkOperation+checkOperationRaw+checkPackage+collectNoteOpCallsForValidation+extractAsyncOps+finishOperation+getHistoricalOps+getHistoricalOpsFromDiskRaw+getOpsForPackage+isOperationActive+isProxying+noteOperation+noteProxyOperation+permissionToOpCode+reportRuntimeAppOpAccessMessageAndGetConfig+resetPackageOpsNoHistory+startOperation+startProxyOperation+startWatc
09-04 12:04:57.459 I/Unique  (19113): 2026-09-04 12:04:57.271 I HOOK APPOPS_HOOKED package=com.unique.probe host=com.unique matched=appOpIdentity=checkAudioOperation+checkOperation+checkOperationRaw+checkPackage+collectNoteOpCallsForValidation+extractAsyncOps+finishOperation+getHistoricalOps+getHistoricalOpsFromDiskRaw+getOpsForPackage+isOperationActive+isProxying+noteOperation+noteProxyOperation+permissionToOpCode+reportRuntimeAppOpAccessMessageAndGetConfig+resetPackageOpsNoHistory+startOperation+startProxyOperation+startWatc
09-04 12:04:58.331 I/UniqueProbe(19113): Application.onCreate package=com.unique.probe class=com.unique.probe.ProbeApplication filesDir=/data/user/0/com.unique/files/virtual/users/0/data/com.unique.probe/files
09-04 12:04:58.467 I/UniqueProbe(19113): Provider.onCreate package=com.unique.probe
09-04 12:04:58.807 I/Unique  (19113): 2026-09-04 12:04:58.559 I PROCESS PROVIDERS_PUBLISHED package=com.unique.probe declared=1 authorities=com.unique.probe.provider
09-04 12:04:59.168 I/Unique  (19113): 2026-09-04 12:04:59.110 I HOOK SERVICE_HOOKED service=alarm cache=true singletons=0 bound=callerPackage matched=callerPackage=canScheduleExactAlarms+hasScheduleExactAlarm+removeAll+set+setTimeZone
09-04 12:04:59.425 I/Unique  (19113): 2026-09-04 12:04:59.171 I HOOK IDENTITY_HOOK_INSTALLED service=alarm package=com.unique.probe matched=callerPackage=canScheduleExactAlarms+hasScheduleExactAlarm+removeAll+set+setTimeZone
09-04 12:04:59.775 I/Unique  (19113): 2026-09-04 12:04:59.635 I HOOK SERVICE_HOOKED service=clipboard cache=true singletons=0 bound=callerPackage matched=callerPackage=addPrimaryClipChangedListener+clearPrimaryClip+getPrimaryClip+getPrimaryClipDescription+getPrimaryClipSource+hasClipboardText+hasPrimaryClip+removePrimaryClipChangedListener+setPrimaryClip+setPrimaryClipAsPackage
09-04 12:05:00.042 I/Unique  (19113): 2026-09-04 12:04:59.819 I HOOK IDENTITY_HOOK_INSTALLED service=clipboard package=com.unique.probe matched=callerPackage=addPrimaryClipChangedListener+clearPrimaryClip+getPrimaryClip+getPrimaryClipDescription+getPrimaryClipSource+hasClipboardText+hasPrimaryClip+removePrimaryClipChangedListener+setPrimaryClip+setPrimaryClipAsPackage
09-04 12:05:00.582 W/Unique  (19113): 2026-09-04 12:05:00.230 W PROCESS ALARM_EXACT_UNAVAILABLE detail=UNIQUE does not hold SCHEDULE_EXACT_ALARM; a guest asking for an exact alarm will get the platform's SecurityException
09-04 12:05:01.215 I/Unique  (19113): 2026-09-04 12:05:01.111 I HOOK SERVICE_HOOKED service=jobscheduler cache=true singletons=0 bound=jobById,scheduleJob,pendingJobs matched=jobById=cancel+getPendingJob+getPendingJobReason,scheduleJob=enqueue+schedule+scheduleAsPackage,pendingJobs=getAllPendingJobs+getAllPendingJobsInNamespace
09-04 12:05:01.607 I/Unique  (19113): 2026-09-04 12:05:01.358 I HOOK JOB_HOOKED package=com.unique.probe slot=0 matched=jobById=cancel+getPendingJob+getPendingJobReason,scheduleJob=enqueue+schedule+scheduleAsPackage,pendingJobs=getAllPendingJobs+getAllPendingJobsInNamespace
09-04 12:05:02.467 I/Unique  (19113): 2026-09-04 12:05:02.431 I HOOK SERVICE_HOOKED service=notification cache=true singletons=0 bound=notificationIdentity,enqueue,channels matched=notificationIdentity=addAutomaticZenRule+areBubblesAllowed+areNotificationsEnabled+areNotificationsEnabledForPackage+canNotifyAsPackage+canShowBadge+cancelAllNotifications+cancelNotificationFromListener+cancelToast+clearData+deleteNotificationHistoryItem+enqueueTextToast+enqueueToast+finishToken+getActiveNotifications+getActiveNotificationsWithAttribution+getAllowedAssistantAdjustments+getAppActiv
09-04 12:05:02.761 I/Unique  (19113): 2026-09-04 12:05:02.591 I HOOK NOTIFICATION_HOOKED package=com.unique.probe vuid=0 matched=notificationIdentity=addAutomaticZenRule+areBubblesAllowed+areNotificationsEnabled+areNotificationsEnabledForPackage+canNotifyAsPackage+canShowBadge+cancelAllNotifications+cancelNotificationFromListener+cancelToast+clearData+deleteNotificationHistoryItem+enqueueTextToast+enqueueToast+finishToken+getActiveNotifications+getActiveNotificationsWithAttribution+getAllowedAssistantAdjustments+getAppActiv
09-04 12:05:02.983 I/Unique  (19113): 2026-09-04 12:05:02.831 I PROCESS RECEIVERS_REGISTERED package=com.unique.probe declared=1 registered=1 actions=com.unique.probe.ProbeReceiver#com.unique.probe.PING exported=0
09-04 12:05:03.515 I/Unique  (19113): 2026-09-04 12:05:03.330 I LAUNCH u0 com.unique.probe TRANSACTION_REWRITTEN package=com.unique.probe activity=com.unique.probe.ProbeActivity vuid=0 item=LaunchActivityItem theme=0
09-04 12:05:05.174 I/UniqueProbe(19113): wrote /data/user/0/com.unique/files/virtual/users/0/data/com.unique.probe/files/probe-result.properties
09-04 12:05:05.175 I/UniqueProbe(19113): packageName=com.unique.probe
09-04 12:05:05.182 I/UniqueProbe(19113): applicationClass=com.unique.probe.ProbeApplication
09-04 12:05:05.183 I/UniqueProbe(19113): applicationOnCreateRan=true
09-04 12:05:05.193 I/UniqueProbe(19113): applicationBeforeActivity=true
09-04 12:05:05.194 I/UniqueProbe(19113): activityClass=com.unique.probe.ProbeActivity
09-04 12:05:05.195 I/UniqueProbe(19113): componentName=com.unique.probe/com.unique.probe.ProbeActivity
09-04 12:05:05.198 I/UniqueProbe(19113): pid=19113
09-04 12:05:05.199 I/UniqueProbe(19113): taskId=138
09-04 12:05:05.219 I/UniqueProbe(19113): uid=10109
09-04 12:05:05.229 I/UniqueProbe(19113): dataDir=/data/user/0/com.unique/files/virtual/users/0/data/com.unique.probe
09-04 12:05:05.230 I/UniqueProbe(19113): filesDir=/data/user/0/com.unique/files/virtual/users/0/data/com.unique.probe/files
09-04 12:05:05.231 I/UniqueProbe(19113): cacheDir=/data/user/0/com.unique/files/virtual/users/0/data/com.unique.probe/cache
09-04 12:05:05.281 I/UniqueProbe(19113): codeCacheDir=/data/user/0/com.unique/files/virtual/users/0/data/com.unique.probe/code_cache
09-04 12:05:05.282 I/UniqueProbe(19113): packageCodePath=/data/user/0/com.unique/files/virtual/apk/com.unique.probe/27/base.apk
09-04 12:05:05.283 I/UniqueProbe(19113): packageResourcePath=/data/user/0/com.unique/files/virtual/apk/com.unique.probe/27/base.apk
09-04 12:05:05.285 I/UniqueProbe(19113): appInfoDataDir=/data/user/0/com.unique/files/virtual/users/0/data/com.unique.probe
09-04 12:05:05.286 I/UniqueProbe(19113): appInfoSourceDir=/data/user/0/com.unique/files/virtual/apk/com.unique.probe/27/base.apk
09-04 12:05:05.287 I/UniqueProbe(19113): appInfoNativeLibraryDir=/data/user/0/com.unique/files/virtual/apk/com.unique.probe/27/lib/x86_64
09-04 12:05:05.297 I/UniqueProbe(19113): targetSdk=34
09-04 12:05:05.298 I/UniqueProbe(19113): launchCount=9
09-04 12:05:05.299 I/UniqueProbe(19113): sharedPrefsFile=/data/user/0/com.unique/files/virtual/users/0/data/com.unique.probe/shared_prefs/probe.xml
09-04 12:05:05.309 I/UniqueProbe(19113): fileLineCount=9
09-04 12:05:05.312 I/UniqueProbe(19113): filePath=/data/user/0/com.unique/files/virtual/users/0/data/com.unique.probe/files/launches.log
09-04 12:05:05.313 I/UniqueProbe(19113): dbRowCount=9
09-04 12:05:05.314 I/UniqueProbe(19113): dbPath=/data/user/0/com.unique/files/virtual/users/0/data/com.unique.probe/databases/probe.db
09-04 12:05:05.357 I/UniqueProbe(19113): exercising runtime permissions
09-04 12:05:05.858 D/Unique  (19113): 2026-09-04 12:05:05.451 D PROCESS u0 com.unique.probe PERMISSION_CHECK permission=android.permission.CAMERA result=GRANTED
09-04 12:05:06.383 D/Unique  (19113): 2026-09-04 12:05:05.982 D PROCESS u0 com.unique.probe PERMISSION_CHECK permission=android.permission.RECORD_AUDIO result=DENIED
09-04 12:05:06.860 D/Unique  (19113): 2026-09-04 12:05:06.487 D PROCESS u0 com.unique.probe PERMISSION_CHECK permission=android.permission.CAMERA result=GRANTED
09-04 12:05:07.335 D/Unique  (19113): 2026-09-04 12:05:06.948 D LAUNCH u0 com.unique.probe ACTIVITY_INTENT_IMPLICIT action=android.content.pm.action.REQUEST_PERMISSIONS package=com.unique.probe
09-04 12:05:24.458 I/Unique  (19113): 2026-09-04 12:05:23.714 I PROCESS u0 com.unique.probe PERMISSION_RESULT_RECORDED package=com.unique.probe vuid=0 permission=android.permission.CAMERA granted=true blockedByHost=false
09-04 12:05:25.422 D/Unique  (19113): 2026-09-04 12:05:24.717 D PROCESS u0 com.unique.probe PERMISSION_CHECK permission=android.permission.CAMERA result=GRANTED
09-04 12:05:25.714 D/Unique  (19113): 2026-09-04 12:05:25.474 D PROCESS u0 com.unique.probe PERMISSION_CHECK permission=android.permission.RECORD_AUDIO result=DENIED
09-04 12:05:25.942 D/Unique  (19113): 2026-09-04 12:05:25.742 D PROCESS u0 com.unique.probe PERMISSION_CHECK permission=android.permission.CAMERA result=GRANTED
09-04 12:05:26.036 I/UniqueProbe(19113): cameraBefore=GRANTED
09-04 12:05:26.038 I/UniqueProbe(19113): micBefore=DENIED
09-04 12:05:26.039 I/UniqueProbe(19113): cameraViaPm=GRANTED
09-04 12:05:26.040 I/UniqueProbe(19113): cameraRationaleBefore=false
09-04 12:05:26.059 I/UniqueProbe(19113): requestCode=4242
09-04 12:05:26.063 I/UniqueProbe(19113): result.android.permission.CAMERA=GRANTED
09-04 12:05:26.065 I/UniqueProbe(19113): cameraAfter=GRANTED
09-04 12:05:26.065 I/UniqueProbe(19113): micAfter=DENIED
09-04 12:05:26.066 I/UniqueProbe(19113): cameraViaPmAfter=GRANTED
09-04 12:05:26.067 I/UniqueProbe(19113): cameraRationaleAfter=false
09-04 12:05:26.079 I/UniqueProbe(19113): wrote /data/user/0/com.unique/files/virtual/users/0/data/com.unique.probe/files/probe-permissions.properties
09-04 12:05:29.659 I/Unique  (19113): 2026-09-04 12:05:29.519 I LAUNCH u0 com.unique.probe TRANSACTION_REWRITTEN package=com.unique.probe activity=com.unique.probe.ProbeActivity vuid=0 item=LaunchActivityItem theme=0
09-04 12:05:30.402 I/UniqueProbe(19113): wrote /data/user/0/com.unique/files/virtual/users/0/data/com.unique.probe/files/probe-result.properties
09-04 12:05:30.407 I/UniqueProbe(19113): packageName=com.unique.probe
09-04 12:05:30.410 I/UniqueProbe(19113): applicationClass=com.unique.probe.ProbeApplication
09-04 12:05:30.411 I/UniqueProbe(19113): applicationOnCreateRan=true
09-04 12:05:30.412 I/UniqueProbe(19113): applicationBeforeActivity=true
09-04 12:05:30.435 I/UniqueProbe(19113): activityClass=com.unique.probe.ProbeActivity
09-04 12:05:30.442 I/UniqueProbe(19113): componentName=com.unique.probe/com.unique.probe.ProbeActivity
09-04 12:05:30.447 I/UniqueProbe(19113): pid=19113
09-04 12:05:30.447 I/UniqueProbe(19113): taskId=138
09-04 12:05:30.459 I/UniqueProbe(19113): uid=10109
09-04 12:05:30.467 I/UniqueProbe(19113): dataDir=/data/user/0/com.unique/files/virtual/users/0/data/com.unique.probe
09-04 12:05:30.487 I/UniqueProbe(19113): filesDir=/data/user/0/com.unique/files/virtual/users/0/data/com.unique.probe/files
09-04 12:05:30.570 I/UniqueProbe(19113): cacheDir=/data/user/0/com.unique/files/virtual/users/0/data/com.unique.probe/cache
09-04 12:05:30.578 I/UniqueProbe(19113): codeCacheDir=/data/user/0/com.unique/files/virtual/users/0/data/com.unique.probe/code_cache
09-04 12:05:30.593 I/UniqueProbe(19113): packageCodePath=/data/user/0/com.unique/files/virtual/apk/com.unique.probe/27/base.apk
09-04 12:05:30.594 I/UniqueProbe(19113): packageResourcePath=/data/user/0/com.unique/files/virtual/apk/com.unique.probe/27/base.apk
09-04 12:05:30.595 I/UniqueProbe(19113): appInfoDataDir=/data/user/0/com.unique/files/virtual/users/0/data/com.unique.probe
09-04 12:05:30.622 I/UniqueProbe(19113): appInfoSourceDir=/data/user/0/com.unique/files/virtual/apk/com.unique.probe/27/base.apk
09-04 12:05:30.627 I/UniqueProbe(19113): appInfoNativeLibraryDir=/data/user/0/com.unique/files/virtual/apk/com.unique.probe/27/lib/x86_64
09-04 12:05:30.642 I/UniqueProbe(19113): targetSdk=34
09-04 12:05:30.643 I/UniqueProbe(19113): launchCount=10
09-04 12:05:30.657 I/UniqueProbe(19113): sharedPrefsFile=/data/user/0/com.unique/files/virtual/users/0/data/com.unique.probe/shared_prefs/probe.xml
09-04 12:05:30.658 I/UniqueProbe(19113): fileLineCount=10
09-04 12:05:30.659 I/UniqueProbe(19113): filePath=/data/user/0/com.unique/files/virtual/users/0/data/com.unique.probe/files/launches.log
09-04 12:05:30.682 I/UniqueProbe(19113): dbRowCount=10
09-04 12:05:30.683 I/UniqueProbe(19113): dbPath=/data/user/0/com.unique/files/virtual/users/0/data/com.unique.probe/databases/probe.db
09-04 12:05:30.746 I/UniqueProbe(19113): exercising app ops
09-04 12:05:30.943 I/UniqueProbe(19113): checkPackage=ok
09-04 12:05:30.944 I/UniqueProbe(19113): cameraOp=0
09-04 12:05:30.978 I/UniqueProbe(19113): packageName=com.unique.probe
09-04 12:05:31.012 I/UniqueProbe(19113): wrote /data/user/0/com.unique/files/virtual/users/0/data/com.unique.probe/files/probe-appops.properties
09-04 12:05:43.395 I/Unique  (19113): 2026-09-04 12:05:43.312 I LAUNCH u0 com.unique.probe TRANSACTION_REWRITTEN package=com.unique.probe activity=com.unique.probe.ProbeActivity vuid=0 item=LaunchActivityItem theme=0
09-04 12:05:44.274 I/UniqueProbe(19113): wrote /data/user/0/com.unique/files/virtual/users/0/data/com.unique.probe/files/probe-result.properties
09-04 12:05:44.281 I/UniqueProbe(19113): packageName=com.unique.probe
09-04 12:05:44.282 I/UniqueProbe(19113): applicationClass=com.unique.probe.ProbeApplication
09-04 12:05:44.283 I/UniqueProbe(19113): applicationOnCreateRan=true
09-04 12:05:44.294 I/UniqueProbe(19113): applicationBeforeActivity=true
09-04 12:05:44.309 I/UniqueProbe(19113): activityClass=com.unique.probe.ProbeActivity
09-04 12:05:44.310 I/UniqueProbe(19113): componentName=com.unique.probe/com.unique.probe.ProbeActivity
09-04 12:05:44.311 I/UniqueProbe(19113): pid=19113
09-04 12:05:44.312 I/UniqueProbe(19113): taskId=138
09-04 12:05:44.328 I/UniqueProbe(19113): uid=10109
09-04 12:05:44.329 I/UniqueProbe(19113): dataDir=/data/user/0/com.unique/files/virtual/users/0/data/com.unique.probe
09-04 12:05:44.330 I/UniqueProbe(19113): filesDir=/data/user/0/com.unique/files/virtual/users/0/data/com.unique.probe/files
09-04 12:05:44.369 I/UniqueProbe(19113): cacheDir=/data/user/0/com.unique/files/virtual/users/0/data/com.unique.probe/cache
09-04 12:05:44.370 I/UniqueProbe(19113): codeCacheDir=/data/user/0/com.unique/files/virtual/users/0/data/com.unique.probe/code_cache
09-04 12:05:44.371 I/UniqueProbe(19113): packageCodePath=/data/user/0/com.unique/files/virtual/apk/com.unique.probe/27/base.apk
09-04 12:05:44.401 I/UniqueProbe(19113): packageResourcePath=/data/user/0/com.unique/files/virtual/apk/com.unique.probe/27/base.apk
09-04 12:05:44.402 I/UniqueProbe(19113): appInfoDataDir=/data/user/0/com.unique/files/virtual/users/0/data/com.unique.probe
09-04 12:05:44.411 I/UniqueProbe(19113): appInfoSourceDir=/data/user/0/com.unique/files/virtual/apk/com.unique.probe/27/base.apk
09-04 12:05:44.417 I/UniqueProbe(19113): appInfoNativeLibraryDir=/data/user/0/com.unique/files/virtual/apk/com.unique.probe/27/lib/x86_64
09-04 12:05:44.417 I/UniqueProbe(19113): targetSdk=34
09-04 12:05:44.418 I/UniqueProbe(19113): launchCount=11
09-04 12:05:44.419 I/UniqueProbe(19113): sharedPrefsFile=/data/user/0/com.unique/files/virtual/users/0/data/com.unique.probe/shared_prefs/probe.xml
09-04 12:05:44.438 I/UniqueProbe(19113): fileLineCount=11
09-04 12:05:44.452 I/UniqueProbe(19113): filePath=/data/user/0/com.unique/files/virtual/users/0/data/com.unique.probe/files/launches.log
09-04 12:05:44.453 I/UniqueProbe(19113): dbRowCount=11
09-04 12:05:44.454 I/UniqueProbe(19113): dbPath=/data/user/0/com.unique/files/virtual/users/0/data/com.unique.probe/databases/probe.db
09-04 12:05:44.462 I/UniqueProbe(19113): posting own notification
09-04 12:05:45.350 D/Unique  (19113): 2026-09-04 12:05:44.995 D LAUNCH u0 com.unique.probe ACTIVITY_INTENT_ROUTED activity=com.unique.probe.ProbeSecondActivity stub=com.unique.stub.ActivityStub_p0_m0_a0 launchMode=0
09-04 12:05:46.179 D/Unique  (19113): 2026-09-04 12:05:45.941 D PROCESS u0 com.unique.probe NOTIFICATION_ADAPTED package=com.unique.probe vuid=0 channel=vu0:com.unique.probe:probe-channel icon=1
09-04 12:05:46.511 I/UniqueProbe(19113): channelCreated=probe-channel
09-04 12:05:46.545 I/UniqueProbe(19113): posted=4711
09-04 12:05:46.546 I/UniqueProbe(19113): packageName=com.unique.probe
09-04 12:05:46.562 I/UniqueProbe(19113): wrote /data/user/0/com.unique/files/virtual/users/0/data/com.unique.probe/files/probe-notification.properties
09-04 12:05:57.722 I/Unique  (19043): 2026-09-04 12:05:57.236 I LAUNCH u1 com.unique.probe TRANSACTION_REWRITTEN package=com.unique.probe activity=com.unique.probe.ProbeActivity vuid=1 item=LaunchActivityItem theme=0
09-04 12:06:03.072 I/UniqueProbe(19043): wrote /data/user/0/com.unique/files/virtual/users/1/data/com.unique.probe/files/probe-result.properties
09-04 12:06:03.074 I/UniqueProbe(19043): packageName=com.unique.probe
09-04 12:06:03.075 I/UniqueProbe(19043): applicationClass=com.unique.probe.ProbeApplication
09-04 12:06:03.075 I/UniqueProbe(19043): applicationOnCreateRan=true
09-04 12:06:03.081 I/UniqueProbe(19043): applicationBeforeActivity=true
09-04 12:06:03.082 I/UniqueProbe(19043): activityClass=com.unique.probe.ProbeActivity
09-04 12:06:03.083 I/UniqueProbe(19043): componentName=com.unique.probe/com.unique.probe.ProbeActivity
09-04 12:06:03.096 I/UniqueProbe(19043): pid=19043
09-04 12:06:03.097 I/UniqueProbe(19043): taskId=136
09-04 12:06:03.098 I/UniqueProbe(19043): uid=10109
09-04 12:06:03.099 I/UniqueProbe(19043): dataDir=/data/user/0/com.unique/files/virtual/users/1/data/com.unique.probe
09-04 12:06:03.101 I/UniqueProbe(19043): filesDir=/data/user/0/com.unique/files/virtual/users/1/data/com.unique.probe/files
09-04 12:06:03.102 I/UniqueProbe(19043): cacheDir=/data/user/0/com.unique/files/virtual/users/1/data/com.unique.probe/cache
09-04 12:06:03.102 I/UniqueProbe(19043): codeCacheDir=/data/user/0/com.unique/files/virtual/users/1/data/com.unique.probe/code_cache
09-04 12:06:03.103 I/UniqueProbe(19043): packageCodePath=/data/user/0/com.unique/files/virtual/apk/com.unique.probe/27/base.apk
09-04 12:06:03.105 I/UniqueProbe(19043): packageResourcePath=/data/user/0/com.unique/files/virtual/apk/com.unique.probe/27/base.apk
09-04 12:06:03.109 I/UniqueProbe(19043): appInfoDataDir=/data/user/0/com.unique/files/virtual/users/1/data/com.unique.probe
09-04 12:06:03.110 I/UniqueProbe(19043): appInfoSourceDir=/data/user/0/com.unique/files/virtual/apk/com.unique.probe/27/base.apk
09-04 12:06:03.111 I/UniqueProbe(19043): appInfoNativeLibraryDir=/data/user/0/com.unique/files/virtual/apk/com.unique.probe/27/lib/x86_64
09-04 12:06:03.111 I/UniqueProbe(19043): targetSdk=34
09-04 12:06:03.113 I/UniqueProbe(19043): launchCount=2
09-04 12:06:03.114 I/UniqueProbe(19043): sharedPrefsFile=/data/user/0/com.unique/files/virtual/users/1/data/com.unique.probe/shared_prefs/probe.xml
09-04 12:06:03.115 I/UniqueProbe(19043): fileLineCount=2
09-04 12:06:03.117 I/UniqueProbe(19043): filePath=/data/user/0/com.unique/files/virtual/users/1/data/com.unique.probe/files/launches.log
09-04 12:06:03.118 I/UniqueProbe(19043): dbRowCount=2
09-04 12:06:03.118 I/UniqueProbe(19043): dbPath=/data/user/0/com.unique/files/virtual/users/1/data/com.unique.probe/databases/probe.db
09-04 12:06:03.133 I/UniqueProbe(19043): posting own notification
09-04 12:06:04.357 D/Unique  (19043): 2026-09-04 12:06:03.930 D LAUNCH u1 com.unique.probe ACTIVITY_INTENT_ROUTED activity=com.unique.probe.ProbeSecondActivity stub=com.unique.stub.ActivityStub_p1_m0_a0 launchMode=0
09-04 12:06:05.489 D/Unique  (19043): 2026-09-04 12:06:05.096 D PROCESS u1 com.unique.probe NOTIFICATION_ADAPTED package=com.unique.probe vuid=1 channel=vu1:com.unique.probe:probe-channel icon=1
09-04 12:06:05.957 I/UniqueProbe(19043): channelCreated=probe-channel
09-04 12:06:05.958 I/UniqueProbe(19043): posted=4711
09-04 12:06:05.959 I/UniqueProbe(19043): packageName=com.unique.probe
09-04 12:06:05.973 I/UniqueProbe(19043): wrote /data/user/0/com.unique/files/virtual/users/1/data/com.unique.probe/files/probe-notification.properties
09-04 12:06:14.802 I/Unique  (19113): 2026-09-04 12:06:14.527 I LAUNCH u0 com.unique.probe TRANSACTION_REWRITTEN package=com.unique.probe activity=com.unique.probe.ProbeActivity vuid=0 item=LaunchActivityItem theme=0
09-04 12:06:15.899 I/UniqueProbe(19113): wrote /data/user/0/com.unique/files/virtual/users/0/data/com.unique.probe/files/probe-result.properties
09-04 12:06:15.909 I/UniqueProbe(19113): packageName=com.unique.probe
09-04 12:06:15.910 I/UniqueProbe(19113): applicationClass=com.unique.probe.ProbeApplication
09-04 12:06:15.911 I/UniqueProbe(19113): applicationOnCreateRan=true
09-04 12:06:15.915 I/UniqueProbe(19113): applicationBeforeActivity=true
09-04 12:06:15.920 I/UniqueProbe(19113): activityClass=com.unique.probe.ProbeActivity
09-04 12:06:15.922 I/UniqueProbe(19113): componentName=com.unique.probe/com.unique.probe.ProbeActivity
09-04 12:06:15.925 I/UniqueProbe(19113): pid=19113
09-04 12:06:15.925 I/UniqueProbe(19113): taskId=138
09-04 12:06:15.926 I/UniqueProbe(19113): uid=10109
09-04 12:06:15.927 I/UniqueProbe(19113): dataDir=/data/user/0/com.unique/files/virtual/users/0/data/com.unique.probe
09-04 12:06:15.938 I/UniqueProbe(19113): filesDir=/data/user/0/com.unique/files/virtual/users/0/data/com.unique.probe/files
09-04 12:06:15.941 I/UniqueProbe(19113): cacheDir=/data/user/0/com.unique/files/virtual/users/0/data/com.unique.probe/cache
09-04 12:06:15.942 I/UniqueProbe(19113): codeCacheDir=/data/user/0/com.unique/files/virtual/users/0/data/com.unique.probe/code_cache
09-04 12:06:15.943 I/UniqueProbe(19113): packageCodePath=/data/user/0/com.unique/files/virtual/apk/com.unique.probe/27/base.apk
09-04 12:06:15.949 I/UniqueProbe(19113): packageResourcePath=/data/user/0/com.unique/files/virtual/apk/com.unique.probe/27/base.apk
09-04 12:06:15.950 I/UniqueProbe(19113): appInfoDataDir=/data/user/0/com.unique/files/virtual/users/0/data/com.unique.probe
09-04 12:06:15.951 I/UniqueProbe(19113): appInfoSourceDir=/data/user/0/com.unique/files/virtual/apk/com.unique.probe/27/base.apk
09-04 12:06:15.957 I/UniqueProbe(19113): appInfoNativeLibraryDir=/data/user/0/com.unique/files/virtual/apk/com.unique.probe/27/lib/x86_64
09-04 12:06:15.958 I/UniqueProbe(19113): targetSdk=34
09-04 12:06:15.959 I/UniqueProbe(19113): launchCount=12
09-04 12:06:15.960 I/UniqueProbe(19113): sharedPrefsFile=/data/user/0/com.unique/files/virtual/users/0/data/com.unique.probe/shared_prefs/probe.xml
09-04 12:06:15.971 I/UniqueProbe(19113): fileLineCount=12
09-04 12:06:15.977 I/UniqueProbe(19113): filePath=/data/user/0/com.unique/files/virtual/users/0/data/com.unique.probe/files/launches.log
09-04 12:06:15.978 I/UniqueProbe(19113): dbRowCount=12
09-04 12:06:15.979 I/UniqueProbe(19113): dbPath=/data/user/0/com.unique/files/virtual/users/0/data/com.unique.probe/databases/probe.db
09-04 12:06:15.985 I/UniqueProbe(19113): starting own service
09-04 12:06:16.142 I/Unique  (19113): 2026-09-04 12:06:16.009 I PROCESS u0 com.unique.probe SERVICE_STUB_RESERVED slot=0 stub=0 service=com.unique.probe.ProbeService vuid=0
09-04 12:06:16.298 D/Unique  (19113): 2026-09-04 12:06:16.178 D PROCESS u0 com.unique.probe SERVICE_INTENT_ROUTED service=com.unique.probe.ProbeService stub=com.unique.stub.ServiceStub_p0_s0 action=-
09-04 12:06:21.851 I/Unique  (19113): 2026-09-04 12:06:21.615 I PROCESS u0 com.unique.probe CREATE_SERVICE_REWRITTEN stub=com.unique.stub.ServiceStub_p0_s0 service=com.unique.probe.ProbeService
09-04 12:06:22.281 I/UniqueProbe(19113): Service.onCreate package=com.unique.probe process=19113
09-04 12:06:22.652 I/UniqueProbe(19113): Service.onStartCommand startId=1 count=1
09-04 12:06:23.437 I/Unique  (19113): 2026-09-04 12:06:23.063 I PROCESS u0 com.unique.probe FGS_TYPE_RESOLVED requested=0x1 declared=0x1 granted=0x1
09-04 12:06:24.011 D/Unique  (19113): 2026-09-04 12:06:23.938 D PROCESS u0 com.unique.probe NOTIFICATION_ADAPTED package=com.unique.probe vuid=0 channel=vu0:com.unique.probe:probe-fgs icon=1
09-04 12:06:24.445 I/UniqueProbe(19113): Service.startForeground ok
09-04 12:06:27.187 I/Unique  (19113): 2026-09-04 12:06:27.071 I LAUNCH u0 com.unique.probe TRANSACTION_REWRITTEN package=com.unique.probe activity=com.unique.probe.ProbeActivity vuid=0 item=LaunchActivityItem theme=0
09-04 12:06:27.838 I/UniqueProbe(19113): wrote /data/user/0/com.unique/files/virtual/users/0/data/com.unique.probe/files/probe-result.properties
09-04 12:06:27.841 I/UniqueProbe(19113): packageName=com.unique.probe
09-04 12:06:27.842 I/UniqueProbe(19113): applicationClass=com.unique.probe.ProbeApplication
09-04 12:06:27.843 I/UniqueProbe(19113): applicationOnCreateRan=true
09-04 12:06:27.849 I/UniqueProbe(19113): applicationBeforeActivity=true
09-04 12:06:27.850 I/UniqueProbe(19113): activityClass=com.unique.probe.ProbeActivity
09-04 12:06:27.851 I/UniqueProbe(19113): componentName=com.unique.probe/com.unique.probe.ProbeActivity
09-04 12:06:27.851 I/UniqueProbe(19113): pid=19113
09-04 12:06:27.857 I/UniqueProbe(19113): taskId=138
09-04 12:06:27.858 I/UniqueProbe(19113): uid=10109
09-04 12:06:27.859 I/UniqueProbe(19113): dataDir=/data/user/0/com.unique/files/virtual/users/0/data/com.unique.probe
09-04 12:06:27.865 I/UniqueProbe(19113): filesDir=/data/user/0/com.unique/files/virtual/users/0/data/com.unique.probe/files
09-04 12:06:27.865 I/UniqueProbe(19113): cacheDir=/data/user/0/com.unique/files/virtual/users/0/data/com.unique.probe/cache
09-04 12:06:27.866 I/UniqueProbe(19113): codeCacheDir=/data/user/0/com.unique/files/virtual/users/0/data/com.unique.probe/code_cache
09-04 12:06:27.867 I/UniqueProbe(19113): packageCodePath=/data/user/0/com.unique/files/virtual/apk/com.unique.probe/27/base.apk
09-04 12:06:27.873 I/UniqueProbe(19113): packageResourcePath=/data/user/0/com.unique/files/virtual/apk/com.unique.probe/27/base.apk
09-04 12:06:27.874 I/UniqueProbe(19113): appInfoDataDir=/data/user/0/com.unique/files/virtual/users/0/data/com.unique.probe
09-04 12:06:27.875 I/UniqueProbe(19113): appInfoSourceDir=/data/user/0/com.unique/files/virtual/apk/com.unique.probe/27/base.apk
09-04 12:06:27.880 I/UniqueProbe(19113): appInfoNativeLibraryDir=/data/user/0/com.unique/files/virtual/apk/com.unique.probe/27/lib/x86_64
09-04 12:06:27.894 I/UniqueProbe(19113): targetSdk=34
09-04 12:06:27.895 I/UniqueProbe(19113): launchCount=13
09-04 12:06:27.917 I/UniqueProbe(19113): sharedPrefsFile=/data/user/0/com.unique/files/virtual/users/0/data/com.unique.probe/shared_prefs/probe.xml
09-04 12:06:27.918 I/UniqueProbe(19113): fileLineCount=13
09-04 12:06:27.919 I/UniqueProbe(19113): filePath=/data/user/0/com.unique/files/virtual/users/0/data/com.unique.probe/files/launches.log
09-04 12:06:27.923 I/UniqueProbe(19113): dbRowCount=13
09-04 12:06:27.925 I/UniqueProbe(19113): dbPath=/data/user/0/com.unique/files/virtual/users/0/data/com.unique.probe/databases/probe.db
09-04 12:06:27.927 I/UniqueProbe(19113): loading own native library
09-04 12:06:28.070 I/UniqueProbe(19113): loaded=true
09-04 12:06:28.071 I/UniqueProbe(19113): arch=x86_64
09-04 12:06:28.072 I/UniqueProbe(19113): pageSize=4096
09-04 12:06:28.073 I/UniqueProbe(19113): nativePid=19113
09-04 12:06:28.074 I/UniqueProbe(19113): javaPid=19113
09-04 12:06:28.075 I/UniqueProbe(19113): echo=native:hello
09-04 12:06:28.103 I/UniqueProbe(19113): nativeLibraryDir=/data/user/0/com.unique/files/virtual/apk/com.unique.probe/27/lib/x86_64
09-04 12:06:28.110 I/UniqueProbe(19113): libcWrite=ok:/data/user/0/com.unique/files/virtual/users/0/data/com.unique.probe/files/probe-libc.txt
09-04 12:06:28.120 I/UniqueProbe(19113): libcFileExists=true
09-04 12:06:28.123 I/UniqueProbe(19113): wrote /data/user/0/com.unique/files/virtual/users/0/data/com.unique.probe/files/probe-native.properties
09-04 12:06:40.266 I/Unique  (19113): 2026-09-04 12:06:40.151 I LAUNCH u0 com.unique.probe TRANSACTION_REWRITTEN package=com.unique.probe activity=com.unique.probe.ProbeActivity vuid=0 item=LaunchActivityItem theme=0
09-04 12:06:41.050 I/UniqueProbe(19113): wrote /data/user/0/com.unique/files/virtual/users/0/data/com.unique.probe/files/probe-result.properties
09-04 12:06:41.053 I/UniqueProbe(19113): packageName=com.unique.probe
09-04 12:06:41.054 I/UniqueProbe(19113): applicationClass=com.unique.probe.ProbeApplication
09-04 12:06:41.055 I/UniqueProbe(19113): applicationOnCreateRan=true
09-04 12:06:41.070 I/UniqueProbe(19113): applicationBeforeActivity=true
09-04 12:06:41.071 I/UniqueProbe(19113): activityClass=com.unique.probe.ProbeActivity
09-04 12:06:41.073 I/UniqueProbe(19113): componentName=com.unique.probe/com.unique.probe.ProbeActivity
09-04 12:06:41.073 I/UniqueProbe(19113): pid=19113
09-04 12:06:41.074 I/UniqueProbe(19113): taskId=138
09-04 12:06:41.075 I/UniqueProbe(19113): uid=10109
09-04 12:06:41.113 I/UniqueProbe(19113): dataDir=/data/user/0/com.unique/files/virtual/users/0/data/com.unique.probe
09-04 12:06:41.120 I/UniqueProbe(19113): filesDir=/data/user/0/com.unique/files/virtual/users/0/data/com.unique.probe/files
09-04 12:06:41.125 I/UniqueProbe(19113): cacheDir=/data/user/0/com.unique/files/virtual/users/0/data/com.unique.probe/cache
09-04 12:06:41.135 I/UniqueProbe(19113): codeCacheDir=/data/user/0/com.unique/files/virtual/users/0/data/com.unique.probe/code_cache
09-04 12:06:41.150 I/UniqueProbe(19113): packageCodePath=/data/user/0/com.unique/files/virtual/apk/com.unique.probe/27/base.apk
09-04 12:06:41.151 I/UniqueProbe(19113): packageResourcePath=/data/user/0/com.unique/files/virtual/apk/com.unique.probe/27/base.apk
09-04 12:06:41.159 I/UniqueProbe(19113): appInfoDataDir=/data/user/0/com.unique/files/virtual/users/0/data/com.unique.probe
09-04 12:06:41.193 I/UniqueProbe(19113): appInfoSourceDir=/data/user/0/com.unique/files/virtual/apk/com.unique.probe/27/base.apk
09-04 12:06:41.194 I/UniqueProbe(19113): appInfoNativeLibraryDir=/data/user/0/com.unique/files/virtual/apk/com.unique.probe/27/lib/x86_64
09-04 12:06:41.195 I/UniqueProbe(19113): targetSdk=34
09-04 12:06:41.196 I/UniqueProbe(19113): launchCount=14
09-04 12:06:41.197 I/UniqueProbe(19113): sharedPrefsFile=/data/user/0/com.unique/files/virtual/users/0/data/com.unique.probe/shared_prefs/probe.xml
09-04 12:06:41.198 I/UniqueProbe(19113): fileLineCount=14
09-04 12:06:41.199 I/UniqueProbe(19113): filePath=/data/user/0/com.unique/files/virtual/users/0/data/com.unique.probe/files/launches.log
09-04 12:06:41.200 I/UniqueProbe(19113): dbRowCount=14
09-04 12:06:41.200 I/UniqueProbe(19113): dbPath=/data/user/0/com.unique/files/virtual/users/0/data/com.unique.probe/databases/probe.db
09-04 12:06:41.202 I/UniqueProbe(19113): scheduling own job
09-04 12:06:42.709 I/Unique  (19113): 2026-09-04 12:06:42.299 I PROCESS u0 com.unique.probe JOB_SCHEDULED service=com.unique.probe.ProbeJobService virtualJobId=31 hostJobId=31 stub=com.unique.stub.JobStub_p0
09-04 12:06:43.831 I/UniqueProbe(19113): scheduleResult=1
09-04 12:06:43.879 I/UniqueProbe(19113): requestedJobId=31
09-04 12:06:43.917 I/UniqueProbe(19113): pendingFound=true
09-04 12:06:43.918 I/UniqueProbe(19113): pendingJobId=31
09-04 12:06:43.919 I/UniqueProbe(19113): pendingService=com.unique.probe/.ProbeJobService
09-04 12:06:43.937 I/UniqueProbe(19113): wrote /data/user/0/com.unique/files/virtual/users/0/data/com.unique.probe/files/probe-job-schedule.properties
09-04 12:06:46.234 D/Unique  (19113): 2026-09-04 12:06:45.822 D PROCESS u0 com.unique.probe CREATE_SERVICE_UNMAPPED stub=com.unique.stub.JobStub_p0
09-04 12:06:48.430 I/UniqueProbe(19113): Job.onStartJob id=31
09-04 12:06:48.595 I/UniqueProbe(19113): wrote /data/user/0/com.unique/files/virtual/users/0/data/com.unique.probe/files/probe-job.properties
09-04 12:06:48.947 I/Unique  (19113): 2026-09-04 12:06:48.613 I PROCESS u0 com.unique.probe JOB_STARTED service=com.unique.probe.ProbeJobService virtualJobId=31 hostJobId=31 stillRunning=false
09-04 12:06:53.089 I/Unique  (19113): 2026-09-04 12:06:52.943 I LAUNCH u0 com.unique.probe TRANSACTION_REWRITTEN package=com.unique.probe activity=com.unique.probe.ProbeActivity vuid=0 item=LaunchActivityItem theme=0
09-04 12:06:53.835 I/UniqueProbe(19113): wrote /data/user/0/com.unique/files/virtual/users/0/data/com.unique.probe/files/probe-result.properties
09-04 12:06:53.837 I/UniqueProbe(19113): packageName=com.unique.probe
09-04 12:06:53.838 I/UniqueProbe(19113): applicationClass=com.unique.probe.ProbeApplication
09-04 12:06:53.847 I/UniqueProbe(19113): applicationOnCreateRan=true
09-04 12:06:53.872 I/UniqueProbe(19113): applicationBeforeActivity=true
09-04 12:06:53.874 I/UniqueProbe(19113): activityClass=com.unique.probe.ProbeActivity
09-04 12:06:53.897 I/UniqueProbe(19113): componentName=com.unique.probe/com.unique.probe.ProbeActivity
09-04 12:06:53.899 I/UniqueProbe(19113): pid=19113
09-04 12:06:53.905 I/UniqueProbe(19113): taskId=138
09-04 12:06:53.907 I/UniqueProbe(19113): uid=10109
09-04 12:06:53.937 I/UniqueProbe(19113): dataDir=/data/user/0/com.unique/files/virtual/users/0/data/com.unique.probe
09-04 12:06:53.939 I/UniqueProbe(19113): filesDir=/data/user/0/com.unique/files/virtual/users/0/data/com.unique.probe/files
09-04 12:06:53.945 I/UniqueProbe(19113): cacheDir=/data/user/0/com.unique/files/virtual/users/0/data/com.unique.probe/cache
09-04 12:06:53.947 I/UniqueProbe(19113): codeCacheDir=/data/user/0/com.unique/files/virtual/users/0/data/com.unique.probe/code_cache
09-04 12:06:53.958 I/UniqueProbe(19113): packageCodePath=/data/user/0/com.unique/files/virtual/apk/com.unique.probe/27/base.apk
09-04 12:06:53.963 I/UniqueProbe(19113): packageResourcePath=/data/user/0/com.unique/files/virtual/apk/com.unique.probe/27/base.apk
09-04 12:06:53.975 I/UniqueProbe(19113): appInfoDataDir=/data/user/0/com.unique/files/virtual/users/0/data/com.unique.probe
09-04 12:06:54.007 I/UniqueProbe(19113): appInfoSourceDir=/data/user/0/com.unique/files/virtual/apk/com.unique.probe/27/base.apk
09-04 12:06:54.009 I/UniqueProbe(19113): appInfoNativeLibraryDir=/data/user/0/com.unique/files/virtual/apk/com.unique.probe/27/lib/x86_64
09-04 12:06:54.011 I/UniqueProbe(19113): targetSdk=34
09-04 12:06:54.011 I/UniqueProbe(19113): launchCount=15
09-04 12:06:54.058 I/UniqueProbe(19113): sharedPrefsFile=/data/user/0/com.unique/files/virtual/users/0/data/com.unique.probe/shared_prefs/probe.xml
09-04 12:06:54.059 I/UniqueProbe(19113): fileLineCount=15
09-04 12:06:54.113 I/UniqueProbe(19113): filePath=/data/user/0/com.unique/files/virtual/users/0/data/com.unique.probe/files/launches.log
09-04 12:06:54.114 I/UniqueProbe(19113): dbRowCount=15
09-04 12:06:54.115 I/UniqueProbe(19113): dbPath=/data/user/0/com.unique/files/virtual/users/0/data/com.unique.probe/databases/probe.db
09-04 12:06:54.183 I/UniqueProbe(19113): exercising alarms and the clipboard
09-04 12:06:55.320 I/UniqueProbe(19113): alarmSet=true
09-04 12:06:55.338 I/UniqueProbe(19113): canScheduleExact=false
09-04 12:06:55.357 I/UniqueProbe(19113): alarmCancelled=true
09-04 12:06:55.358 I/UniqueProbe(19113): clipSet=true
09-04 12:06:55.359 I/UniqueProbe(19113): clipRead=null
09-04 12:06:55.360 I/UniqueProbe(19113): hadFocus=false
09-04 12:06:55.393 I/UniqueProbe(19113): packageName=com.unique.probe
09-04 12:06:55.441 I/UniqueProbe(19113): wrote /data/user/0/com.unique/files/virtual/users/0/data/com.unique.probe/files/probe-alarm-clip.properties
